Running on partition: a100-80gb
GPU: NVIDIA A100 80GB PCIe
Syncing dependencies with uv...
Starting training from /home/sohn31/Group-VLM-RL...
Creating 4 environments with VLM Goal: 'a pole balancing upright on a cart' on device: cuda
Turbo VLM Initialized: FP16=True, Skip=2, Goal='a pole balancing upright on a cart'
Text Features (FP16): [[ 1.2980e-03  3.0041e-03  1.3840e-02  2.2903e-02 -2.8595e-02  7.6561e-03
  -1.7822e-02 -3.7689e-02 -2.9480e-02  3.3936e-02  4.9347e-02 -1.9875e-03
   6.8665e-02 -2.3994e-03  1.3138e-02  7.4463e-02 -3.9368e-02 -1.0712e-02
  -3.8391e-02 -1.6907e-02  4.2572e-02  6.9008e-03 -2.3514e-02 -3.5095e-02
  -4.4212e-03  5.9082e-02  1.6479e-02  2.4765e-02  3.6259e-03 -2.4353e-02
  -1.5900e-02  5.2338e-02  5.3635e-03 -1.9083e-03  4.3678e-03  1.0384e-02
  -4.6051e-02 -9.9411e-03  2.9163e-03  3.3417e-02  3.9276e-02  2.3788e-02
   1.1208e-02  2.5787e-02  2.1393e-02 -2.1801e-03 -2.0279e-02  1.9516e-02
  -4.9042e-02 -4.6692e-02  2.9037e-02 -5.0140e-02 -7.6477e-02 -8.9569e-03
  -4.5715e-02 -1.1024e-02  1.2146e-02 -1.7578e-02  2.7695e-02 -2.5085e-02
   1.7685e-02 -2.1393e-02  2.3346e-03 -4.7455e-03 -6.9153e-02 -2.8458e-02
  -1.9424e-02  5.9082e-02  8.9951e-03 -2.0050e-02  2.4353e-02 -3.5522e-02
   5.0629e-02  6.2073e-02 -2.9564e-05 -2.6627e-02  1.6113e-02 -1.4755e-02
  -3.1972e-04 -1.7929e-02 -1.2543e-02  2.0660e-02  4.6134e-04  8.7051e-03
  -2.3117e-03  2.0508e-02 -4.1847e-03  1.2169e-02  5.3520e-03  2.1286e-02
  -2.8244e-02  1.7227e-02 -1.1530e-01  5.6946e-02 -2.1011e-02  7.4234e-03
  -6.7558e-03 -2.8198e-02 -2.6703e-03 -1.2299e-02  1.9196e-02  5.0354e-02
  -9.7198e-03  1.3199e-02  5.2124e-02 -4.5180e-04 -2.5894e-02 -6.5193e-03
   1.1856e-02 -2.6913e-03 -4.7668e-02 -8.7204e-03  2.5314e-02 -2.4887e-02
  -1.9760e-02  3.6713e-02 -6.6162e-02  2.2526e-03  1.4549e-02  9.1324e-03
   2.0523e-03 -6.7383e-02 -1.6922e-02 -2.6672e-02  2.9282e-02 -1.4999e-02
   1.2253e-02 -3.1311e-02 -4.4922e-02  2.5894e-02  7.5645e-03 -2.8931e-02
   1.6052e-02  4.7217e-01  2.5970e-02 -1.5053e-02  1.2115e-02 -4.7089e-02
   1.1368e-02 -5.4169e-02 -4.3030e-02  3.7415e-02 -2.1454e-02  6.7368e-03
  -3.5004e-02 -8.8272e-03 -3.3264e-02  1.4954e-02  5.8777e-02  2.1973e-02
   3.4885e-03 -6.0699e-02  5.8868e-02  1.2886e-02  4.1008e-03 -8.0719e-03
  -3.9032e-02 -8.1360e-02  8.2779e-04  7.6477e-02 -1.6235e-02  3.5309e-02
   4.1008e-03 -2.5269e-02 -2.6531e-03 -4.6875e-02  2.3438e-02  2.3346e-02
   1.1658e-02  4.1962e-02  5.6458e-02 -1.0796e-03  4.3945e-02  8.4839e-03
  -9.2407e-02  8.2245e-03  1.7654e-02  8.8348e-03  2.2018e-02 -2.5757e-02
   3.3936e-02 -6.9046e-04 -2.5757e-02  9.2163e-03  1.0178e-02  3.3508e-02
  -1.7746e-02 -2.5085e-02 -1.4832e-02 -2.8625e-02  4.2297e-02 -4.7035e-03
  -1.1053e-01  4.4952e-02 -3.0594e-02 -2.2385e-02 -4.3701e-02  5.4901e-02
   1.3428e-02  4.2297e-02 -9.6741e-03 -5.1117e-03  8.7357e-03  3.6133e-02
  -2.2171e-02 -4.0375e-02  5.3986e-02 -7.5493e-03  2.6321e-02 -3.7964e-02
   5.4291e-02 -3.0270e-03 -4.3335e-02  3.5858e-02 -6.1569e-03 -1.0567e-02
  -7.9422e-03 -5.4138e-02  8.3618e-03 -6.5979e-02  2.1286e-02 -1.6432e-03
  -2.2144e-03 -1.3863e-02  6.2332e-03 -2.9404e-02 -5.1727e-02  2.1759e-02
   1.6083e-02 -3.2654e-02  3.5461e-02  2.4643e-03  6.7871e-02  5.9280e-03
   4.6844e-02 -2.1267e-03  1.0818e-02  3.8319e-03 -1.0635e-02 -2.7313e-02
  -4.0970e-03  3.1067e-02 -3.0899e-02  3.1952e-02 -2.3758e-02  6.4636e-02
  -2.0187e-02  2.3743e-02  1.8845e-02  4.5891e-03 -3.6133e-02  9.4757e-03
   3.2867e-02  3.5309e-02  4.3915e-02 -4.5738e-03 -3.9001e-02  1.5121e-02
   5.2917e-02  4.8798e-02 -5.0537e-02  1.5579e-02 -3.5715e-04  1.7090e-02
  -1.7853e-02 -2.6703e-02  5.4810e-02  2.9182e-03 -2.4109e-02  2.4128e-03
  -7.4097e-02 -1.3474e-02  3.1219e-02 -3.1036e-02 -5.1239e-02 -2.3270e-02
  -1.7853e-02  1.5434e-02  6.3049e-02 -6.8893e-03  4.5837e-02 -2.0813e-02
  -2.9495e-02  2.2552e-02 -2.8976e-02  4.0253e-02  1.7151e-02  3.1799e-02
   2.4521e-02  6.8970e-02  7.7026e-02 -2.8275e-02 -1.8860e-02  4.3640e-02
  -2.1561e-02  6.1859e-02 -3.2837e-02 -7.6866e-03 -4.3945e-02 -2.4948e-02
   1.1681e-02 -3.4698e-02  3.0167e-02 -1.2634e-02 -3.6957e-02 -7.8674e-02
  -1.8143e-02  1.9852e-02 -1.2951e-03 -6.4148e-02  4.8218e-02  3.4637e-02
   4.7266e-01 -5.5023e-02 -2.7008e-02  3.1647e-02  3.0807e-02 -3.0441e-02
  -8.7967e-03  5.0545e-04  3.5309e-02  2.1576e-02  3.2166e-02  6.7024e-03
  -8.6548e-02  1.7303e-02  2.5879e-02 -3.1433e-02 -9.1705e-03 -1.2012e-01
  -3.3855e-03 -5.2704e-02 -6.2012e-02  3.8700e-03  2.4166e-03 -2.8400e-03
   9.0790e-03  6.0616e-03  3.6194e-02  3.5019e-03 -5.2521e-02  6.6681e-03
   8.5878e-04 -2.8107e-02  1.3031e-02  4.7852e-02  3.9490e-02  8.7214e-04
  -6.8283e-03 -1.0366e-03  7.6332e-03 -7.3166e-03  4.7188e-03 -3.7323e-02
  -3.1677e-02 -4.3945e-02 -1.1909e-02  2.4002e-02  3.1586e-02  3.3386e-02
  -1.3336e-02  1.6968e-02  9.1124e-04 -2.1317e-02  4.3243e-02 -4.5135e-02
  -1.7532e-02  5.8250e-03  2.6428e-02 -1.4519e-02 -1.7197e-02  2.2369e-02
   3.2318e-02  9.7656e-03 -2.2644e-02 -5.1308e-03 -7.0343e-03  2.2339e-02
   5.9845e-02 -3.6285e-02  1.8356e-02  6.7932e-02  4.5654e-02 -4.1779e-02
   8.0414e-03  1.5579e-02  1.9043e-02 -2.8744e-03 -2.0325e-02 -2.9709e-02
  -1.0229e-01  2.5696e-02  3.1376e-03 -1.5535e-03  1.2299e-02 -1.0704e-02
   1.5747e-02  3.0441e-02  2.5970e-02  1.9073e-02 -1.7212e-02  2.8076e-02
   1.3145e-02 -2.1576e-02 -8.0032e-03 -5.4741e-03 -2.0828e-02  1.7517e-02
   3.9825e-02  5.2002e-02 -3.1464e-02  1.4610e-03  6.2317e-02 -9.3918e-03
  -4.7112e-03 -1.1436e-02 -2.2491e-02 -4.2114e-02  4.9194e-02 -3.6163e-02
  -1.3939e-02 -9.7275e-03  1.7838e-02 -7.4341e-02  1.0757e-02  1.3256e-03
  -1.7441e-02 -2.7893e-02  1.5594e-02 -6.8855e-04 -7.5195e-02  5.4504e-02
   5.6496e-03 -1.8112e-02 -2.1225e-02 -5.3589e-02 -3.1860e-02 -5.1193e-03
  -2.2018e-02  3.5934e-03 -7.7972e-03 -9.0332e-03 -3.3051e-02 -4.4327e-03
  -3.3020e-02  4.0405e-02 -3.7018e-02 -1.9012e-02 -2.3136e-03  3.4668e-02
   1.4824e-02  2.8503e-02  5.4550e-03  3.5858e-02  1.2047e-02 -1.2291e-02
  -1.5778e-02  3.2501e-02 -3.0380e-02 -3.1097e-02  7.2556e-03  4.3854e-02
  -6.0883e-03  5.9128e-03  1.9150e-02 -2.6474e-02  2.7985e-02 -3.9917e-02
   2.4231e-02 -2.1896e-02  3.7441e-03 -2.2797e-02  4.0741e-03  6.7444e-03
   4.4098e-02  2.0695e-03 -1.3008e-02  1.7578e-02 -2.6703e-02  2.1286e-02
   2.9419e-02 -4.4128e-02  2.5415e-04 -6.9160e-03  2.8961e-02  4.8523e-03
   3.7140e-02  2.6703e-02  3.4882e-02  6.8474e-03  3.1433e-02 -4.2877e-02
   1.0628e-02  1.2915e-01  4.0497e-02 -1.5945e-02  5.4535e-02 -3.1799e-02
  -3.6011e-02  1.0643e-02 -3.8727e-02  3.7689e-02 -1.2978e-02  4.0710e-02
   4.3610e-02 -1.6953e-02 -6.1150e-03  3.1567e-03 -3.2745e-02 -3.0869e-02
   4.1321e-02 -2.7283e-02]]
Device: cuda, Model dtype: torch.float16
Turbo VLM Initialized: FP16=True, Skip=2, Goal='a pole balancing upright on a cart'
Text Features (FP16): [[ 1.2980e-03  3.0041e-03  1.3840e-02  2.2903e-02 -2.8595e-02  7.6561e-03
  -1.7822e-02 -3.7689e-02 -2.9480e-02  3.3936e-02  4.9347e-02 -1.9875e-03
   6.8665e-02 -2.3994e-03  1.3138e-02  7.4463e-02 -3.9368e-02 -1.0712e-02
  -3.8391e-02 -1.6907e-02  4.2572e-02  6.9008e-03 -2.3514e-02 -3.5095e-02
  -4.4212e-03  5.9082e-02  1.6479e-02  2.4765e-02  3.6259e-03 -2.4353e-02
  -1.5900e-02  5.2338e-02  5.3635e-03 -1.9083e-03  4.3678e-03  1.0384e-02
  -4.6051e-02 -9.9411e-03  2.9163e-03  3.3417e-02  3.9276e-02  2.3788e-02
   1.1208e-02  2.5787e-02  2.1393e-02 -2.1801e-03 -2.0279e-02  1.9516e-02
  -4.9042e-02 -4.6692e-02  2.9037e-02 -5.0140e-02 -7.6477e-02 -8.9569e-03
  -4.5715e-02 -1.1024e-02  1.2146e-02 -1.7578e-02  2.7695e-02 -2.5085e-02
   1.7685e-02 -2.1393e-02  2.3346e-03 -4.7455e-03 -6.9153e-02 -2.8458e-02
  -1.9424e-02  5.9082e-02  8.9951e-03 -2.0050e-02  2.4353e-02 -3.5522e-02
   5.0629e-02  6.2073e-02 -2.9564e-05 -2.6627e-02  1.6113e-02 -1.4755e-02
  -3.1972e-04 -1.7929e-02 -1.2543e-02  2.0660e-02  4.6134e-04  8.7051e-03
  -2.3117e-03  2.0508e-02 -4.1847e-03  1.2169e-02  5.3520e-03  2.1286e-02
  -2.8244e-02  1.7227e-02 -1.1530e-01  5.6946e-02 -2.1011e-02  7.4234e-03
  -6.7558e-03 -2.8198e-02 -2.6703e-03 -1.2299e-02  1.9196e-02  5.0354e-02
  -9.7198e-03  1.3199e-02  5.2124e-02 -4.5180e-04 -2.5894e-02 -6.5193e-03
   1.1856e-02 -2.6913e-03 -4.7668e-02 -8.7204e-03  2.5314e-02 -2.4887e-02
  -1.9760e-02  3.6713e-02 -6.6162e-02  2.2526e-03  1.4549e-02  9.1324e-03
   2.0523e-03 -6.7383e-02 -1.6922e-02 -2.6672e-02  2.9282e-02 -1.4999e-02
   1.2253e-02 -3.1311e-02 -4.4922e-02  2.5894e-02  7.5645e-03 -2.8931e-02
   1.6052e-02  4.7217e-01  2.5970e-02 -1.5053e-02  1.2115e-02 -4.7089e-02
   1.1368e-02 -5.4169e-02 -4.3030e-02  3.7415e-02 -2.1454e-02  6.7368e-03
  -3.5004e-02 -8.8272e-03 -3.3264e-02  1.4954e-02  5.8777e-02  2.1973e-02
   3.4885e-03 -6.0699e-02  5.8868e-02  1.2886e-02  4.1008e-03 -8.0719e-03
  -3.9032e-02 -8.1360e-02  8.2779e-04  7.6477e-02 -1.6235e-02  3.5309e-02
   4.1008e-03 -2.5269e-02 -2.6531e-03 -4.6875e-02  2.3438e-02  2.3346e-02
   1.1658e-02  4.1962e-02  5.6458e-02 -1.0796e-03  4.3945e-02  8.4839e-03
  -9.2407e-02  8.2245e-03  1.7654e-02  8.8348e-03  2.2018e-02 -2.5757e-02
   3.3936e-02 -6.9046e-04 -2.5757e-02  9.2163e-03  1.0178e-02  3.3508e-02
  -1.7746e-02 -2.5085e-02 -1.4832e-02 -2.8625e-02  4.2297e-02 -4.7035e-03
  -1.1053e-01  4.4952e-02 -3.0594e-02 -2.2385e-02 -4.3701e-02  5.4901e-02
   1.3428e-02  4.2297e-02 -9.6741e-03 -5.1117e-03  8.7357e-03  3.6133e-02
  -2.2171e-02 -4.0375e-02  5.3986e-02 -7.5493e-03  2.6321e-02 -3.7964e-02
   5.4291e-02 -3.0270e-03 -4.3335e-02  3.5858e-02 -6.1569e-03 -1.0567e-02
  -7.9422e-03 -5.4138e-02  8.3618e-03 -6.5979e-02  2.1286e-02 -1.6432e-03
  -2.2144e-03 -1.3863e-02  6.2332e-03 -2.9404e-02 -5.1727e-02  2.1759e-02
   1.6083e-02 -3.2654e-02  3.5461e-02  2.4643e-03  6.7871e-02  5.9280e-03
   4.6844e-02 -2.1267e-03  1.0818e-02  3.8319e-03 -1.0635e-02 -2.7313e-02
  -4.0970e-03  3.1067e-02 -3.0899e-02  3.1952e-02 -2.3758e-02  6.4636e-02
  -2.0187e-02  2.3743e-02  1.8845e-02  4.5891e-03 -3.6133e-02  9.4757e-03
   3.2867e-02  3.5309e-02  4.3915e-02 -4.5738e-03 -3.9001e-02  1.5121e-02
   5.2917e-02  4.8798e-02 -5.0537e-02  1.5579e-02 -3.5715e-04  1.7090e-02
  -1.7853e-02 -2.6703e-02  5.4810e-02  2.9182e-03 -2.4109e-02  2.4128e-03
  -7.4097e-02 -1.3474e-02  3.1219e-02 -3.1036e-02 -5.1239e-02 -2.3270e-02
  -1.7853e-02  1.5434e-02  6.3049e-02 -6.8893e-03  4.5837e-02 -2.0813e-02
  -2.9495e-02  2.2552e-02 -2.8976e-02  4.0253e-02  1.7151e-02  3.1799e-02
   2.4521e-02  6.8970e-02  7.7026e-02 -2.8275e-02 -1.8860e-02  4.3640e-02
  -2.1561e-02  6.1859e-02 -3.2837e-02 -7.6866e-03 -4.3945e-02 -2.4948e-02
   1.1681e-02 -3.4698e-02  3.0167e-02 -1.2634e-02 -3.6957e-02 -7.8674e-02
  -1.8143e-02  1.9852e-02 -1.2951e-03 -6.4148e-02  4.8218e-02  3.4637e-02
   4.7266e-01 -5.5023e-02 -2.7008e-02  3.1647e-02  3.0807e-02 -3.0441e-02
  -8.7967e-03  5.0545e-04  3.5309e-02  2.1576e-02  3.2166e-02  6.7024e-03
  -8.6548e-02  1.7303e-02  2.5879e-02 -3.1433e-02 -9.1705e-03 -1.2012e-01
  -3.3855e-03 -5.2704e-02 -6.2012e-02  3.8700e-03  2.4166e-03 -2.8400e-03
   9.0790e-03  6.0616e-03  3.6194e-02  3.5019e-03 -5.2521e-02  6.6681e-03
   8.5878e-04 -2.8107e-02  1.3031e-02  4.7852e-02  3.9490e-02  8.7214e-04
  -6.8283e-03 -1.0366e-03  7.6332e-03 -7.3166e-03  4.7188e-03 -3.7323e-02
  -3.1677e-02 -4.3945e-02 -1.1909e-02  2.4002e-02  3.1586e-02  3.3386e-02
  -1.3336e-02  1.6968e-02  9.1124e-04 -2.1317e-02  4.3243e-02 -4.5135e-02
  -1.7532e-02  5.8250e-03  2.6428e-02 -1.4519e-02 -1.7197e-02  2.2369e-02
   3.2318e-02  9.7656e-03 -2.2644e-02 -5.1308e-03 -7.0343e-03  2.2339e-02
   5.9845e-02 -3.6285e-02  1.8356e-02  6.7932e-02  4.5654e-02 -4.1779e-02
   8.0414e-03  1.5579e-02  1.9043e-02 -2.8744e-03 -2.0325e-02 -2.9709e-02
  -1.0229e-01  2.5696e-02  3.1376e-03 -1.5535e-03  1.2299e-02 -1.0704e-02
   1.5747e-02  3.0441e-02  2.5970e-02  1.9073e-02 -1.7212e-02  2.8076e-02
   1.3145e-02 -2.1576e-02 -8.0032e-03 -5.4741e-03 -2.0828e-02  1.7517e-02
   3.9825e-02  5.2002e-02 -3.1464e-02  1.4610e-03  6.2317e-02 -9.3918e-03
  -4.7112e-03 -1.1436e-02 -2.2491e-02 -4.2114e-02  4.9194e-02 -3.6163e-02
  -1.3939e-02 -9.7275e-03  1.7838e-02 -7.4341e-02  1.0757e-02  1.3256e-03
  -1.7441e-02 -2.7893e-02  1.5594e-02 -6.8855e-04 -7.5195e-02  5.4504e-02
   5.6496e-03 -1.8112e-02 -2.1225e-02 -5.3589e-02 -3.1860e-02 -5.1193e-03
  -2.2018e-02  3.5934e-03 -7.7972e-03 -9.0332e-03 -3.3051e-02 -4.4327e-03
  -3.3020e-02  4.0405e-02 -3.7018e-02 -1.9012e-02 -2.3136e-03  3.4668e-02
   1.4824e-02  2.8503e-02  5.4550e-03  3.5858e-02  1.2047e-02 -1.2291e-02
  -1.5778e-02  3.2501e-02 -3.0380e-02 -3.1097e-02  7.2556e-03  4.3854e-02
  -6.0883e-03  5.9128e-03  1.9150e-02 -2.6474e-02  2.7985e-02 -3.9917e-02
   2.4231e-02 -2.1896e-02  3.7441e-03 -2.2797e-02  4.0741e-03  6.7444e-03
   4.4098e-02  2.0695e-03 -1.3008e-02  1.7578e-02 -2.6703e-02  2.1286e-02
   2.9419e-02 -4.4128e-02  2.5415e-04 -6.9160e-03  2.8961e-02  4.8523e-03
   3.7140e-02  2.6703e-02  3.4882e-02  6.8474e-03  3.1433e-02 -4.2877e-02
   1.0628e-02  1.2915e-01  4.0497e-02 -1.5945e-02  5.4535e-02 -3.1799e-02
  -3.6011e-02  1.0643e-02 -3.8727e-02  3.7689e-02 -1.2978e-02  4.0710e-02
   4.3610e-02 -1.6953e-02 -6.1150e-03  3.1567e-03 -3.2745e-02 -3.0869e-02
   4.1321e-02 -2.7283e-02]]
Device: cuda, Model dtype: torch.float16
Turbo VLM Initialized: FP16=True, Skip=2, Goal='a pole balancing upright on a cart'
Text Features (FP16): [[ 1.2980e-03  3.0041e-03  1.3840e-02  2.2903e-02 -2.8595e-02  7.6561e-03
  -1.7822e-02 -3.7689e-02 -2.9480e-02  3.3936e-02  4.9347e-02 -1.9875e-03
   6.8665e-02 -2.3994e-03  1.3138e-02  7.4463e-02 -3.9368e-02 -1.0712e-02
  -3.8391e-02 -1.6907e-02  4.2572e-02  6.9008e-03 -2.3514e-02 -3.5095e-02
  -4.4212e-03  5.9082e-02  1.6479e-02  2.4765e-02  3.6259e-03 -2.4353e-02
  -1.5900e-02  5.2338e-02  5.3635e-03 -1.9083e-03  4.3678e-03  1.0384e-02
  -4.6051e-02 -9.9411e-03  2.9163e-03  3.3417e-02  3.9276e-02  2.3788e-02
   1.1208e-02  2.5787e-02  2.1393e-02 -2.1801e-03 -2.0279e-02  1.9516e-02
  -4.9042e-02 -4.6692e-02  2.9037e-02 -5.0140e-02 -7.6477e-02 -8.9569e-03
  -4.5715e-02 -1.1024e-02  1.2146e-02 -1.7578e-02  2.7695e-02 -2.5085e-02
   1.7685e-02 -2.1393e-02  2.3346e-03 -4.7455e-03 -6.9153e-02 -2.8458e-02
  -1.9424e-02  5.9082e-02  8.9951e-03 -2.0050e-02  2.4353e-02 -3.5522e-02
   5.0629e-02  6.2073e-02 -2.9564e-05 -2.6627e-02  1.6113e-02 -1.4755e-02
  -3.1972e-04 -1.7929e-02 -1.2543e-02  2.0660e-02  4.6134e-04  8.7051e-03
  -2.3117e-03  2.0508e-02 -4.1847e-03  1.2169e-02  5.3520e-03  2.1286e-02
  -2.8244e-02  1.7227e-02 -1.1530e-01  5.6946e-02 -2.1011e-02  7.4234e-03
  -6.7558e-03 -2.8198e-02 -2.6703e-03 -1.2299e-02  1.9196e-02  5.0354e-02
  -9.7198e-03  1.3199e-02  5.2124e-02 -4.5180e-04 -2.5894e-02 -6.5193e-03
   1.1856e-02 -2.6913e-03 -4.7668e-02 -8.7204e-03  2.5314e-02 -2.4887e-02
  -1.9760e-02  3.6713e-02 -6.6162e-02  2.2526e-03  1.4549e-02  9.1324e-03
   2.0523e-03 -6.7383e-02 -1.6922e-02 -2.6672e-02  2.9282e-02 -1.4999e-02
   1.2253e-02 -3.1311e-02 -4.4922e-02  2.5894e-02  7.5645e-03 -2.8931e-02
   1.6052e-02  4.7217e-01  2.5970e-02 -1.5053e-02  1.2115e-02 -4.7089e-02
   1.1368e-02 -5.4169e-02 -4.3030e-02  3.7415e-02 -2.1454e-02  6.7368e-03
  -3.5004e-02 -8.8272e-03 -3.3264e-02  1.4954e-02  5.8777e-02  2.1973e-02
   3.4885e-03 -6.0699e-02  5.8868e-02  1.2886e-02  4.1008e-03 -8.0719e-03
  -3.9032e-02 -8.1360e-02  8.2779e-04  7.6477e-02 -1.6235e-02  3.5309e-02
   4.1008e-03 -2.5269e-02 -2.6531e-03 -4.6875e-02  2.3438e-02  2.3346e-02
   1.1658e-02  4.1962e-02  5.6458e-02 -1.0796e-03  4.3945e-02  8.4839e-03
  -9.2407e-02  8.2245e-03  1.7654e-02  8.8348e-03  2.2018e-02 -2.5757e-02
   3.3936e-02 -6.9046e-04 -2.5757e-02  9.2163e-03  1.0178e-02  3.3508e-02
  -1.7746e-02 -2.5085e-02 -1.4832e-02 -2.8625e-02  4.2297e-02 -4.7035e-03
  -1.1053e-01  4.4952e-02 -3.0594e-02 -2.2385e-02 -4.3701e-02  5.4901e-02
   1.3428e-02  4.2297e-02 -9.6741e-03 -5.1117e-03  8.7357e-03  3.6133e-02
  -2.2171e-02 -4.0375e-02  5.3986e-02 -7.5493e-03  2.6321e-02 -3.7964e-02
   5.4291e-02 -3.0270e-03 -4.3335e-02  3.5858e-02 -6.1569e-03 -1.0567e-02
  -7.9422e-03 -5.4138e-02  8.3618e-03 -6.5979e-02  2.1286e-02 -1.6432e-03
  -2.2144e-03 -1.3863e-02  6.2332e-03 -2.9404e-02 -5.1727e-02  2.1759e-02
   1.6083e-02 -3.2654e-02  3.5461e-02  2.4643e-03  6.7871e-02  5.9280e-03
   4.6844e-02 -2.1267e-03  1.0818e-02  3.8319e-03 -1.0635e-02 -2.7313e-02
  -4.0970e-03  3.1067e-02 -3.0899e-02  3.1952e-02 -2.3758e-02  6.4636e-02
  -2.0187e-02  2.3743e-02  1.8845e-02  4.5891e-03 -3.6133e-02  9.4757e-03
   3.2867e-02  3.5309e-02  4.3915e-02 -4.5738e-03 -3.9001e-02  1.5121e-02
   5.2917e-02  4.8798e-02 -5.0537e-02  1.5579e-02 -3.5715e-04  1.7090e-02
  -1.7853e-02 -2.6703e-02  5.4810e-02  2.9182e-03 -2.4109e-02  2.4128e-03
  -7.4097e-02 -1.3474e-02  3.1219e-02 -3.1036e-02 -5.1239e-02 -2.3270e-02
  -1.7853e-02  1.5434e-02  6.3049e-02 -6.8893e-03  4.5837e-02 -2.0813e-02
  -2.9495e-02  2.2552e-02 -2.8976e-02  4.0253e-02  1.7151e-02  3.1799e-02
   2.4521e-02  6.8970e-02  7.7026e-02 -2.8275e-02 -1.8860e-02  4.3640e-02
  -2.1561e-02  6.1859e-02 -3.2837e-02 -7.6866e-03 -4.3945e-02 -2.4948e-02
   1.1681e-02 -3.4698e-02  3.0167e-02 -1.2634e-02 -3.6957e-02 -7.8674e-02
  -1.8143e-02  1.9852e-02 -1.2951e-03 -6.4148e-02  4.8218e-02  3.4637e-02
   4.7266e-01 -5.5023e-02 -2.7008e-02  3.1647e-02  3.0807e-02 -3.0441e-02
  -8.7967e-03  5.0545e-04  3.5309e-02  2.1576e-02  3.2166e-02  6.7024e-03
  -8.6548e-02  1.7303e-02  2.5879e-02 -3.1433e-02 -9.1705e-03 -1.2012e-01
  -3.3855e-03 -5.2704e-02 -6.2012e-02  3.8700e-03  2.4166e-03 -2.8400e-03
   9.0790e-03  6.0616e-03  3.6194e-02  3.5019e-03 -5.2521e-02  6.6681e-03
   8.5878e-04 -2.8107e-02  1.3031e-02  4.7852e-02  3.9490e-02  8.7214e-04
  -6.8283e-03 -1.0366e-03  7.6332e-03 -7.3166e-03  4.7188e-03 -3.7323e-02
  -3.1677e-02 -4.3945e-02 -1.1909e-02  2.4002e-02  3.1586e-02  3.3386e-02
  -1.3336e-02  1.6968e-02  9.1124e-04 -2.1317e-02  4.3243e-02 -4.5135e-02
  -1.7532e-02  5.8250e-03  2.6428e-02 -1.4519e-02 -1.7197e-02  2.2369e-02
   3.2318e-02  9.7656e-03 -2.2644e-02 -5.1308e-03 -7.0343e-03  2.2339e-02
   5.9845e-02 -3.6285e-02  1.8356e-02  6.7932e-02  4.5654e-02 -4.1779e-02
   8.0414e-03  1.5579e-02  1.9043e-02 -2.8744e-03 -2.0325e-02 -2.9709e-02
  -1.0229e-01  2.5696e-02  3.1376e-03 -1.5535e-03  1.2299e-02 -1.0704e-02
   1.5747e-02  3.0441e-02  2.5970e-02  1.9073e-02 -1.7212e-02  2.8076e-02
   1.3145e-02 -2.1576e-02 -8.0032e-03 -5.4741e-03 -2.0828e-02  1.7517e-02
   3.9825e-02  5.2002e-02 -3.1464e-02  1.4610e-03  6.2317e-02 -9.3918e-03
  -4.7112e-03 -1.1436e-02 -2.2491e-02 -4.2114e-02  4.9194e-02 -3.6163e-02
  -1.3939e-02 -9.7275e-03  1.7838e-02 -7.4341e-02  1.0757e-02  1.3256e-03
  -1.7441e-02 -2.7893e-02  1.5594e-02 -6.8855e-04 -7.5195e-02  5.4504e-02
   5.6496e-03 -1.8112e-02 -2.1225e-02 -5.3589e-02 -3.1860e-02 -5.1193e-03
  -2.2018e-02  3.5934e-03 -7.7972e-03 -9.0332e-03 -3.3051e-02 -4.4327e-03
  -3.3020e-02  4.0405e-02 -3.7018e-02 -1.9012e-02 -2.3136e-03  3.4668e-02
   1.4824e-02  2.8503e-02  5.4550e-03  3.5858e-02  1.2047e-02 -1.2291e-02
  -1.5778e-02  3.2501e-02 -3.0380e-02 -3.1097e-02  7.2556e-03  4.3854e-02
  -6.0883e-03  5.9128e-03  1.9150e-02 -2.6474e-02  2.7985e-02 -3.9917e-02
   2.4231e-02 -2.1896e-02  3.7441e-03 -2.2797e-02  4.0741e-03  6.7444e-03
   4.4098e-02  2.0695e-03 -1.3008e-02  1.7578e-02 -2.6703e-02  2.1286e-02
   2.9419e-02 -4.4128e-02  2.5415e-04 -6.9160e-03  2.8961e-02  4.8523e-03
   3.7140e-02  2.6703e-02  3.4882e-02  6.8474e-03  3.1433e-02 -4.2877e-02
   1.0628e-02  1.2915e-01  4.0497e-02 -1.5945e-02  5.4535e-02 -3.1799e-02
  -3.6011e-02  1.0643e-02 -3.8727e-02  3.7689e-02 -1.2978e-02  4.0710e-02
   4.3610e-02 -1.6953e-02 -6.1150e-03  3.1567e-03 -3.2745e-02 -3.0869e-02
   4.1321e-02 -2.7283e-02]]
Device: cuda, Model dtype: torch.float16
Turbo VLM Initialized: FP16=True, Skip=2, Goal='a pole balancing upright on a cart'
Text Features (FP16): [[ 1.2980e-03  3.0041e-03  1.3840e-02  2.2903e-02 -2.8595e-02  7.6561e-03
  -1.7822e-02 -3.7689e-02 -2.9480e-02  3.3936e-02  4.9347e-02 -1.9875e-03
   6.8665e-02 -2.3994e-03  1.3138e-02  7.4463e-02 -3.9368e-02 -1.0712e-02
  -3.8391e-02 -1.6907e-02  4.2572e-02  6.9008e-03 -2.3514e-02 -3.5095e-02
  -4.4212e-03  5.9082e-02  1.6479e-02  2.4765e-02  3.6259e-03 -2.4353e-02
  -1.5900e-02  5.2338e-02  5.3635e-03 -1.9083e-03  4.3678e-03  1.0384e-02
  -4.6051e-02 -9.9411e-03  2.9163e-03  3.3417e-02  3.9276e-02  2.3788e-02
   1.1208e-02  2.5787e-02  2.1393e-02 -2.1801e-03 -2.0279e-02  1.9516e-02
  -4.9042e-02 -4.6692e-02  2.9037e-02 -5.0140e-02 -7.6477e-02 -8.9569e-03
  -4.5715e-02 -1.1024e-02  1.2146e-02 -1.7578e-02  2.7695e-02 -2.5085e-02
   1.7685e-02 -2.1393e-02  2.3346e-03 -4.7455e-03 -6.9153e-02 -2.8458e-02
  -1.9424e-02  5.9082e-02  8.9951e-03 -2.0050e-02  2.4353e-02 -3.5522e-02
   5.0629e-02  6.2073e-02 -2.9564e-05 -2.6627e-02  1.6113e-02 -1.4755e-02
  -3.1972e-04 -1.7929e-02 -1.2543e-02  2.0660e-02  4.6134e-04  8.7051e-03
  -2.3117e-03  2.0508e-02 -4.1847e-03  1.2169e-02  5.3520e-03  2.1286e-02
  -2.8244e-02  1.7227e-02 -1.1530e-01  5.6946e-02 -2.1011e-02  7.4234e-03
  -6.7558e-03 -2.8198e-02 -2.6703e-03 -1.2299e-02  1.9196e-02  5.0354e-02
  -9.7198e-03  1.3199e-02  5.2124e-02 -4.5180e-04 -2.5894e-02 -6.5193e-03
   1.1856e-02 -2.6913e-03 -4.7668e-02 -8.7204e-03  2.5314e-02 -2.4887e-02
  -1.9760e-02  3.6713e-02 -6.6162e-02  2.2526e-03  1.4549e-02  9.1324e-03
   2.0523e-03 -6.7383e-02 -1.6922e-02 -2.6672e-02  2.9282e-02 -1.4999e-02
   1.2253e-02 -3.1311e-02 -4.4922e-02  2.5894e-02  7.5645e-03 -2.8931e-02
   1.6052e-02  4.7217e-01  2.5970e-02 -1.5053e-02  1.2115e-02 -4.7089e-02
   1.1368e-02 -5.4169e-02 -4.3030e-02  3.7415e-02 -2.1454e-02  6.7368e-03
  -3.5004e-02 -8.8272e-03 -3.3264e-02  1.4954e-02  5.8777e-02  2.1973e-02
   3.4885e-03 -6.0699e-02  5.8868e-02  1.2886e-02  4.1008e-03 -8.0719e-03
  -3.9032e-02 -8.1360e-02  8.2779e-04  7.6477e-02 -1.6235e-02  3.5309e-02
   4.1008e-03 -2.5269e-02 -2.6531e-03 -4.6875e-02  2.3438e-02  2.3346e-02
   1.1658e-02  4.1962e-02  5.6458e-02 -1.0796e-03  4.3945e-02  8.4839e-03
  -9.2407e-02  8.2245e-03  1.7654e-02  8.8348e-03  2.2018e-02 -2.5757e-02
   3.3936e-02 -6.9046e-04 -2.5757e-02  9.2163e-03  1.0178e-02  3.3508e-02
  -1.7746e-02 -2.5085e-02 -1.4832e-02 -2.8625e-02  4.2297e-02 -4.7035e-03
  -1.1053e-01  4.4952e-02 -3.0594e-02 -2.2385e-02 -4.3701e-02  5.4901e-02
   1.3428e-02  4.2297e-02 -9.6741e-03 -5.1117e-03  8.7357e-03  3.6133e-02
  -2.2171e-02 -4.0375e-02  5.3986e-02 -7.5493e-03  2.6321e-02 -3.7964e-02
   5.4291e-02 -3.0270e-03 -4.3335e-02  3.5858e-02 -6.1569e-03 -1.0567e-02
  -7.9422e-03 -5.4138e-02  8.3618e-03 -6.5979e-02  2.1286e-02 -1.6432e-03
  -2.2144e-03 -1.3863e-02  6.2332e-03 -2.9404e-02 -5.1727e-02  2.1759e-02
   1.6083e-02 -3.2654e-02  3.5461e-02  2.4643e-03  6.7871e-02  5.9280e-03
   4.6844e-02 -2.1267e-03  1.0818e-02  3.8319e-03 -1.0635e-02 -2.7313e-02
  -4.0970e-03  3.1067e-02 -3.0899e-02  3.1952e-02 -2.3758e-02  6.4636e-02
  -2.0187e-02  2.3743e-02  1.8845e-02  4.5891e-03 -3.6133e-02  9.4757e-03
   3.2867e-02  3.5309e-02  4.3915e-02 -4.5738e-03 -3.9001e-02  1.5121e-02
   5.2917e-02  4.8798e-02 -5.0537e-02  1.5579e-02 -3.5715e-04  1.7090e-02
  -1.7853e-02 -2.6703e-02  5.4810e-02  2.9182e-03 -2.4109e-02  2.4128e-03
  -7.4097e-02 -1.3474e-02  3.1219e-02 -3.1036e-02 -5.1239e-02 -2.3270e-02
  -1.7853e-02  1.5434e-02  6.3049e-02 -6.8893e-03  4.5837e-02 -2.0813e-02
  -2.9495e-02  2.2552e-02 -2.8976e-02  4.0253e-02  1.7151e-02  3.1799e-02
   2.4521e-02  6.8970e-02  7.7026e-02 -2.8275e-02 -1.8860e-02  4.3640e-02
  -2.1561e-02  6.1859e-02 -3.2837e-02 -7.6866e-03 -4.3945e-02 -2.4948e-02
   1.1681e-02 -3.4698e-02  3.0167e-02 -1.2634e-02 -3.6957e-02 -7.8674e-02
  -1.8143e-02  1.9852e-02 -1.2951e-03 -6.4148e-02  4.8218e-02  3.4637e-02
   4.7266e-01 -5.5023e-02 -2.7008e-02  3.1647e-02  3.0807e-02 -3.0441e-02
  -8.7967e-03  5.0545e-04  3.5309e-02  2.1576e-02  3.2166e-02  6.7024e-03
  -8.6548e-02  1.7303e-02  2.5879e-02 -3.1433e-02 -9.1705e-03 -1.2012e-01
  -3.3855e-03 -5.2704e-02 -6.2012e-02  3.8700e-03  2.4166e-03 -2.8400e-03
   9.0790e-03  6.0616e-03  3.6194e-02  3.5019e-03 -5.2521e-02  6.6681e-03
   8.5878e-04 -2.8107e-02  1.3031e-02  4.7852e-02  3.9490e-02  8.7214e-04
  -6.8283e-03 -1.0366e-03  7.6332e-03 -7.3166e-03  4.7188e-03 -3.7323e-02
  -3.1677e-02 -4.3945e-02 -1.1909e-02  2.4002e-02  3.1586e-02  3.3386e-02
  -1.3336e-02  1.6968e-02  9.1124e-04 -2.1317e-02  4.3243e-02 -4.5135e-02
  -1.7532e-02  5.8250e-03  2.6428e-02 -1.4519e-02 -1.7197e-02  2.2369e-02
   3.2318e-02  9.7656e-03 -2.2644e-02 -5.1308e-03 -7.0343e-03  2.2339e-02
   5.9845e-02 -3.6285e-02  1.8356e-02  6.7932e-02  4.5654e-02 -4.1779e-02
   8.0414e-03  1.5579e-02  1.9043e-02 -2.8744e-03 -2.0325e-02 -2.9709e-02
  -1.0229e-01  2.5696e-02  3.1376e-03 -1.5535e-03  1.2299e-02 -1.0704e-02
   1.5747e-02  3.0441e-02  2.5970e-02  1.9073e-02 -1.7212e-02  2.8076e-02
   1.3145e-02 -2.1576e-02 -8.0032e-03 -5.4741e-03 -2.0828e-02  1.7517e-02
   3.9825e-02  5.2002e-02 -3.1464e-02  1.4610e-03  6.2317e-02 -9.3918e-03
  -4.7112e-03 -1.1436e-02 -2.2491e-02 -4.2114e-02  4.9194e-02 -3.6163e-02
  -1.3939e-02 -9.7275e-03  1.7838e-02 -7.4341e-02  1.0757e-02  1.3256e-03
  -1.7441e-02 -2.7893e-02  1.5594e-02 -6.8855e-04 -7.5195e-02  5.4504e-02
   5.6496e-03 -1.8112e-02 -2.1225e-02 -5.3589e-02 -3.1860e-02 -5.1193e-03
  -2.2018e-02  3.5934e-03 -7.7972e-03 -9.0332e-03 -3.3051e-02 -4.4327e-03
  -3.3020e-02  4.0405e-02 -3.7018e-02 -1.9012e-02 -2.3136e-03  3.4668e-02
   1.4824e-02  2.8503e-02  5.4550e-03  3.5858e-02  1.2047e-02 -1.2291e-02
  -1.5778e-02  3.2501e-02 -3.0380e-02 -3.1097e-02  7.2556e-03  4.3854e-02
  -6.0883e-03  5.9128e-03  1.9150e-02 -2.6474e-02  2.7985e-02 -3.9917e-02
   2.4231e-02 -2.1896e-02  3.7441e-03 -2.2797e-02  4.0741e-03  6.7444e-03
   4.4098e-02  2.0695e-03 -1.3008e-02  1.7578e-02 -2.6703e-02  2.1286e-02
   2.9419e-02 -4.4128e-02  2.5415e-04 -6.9160e-03  2.8961e-02  4.8523e-03
   3.7140e-02  2.6703e-02  3.4882e-02  6.8474e-03  3.1433e-02 -4.2877e-02
   1.0628e-02  1.2915e-01  4.0497e-02 -1.5945e-02  5.4535e-02 -3.1799e-02
  -3.6011e-02  1.0643e-02 -3.8727e-02  3.7689e-02 -1.2978e-02  4.0710e-02
   4.3610e-02 -1.6953e-02 -6.1150e-03  3.1567e-03 -3.2745e-02 -3.0869e-02
   4.1321e-02 -2.7283e-02]]
Device: cuda, Model dtype: torch.float16
[VLM Debug] Reset Reward Calculated: 0.2773
[VLM Debug] Reset Reward Calculated: 0.2776
[VLM Debug] Reset Reward Calculated: 0.2808
[VLM Debug] Reset Reward Calculated: 0.2864
[VLM Debug] Step 2 Reward: 0.2822
[VLM Debug] Step 2 Reward: 0.2771
[VLM Debug] Step 2 Reward: 0.2720
[VLM Debug] Step 2 Reward: 0.2859
[VLM Debug] Step 4 Reward: 0.2786
[VLM Debug] Step 4 Reward: 0.2866
[VLM Debug] Step 4 Reward: 0.2808
[VLM Debug] Step 4 Reward: 0.2871
[VLM Debug] Step 6 Reward: 0.2834
[VLM Debug] Step 6 Reward: 0.2888
[VLM Debug] Step 6 Reward: 0.2803
[VLM Debug] Step 6 Reward: 0.2837
[VLM Debug] Step 8 Reward: 0.2834
[VLM Debug] Step 8 Reward: 0.2866
[VLM Debug] Step 8 Reward: 0.2788
[VLM Debug] Step 8 Reward: 0.2915
global_step=36, episodic_return=2.583
--> New best model saved with return: 2.58
[VLM Debug] Step 10 Reward: 0.2844
[VLM Debug] Step 10 Reward: 0.2888
[VLM Debug] Step 10 Reward: 0.2788
[VLM Debug] Reset Reward Calculated: 0.2776
global_step=44, episodic_return=3.102
--> New best model saved with return: 3.10
[VLM Debug] Reset Reward Calculated: 0.2788
[VLM Debug] Step 12 Reward: 0.2888
[VLM Debug] Step 12 Reward: 0.2827
[VLM Debug] Step 2 Reward: 0.2776
[VLM Debug] Step 2 Reward: 0.2778
[VLM Debug] Step 14 Reward: 0.2915
[VLM Debug] Step 14 Reward: 0.2834
[VLM Debug] Step 4 Reward: 0.2825
[VLM Debug] Step 4 Reward: 0.2791
[VLM Debug] Step 16 Reward: 0.2915
[VLM Debug] Step 16 Reward: 0.2939
[VLM Debug] Step 6 Reward: 0.2842
global_step=68, episodic_return=4.877
--> New best model saved with return: 4.88
[VLM Debug] Step 6 Reward: 0.2817
[VLM Debug] Reset Reward Calculated: 0.2786
[VLM Debug] Step 18 Reward: 0.2903
[VLM Debug] Step 8 Reward: 0.2832
[VLM Debug] Step 8 Reward: 0.2808
[VLM Debug] Step 2 Reward: 0.2837
[VLM Debug] Step 20 Reward: 0.2917
[VLM Debug] Step 10 Reward: 0.2837
[VLM Debug] Step 10 Reward: 0.2903
[VLM Debug] Step 4 Reward: 0.2769
[VLM Debug] Step 22 Reward: 0.2888
[VLM Debug] Step 12 Reward: 0.2825
[VLM Debug] Step 12 Reward: 0.2832
[VLM Debug] Step 6 Reward: 0.2837
[VLM Debug] Step 24 Reward: 0.2927
[VLM Debug] Step 14 Reward: 0.2859
[VLM Debug] Step 14 Reward: 0.2893
[VLM Debug] Step 8 Reward: 0.2844
[VLM Debug] Step 26 Reward: 0.2910
[VLM Debug] Step 16 Reward: 0.2849
global_step=104, episodic_return=3.954
global_step=104, episodic_return=7.400
--> New best model saved with return: 7.40
[VLM Debug] Reset Reward Calculated: 0.2798
[VLM Debug] Reset Reward Calculated: 0.2852
global_step=108, episodic_return=2.536
[VLM Debug] Reset Reward Calculated: 0.2737
[VLM Debug] Step 18 Reward: 0.2869
[VLM Debug] Step 2 Reward: 0.2808
[VLM Debug] Step 2 Reward: 0.2761
[VLM Debug] Step 2 Reward: 0.2693
[VLM Debug] Step 20 Reward: 0.2864
[VLM Debug] Step 4 Reward: 0.2803
[VLM Debug] Step 4 Reward: 0.2852
[VLM Debug] Step 4 Reward: 0.2720
[VLM Debug] Step 22 Reward: 0.2852
[VLM Debug] Step 6 Reward: 0.2825
[VLM Debug] Step 6 Reward: 0.2798
[VLM Debug] Step 6 Reward: 0.2791
[VLM Debug] Step 24 Reward: 0.2830
[VLM Debug] Step 8 Reward: 0.2825
[VLM Debug] Step 8 Reward: 0.2847
[VLM Debug] Step 8 Reward: 0.2883
[VLM Debug] Step 26 Reward: 0.2747
[VLM Debug] Step 10 Reward: 0.2793
[VLM Debug] Step 10 Reward: 0.2847
[VLM Debug] Step 10 Reward: 0.2903
[VLM Debug] Step 28 Reward: 0.2844
[VLM Debug] Step 12 Reward: 0.2832
[VLM Debug] Step 12 Reward: 0.2847
[VLM Debug] Step 12 Reward: 0.2891
[VLM Debug] Step 30 Reward: 0.2886
[VLM Debug] Step 14 Reward: 0.2771
[VLM Debug] Step 14 Reward: 0.2847
[VLM Debug] Step 14 Reward: 0.2800
[VLM Debug] Step 32 Reward: 0.2876
global_step=168, episodic_return=3.930
[VLM Debug] Step 16 Reward: 0.2771
[VLM Debug] Reset Reward Calculated: 0.2749
[VLM Debug] Step 16 Reward: 0.2847
[VLM Debug] Step 34 Reward: 0.2893
[VLM Debug] Step 18 Reward: 0.2793
[VLM Debug] Step 2 Reward: 0.2646
[VLM Debug] Step 18 Reward: 0.2852
[VLM Debug] Step 36 Reward: 0.2896
[VLM Debug] Step 20 Reward: 0.2805
[VLM Debug] Step 4 Reward: 0.2646
[VLM Debug] Step 20 Reward: 0.2761
[VLM Debug] Step 38 Reward: 0.2908
[VLM Debug] Step 22 Reward: 0.2844
[VLM Debug] Step 6 Reward: 0.2761
[VLM Debug] Step 22 Reward: 0.2847
[VLM Debug] Step 40 Reward: 0.2915
[VLM Debug] Step 24 Reward: 0.2866
[VLM Debug] Step 8 Reward: 0.2771
[VLM Debug] Step 24 Reward: 0.2778
global_step=204, episodic_return=11.682
--> New best model saved with return: 11.68
[VLM Debug] Reset Reward Calculated: 0.2844
[VLM Debug] Step 26 Reward: 0.2812
[VLM Debug] Step 10 Reward: 0.2810
[VLM Debug] Step 26 Reward: 0.2788
[VLM Debug] Step 2 Reward: 0.2856
[VLM Debug] Step 28 Reward: 0.2847
[VLM Debug] Step 12 Reward: 0.2893
[VLM Debug] Step 28 Reward: 0.2773
[VLM Debug] Step 4 Reward: 0.2844
[VLM Debug] Step 30 Reward: 0.2866
[VLM Debug] Step 14 Reward: 0.2917
[VLM Debug] Step 30 Reward: 0.2817
[VLM Debug] Step 6 Reward: 0.2883
[VLM Debug] Step 32 Reward: 0.2874
[VLM Debug] Step 16 Reward: 0.2910
[VLM Debug] Step 32 Reward: 0.2896
[VLM Debug] Step 8 Reward: 0.2842
[VLM Debug] Step 34 Reward: 0.2915
[VLM Debug] Step 18 Reward: 0.2869
[VLM Debug] Step 34 Reward: 0.2842
[VLM Debug] Step 10 Reward: 0.2869
[VLM Debug] Step 36 Reward: 0.2947
[VLM Debug] Step 20 Reward: 0.2886
[VLM Debug] Step 36 Reward: 0.2812
global_step=252, episodic_return=5.608
[VLM Debug] Reset Reward Calculated: 0.2798
[VLM Debug] Step 12 Reward: 0.2847
[VLM Debug] Step 38 Reward: 0.2937
[VLM Debug] Step 38 Reward: 0.2849
[VLM Debug] Step 2 Reward: 0.2803
[VLM Debug] Step 14 Reward: 0.2920
[VLM Debug] Step 40 Reward: 0.2983
[VLM Debug] Step 40 Reward: 0.2837
[VLM Debug] Step 4 Reward: 0.2834
[VLM Debug] Step 16 Reward: 0.2910
global_step=272, episodic_return=11.663
[VLM Debug] Reset Reward Calculated: 0.2761
[VLM Debug] Step 42 Reward: 0.2854
[VLM Debug] Step 6 Reward: 0.2891
[VLM Debug] Step 18 Reward: 0.2935
[VLM Debug] Step 2 Reward: 0.2742
[VLM Debug] Step 44 Reward: 0.2856
[VLM Debug] Step 8 Reward: 0.2844
[VLM Debug] Step 20 Reward: 0.2932
[VLM Debug] Step 4 Reward: 0.2742
[VLM Debug] Step 46 Reward: 0.2964
[VLM Debug] Step 10 Reward: 0.2864
[VLM Debug] Step 22 Reward: 0.2935
[VLM Debug] Step 6 Reward: 0.2742
[VLM Debug] Step 48 Reward: 0.2998
[VLM Debug] Step 12 Reward: 0.2939
[VLM Debug] Step 24 Reward: 0.2903
global_step=304, episodic_return=3.421
[VLM Debug] Step 8 Reward: 0.2742
[VLM Debug] Reset Reward Calculated: 0.2786
[VLM Debug] Step 50 Reward: 0.2954
global_step=308, episodic_return=14.214
--> New best model saved with return: 14.21
[VLM Debug] Reset Reward Calculated: 0.2793
[VLM Debug] Step 26 Reward: 0.2952
[VLM Debug] Step 10 Reward: 0.2771
[VLM Debug] Step 2 Reward: 0.2788
[VLM Debug] Step 2 Reward: 0.2788
[VLM Debug] Step 28 Reward: 0.2922
[VLM Debug] Step 12 Reward: 0.2742
[VLM Debug] Step 4 Reward: 0.2783
[VLM Debug] Step 4 Reward: 0.2856
[VLM Debug] Step 30 Reward: 0.2939
global_step=328, episodic_return=8.688
[VLM Debug] Step 14 Reward: 0.2761
[VLM Debug] Step 6 Reward: 0.2793
[VLM Debug] Reset Reward Calculated: 0.2830
[VLM Debug] Step 6 Reward: 0.2861
[VLM Debug] Step 16 Reward: 0.2739
[VLM Debug] Step 8 Reward: 0.2803
[VLM Debug] Step 2 Reward: 0.2815
[VLM Debug] Step 8 Reward: 0.2878
[VLM Debug] Step 18 Reward: 0.2771
[VLM Debug] Step 10 Reward: 0.2771
[VLM Debug] Step 4 Reward: 0.2854
[VLM Debug] Step 10 Reward: 0.2910
global_step=352, episodic_return=2.847
[VLM Debug] Step 20 Reward: 0.2791
[VLM Debug] Step 12 Reward: 0.2842
[VLM Debug] Reset Reward Calculated: 0.2783
[VLM Debug] Step 6 Reward: 0.2847
[VLM Debug] Step 22 Reward: 0.2795
[VLM Debug] Step 14 Reward: 0.2864
[VLM Debug] Step 2 Reward: 0.2776
[VLM Debug] Step 8 Reward: 0.2896
[VLM Debug] Step 24 Reward: 0.2847
[VLM Debug] Step 16 Reward: 0.2854
[VLM Debug] Step 4 Reward: 0.2776
[VLM Debug] Step 10 Reward: 0.2917
[VLM Debug] Step 26 Reward: 0.2834
[VLM Debug] Step 18 Reward: 0.2874
[VLM Debug] Step 6 Reward: 0.2793
[VLM Debug] Step 12 Reward: 0.2849
[VLM Debug] Step 28 Reward: 0.2876
[VLM Debug] Step 20 Reward: 0.2900
[VLM Debug] Step 8 Reward: 0.2769
[VLM Debug] Step 14 Reward: 0.2883
[VLM Debug] Step 30 Reward: 0.2842
[VLM Debug] Step 22 Reward: 0.2922
[VLM Debug] Step 10 Reward: 0.2881
[VLM Debug] Step 16 Reward: 0.2820
global_step=396, episodic_return=6.225
[VLM Debug] Reset Reward Calculated: 0.2737
[VLM Debug] Step 32 Reward: 0.2864
[VLM Debug] Step 12 Reward: 0.2910
[VLM Debug] Step 18 Reward: 0.2874
global_step=404, episodic_return=8.910
[VLM Debug] Reset Reward Calculated: 0.2820
[VLM Debug] Step 2 Reward: 0.2737
[VLM Debug] Step 14 Reward: 0.2952
[VLM Debug] Step 20 Reward: 0.2859
global_step=412, episodic_return=3.954
[VLM Debug] Step 2 Reward: 0.2859
[VLM Debug] Step 4 Reward: 0.2676
[VLM Debug] Reset Reward Calculated: 0.2761
[VLM Debug] Step 22 Reward: 0.2871
[VLM Debug] Step 4 Reward: 0.2820
[VLM Debug] Step 6 Reward: 0.2734
[VLM Debug] Step 2 Reward: 0.2747
[VLM Debug] Step 24 Reward: 0.3010
[VLM Debug] Step 6 Reward: 0.2864
[VLM Debug] Step 8 Reward: 0.2805
[VLM Debug] Step 4 Reward: 0.2864
[VLM Debug] Step 26 Reward: 0.2913
global_step=436, episodic_return=7.473
[VLM Debug] Step 8 Reward: 0.2834
[VLM Debug] Step 10 Reward: 0.2815
[VLM Debug] Step 6 Reward: 0.2852
[VLM Debug] Reset Reward Calculated: 0.2834
[VLM Debug] Step 10 Reward: 0.2888
[VLM Debug] Step 12 Reward: 0.2827
[VLM Debug] Step 8 Reward: 0.2886
[VLM Debug] Step 2 Reward: 0.2842
[VLM Debug] Step 12 Reward: 0.2791
[VLM Debug] Step 14 Reward: 0.2834
[VLM Debug] Step 10 Reward: 0.2917
[VLM Debug] Step 4 Reward: 0.2837
global_step=460, episodic_return=3.693
[VLM Debug] Reset Reward Calculated: 0.2771
[VLM Debug] Step 16 Reward: 0.2817
[VLM Debug] Step 12 Reward: 0.2893
[VLM Debug] Step 6 Reward: 0.2825
[VLM Debug] Step 2 Reward: 0.2800
[VLM Debug] Step 18 Reward: 0.2849
[VLM Debug] Step 14 Reward: 0.2905
[VLM Debug] Step 8 Reward: 0.2874
[VLM Debug] Step 4 Reward: 0.2810
[VLM Debug] Step 20 Reward: 0.2822
[VLM Debug] Step 16 Reward: 0.2932
[VLM Debug] Step 10 Reward: 0.2869
global_step=480, episodic_return=4.582
[VLM Debug] Reset Reward Calculated: 0.2817
[VLM Debug] Step 6 Reward: 0.2847
[VLM Debug] Step 22 Reward: 0.2847
[VLM Debug] Step 12 Reward: 0.2927
[VLM Debug] Step 2 Reward: 0.2817
[VLM Debug] Step 8 Reward: 0.2891
[VLM Debug] Step 24 Reward: 0.2842
[VLM Debug] Step 14 Reward: 0.2903
global_step=496, episodic_return=4.008
[VLM Debug] Step 4 Reward: 0.2781
[VLM Debug] Reset Reward Calculated: 0.2791
[VLM Debug] Step 10 Reward: 0.2922
[VLM Debug] Step 26 Reward: 0.2776
[VLM Debug] Step 6 Reward: 0.2854
[VLM Debug] Step 2 Reward: 0.2805
global_step=508, episodic_return=3.131
[VLM Debug] Reset Reward Calculated: 0.2805
[VLM Debug] Step 28 Reward: 0.2808
SPS: 136
[VLM Debug] Step 8 Reward: 0.2925
[VLM Debug] Step 4 Reward: 0.2795
[VLM Debug] Step 2 Reward: 0.2805
[VLM Debug] Step 30 Reward: 0.2798
[VLM Debug] Step 10 Reward: 0.2917
[VLM Debug] Step 6 Reward: 0.2805
[VLM Debug] Step 4 Reward: 0.2834
[VLM Debug] Step 32 Reward: 0.2795
[VLM Debug] Step 12 Reward: 0.2881
[VLM Debug] Step 8 Reward: 0.2825
[VLM Debug] Step 6 Reward: 0.2817
[VLM Debug] Step 34 Reward: 0.2922
[VLM Debug] Step 14 Reward: 0.2930
[VLM Debug] Step 10 Reward: 0.2898
[VLM Debug] Step 8 Reward: 0.2849
[VLM Debug] Step 36 Reward: 0.2883
[VLM Debug] Step 16 Reward: 0.2913
[VLM Debug] Step 12 Reward: 0.2881
global_step=548, episodic_return=4.594
[VLM Debug] Step 10 Reward: 0.2849
[VLM Debug] Step 38 Reward: 0.2874
[VLM Debug] Reset Reward Calculated: 0.2764
[VLM Debug] Step 14 Reward: 0.2930
global_step=556, episodic_return=3.974
[VLM Debug] Step 12 Reward: 0.2849
[VLM Debug] Step 40 Reward: 0.2859
[VLM Debug] Step 2 Reward: 0.2764
[VLM Debug] Reset Reward Calculated: 0.2744
[VLM Debug] Step 14 Reward: 0.2864
[VLM Debug] Step 42 Reward: 0.2837
[VLM Debug] Step 4 Reward: 0.2832
[VLM Debug] Step 2 Reward: 0.2791
[VLM Debug] Step 16 Reward: 0.2832
[VLM Debug] Step 44 Reward: 0.2869
[VLM Debug] Step 6 Reward: 0.2830
[VLM Debug] Step 4 Reward: 0.2791
[VLM Debug] Step 18 Reward: 0.2834
[VLM Debug] Step 46 Reward: 0.2986
[VLM Debug] Step 8 Reward: 0.2849
[VLM Debug] Step 6 Reward: 0.2791
[VLM Debug] Step 20 Reward: 0.2864
[VLM Debug] Step 48 Reward: 0.2988
[VLM Debug] Step 10 Reward: 0.2805
[VLM Debug] Step 8 Reward: 0.2744
global_step=596, episodic_return=13.874
[VLM Debug] Step 22 Reward: 0.2937
[VLM Debug] Reset Reward Calculated: 0.2820
[VLM Debug] Step 12 Reward: 0.2876
[VLM Debug] Step 10 Reward: 0.2798
[VLM Debug] Step 24 Reward: 0.2979
[VLM Debug] Step 2 Reward: 0.2820
[VLM Debug] Step 14 Reward: 0.2893
[VLM Debug] Step 12 Reward: 0.2864
global_step=612, episodic_return=7.143
global_step=612, episodic_return=4.246
[VLM Debug] Reset Reward Calculated: 0.2754
[VLM Debug] Step 4 Reward: 0.2852
[VLM Debug] Reset Reward Calculated: 0.2832
[VLM Debug] Step 14 Reward: 0.2883
[VLM Debug] Step 2 Reward: 0.2769
[VLM Debug] Step 6 Reward: 0.2839
[VLM Debug] Step 2 Reward: 0.2832
[VLM Debug] Step 16 Reward: 0.2908
global_step=628, episodic_return=4.788
[VLM Debug] Step 4 Reward: 0.2742
[VLM Debug] Step 8 Reward: 0.2896
[VLM Debug] Step 4 Reward: 0.2820
[VLM Debug] Reset Reward Calculated: 0.2646
[VLM Debug] Step 6 Reward: 0.2766
[VLM Debug] Step 10 Reward: 0.2871
[VLM Debug] Step 6 Reward: 0.2808
[VLM Debug] Step 2 Reward: 0.2646
[VLM Debug] Step 8 Reward: 0.2756
[VLM Debug] Step 12 Reward: 0.2888
[VLM Debug] Step 8 Reward: 0.2830
[VLM Debug] Step 4 Reward: 0.2734
global_step=648, episodic_return=3.426
[VLM Debug] Reset Reward Calculated: 0.2800
[VLM Debug] Step 10 Reward: 0.2803
[VLM Debug] Step 10 Reward: 0.2903
[VLM Debug] Step 6 Reward: 0.2800
global_step=656, episodic_return=2.831
[VLM Debug] Step 2 Reward: 0.2800
[VLM Debug] Reset Reward Calculated: 0.2795
[VLM Debug] Step 12 Reward: 0.2803
[VLM Debug] Step 8 Reward: 0.2793
[VLM Debug] Step 4 Reward: 0.2847
[VLM Debug] Step 2 Reward: 0.2795
[VLM Debug] Step 14 Reward: 0.2783
[VLM Debug] Step 10 Reward: 0.2676
[VLM Debug] Step 6 Reward: 0.2891
[VLM Debug] Step 4 Reward: 0.2832
[VLM Debug] Step 16 Reward: 0.2754
[VLM Debug] Step 12 Reward: 0.2737
[VLM Debug] Step 8 Reward: 0.2874
[VLM Debug] Step 6 Reward: 0.2866
[VLM Debug] Step 18 Reward: 0.2837
[VLM Debug] Step 14 Reward: 0.2747
[VLM Debug] Step 10 Reward: 0.2874
[VLM Debug] Step 8 Reward: 0.2832
[VLM Debug] Step 20 Reward: 0.2886
[VLM Debug] Step 16 Reward: 0.2771
global_step=696, episodic_return=2.545
[VLM Debug] Step 12 Reward: 0.2874
[VLM Debug] Reset Reward Calculated: 0.2793
[VLM Debug] Step 22 Reward: 0.2898
[VLM Debug] Step 18 Reward: 0.2771
[VLM Debug] Step 14 Reward: 0.2874
[VLM Debug] Step 2 Reward: 0.2754
[VLM Debug] Step 24 Reward: 0.2927
[VLM Debug] Step 20 Reward: 0.2781
[VLM Debug] Step 16 Reward: 0.2900
[VLM Debug] Step 4 Reward: 0.2744
[VLM Debug] Step 26 Reward: 0.2876
[VLM Debug] Step 22 Reward: 0.2778
[VLM Debug] Step 18 Reward: 0.2893
[VLM Debug] Step 6 Reward: 0.2744
[VLM Debug] Step 28 Reward: 0.2896
[VLM Debug] Step 24 Reward: 0.2800
[VLM Debug] Step 20 Reward: 0.2917
[VLM Debug] Step 8 Reward: 0.2793
[VLM Debug] Step 30 Reward: 0.2874
[VLM Debug] Step 26 Reward: 0.2798
[VLM Debug] Step 22 Reward: 0.2891
[VLM Debug] Step 10 Reward: 0.2786
[VLM Debug] Step 32 Reward: 0.2747
[VLM Debug] Step 28 Reward: 0.2874
[VLM Debug] Step 24 Reward: 0.2883
[VLM Debug] Step 12 Reward: 0.2771
[VLM Debug] Step 34 Reward: 0.2786
[VLM Debug] Step 30 Reward: 0.2896
[VLM Debug] Step 26 Reward: 0.2844
[VLM Debug] Step 14 Reward: 0.2888
global_step=756, episodic_return=7.468
global_step=756, episodic_return=8.585
[VLM Debug] Step 36 Reward: 0.2854
[VLM Debug] Reset Reward Calculated: 0.2793
[VLM Debug] Reset Reward Calculated: 0.2842
[VLM Debug] Step 16 Reward: 0.2856
global_step=764, episodic_return=10.426
[VLM Debug] Reset Reward Calculated: 0.2759
[VLM Debug] Step 2 Reward: 0.2793
[VLM Debug] Step 2 Reward: 0.2842
[VLM Debug] Step 18 Reward: 0.2871
[VLM Debug] Step 2 Reward: 0.2771
[VLM Debug] Step 4 Reward: 0.2800
[VLM Debug] Step 4 Reward: 0.2874
[VLM Debug] Step 20 Reward: 0.2896
[VLM Debug] Step 4 Reward: 0.2817
[VLM Debug] Step 6 Reward: 0.2800
[VLM Debug] Step 6 Reward: 0.2866
global_step=784, episodic_return=5.900
[VLM Debug] Reset Reward Calculated: 0.2791
[VLM Debug] Step 6 Reward: 0.2812
[VLM Debug] Step 8 Reward: 0.2791
[VLM Debug] Step 8 Reward: 0.2913
[VLM Debug] Step 2 Reward: 0.2791
[VLM Debug] Step 8 Reward: 0.2908
[VLM Debug] Step 10 Reward: 0.2791
[VLM Debug] Step 10 Reward: 0.2922
global_step=800, episodic_return=2.875
[VLM Debug] Step 4 Reward: 0.2805
[VLM Debug] Reset Reward Calculated: 0.2744
[VLM Debug] Step 10 Reward: 0.2920
[VLM Debug] Step 12 Reward: 0.2764
[VLM Debug] Step 6 Reward: 0.2788
[VLM Debug] Step 2 Reward: 0.2791
global_step=812, episodic_return=3.122
[VLM Debug] Reset Reward Calculated: 0.2849
[VLM Debug] Step 14 Reward: 0.2764
[VLM Debug] Step 8 Reward: 0.2827
[VLM Debug] Step 4 Reward: 0.2795
[VLM Debug] Step 2 Reward: 0.2756
[VLM Debug] Step 16 Reward: 0.2798
[VLM Debug] Step 10 Reward: 0.2827
[VLM Debug] Step 6 Reward: 0.2795
[VLM Debug] Step 4 Reward: 0.2842
[VLM Debug] Step 18 Reward: 0.2839
[VLM Debug] Step 12 Reward: 0.2827
[VLM Debug] Step 8 Reward: 0.2815
[VLM Debug] Step 6 Reward: 0.2886
[VLM Debug] Step 20 Reward: 0.2849
[VLM Debug] Step 14 Reward: 0.2852
[VLM Debug] Step 10 Reward: 0.2815
[VLM Debug] Step 8 Reward: 0.2874
[VLM Debug] Step 22 Reward: 0.2834
[VLM Debug] Step 16 Reward: 0.2839
[VLM Debug] Step 12 Reward: 0.2815
[VLM Debug] Step 10 Reward: 0.2910
[VLM Debug] Step 24 Reward: 0.2803
[VLM Debug] Step 18 Reward: 0.2869
[VLM Debug] Step 14 Reward: 0.2798
[VLM Debug] Step 12 Reward: 0.2939
[VLM Debug] Step 26 Reward: 0.2800
[VLM Debug] Step 20 Reward: 0.2913
[VLM Debug] Step 16 Reward: 0.2773
[VLM Debug] Step 14 Reward: 0.2874
[VLM Debug] Step 28 Reward: 0.2820
[VLM Debug] Step 22 Reward: 0.2930
[VLM Debug] Step 18 Reward: 0.2732
global_step=876, episodic_return=6.240
[VLM Debug] Step 16 Reward: 0.2932
[VLM Debug] Step 30 Reward: 0.2837
[VLM Debug] Reset Reward Calculated: 0.2803
global_step=880, episodic_return=4.594
[VLM Debug] Reset Reward Calculated: 0.2759
[VLM Debug] Step 20 Reward: 0.2747
[VLM Debug] Step 32 Reward: 0.2830
[VLM Debug] Step 2 Reward: 0.2808
[VLM Debug] Step 2 Reward: 0.2803
[VLM Debug] Step 22 Reward: 0.2795
[VLM Debug] Step 34 Reward: 0.2830
[VLM Debug] Step 4 Reward: 0.2803
[VLM Debug] Step 4 Reward: 0.2793
[VLM Debug] Step 24 Reward: 0.2861
[VLM Debug] Step 36 Reward: 0.2849
[VLM Debug] Step 6 Reward: 0.2805
[VLM Debug] Step 6 Reward: 0.2820
[VLM Debug] Step 26 Reward: 0.2915
[VLM Debug] Step 38 Reward: 0.2822
[VLM Debug] Step 8 Reward: 0.2915
[VLM Debug] Step 8 Reward: 0.2812
[VLM Debug] Step 28 Reward: 0.2866
[VLM Debug] Step 40 Reward: 0.2876
[VLM Debug] Step 10 Reward: 0.2874
global_step=920, episodic_return=2.834
[VLM Debug] Step 10 Reward: 0.2844
[VLM Debug] Reset Reward Calculated: 0.2764
[VLM Debug] Step 30 Reward: 0.2957
global_step=924, episodic_return=8.433
[VLM Debug] Step 42 Reward: 0.2915
[VLM Debug] Reset Reward Calculated: 0.2795
[VLM Debug] Step 12 Reward: 0.2834
[VLM Debug] Step 2 Reward: 0.2805
[VLM Debug] Step 44 Reward: 0.2908
[VLM Debug] Step 2 Reward: 0.2805
[VLM Debug] Step 14 Reward: 0.2876
[VLM Debug] Step 4 Reward: 0.2805
global_step=940, episodic_return=12.702
[VLM Debug] Reset Reward Calculated: 0.2832
[VLM Debug] Step 4 Reward: 0.2793
[VLM Debug] Step 16 Reward: 0.2893
[VLM Debug] Step 6 Reward: 0.2793
[VLM Debug] Step 2 Reward: 0.2852
[VLM Debug] Step 6 Reward: 0.2793
[VLM Debug] Step 18 Reward: 0.2908
[VLM Debug] Step 8 Reward: 0.2803
[VLM Debug] Step 4 Reward: 0.2839
[VLM Debug] Step 8 Reward: 0.2744
[VLM Debug] Step 20 Reward: 0.2864
[VLM Debug] Step 10 Reward: 0.2893
[VLM Debug] Step 6 Reward: 0.2859
[VLM Debug] Step 10 Reward: 0.2793
[VLM Debug] Step 22 Reward: 0.2815
[VLM Debug] Step 12 Reward: 0.2927
[VLM Debug] Step 8 Reward: 0.2859
[VLM Debug] Step 12 Reward: 0.2888
global_step=976, episodic_return=3.682
[VLM Debug] Step 24 Reward: 0.2800
[VLM Debug] Reset Reward Calculated: 0.2847
[VLM Debug] Step 10 Reward: 0.2871
[VLM Debug] Step 14 Reward: 0.2898
[VLM Debug] Step 26 Reward: 0.2742
[VLM Debug] Step 2 Reward: 0.2837
[VLM Debug] Step 12 Reward: 0.2852
[VLM Debug] Step 16 Reward: 0.2893
[VLM Debug] Step 28 Reward: 0.2754
[VLM Debug] Step 4 Reward: 0.2859
global_step=996, episodic_return=3.709
[VLM Debug] Reset Reward Calculated: 0.2803
[VLM Debug] Step 18 Reward: 0.2869
[VLM Debug] Step 30 Reward: 0.2830
[VLM Debug] Step 6 Reward: 0.2832
[VLM Debug] Step 2 Reward: 0.2759
[VLM Debug] Step 20 Reward: 0.2937
global_step=1008, episodic_return=5.668
[VLM Debug] Step 32 Reward: 0.2883
[VLM Debug] Step 8 Reward: 0.2844
[VLM Debug] Reset Reward Calculated: 0.2739
[VLM Debug] Step 4 Reward: 0.2803
[VLM Debug] Step 34 Reward: 0.2883
[VLM Debug] Step 10 Reward: 0.2864
[VLM Debug] Step 2 Reward: 0.2761
[VLM Debug] Step 6 Reward: 0.2817
global_step=1024, episodic_return=9.907
SPS: 157
[VLM Debug] Reset Reward Calculated: 0.2764
[VLM Debug] Step 12 Reward: 0.2822
[VLM Debug] Step 4 Reward: 0.2783
[VLM Debug] Step 8 Reward: 0.2822
[VLM Debug] Step 2 Reward: 0.2805
[VLM Debug] Step 14 Reward: 0.2864
[VLM Debug] Step 6 Reward: 0.2791
[VLM Debug] Step 10 Reward: 0.2871
[VLM Debug] Step 4 Reward: 0.2820
[VLM Debug] Step 16 Reward: 0.2844
[VLM Debug] Step 8 Reward: 0.2832
[VLM Debug] Step 12 Reward: 0.2893
[VLM Debug] Step 6 Reward: 0.2820
[VLM Debug] Step 18 Reward: 0.2842
[VLM Debug] Step 10 Reward: 0.2808
[VLM Debug] Step 14 Reward: 0.2903
global_step=1056, episodic_return=3.964
[VLM Debug] Step 8 Reward: 0.2759
[VLM Debug] Reset Reward Calculated: 0.2744
[VLM Debug] Step 20 Reward: 0.2866
[VLM Debug] Step 12 Reward: 0.2871
global_step=1064, episodic_return=3.643
[VLM Debug] Step 10 Reward: 0.2803
[VLM Debug] Step 2 Reward: 0.2737
[VLM Debug] Step 22 Reward: 0.2866
[VLM Debug] Reset Reward Calculated: 0.2791
[VLM Debug] Step 12 Reward: 0.2859
[VLM Debug] Step 4 Reward: 0.2737
[VLM Debug] Step 24 Reward: 0.2842
[VLM Debug] Step 2 Reward: 0.2791
[VLM Debug] Step 14 Reward: 0.2812
[VLM Debug] Step 6 Reward: 0.2888
[VLM Debug] Step 26 Reward: 0.2942
[VLM Debug] Step 4 Reward: 0.2791
[VLM Debug] Step 16 Reward: 0.2871
[VLM Debug] Step 8 Reward: 0.2864
[VLM Debug] Step 28 Reward: 0.2927
[VLM Debug] Step 6 Reward: 0.2827
[VLM Debug] Step 18 Reward: 0.2849
[VLM Debug] Step 10 Reward: 0.2852
[VLM Debug] Step 30 Reward: 0.2920
[VLM Debug] Step 8 Reward: 0.2844
[VLM Debug] Step 20 Reward: 0.2876
[VLM Debug] Step 12 Reward: 0.2852
[VLM Debug] Step 32 Reward: 0.2925
[VLM Debug] Step 10 Reward: 0.2869
[VLM Debug] Step 22 Reward: 0.2864
[VLM Debug] Step 14 Reward: 0.2754
[VLM Debug] Step 34 Reward: 0.2966
[VLM Debug] Step 12 Reward: 0.2832
[VLM Debug] Step 24 Reward: 0.2874
[VLM Debug] Step 16 Reward: 0.2771
[VLM Debug] Step 36 Reward: 0.2993
[VLM Debug] Step 14 Reward: 0.2913
global_step=1124, episodic_return=10.356
[VLM Debug] Reset Reward Calculated: 0.2798
[VLM Debug] Step 26 Reward: 0.2913
[VLM Debug] Step 18 Reward: 0.2852
[VLM Debug] Step 16 Reward: 0.2900
[VLM Debug] Step 2 Reward: 0.2732
global_step=1136, episodic_return=4.832
[VLM Debug] Step 28 Reward: 0.2939
[VLM Debug] Step 20 Reward: 0.2869
[VLM Debug] Reset Reward Calculated: 0.2847
[VLM Debug] Step 4 Reward: 0.2800
global_step=1144, episodic_return=5.909
[VLM Debug] Step 30 Reward: 0.2908
[VLM Debug] Reset Reward Calculated: 0.2844
[VLM Debug] Step 2 Reward: 0.2844
[VLM Debug] Step 6 Reward: 0.2776
[VLM Debug] Step 32 Reward: 0.2930
[VLM Debug] Step 2 Reward: 0.2847
[VLM Debug] Step 4 Reward: 0.2849
[VLM Debug] Step 8 Reward: 0.2783
[VLM Debug] Step 34 Reward: 0.2856
[VLM Debug] Step 4 Reward: 0.2859
[VLM Debug] Step 6 Reward: 0.2854
[VLM Debug] Step 10 Reward: 0.2803
[VLM Debug] Step 36 Reward: 0.2866
[VLM Debug] Step 6 Reward: 0.2876
[VLM Debug] Step 8 Reward: 0.2839
[VLM Debug] Step 12 Reward: 0.2783
[VLM Debug] Step 38 Reward: 0.2861
[VLM Debug] Step 8 Reward: 0.2900
[VLM Debug] Step 10 Reward: 0.2830
[VLM Debug] Step 14 Reward: 0.2776
[VLM Debug] Step 40 Reward: 0.2798
[VLM Debug] Step 10 Reward: 0.2878
[VLM Debug] Step 12 Reward: 0.2849
[VLM Debug] Step 16 Reward: 0.2847
[VLM Debug] Step 42 Reward: 0.2861
[VLM Debug] Step 12 Reward: 0.2913
[VLM Debug] Step 14 Reward: 0.2930
global_step=1196, episodic_return=3.448
[VLM Debug] Reset Reward Calculated: 0.2791
[VLM Debug] Step 18 Reward: 0.2920
global_step=1200, episodic_return=4.284
[VLM Debug] Step 44 Reward: 0.2856
[VLM Debug] Reset Reward Calculated: 0.2817
[VLM Debug] Step 2 Reward: 0.2791
[VLM Debug] Step 20 Reward: 0.2935
global_step=1208, episodic_return=12.836
[VLM Debug] Reset Reward Calculated: 0.2751
[VLM Debug] Step 2 Reward: 0.2793
[VLM Debug] Step 4 Reward: 0.2744
[VLM Debug] Step 22 Reward: 0.2932
global_step=1216, episodic_return=6.204
[VLM Debug] Step 2 Reward: 0.2720
[VLM Debug] Reset Reward Calculated: 0.2761
[VLM Debug] Step 4 Reward: 0.2759
[VLM Debug] Step 6 Reward: 0.2791
[VLM Debug] Step 4 Reward: 0.2808
[VLM Debug] Step 2 Reward: 0.2693
[VLM Debug] Step 6 Reward: 0.2788
[VLM Debug] Step 8 Reward: 0.2744
[VLM Debug] Step 6 Reward: 0.2852
[VLM Debug] Step 4 Reward: 0.2747
[VLM Debug] Step 8 Reward: 0.2812
[VLM Debug] Step 10 Reward: 0.2791
[VLM Debug] Step 8 Reward: 0.2864
[VLM Debug] Step 6 Reward: 0.2864
[VLM Debug] Step 10 Reward: 0.2778
[VLM Debug] Step 12 Reward: 0.2798
[VLM Debug] Step 10 Reward: 0.2856
[VLM Debug] Step 8 Reward: 0.2856
[VLM Debug] Step 12 Reward: 0.2803
[VLM Debug] Step 14 Reward: 0.2808
[VLM Debug] Step 12 Reward: 0.2888
[VLM Debug] Step 10 Reward: 0.2944
[VLM Debug] Step 14 Reward: 0.2803
[VLM Debug] Step 16 Reward: 0.2903
[VLM Debug] Step 14 Reward: 0.2810
[VLM Debug] Step 12 Reward: 0.2915
[VLM Debug] Step 16 Reward: 0.2803
[VLM Debug] Step 18 Reward: 0.2876
[VLM Debug] Step 16 Reward: 0.2859
[VLM Debug] Step 14 Reward: 0.2915
[VLM Debug] Step 18 Reward: 0.2788
global_step=1276, episodic_return=5.328
[VLM Debug] Reset Reward Calculated: 0.2751
global_step=1280, episodic_return=4.263
[VLM Debug] Step 18 Reward: 0.2922
[VLM Debug] Reset Reward Calculated: 0.2847
[VLM Debug] Step 20 Reward: 0.2788
[VLM Debug] Step 2 Reward: 0.2751
[VLM Debug] Step 20 Reward: 0.2917
[VLM Debug] Step 2 Reward: 0.2844
[VLM Debug] Step 22 Reward: 0.2812
[VLM Debug] Step 4 Reward: 0.2888
global_step=1296, episodic_return=5.974
[VLM Debug] Reset Reward Calculated: 0.2810
[VLM Debug] Step 4 Reward: 0.2844
[VLM Debug] Step 24 Reward: 0.2832
[VLM Debug] Step 6 Reward: 0.2891
[VLM Debug] Step 2 Reward: 0.2810
[VLM Debug] Step 6 Reward: 0.2832
[VLM Debug] Step 26 Reward: 0.2896
[VLM Debug] Step 8 Reward: 0.2861
[VLM Debug] Step 4 Reward: 0.2764
[VLM Debug] Step 8 Reward: 0.2832
[VLM Debug] Step 28 Reward: 0.2854
[VLM Debug] Step 10 Reward: 0.2888
[VLM Debug] Step 6 Reward: 0.2773
[VLM Debug] Step 10 Reward: 0.2852
[VLM Debug] Step 30 Reward: 0.2891
global_step=1324, episodic_return=8.433
[VLM Debug] Step 12 Reward: 0.2886
[VLM Debug] Reset Reward Calculated: 0.2810
[VLM Debug] Step 8 Reward: 0.2812
[VLM Debug] Step 12 Reward: 0.2844
[VLM Debug] Step 14 Reward: 0.2861
[VLM Debug] Step 2 Reward: 0.2805
[VLM Debug] Step 10 Reward: 0.2830
[VLM Debug] Step 14 Reward: 0.2871
[VLM Debug] Step 16 Reward: 0.2859
[VLM Debug] Step 4 Reward: 0.2854
[VLM Debug] Step 12 Reward: 0.2888
[VLM Debug] Step 16 Reward: 0.2871
global_step=1348, episodic_return=4.852
[VLM Debug] Reset Reward Calculated: 0.2832
[VLM Debug] Step 6 Reward: 0.2888
[VLM Debug] Step 14 Reward: 0.2800
[VLM Debug] Step 18 Reward: 0.2871
[VLM Debug] Step 2 Reward: 0.2817
[VLM Debug] Step 8 Reward: 0.2905
[VLM Debug] Step 16 Reward: 0.2908
[VLM Debug] Step 20 Reward: 0.2859
global_step=1364, episodic_return=5.703
[VLM Debug] Step 4 Reward: 0.2817
[VLM Debug] Reset Reward Calculated: 0.2800
[VLM Debug] Step 10 Reward: 0.2893
global_step=1368, episodic_return=4.798
global_step=1368, episodic_return=2.861
[VLM Debug] Reset Reward Calculated: 0.2832
[VLM Debug] Reset Reward Calculated: 0.2842
[VLM Debug] Step 6 Reward: 0.2820
[VLM Debug] Step 2 Reward: 0.2830
[VLM Debug] Step 2 Reward: 0.2827
[VLM Debug] Step 2 Reward: 0.2844
[VLM Debug] Step 8 Reward: 0.2917
[VLM Debug] Step 4 Reward: 0.2830
[VLM Debug] Step 4 Reward: 0.2832
[VLM Debug] Step 4 Reward: 0.2847
[VLM Debug] Step 10 Reward: 0.2905
[VLM Debug] Step 6 Reward: 0.2812
[VLM Debug] Step 6 Reward: 0.2844
[VLM Debug] Step 6 Reward: 0.2800
[VLM Debug] Step 12 Reward: 0.2859
[VLM Debug] Step 8 Reward: 0.2837
[VLM Debug] Step 8 Reward: 0.2859
[VLM Debug] Step 8 Reward: 0.2800
[VLM Debug] Step 14 Reward: 0.2888
[VLM Debug] Step 10 Reward: 0.2844
[VLM Debug] Step 10 Reward: 0.2786
[VLM Debug] Step 10 Reward: 0.2764
[VLM Debug] Step 16 Reward: 0.2961
[VLM Debug] Step 12 Reward: 0.2869
[VLM Debug] Step 12 Reward: 0.2852
[VLM Debug] Step 12 Reward: 0.2771
[VLM Debug] Step 18 Reward: 0.2983
[VLM Debug] Step 14 Reward: 0.2854
global_step=1424, episodic_return=5.179
[VLM Debug] Step 14 Reward: 0.2834
[VLM Debug] Reset Reward Calculated: 0.2744
[VLM Debug] Step 14 Reward: 0.2886
[VLM Debug] Step 16 Reward: 0.2854
[VLM Debug] Step 16 Reward: 0.2900
[VLM Debug] Step 2 Reward: 0.2791
[VLM Debug] Step 16 Reward: 0.2844
[VLM Debug] Step 18 Reward: 0.2896
global_step=1440, episodic_return=4.795
[VLM Debug] Step 18 Reward: 0.2939
[VLM Debug] Step 4 Reward: 0.2791
[VLM Debug] Reset Reward Calculated: 0.2778
global_step=1444, episodic_return=5.124
[VLM Debug] Reset Reward Calculated: 0.2751
[VLM Debug] Step 20 Reward: 0.2939
global_step=1448, episodic_return=5.699
[VLM Debug] Step 6 Reward: 0.2791
[VLM Debug] Reset Reward Calculated: 0.2798
[VLM Debug] Step 2 Reward: 0.2778
[VLM Debug] Step 2 Reward: 0.2747
[VLM Debug] Step 8 Reward: 0.2791
[VLM Debug] Step 2 Reward: 0.2798
[VLM Debug] Step 4 Reward: 0.2803
[VLM Debug] Step 4 Reward: 0.2693
[VLM Debug] Step 10 Reward: 0.2783
[VLM Debug] Step 4 Reward: 0.2808
[VLM Debug] Step 6 Reward: 0.2830
[VLM Debug] Step 6 Reward: 0.2720
[VLM Debug] Step 12 Reward: 0.2800
[VLM Debug] Step 6 Reward: 0.2795
[VLM Debug] Step 8 Reward: 0.2881
[VLM Debug] Step 8 Reward: 0.2810
[VLM Debug] Step 14 Reward: 0.2783
[VLM Debug] Step 8 Reward: 0.2795
[VLM Debug] Step 10 Reward: 0.2874
[VLM Debug] Step 10 Reward: 0.2852
[VLM Debug] Step 16 Reward: 0.2788
[VLM Debug] Step 10 Reward: 0.2861
[VLM Debug] Step 12 Reward: 0.2935
[VLM Debug] Step 12 Reward: 0.2744
global_step=1496, episodic_return=3.698
[VLM Debug] Step 18 Reward: 0.2800
[VLM Debug] Step 12 Reward: 0.2852
[VLM Debug] Reset Reward Calculated: 0.2812
[VLM Debug] Step 14 Reward: 0.2751
[VLM Debug] Step 20 Reward: 0.2817
[VLM Debug] Step 14 Reward: 0.2881
[VLM Debug] Step 2 Reward: 0.2817
[VLM Debug] Step 16 Reward: 0.2810
[VLM Debug] Step 22 Reward: 0.2800
[VLM Debug] Step 16 Reward: 0.2844
[VLM Debug] Step 4 Reward: 0.2849
[VLM Debug] Step 18 Reward: 0.2815
global_step=1520, episodic_return=4.807
[VLM Debug] Step 24 Reward: 0.2888
[VLM Debug] Reset Reward Calculated: 0.2864
[VLM Debug] Step 6 Reward: 0.2893
[VLM Debug] Step 20 Reward: 0.2798
[VLM Debug] Step 26 Reward: 0.2939
[VLM Debug] Step 2 Reward: 0.2864
[VLM Debug] Step 8 Reward: 0.2852
[VLM Debug] Step 22 Reward: 0.2815
global_step=1536, episodic_return=7.587
SPS: 162
[VLM Debug] Reset Reward Calculated: 0.2805
[VLM Debug] Step 4 Reward: 0.2781
[VLM Debug] Step 10 Reward: 0.2891
global_step=1540, episodic_return=2.853
[VLM Debug] Step 24 Reward: 0.2749
[VLM Debug] Reset Reward Calculated: 0.2852
[VLM Debug] Step 2 Reward: 0.2805
[VLM Debug] Step 6 Reward: 0.2815
[VLM Debug] Step 26 Reward: 0.2646
[VLM Debug] Step 2 Reward: 0.2761
[VLM Debug] Step 4 Reward: 0.2847
[VLM Debug] Step 8 Reward: 0.2842
[VLM Debug] Step 28 Reward: 0.2751
[VLM Debug] Step 4 Reward: 0.2788
[VLM Debug] Step 6 Reward: 0.2844
[VLM Debug] Step 10 Reward: 0.2839
[VLM Debug] Step 30 Reward: 0.2693
[VLM Debug] Step 6 Reward: 0.2778
[VLM Debug] Step 8 Reward: 0.2883
[VLM Debug] Step 12 Reward: 0.2876
[VLM Debug] Step 32 Reward: 0.2720
[VLM Debug] Step 8 Reward: 0.2825
[VLM Debug] Step 10 Reward: 0.2878
[VLM Debug] Step 14 Reward: 0.2910
[VLM Debug] Step 34 Reward: 0.2693
[VLM Debug] Step 10 Reward: 0.2808
[VLM Debug] Step 12 Reward: 0.2842
[VLM Debug] Step 16 Reward: 0.2947
[VLM Debug] Step 36 Reward: 0.2720
[VLM Debug] Step 12 Reward: 0.2832
[VLM Debug] Step 14 Reward: 0.2856
[VLM Debug] Step 18 Reward: 0.2939
[VLM Debug] Step 38 Reward: 0.2852
[VLM Debug] Step 14 Reward: 0.2830
[VLM Debug] Step 16 Reward: 0.2898
[VLM Debug] Step 20 Reward: 0.2905
[VLM Debug] Step 40 Reward: 0.2849
[VLM Debug] Step 16 Reward: 0.2917
[VLM Debug] Step 18 Reward: 0.2893
[VLM Debug] Step 22 Reward: 0.2852
global_step=1612, episodic_return=4.793
[VLM Debug] Step 42 Reward: 0.2842
[VLM Debug] Reset Reward Calculated: 0.2849
[VLM Debug] Step 20 Reward: 0.2864
[VLM Debug] Step 24 Reward: 0.2871
[VLM Debug] Step 44 Reward: 0.2839
[VLM Debug] Step 2 Reward: 0.2849
[VLM Debug] Step 22 Reward: 0.2817
[VLM Debug] Step 26 Reward: 0.2817
global_step=1628, episodic_return=7.456
[VLM Debug] Step 46 Reward: 0.2856
[VLM Debug] Reset Reward Calculated: 0.2754
[VLM Debug] Step 4 Reward: 0.2827
[VLM Debug] Step 24 Reward: 0.2847
[VLM Debug] Step 48 Reward: 0.2886
[VLM Debug] Step 2 Reward: 0.2844
[VLM Debug] Step 6 Reward: 0.2773
[VLM Debug] Step 26 Reward: 0.2822
[VLM Debug] Step 50 Reward: 0.2888
[VLM Debug] Step 4 Reward: 0.2754
[VLM Debug] Step 8 Reward: 0.2849
[VLM Debug] Step 28 Reward: 0.2849
[VLM Debug] Step 52 Reward: 0.2866
[VLM Debug] Step 6 Reward: 0.2788
[VLM Debug] Step 10 Reward: 0.2781
[VLM Debug] Step 30 Reward: 0.2852
[VLM Debug] Step 54 Reward: 0.2871
[VLM Debug] Step 8 Reward: 0.2771
[VLM Debug] Step 12 Reward: 0.2781
[VLM Debug] Step 32 Reward: 0.2839
[VLM Debug] Step 56 Reward: 0.2817
[VLM Debug] Step 10 Reward: 0.2808
[VLM Debug] Step 14 Reward: 0.2773
[VLM Debug] Step 34 Reward: 0.2871
[VLM Debug] Step 58 Reward: 0.2847
[VLM Debug] Step 12 Reward: 0.2861
[VLM Debug] Step 16 Reward: 0.2837
[VLM Debug] Step 36 Reward: 0.2803
[VLM Debug] Step 60 Reward: 0.2837
[VLM Debug] Step 14 Reward: 0.2830
[VLM Debug] Step 18 Reward: 0.2864
[VLM Debug] Step 38 Reward: 0.2939
[VLM Debug] Step 62 Reward: 0.2864
[VLM Debug] Step 16 Reward: 0.2842
[VLM Debug] Step 20 Reward: 0.2871
[VLM Debug] Step 40 Reward: 0.2935
[VLM Debug] Step 64 Reward: 0.2871
[VLM Debug] Step 18 Reward: 0.2793
[VLM Debug] Step 22 Reward: 0.2874
[VLM Debug] Step 42 Reward: 0.2896
global_step=1708, episodic_return=6.501
[VLM Debug] Step 66 Reward: 0.2886
[VLM Debug] Step 20 Reward: 0.2871
[VLM Debug] Reset Reward Calculated: 0.2751
[VLM Debug] Step 44 Reward: 0.2952
[VLM Debug] Step 68 Reward: 0.2930
[VLM Debug] Step 22 Reward: 0.2834
[VLM Debug] Step 2 Reward: 0.2646
global_step=1720, episodic_return=19.048
--> New best model saved with return: 19.05
[VLM Debug] Reset Reward Calculated: 0.2817
[VLM Debug] Step 46 Reward: 0.2937
[VLM Debug] Step 24 Reward: 0.2910
[VLM Debug] Step 4 Reward: 0.2798
[VLM Debug] Step 2 Reward: 0.2817
[VLM Debug] Step 48 Reward: 0.2981
[VLM Debug] Step 26 Reward: 0.2900
[VLM Debug] Step 6 Reward: 0.2786
[VLM Debug] Step 4 Reward: 0.2837
[VLM Debug] Step 50 Reward: 0.2964
[VLM Debug] Step 28 Reward: 0.2920
[VLM Debug] Step 8 Reward: 0.2815
global_step=1744, episodic_return=14.663
[VLM Debug] Step 6 Reward: 0.2842
[VLM Debug] Reset Reward Calculated: 0.2852
[VLM Debug] Step 30 Reward: 0.2908
[VLM Debug] Step 10 Reward: 0.2795
[VLM Debug] Step 8 Reward: 0.2883
[VLM Debug] Step 2 Reward: 0.2830
global_step=1756, episodic_return=8.802
[VLM Debug] Reset Reward Calculated: 0.2842
[VLM Debug] Step 12 Reward: 0.2849
[VLM Debug] Step 10 Reward: 0.2856
[VLM Debug] Step 4 Reward: 0.2800
[VLM Debug] Step 2 Reward: 0.2842
[VLM Debug] Step 14 Reward: 0.2869
global_step=1768, episodic_return=3.129
[VLM Debug] Reset Reward Calculated: 0.2808
[VLM Debug] Step 6 Reward: 0.2847
[VLM Debug] Step 4 Reward: 0.2854
[VLM Debug] Step 16 Reward: 0.2852
global_step=1776, episodic_return=4.472
[VLM Debug] Step 2 Reward: 0.2812
[VLM Debug] Step 8 Reward: 0.2825
[VLM Debug] Reset Reward Calculated: 0.2854
[VLM Debug] Step 6 Reward: 0.2861
[VLM Debug] Step 4 Reward: 0.2812
[VLM Debug] Step 10 Reward: 0.2859
[VLM Debug] Step 2 Reward: 0.2808
[VLM Debug] Step 8 Reward: 0.2839
[VLM Debug] Step 6 Reward: 0.2812
[VLM Debug] Step 12 Reward: 0.2866
[VLM Debug] Step 4 Reward: 0.2852
[VLM Debug] Step 10 Reward: 0.2825
[VLM Debug] Step 8 Reward: 0.2800
[VLM Debug] Step 14 Reward: 0.2883
[VLM Debug] Step 6 Reward: 0.2844
[VLM Debug] Step 12 Reward: 0.2876
[VLM Debug] Step 10 Reward: 0.2776
[VLM Debug] Step 16 Reward: 0.2859
[VLM Debug] Step 8 Reward: 0.2844
[VLM Debug] Step 14 Reward: 0.2896
[VLM Debug] Step 12 Reward: 0.2800
[VLM Debug] Step 18 Reward: 0.2842
[VLM Debug] Step 10 Reward: 0.2805
[VLM Debug] Step 16 Reward: 0.2908
[VLM Debug] Step 14 Reward: 0.2812
[VLM Debug] Step 20 Reward: 0.2878
[VLM Debug] Step 12 Reward: 0.2891
[VLM Debug] Step 18 Reward: 0.2849
[VLM Debug] Step 16 Reward: 0.2812
[VLM Debug] Step 22 Reward: 0.2959
[VLM Debug] Step 14 Reward: 0.2876
[VLM Debug] Step 20 Reward: 0.2832
[VLM Debug] Step 18 Reward: 0.2812
[VLM Debug] Step 24 Reward: 0.2947
[VLM Debug] Step 16 Reward: 0.2917
[VLM Debug] Step 22 Reward: 0.2786
[VLM Debug] Step 20 Reward: 0.2856
[VLM Debug] Step 26 Reward: 0.2910
[VLM Debug] Step 18 Reward: 0.2969
[VLM Debug] Step 24 Reward: 0.2781
global_step=1856, episodic_return=5.447
[VLM Debug] Step 22 Reward: 0.2852
[VLM Debug] Step 28 Reward: 0.2908
[VLM Debug] Reset Reward Calculated: 0.2783
[VLM Debug] Step 26 Reward: 0.2847
[VLM Debug] Step 24 Reward: 0.2869
[VLM Debug] Step 30 Reward: 0.2969
[VLM Debug] Step 2 Reward: 0.2783
[VLM Debug] Step 28 Reward: 0.2920
global_step=1872, episodic_return=8.921
[VLM Debug] Step 26 Reward: 0.2878
[VLM Debug] Reset Reward Calculated: 0.2852
[VLM Debug] Step 4 Reward: 0.2783
[VLM Debug] Step 30 Reward: 0.2988
[VLM Debug] Step 28 Reward: 0.2832
[VLM Debug] Step 2 Reward: 0.2788
[VLM Debug] Step 6 Reward: 0.2874
global_step=1884, episodic_return=8.865
[VLM Debug] Reset Reward Calculated: 0.2791
[VLM Debug] Step 30 Reward: 0.2832
[VLM Debug] Step 4 Reward: 0.2842
[VLM Debug] Step 8 Reward: 0.2913
[VLM Debug] Step 2 Reward: 0.2776
[VLM Debug] Step 32 Reward: 0.2820
[VLM Debug] Step 6 Reward: 0.2844
[VLM Debug] Step 10 Reward: 0.2905
global_step=1900, episodic_return=9.037
[VLM Debug] Reset Reward Calculated: 0.2791
[VLM Debug] Step 4 Reward: 0.2791
[VLM Debug] Step 8 Reward: 0.2917
[VLM Debug] Step 12 Reward: 0.2900
global_step=1908, episodic_return=3.420
[VLM Debug] Step 2 Reward: 0.2759
[VLM Debug] Step 6 Reward: 0.2825
[VLM Debug] Reset Reward Calculated: 0.2832
[VLM Debug] Step 10 Reward: 0.2922
[VLM Debug] Step 4 Reward: 0.2839
[VLM Debug] Step 8 Reward: 0.2837
[VLM Debug] Step 2 Reward: 0.2805
global_step=1920, episodic_return=3.148
[VLM Debug] Reset Reward Calculated: 0.2837
[VLM Debug] Step 6 Reward: 0.2759
[VLM Debug] Step 10 Reward: 0.2825
[VLM Debug] Step 4 Reward: 0.2820
[VLM Debug] Step 2 Reward: 0.2844
[VLM Debug] Step 8 Reward: 0.2803
[VLM Debug] Step 12 Reward: 0.2898
[VLM Debug] Step 6 Reward: 0.2905
[VLM Debug] Step 4 Reward: 0.2847
[VLM Debug] Step 10 Reward: 0.2849
[VLM Debug] Step 14 Reward: 0.2922
[VLM Debug] Step 8 Reward: 0.2915
[VLM Debug] Step 6 Reward: 0.2847
global_step=1948, episodic_return=4.254
[VLM Debug] Step 12 Reward: 0.2881
[VLM Debug] Reset Reward Calculated: 0.2771
[VLM Debug] Step 10 Reward: 0.2883
global_step=1952, episodic_return=2.861
[VLM Debug] Step 8 Reward: 0.2805
[VLM Debug] Reset Reward Calculated: 0.2808
[VLM Debug] Step 14 Reward: 0.2854
[VLM Debug] Step 2 Reward: 0.2771
[VLM Debug] Step 10 Reward: 0.2847
[VLM Debug] Step 2 Reward: 0.2808
[VLM Debug] Step 16 Reward: 0.2864
[VLM Debug] Step 4 Reward: 0.2803
[VLM Debug] Step 12 Reward: 0.2869
[VLM Debug] Step 4 Reward: 0.2832
[VLM Debug] Step 18 Reward: 0.2898
[VLM Debug] Step 6 Reward: 0.2803
global_step=1976, episodic_return=5.090
[VLM Debug] Reset Reward Calculated: 0.2847
[VLM Debug] Step 14 Reward: 0.2847
[VLM Debug] Step 6 Reward: 0.2832
[VLM Debug] Step 8 Reward: 0.2771
[VLM Debug] Step 2 Reward: 0.2847
[VLM Debug] Step 16 Reward: 0.2859
[VLM Debug] Step 8 Reward: 0.2888
[VLM Debug] Step 10 Reward: 0.2805
[VLM Debug] Step 4 Reward: 0.2822
[VLM Debug] Step 18 Reward: 0.2854
[VLM Debug] Step 10 Reward: 0.2795
[VLM Debug] Step 12 Reward: 0.2842
[VLM Debug] Step 6 Reward: 0.2842
[VLM Debug] Step 20 Reward: 0.2854
[VLM Debug] Step 12 Reward: 0.2795
[VLM Debug] Step 14 Reward: 0.2891
[VLM Debug] Step 8 Reward: 0.2856
[VLM Debug] Step 22 Reward: 0.2869
[VLM Debug] Step 14 Reward: 0.2661
[VLM Debug] Step 16 Reward: 0.2942
[VLM Debug] Step 10 Reward: 0.2905
[VLM Debug] Step 24 Reward: 0.2871
[VLM Debug] Step 16 Reward: 0.2771
[VLM Debug] Step 18 Reward: 0.2927
global_step=2024, episodic_return=5.095
[VLM Debug] Step 12 Reward: 0.2874
[VLM Debug] Step 26 Reward: 0.2866
[VLM Debug] Reset Reward Calculated: 0.2791
[VLM Debug] Step 18 Reward: 0.2805
global_step=2028, episodic_return=3.427
[VLM Debug] Reset Reward Calculated: 0.2808
[VLM Debug] Step 28 Reward: 0.2881
[VLM Debug] Step 2 Reward: 0.2791
[VLM Debug] Step 20 Reward: 0.2859
[VLM Debug] Step 2 Reward: 0.2803
[VLM Debug] Step 30 Reward: 0.2881
[VLM Debug] Step 4 Reward: 0.2798
[VLM Debug] Step 22 Reward: 0.2832
[VLM Debug] Step 4 Reward: 0.2776
SPS: 164
[VLM Debug] Step 32 Reward: 0.2981
[VLM Debug] Step 6 Reward: 0.2795
[VLM Debug] Step 24 Reward: 0.2861
[VLM Debug] Step 6 Reward: 0.2795
[VLM Debug] Step 34 Reward: 0.2969
[VLM Debug] Step 8 Reward: 0.2817
[VLM Debug] Step 26 Reward: 0.2844
global_step=2060, episodic_return=7.313
[VLM Debug] Step 8 Reward: 0.2791
[VLM Debug] Reset Reward Calculated: 0.2788
global_step=2064, episodic_return=10.042
[VLM Debug] Reset Reward Calculated: 0.2810
[VLM Debug] Step 10 Reward: 0.2786
[VLM Debug] Step 10 Reward: 0.2791
[VLM Debug] Step 2 Reward: 0.2803
[VLM Debug] Step 2 Reward: 0.2773
[VLM Debug] Step 12 Reward: 0.2676
[VLM Debug] Step 12 Reward: 0.2847
[VLM Debug] Step 4 Reward: 0.2798
[VLM Debug] Step 4 Reward: 0.2773
[VLM Debug] Step 14 Reward: 0.2737
[VLM Debug] Step 14 Reward: 0.2861
[VLM Debug] Step 6 Reward: 0.2817
[VLM Debug] Step 6 Reward: 0.2761
[VLM Debug] Step 16 Reward: 0.2808
[VLM Debug] Step 16 Reward: 0.2856
[VLM Debug] Step 8 Reward: 0.2888
[VLM Debug] Step 8 Reward: 0.2815
[VLM Debug] Step 18 Reward: 0.2839
[VLM Debug] Step 18 Reward: 0.2920
[VLM Debug] Step 10 Reward: 0.2935
[VLM Debug] Step 10 Reward: 0.2815
[VLM Debug] Step 20 Reward: 0.2852
global_step=2108, episodic_return=5.369
global_step=2108, episodic_return=3.127
[VLM Debug] Reset Reward Calculated: 0.2864
[VLM Debug] Reset Reward Calculated: 0.2800
[VLM Debug] Step 12 Reward: 0.2817
[VLM Debug] Step 22 Reward: 0.2761
[VLM Debug] Step 2 Reward: 0.2812
[VLM Debug] Step 2 Reward: 0.2781
[VLM Debug] Step 14 Reward: 0.2839
[VLM Debug] Step 24 Reward: 0.2810
[VLM Debug] Step 4 Reward: 0.2812
[VLM Debug] Step 4 Reward: 0.2781
[VLM Debug] Step 16 Reward: 0.2822
[VLM Debug] Step 26 Reward: 0.2771
[VLM Debug] Step 6 Reward: 0.2812
[VLM Debug] Step 6 Reward: 0.2842
[VLM Debug] Step 18 Reward: 0.2847
[VLM Debug] Step 28 Reward: 0.2832
[VLM Debug] Step 8 Reward: 0.2791
[VLM Debug] Step 8 Reward: 0.2810
[VLM Debug] Step 20 Reward: 0.2859
[VLM Debug] Step 30 Reward: 0.2839
[VLM Debug] Step 10 Reward: 0.2805
[VLM Debug] Step 10 Reward: 0.2832
global_step=2152, episodic_return=8.661
[VLM Debug] Step 22 Reward: 0.2776
[VLM Debug] Reset Reward Calculated: 0.2808
[VLM Debug] Step 12 Reward: 0.2834
[VLM Debug] Step 12 Reward: 0.2810
[VLM Debug] Step 24 Reward: 0.2808
[VLM Debug] Step 2 Reward: 0.2798
[VLM Debug] Step 14 Reward: 0.2861
[VLM Debug] Step 14 Reward: 0.2847
[VLM Debug] Step 26 Reward: 0.2837
[VLM Debug] Step 4 Reward: 0.2798
[VLM Debug] Step 16 Reward: 0.2876
[VLM Debug] Step 16 Reward: 0.2861
[VLM Debug] Step 28 Reward: 0.2795
[VLM Debug] Step 6 Reward: 0.2759
[VLM Debug] Step 18 Reward: 0.2849
[VLM Debug] Step 18 Reward: 0.2913
[VLM Debug] Step 30 Reward: 0.2874
[VLM Debug] Step 8 Reward: 0.2759
[VLM Debug] Step 20 Reward: 0.2842
[VLM Debug] Step 20 Reward: 0.2888
[VLM Debug] Step 32 Reward: 0.2869
[VLM Debug] Step 10 Reward: 0.2778
[VLM Debug] Step 22 Reward: 0.2878
[VLM Debug] Step 22 Reward: 0.2903
global_step=2200, episodic_return=6.243
[VLM Debug] Step 34 Reward: 0.2935
[VLM Debug] Step 12 Reward: 0.2817
[VLM Debug] Reset Reward Calculated: 0.2827
[VLM Debug] Step 24 Reward: 0.2874
[VLM Debug] Step 36 Reward: 0.2888
[VLM Debug] Step 14 Reward: 0.2893
[VLM Debug] Step 2 Reward: 0.2844
[VLM Debug] Step 26 Reward: 0.2925
[VLM Debug] Step 38 Reward: 0.2925
[VLM Debug] Step 16 Reward: 0.2886
[VLM Debug] Step 4 Reward: 0.2847
[VLM Debug] Step 28 Reward: 0.2900
[VLM Debug] Step 40 Reward: 0.2937
[VLM Debug] Step 18 Reward: 0.2896
[VLM Debug] Step 6 Reward: 0.2830
[VLM Debug] Step 30 Reward: 0.2866
global_step=2232, episodic_return=5.357
[VLM Debug] Step 42 Reward: 0.2961
[VLM Debug] Reset Reward Calculated: 0.2849
[VLM Debug] Step 8 Reward: 0.2837
[VLM Debug] Step 32 Reward: 0.2822
[VLM Debug] Step 44 Reward: 0.2910
[VLM Debug] Step 2 Reward: 0.2832
[VLM Debug] Step 10 Reward: 0.2878
[VLM Debug] Step 34 Reward: 0.2832
[VLM Debug] Step 46 Reward: 0.2878
[VLM Debug] Step 4 Reward: 0.2817
[VLM Debug] Step 12 Reward: 0.2861
[VLM Debug] Step 36 Reward: 0.2856
[VLM Debug] Step 48 Reward: 0.2910
[VLM Debug] Step 6 Reward: 0.2822
[VLM Debug] Step 14 Reward: 0.2869
[VLM Debug] Step 38 Reward: 0.2852
[VLM Debug] Step 50 Reward: 0.2898
[VLM Debug] Step 8 Reward: 0.2896
[VLM Debug] Step 16 Reward: 0.2874
[VLM Debug] Step 40 Reward: 0.2898
[VLM Debug] Step 52 Reward: 0.2888
[VLM Debug] Step 10 Reward: 0.2893
[VLM Debug] Step 18 Reward: 0.2874
[VLM Debug] Step 42 Reward: 0.2908
[VLM Debug] Step 54 Reward: 0.2876
[VLM Debug] Step 12 Reward: 0.2883
[VLM Debug] Step 20 Reward: 0.2832
[VLM Debug] Step 44 Reward: 0.2898
[VLM Debug] Step 56 Reward: 0.2932
[VLM Debug] Step 14 Reward: 0.2944
[VLM Debug] Step 22 Reward: 0.2832
global_step=2292, episodic_return=4.008
[VLM Debug] Step 46 Reward: 0.2852
[VLM Debug] Reset Reward Calculated: 0.2793
[VLM Debug] Step 58 Reward: 0.2871
[VLM Debug] Step 24 Reward: 0.2852
[VLM Debug] Step 48 Reward: 0.2842
[VLM Debug] Step 2 Reward: 0.2783
[VLM Debug] Step 60 Reward: 0.2903
[VLM Debug] Step 26 Reward: 0.2891
[VLM Debug] Step 50 Reward: 0.2869
[VLM Debug] Step 4 Reward: 0.2793
[VLM Debug] Step 62 Reward: 0.2939
[VLM Debug] Step 28 Reward: 0.2854
[VLM Debug] Step 52 Reward: 0.2993
[VLM Debug] Step 6 Reward: 0.2793
global_step=2320, episodic_return=18.028
[VLM Debug] Reset Reward Calculated: 0.2747
[VLM Debug] Step 30 Reward: 0.2854
[VLM Debug] Step 54 Reward: 0.2874
[VLM Debug] Step 8 Reward: 0.2793
[VLM Debug] Step 2 Reward: 0.2747
[VLM Debug] Step 32 Reward: 0.2874
[VLM Debug] Step 56 Reward: 0.2847
[VLM Debug] Step 10 Reward: 0.2817
[VLM Debug] Step 4 Reward: 0.2761
[VLM Debug] Step 34 Reward: 0.2900
[VLM Debug] Step 58 Reward: 0.2881
[VLM Debug] Step 12 Reward: 0.2886
[VLM Debug] Step 6 Reward: 0.2769
[VLM Debug] Step 36 Reward: 0.2891
[VLM Debug] Step 60 Reward: 0.2883
[VLM Debug] Step 14 Reward: 0.2891
[VLM Debug] Step 8 Reward: 0.2754
[VLM Debug] Step 38 Reward: 0.2969
[VLM Debug] Step 62 Reward: 0.2927
[VLM Debug] Step 16 Reward: 0.2908
global_step=2360, episodic_return=11.175
[VLM Debug] Step 10 Reward: 0.2844
[VLM Debug] Reset Reward Calculated: 0.2756
[VLM Debug] Step 64 Reward: 0.2869
[VLM Debug] Step 18 Reward: 0.2915
[VLM Debug] Step 12 Reward: 0.2773
[VLM Debug] Step 2 Reward: 0.2773
[VLM Debug] Step 66 Reward: 0.2944
[VLM Debug] Step 20 Reward: 0.2917
global_step=2376, episodic_return=18.909
global_step=2376, episodic_return=5.687
[VLM Debug] Reset Reward Calculated: 0.2771
[VLM Debug] Step 14 Reward: 0.2854
[VLM Debug] Reset Reward Calculated: 0.2676
[VLM Debug] Step 4 Reward: 0.2837
[VLM Debug] Step 2 Reward: 0.2793
[VLM Debug] Step 16 Reward: 0.2886
[VLM Debug] Step 2 Reward: 0.2737
[VLM Debug] Step 6 Reward: 0.2844
[VLM Debug] Step 4 Reward: 0.2793
[VLM Debug] Step 18 Reward: 0.2939
[VLM Debug] Step 4 Reward: 0.2754
[VLM Debug] Step 8 Reward: 0.2864
[VLM Debug] Step 6 Reward: 0.2793
[VLM Debug] Step 20 Reward: 0.2915
[VLM Debug] Step 6 Reward: 0.2788
[VLM Debug] Step 10 Reward: 0.2898
global_step=2408, episodic_return=5.923
[VLM Debug] Step 8 Reward: 0.2888
[VLM Debug] Reset Reward Calculated: 0.2793
[VLM Debug] Step 8 Reward: 0.2822
[VLM Debug] Step 12 Reward: 0.2913
[VLM Debug] Step 10 Reward: 0.2881
[VLM Debug] Step 2 Reward: 0.2771
[VLM Debug] Step 10 Reward: 0.2930
[VLM Debug] Step 14 Reward: 0.2917
global_step=2424, episodic_return=4.285
[VLM Debug] Step 12 Reward: 0.2910
[VLM Debug] Step 4 Reward: 0.2661
[VLM Debug] Step 12 Reward: 0.2847
[VLM Debug] Reset Reward Calculated: 0.2776
global_step=2428, episodic_return=3.358
[VLM Debug] Reset Reward Calculated: 0.2800
[VLM Debug] Step 14 Reward: 0.2871
[VLM Debug] Step 6 Reward: 0.2832
[VLM Debug] Step 2 Reward: 0.2776
global_step=2436, episodic_return=3.976
[VLM Debug] Reset Reward Calculated: 0.2742
[VLM Debug] Step 2 Reward: 0.2800
[VLM Debug] Step 8 Reward: 0.2847
[VLM Debug] Step 4 Reward: 0.2800
[VLM Debug] Step 2 Reward: 0.2781
[VLM Debug] Step 4 Reward: 0.2803
[VLM Debug] Step 10 Reward: 0.2908
[VLM Debug] Step 6 Reward: 0.2793
[VLM Debug] Step 4 Reward: 0.2761
[VLM Debug] Step 6 Reward: 0.2759
global_step=2456, episodic_return=3.083
[VLM Debug] Reset Reward Calculated: 0.2744
[VLM Debug] Step 8 Reward: 0.2817
[VLM Debug] Step 6 Reward: 0.2788
[VLM Debug] Step 8 Reward: 0.2759
[VLM Debug] Step 2 Reward: 0.2744
[VLM Debug] Step 10 Reward: 0.2817
[VLM Debug] Step 8 Reward: 0.2800
[VLM Debug] Step 10 Reward: 0.2771
[VLM Debug] Step 4 Reward: 0.2817
[VLM Debug] Step 12 Reward: 0.2842
[VLM Debug] Step 10 Reward: 0.2844
[VLM Debug] Step 12 Reward: 0.2771
[VLM Debug] Step 6 Reward: 0.2798
[VLM Debug] Step 14 Reward: 0.2886
[VLM Debug] Step 12 Reward: 0.2810
[VLM Debug] Step 14 Reward: 0.2773
[VLM Debug] Step 8 Reward: 0.2820
[VLM Debug] Step 16 Reward: 0.2876
[VLM Debug] Step 14 Reward: 0.2764
[VLM Debug] Step 16 Reward: 0.2847
[VLM Debug] Step 10 Reward: 0.2815
[VLM Debug] Step 18 Reward: 0.2844
[VLM Debug] Step 16 Reward: 0.2791
[VLM Debug] Step 18 Reward: 0.2847
[VLM Debug] Step 12 Reward: 0.2817
[VLM Debug] Step 20 Reward: 0.2886
global_step=2508, episodic_return=5.656
[VLM Debug] Step 18 Reward: 0.2832
[VLM Debug] Step 20 Reward: 0.2798
[VLM Debug] Reset Reward Calculated: 0.2773
[VLM Debug] Step 14 Reward: 0.2849
[VLM Debug] Step 20 Reward: 0.2837
[VLM Debug] Step 22 Reward: 0.2803
[VLM Debug] Step 2 Reward: 0.2800
[VLM Debug] Step 16 Reward: 0.2861
[VLM Debug] Step 22 Reward: 0.2834
[VLM Debug] Step 24 Reward: 0.2803
[VLM Debug] Step 4 Reward: 0.2773
[VLM Debug] Step 18 Reward: 0.2800
global_step=2532, episodic_return=5.059
[VLM Debug] Step 24 Reward: 0.2847
[VLM Debug] Reset Reward Calculated: 0.2856
[VLM Debug] Step 26 Reward: 0.2844
[VLM Debug] Step 6 Reward: 0.2773
[VLM Debug] Step 26 Reward: 0.2937
[VLM Debug] Step 2 Reward: 0.2837
[VLM Debug] Step 28 Reward: 0.2842
[VLM Debug] Step 8 Reward: 0.2847
[VLM Debug] Step 28 Reward: 0.2881
[VLM Debug] Step 4 Reward: 0.2856
[VLM Debug] Step 30 Reward: 0.2869
[VLM Debug] Step 10 Reward: 0.2842
global_step=2556, episodic_return=8.698
[VLM Debug] Step 30 Reward: 0.2939
[VLM Debug] Step 6 Reward: 0.2871
[VLM Debug] Reset Reward Calculated: 0.2852
[VLM Debug] Step 12 Reward: 0.2844
SPS: 164
[VLM Debug] Step 32 Reward: 0.2925
[VLM Debug] Step 8 Reward: 0.2886
[VLM Debug] Step 2 Reward: 0.2832
[VLM Debug] Step 14 Reward: 0.2842
global_step=2568, episodic_return=9.056
[VLM Debug] Reset Reward Calculated: 0.2781
[VLM Debug] Step 10 Reward: 0.2886
[VLM Debug] Step 4 Reward: 0.2832
[VLM Debug] Step 16 Reward: 0.2844
[VLM Debug] Step 2 Reward: 0.2781
[VLM Debug] Step 12 Reward: 0.2839
[VLM Debug] Step 6 Reward: 0.2822
[VLM Debug] Step 18 Reward: 0.2842
[VLM Debug] Step 4 Reward: 0.2844
[VLM Debug] Step 14 Reward: 0.2832
[VLM Debug] Step 8 Reward: 0.2837
[VLM Debug] Step 20 Reward: 0.2793
[VLM Debug] Step 6 Reward: 0.2800
[VLM Debug] Step 16 Reward: 0.2786
[VLM Debug] Step 10 Reward: 0.2849
[VLM Debug] Step 22 Reward: 0.2800
[VLM Debug] Step 8 Reward: 0.2800
[VLM Debug] Step 18 Reward: 0.2693
[VLM Debug] Step 12 Reward: 0.2888
[VLM Debug] Step 24 Reward: 0.2817
[VLM Debug] Step 10 Reward: 0.2808
[VLM Debug] Step 20 Reward: 0.2854
[VLM Debug] Step 14 Reward: 0.2844
[VLM Debug] Step 26 Reward: 0.2817
[VLM Debug] Step 12 Reward: 0.2781
[VLM Debug] Step 22 Reward: 0.2886
[VLM Debug] Step 16 Reward: 0.2861
[VLM Debug] Step 28 Reward: 0.2886
[VLM Debug] Step 14 Reward: 0.2781
global_step=2628, episodic_return=4.838
[VLM Debug] Step 24 Reward: 0.2888
[VLM Debug] Reset Reward Calculated: 0.2825
[VLM Debug] Step 30 Reward: 0.2888
[VLM Debug] Step 16 Reward: 0.2837
[VLM Debug] Step 26 Reward: 0.2910
[VLM Debug] Step 2 Reward: 0.2825
[VLM Debug] Step 32 Reward: 0.2930
[VLM Debug] Step 18 Reward: 0.2886
global_step=2644, episodic_return=7.690
[VLM Debug] Reset Reward Calculated: 0.2815
[VLM Debug] Step 4 Reward: 0.2842
[VLM Debug] Step 34 Reward: 0.2878
[VLM Debug] Step 20 Reward: 0.2908
[VLM Debug] Step 2 Reward: 0.2791
[VLM Debug] Step 6 Reward: 0.2842
[VLM Debug] Step 36 Reward: 0.2908
[VLM Debug] Step 22 Reward: 0.2917
[VLM Debug] Step 4 Reward: 0.2800
[VLM Debug] Step 8 Reward: 0.2820
[VLM Debug] Step 38 Reward: 0.2896
global_step=2664, episodic_return=6.507
[VLM Debug] Reset Reward Calculated: 0.2837
[VLM Debug] Step 6 Reward: 0.2878
[VLM Debug] Step 10 Reward: 0.2805
[VLM Debug] Step 40 Reward: 0.2927
[VLM Debug] Step 2 Reward: 0.2847
global_step=2676, episodic_return=11.667
[VLM Debug] Step 8 Reward: 0.2849
[VLM Debug] Step 12 Reward: 0.2859
[VLM Debug] Reset Reward Calculated: 0.2810
[VLM Debug] Step 4 Reward: 0.2839
[VLM Debug] Step 10 Reward: 0.2898
[VLM Debug] Step 14 Reward: 0.2896
[VLM Debug] Step 2 Reward: 0.2832
[VLM Debug] Step 6 Reward: 0.2759
[VLM Debug] Step 12 Reward: 0.2917
[VLM Debug] Step 16 Reward: 0.2844
[VLM Debug] Step 4 Reward: 0.2810
[VLM Debug] Step 8 Reward: 0.2800
global_step=2700, episodic_return=3.708
[VLM Debug] Reset Reward Calculated: 0.2810
[VLM Debug] Step 18 Reward: 0.2910
[VLM Debug] Step 6 Reward: 0.2812
global_step=2704, episodic_return=5.120
[VLM Debug] Step 10 Reward: 0.2871
[VLM Debug] Reset Reward Calculated: 0.2788
[VLM Debug] Step 2 Reward: 0.2830
[VLM Debug] Step 8 Reward: 0.2898
[VLM Debug] Step 12 Reward: 0.2844
[VLM Debug] Step 2 Reward: 0.2769
[VLM Debug] Step 4 Reward: 0.2812
[VLM Debug] Step 10 Reward: 0.2932
[VLM Debug] Step 14 Reward: 0.2834
[VLM Debug] Step 4 Reward: 0.2888
global_step=2724, episodic_return=3.138
[VLM Debug] Step 6 Reward: 0.2937
[VLM Debug] Reset Reward Calculated: 0.2759
[VLM Debug] Step 16 Reward: 0.2871
[VLM Debug] Step 6 Reward: 0.2888
[VLM Debug] Step 8 Reward: 0.2949
[VLM Debug] Step 2 Reward: 0.2759
global_step=2736, episodic_return=2.292
[VLM Debug] Step 18 Reward: 0.2825
[VLM Debug] Reset Reward Calculated: 0.2844
[VLM Debug] Step 8 Reward: 0.2925
[VLM Debug] Step 4 Reward: 0.2803
[VLM Debug] Step 20 Reward: 0.2812
[VLM Debug] Step 2 Reward: 0.2844
[VLM Debug] Step 10 Reward: 0.2847
[VLM Debug] Step 6 Reward: 0.2803
global_step=2752, episodic_return=3.142
[VLM Debug] Step 22 Reward: 0.2854
[VLM Debug] Step 4 Reward: 0.2852
[VLM Debug] Reset Reward Calculated: 0.2791
[VLM Debug] Step 8 Reward: 0.2859
[VLM Debug] Step 24 Reward: 0.2859
[VLM Debug] Step 6 Reward: 0.2830
[VLM Debug] Step 2 Reward: 0.2793
[VLM Debug] Step 10 Reward: 0.2881
[VLM Debug] Step 26 Reward: 0.2881
[VLM Debug] Step 8 Reward: 0.2830
[VLM Debug] Step 4 Reward: 0.2793
[VLM Debug] Step 12 Reward: 0.2876
[VLM Debug] Step 28 Reward: 0.2881
[VLM Debug] Step 10 Reward: 0.2830
[VLM Debug] Step 6 Reward: 0.2817
[VLM Debug] Step 14 Reward: 0.2876
[VLM Debug] Step 30 Reward: 0.2881
[VLM Debug] Step 12 Reward: 0.2822
[VLM Debug] Step 8 Reward: 0.2793
[VLM Debug] Step 16 Reward: 0.2866
[VLM Debug] Step 32 Reward: 0.2913
[VLM Debug] Step 14 Reward: 0.2788
[VLM Debug] Step 10 Reward: 0.2754
[VLM Debug] Step 18 Reward: 0.2891
[VLM Debug] Step 34 Reward: 0.2905
[VLM Debug] Step 16 Reward: 0.2883
[VLM Debug] Step 12 Reward: 0.2744
[VLM Debug] Step 20 Reward: 0.2837
[VLM Debug] Step 36 Reward: 0.2891
[VLM Debug] Step 18 Reward: 0.2847
[VLM Debug] Step 14 Reward: 0.2864
global_step=2812, episodic_return=10.268
[VLM Debug] Reset Reward Calculated: 0.2805
[VLM Debug] Step 22 Reward: 0.2822
[VLM Debug] Step 20 Reward: 0.2869
[VLM Debug] Step 16 Reward: 0.2847
[VLM Debug] Step 2 Reward: 0.2825
[VLM Debug] Step 24 Reward: 0.2849
[VLM Debug] Step 22 Reward: 0.2881
[VLM Debug] Step 18 Reward: 0.2893
[VLM Debug] Step 4 Reward: 0.2842
[VLM Debug] Step 26 Reward: 0.2800
[VLM Debug] Step 24 Reward: 0.2827
[VLM Debug] Step 20 Reward: 0.2859
[VLM Debug] Step 6 Reward: 0.2825
[VLM Debug] Step 28 Reward: 0.2852
global_step=2840, episodic_return=5.910
[VLM Debug] Step 26 Reward: 0.2795
[VLM Debug] Reset Reward Calculated: 0.2795
[VLM Debug] Step 8 Reward: 0.2891
[VLM Debug] Step 30 Reward: 0.2849
[VLM Debug] Step 28 Reward: 0.2864
[VLM Debug] Step 2 Reward: 0.2817
[VLM Debug] Step 10 Reward: 0.2903
[VLM Debug] Step 32 Reward: 0.2896
[VLM Debug] Step 30 Reward: 0.2905
[VLM Debug] Step 4 Reward: 0.2793
[VLM Debug] Step 12 Reward: 0.2888
[VLM Debug] Step 34 Reward: 0.2839
[VLM Debug] Step 32 Reward: 0.2935
[VLM Debug] Step 6 Reward: 0.2786
global_step=2868, episodic_return=9.111
[VLM Debug] Step 14 Reward: 0.2886
[VLM Debug] Reset Reward Calculated: 0.2888
[VLM Debug] Step 36 Reward: 0.2893
[VLM Debug] Step 8 Reward: 0.2827
[VLM Debug] Step 16 Reward: 0.2832
[VLM Debug] Step 2 Reward: 0.2888
[VLM Debug] Step 38 Reward: 0.2883
[VLM Debug] Step 10 Reward: 0.2837
global_step=2884, episodic_return=11.103
[VLM Debug] Step 18 Reward: 0.2798
[VLM Debug] Step 4 Reward: 0.2837
[VLM Debug] Reset Reward Calculated: 0.2854
[VLM Debug] Step 12 Reward: 0.2888
[VLM Debug] Step 20 Reward: 0.2751
[VLM Debug] Step 6 Reward: 0.2837
[VLM Debug] Step 2 Reward: 0.2864
[VLM Debug] Step 14 Reward: 0.2878
[VLM Debug] Step 22 Reward: 0.2891
[VLM Debug] Step 8 Reward: 0.2837
[VLM Debug] Step 4 Reward: 0.2832
[VLM Debug] Step 16 Reward: 0.2825
global_step=2908, episodic_return=4.527
[VLM Debug] Step 24 Reward: 0.2874
[VLM Debug] Step 10 Reward: 0.2837
[VLM Debug] Reset Reward Calculated: 0.2686
[VLM Debug] Step 6 Reward: 0.2832
[VLM Debug] Step 26 Reward: 0.2925
[VLM Debug] Step 12 Reward: 0.2864
[VLM Debug] Step 2 Reward: 0.2732
[VLM Debug] Step 8 Reward: 0.2761
[VLM Debug] Step 28 Reward: 0.2881
[VLM Debug] Step 14 Reward: 0.2888
[VLM Debug] Step 4 Reward: 0.2830
[VLM Debug] Step 10 Reward: 0.2847
[VLM Debug] Step 30 Reward: 0.2883
[VLM Debug] Step 16 Reward: 0.2795
[VLM Debug] Step 6 Reward: 0.2849
[VLM Debug] Step 12 Reward: 0.2849
[VLM Debug] Step 32 Reward: 0.2961
[VLM Debug] Step 18 Reward: 0.2810
[VLM Debug] Step 8 Reward: 0.2891
[VLM Debug] Step 14 Reward: 0.2842
global_step=2948, episodic_return=9.451
global_step=2948, episodic_return=2.529
[VLM Debug] Reset Reward Calculated: 0.2825
[VLM Debug] Step 20 Reward: 0.2837
[VLM Debug] Reset Reward Calculated: 0.2820
[VLM Debug] Step 16 Reward: 0.2876
[VLM Debug] Step 2 Reward: 0.2847
[VLM Debug] Step 22 Reward: 0.2812
[VLM Debug] Step 2 Reward: 0.2856
[VLM Debug] Step 18 Reward: 0.2920
[VLM Debug] Step 4 Reward: 0.2839
[VLM Debug] Step 24 Reward: 0.2827
[VLM Debug] Step 4 Reward: 0.2822
[VLM Debug] Step 20 Reward: 0.2925
[VLM Debug] Step 6 Reward: 0.2842
[VLM Debug] Step 26 Reward: 0.2825
[VLM Debug] Step 6 Reward: 0.2849
[VLM Debug] Step 22 Reward: 0.2905
[VLM Debug] Step 8 Reward: 0.2778
[VLM Debug] Step 28 Reward: 0.2937
[VLM Debug] Step 8 Reward: 0.2861
[VLM Debug] Step 24 Reward: 0.2896
[VLM Debug] Step 10 Reward: 0.2778
[VLM Debug] Step 30 Reward: 0.2917
[VLM Debug] Step 10 Reward: 0.2917
[VLM Debug] Step 26 Reward: 0.2856
global_step=2992, episodic_return=7.441
[VLM Debug] Reset Reward Calculated: 0.2800
[VLM Debug] Step 12 Reward: 0.2817
[VLM Debug] Step 32 Reward: 0.2839
[VLM Debug] Step 12 Reward: 0.2832
[VLM Debug] Step 2 Reward: 0.2800
global_step=3004, episodic_return=9.406
[VLM Debug] Step 14 Reward: 0.2842
[VLM Debug] Reset Reward Calculated: 0.2808
[VLM Debug] Step 14 Reward: 0.2842
global_step=3008, episodic_return=3.994
[VLM Debug] Reset Reward Calculated: 0.2751
[VLM Debug] Step 4 Reward: 0.2761
[VLM Debug] Step 16 Reward: 0.2874
[VLM Debug] Step 2 Reward: 0.2793
[VLM Debug] Step 2 Reward: 0.2646
[VLM Debug] Step 6 Reward: 0.2788
[VLM Debug] Step 18 Reward: 0.2930
[VLM Debug] Step 4 Reward: 0.2808
[VLM Debug] Step 4 Reward: 0.2773
[VLM Debug] Step 8 Reward: 0.2913
[VLM Debug] Step 20 Reward: 0.2849
[VLM Debug] Step 6 Reward: 0.2771
[VLM Debug] Step 6 Reward: 0.2798
[VLM Debug] Step 10 Reward: 0.2891
[VLM Debug] Step 22 Reward: 0.2834
[VLM Debug] Step 8 Reward: 0.2771
[VLM Debug] Step 8 Reward: 0.2832
[VLM Debug] Step 12 Reward: 0.2861
[VLM Debug] Step 24 Reward: 0.2847
[VLM Debug] Step 10 Reward: 0.2874
[VLM Debug] Step 10 Reward: 0.2844
[VLM Debug] Step 14 Reward: 0.2847
[VLM Debug] Step 26 Reward: 0.2886
[VLM Debug] Step 12 Reward: 0.2866
global_step=3056, episodic_return=3.054
global_step=3056, episodic_return=4.252
[VLM Debug] Reset Reward Calculated: 0.2751
[VLM Debug] Reset Reward Calculated: 0.2791
[VLM Debug] Step 28 Reward: 0.2874
[VLM Debug] Step 14 Reward: 0.2881
global_step=3064, episodic_return=7.962
[VLM Debug] Reset Reward Calculated: 0.2747
[VLM Debug] Step 2 Reward: 0.2808
[VLM Debug] Step 2 Reward: 0.2791
[VLM Debug] Step 16 Reward: 0.2830
SPS: 166
[VLM Debug] Step 2 Reward: 0.2761
[VLM Debug] Step 4 Reward: 0.2751
[VLM Debug] Step 4 Reward: 0.2827
[VLM Debug] Step 18 Reward: 0.2856
[VLM Debug] Step 4 Reward: 0.2761
[VLM Debug] Step 6 Reward: 0.2808
[VLM Debug] Step 6 Reward: 0.2881
[VLM Debug] Step 20 Reward: 0.2905
[VLM Debug] Step 6 Reward: 0.2773
[VLM Debug] Step 8 Reward: 0.2744
[VLM Debug] Step 8 Reward: 0.2854
[VLM Debug] Step 22 Reward: 0.2854
[VLM Debug] Step 8 Reward: 0.2886
[VLM Debug] Step 10 Reward: 0.2720
[VLM Debug] Step 10 Reward: 0.2808
[VLM Debug] Step 24 Reward: 0.2859
[VLM Debug] Step 10 Reward: 0.2915
[VLM Debug] Step 12 Reward: 0.2720
[VLM Debug] Step 12 Reward: 0.2866
[VLM Debug] Step 26 Reward: 0.2874
[VLM Debug] Step 12 Reward: 0.2913
[VLM Debug] Step 14 Reward: 0.2646
[VLM Debug] Step 14 Reward: 0.2859
[VLM Debug] Step 28 Reward: 0.2878
[VLM Debug] Step 14 Reward: 0.2915
[VLM Debug] Step 16 Reward: 0.2786
[VLM Debug] Step 16 Reward: 0.2910
[VLM Debug] Step 30 Reward: 0.2800
global_step=3128, episodic_return=4.260
global_step=3128, episodic_return=8.525
global_step=3128, episodic_return=4.838
[VLM Debug] Reset Reward Calculated: 0.2771
[VLM Debug] Reset Reward Calculated: 0.2844
[VLM Debug] Step 18 Reward: 0.2815
[VLM Debug] Reset Reward Calculated: 0.2676
[VLM Debug] Step 2 Reward: 0.2771
[VLM Debug] Step 2 Reward: 0.2849
[VLM Debug] Step 20 Reward: 0.2832
[VLM Debug] Step 2 Reward: 0.2676
[VLM Debug] Step 4 Reward: 0.2744
[VLM Debug] Step 4 Reward: 0.2871
[VLM Debug] Step 22 Reward: 0.2886
[VLM Debug] Step 4 Reward: 0.2744
[VLM Debug] Step 6 Reward: 0.2744
[VLM Debug] Step 6 Reward: 0.2883
[VLM Debug] Step 24 Reward: 0.2866
[VLM Debug] Step 6 Reward: 0.2864
[VLM Debug] Step 8 Reward: 0.2793
[VLM Debug] Step 8 Reward: 0.2891
[VLM Debug] Step 26 Reward: 0.2810
[VLM Debug] Step 8 Reward: 0.2773
global_step=3168, episodic_return=2.583
[VLM Debug] Step 10 Reward: 0.2793
[VLM Debug] Reset Reward Calculated: 0.2849
[VLM Debug] Step 28 Reward: 0.2883
[VLM Debug] Step 10 Reward: 0.2773
[VLM Debug] Step 12 Reward: 0.2795
[VLM Debug] Step 2 Reward: 0.2847
[VLM Debug] Step 30 Reward: 0.2871
[VLM Debug] Step 12 Reward: 0.2786
[VLM Debug] Step 14 Reward: 0.2795
[VLM Debug] Step 4 Reward: 0.2849
[VLM Debug] Step 32 Reward: 0.2827
[VLM Debug] Step 14 Reward: 0.2793
global_step=3192, episodic_return=9.230
[VLM Debug] Step 16 Reward: 0.2815
[VLM Debug] Step 6 Reward: 0.2856
[VLM Debug] Reset Reward Calculated: 0.2788
[VLM Debug] Step 16 Reward: 0.2852
[VLM Debug] Step 18 Reward: 0.2852
[VLM Debug] Step 8 Reward: 0.2842
[VLM Debug] Step 2 Reward: 0.2788
[VLM Debug] Step 18 Reward: 0.2803
[VLM Debug] Step 20 Reward: 0.2810
[VLM Debug] Step 10 Reward: 0.2869
[VLM Debug] Step 4 Reward: 0.2805
[VLM Debug] Step 20 Reward: 0.2815
[VLM Debug] Step 22 Reward: 0.2834
[VLM Debug] Step 12 Reward: 0.2861
[VLM Debug] Step 6 Reward: 0.2791
[VLM Debug] Step 22 Reward: 0.2803
global_step=3224, episodic_return=3.710
[VLM Debug] Step 24 Reward: 0.2837
[VLM Debug] Reset Reward Calculated: 0.2800
[VLM Debug] Step 8 Reward: 0.2812
[VLM Debug] Step 24 Reward: 0.2839
global_step=3232, episodic_return=6.994
[VLM Debug] Reset Reward Calculated: 0.2800
[VLM Debug] Step 2 Reward: 0.2800
[VLM Debug] Step 10 Reward: 0.2812
[VLM Debug] Step 26 Reward: 0.2854
[VLM Debug] Step 2 Reward: 0.2771
[VLM Debug] Step 4 Reward: 0.2810
[VLM Debug] Step 12 Reward: 0.2830
[VLM Debug] Step 28 Reward: 0.2874
[VLM Debug] Step 4 Reward: 0.2793
[VLM Debug] Step 6 Reward: 0.2817
[VLM Debug] Step 14 Reward: 0.2859
[VLM Debug] Step 30 Reward: 0.2852
[VLM Debug] Step 6 Reward: 0.2852
[VLM Debug] Step 8 Reward: 0.2876
[VLM Debug] Step 16 Reward: 0.2905
[VLM Debug] Step 32 Reward: 0.2839
[VLM Debug] Step 8 Reward: 0.2871
[VLM Debug] Step 10 Reward: 0.2913
[VLM Debug] Step 18 Reward: 0.2903
[VLM Debug] Step 34 Reward: 0.2886
global_step=3268, episodic_return=5.090
[VLM Debug] Reset Reward Calculated: 0.2864
[VLM Debug] Step 10 Reward: 0.2920
[VLM Debug] Step 12 Reward: 0.2903
[VLM Debug] Step 36 Reward: 0.2935
global_step=3276, episodic_return=3.414
global_step=3276, episodic_return=10.126
[VLM Debug] Reset Reward Calculated: 0.2791
[VLM Debug] Step 2 Reward: 0.2849
[VLM Debug] Reset Reward Calculated: 0.2825
[VLM Debug] Step 12 Reward: 0.2927
[VLM Debug] Step 2 Reward: 0.2864
[VLM Debug] Step 4 Reward: 0.2781
[VLM Debug] Step 2 Reward: 0.2847
[VLM Debug] Step 14 Reward: 0.2874
global_step=3292, episodic_return=3.994
[VLM Debug] Reset Reward Calculated: 0.2756
[VLM Debug] Step 4 Reward: 0.2842
[VLM Debug] Step 6 Reward: 0.2815
[VLM Debug] Step 4 Reward: 0.2859
[VLM Debug] Step 2 Reward: 0.2783
[VLM Debug] Step 6 Reward: 0.2847
[VLM Debug] Step 8 Reward: 0.2883
[VLM Debug] Step 6 Reward: 0.2842
[VLM Debug] Step 4 Reward: 0.2788
[VLM Debug] Step 8 Reward: 0.2905
[VLM Debug] Step 10 Reward: 0.2881
[VLM Debug] Step 8 Reward: 0.2896
[VLM Debug] Step 6 Reward: 0.2805
[VLM Debug] Step 10 Reward: 0.2847
[VLM Debug] Step 12 Reward: 0.2974
[VLM Debug] Step 10 Reward: 0.2905
global_step=3320, episodic_return=3.426
[VLM Debug] Reset Reward Calculated: 0.2856
global_step=3324, episodic_return=3.152
[VLM Debug] Step 8 Reward: 0.2781
[VLM Debug] Step 12 Reward: 0.2866
[VLM Debug] Reset Reward Calculated: 0.2847
[VLM Debug] Step 2 Reward: 0.2856
[VLM Debug] Step 10 Reward: 0.2849
[VLM Debug] Step 14 Reward: 0.2854
[VLM Debug] Step 2 Reward: 0.2817
[VLM Debug] Step 4 Reward: 0.2793
global_step=3340, episodic_return=4.284
[VLM Debug] Step 12 Reward: 0.2842
[VLM Debug] Reset Reward Calculated: 0.2769
[VLM Debug] Step 4 Reward: 0.2847
[VLM Debug] Step 6 Reward: 0.2791
[VLM Debug] Step 14 Reward: 0.2903
[VLM Debug] Step 2 Reward: 0.2769
[VLM Debug] Step 6 Reward: 0.2805
[VLM Debug] Step 8 Reward: 0.2778
[VLM Debug] Step 16 Reward: 0.2913
[VLM Debug] Step 4 Reward: 0.2766
[VLM Debug] Step 8 Reward: 0.2810
[VLM Debug] Step 10 Reward: 0.2888
[VLM Debug] Step 18 Reward: 0.2883
[VLM Debug] Step 6 Reward: 0.2788
[VLM Debug] Step 10 Reward: 0.2861
[VLM Debug] Step 12 Reward: 0.2925
global_step=3372, episodic_return=5.385
[VLM Debug] Reset Reward Calculated: 0.2761
[VLM Debug] Step 8 Reward: 0.2817
[VLM Debug] Step 12 Reward: 0.2915
[VLM Debug] Step 14 Reward: 0.2791
global_step=3380, episodic_return=3.971
[VLM Debug] Step 2 Reward: 0.2769
[VLM Debug] Step 10 Reward: 0.2795
[VLM Debug] Reset Reward Calculated: 0.2776
[VLM Debug] Step 14 Reward: 0.2896
global_step=3384, episodic_return=3.985
[VLM Debug] Reset Reward Calculated: 0.2847
[VLM Debug] Step 4 Reward: 0.2769
[VLM Debug] Step 12 Reward: 0.2917
[VLM Debug] Step 2 Reward: 0.2686
[VLM Debug] Step 2 Reward: 0.2864
global_step=3396, episodic_return=3.647
[VLM Debug] Step 6 Reward: 0.2852
[VLM Debug] Reset Reward Calculated: 0.2776
[VLM Debug] Step 4 Reward: 0.2659
[VLM Debug] Step 4 Reward: 0.2800
[VLM Debug] Step 8 Reward: 0.2900
[VLM Debug] Step 2 Reward: 0.2773
[VLM Debug] Step 6 Reward: 0.2786
[VLM Debug] Step 6 Reward: 0.2830
[VLM Debug] Step 10 Reward: 0.2878
[VLM Debug] Step 4 Reward: 0.2754
[VLM Debug] Step 8 Reward: 0.2854
[VLM Debug] Step 8 Reward: 0.2820
[VLM Debug] Step 12 Reward: 0.2925
[VLM Debug] Step 6 Reward: 0.2798
[VLM Debug] Step 10 Reward: 0.2849
[VLM Debug] Step 10 Reward: 0.2854
global_step=3428, episodic_return=3.044
[VLM Debug] Step 14 Reward: 0.2854
[VLM Debug] Step 8 Reward: 0.2832
[VLM Debug] Reset Reward Calculated: 0.2773
[VLM Debug] Step 12 Reward: 0.2864
[VLM Debug] Step 16 Reward: 0.2925
[VLM Debug] Step 10 Reward: 0.2903
[VLM Debug] Step 2 Reward: 0.2744
global_step=3440, episodic_return=4.558
[VLM Debug] Reset Reward Calculated: 0.2847
[VLM Debug] Step 14 Reward: 0.2888
[VLM Debug] Step 12 Reward: 0.2888
[VLM Debug] Step 4 Reward: 0.2791
[VLM Debug] Step 2 Reward: 0.2820
[VLM Debug] Step 16 Reward: 0.2942
global_step=3452, episodic_return=3.667
global_step=3452, episodic_return=4.563
[VLM Debug] Reset Reward Calculated: 0.2776
[VLM Debug] Step 6 Reward: 0.2788
[VLM Debug] Reset Reward Calculated: 0.2761
[VLM Debug] Step 4 Reward: 0.2837
[VLM Debug] Step 2 Reward: 0.2776
[VLM Debug] Step 8 Reward: 0.2832
[VLM Debug] Step 2 Reward: 0.2739
[VLM Debug] Step 6 Reward: 0.2825
[VLM Debug] Step 4 Reward: 0.2771
[VLM Debug] Step 10 Reward: 0.2842
[VLM Debug] Step 4 Reward: 0.2788
[VLM Debug] Step 8 Reward: 0.2878
[VLM Debug] Step 6 Reward: 0.2771
[VLM Debug] Step 12 Reward: 0.2871
[VLM Debug] Step 6 Reward: 0.2754
[VLM Debug] Step 10 Reward: 0.2866
[VLM Debug] Step 8 Reward: 0.2793
[VLM Debug] Step 14 Reward: 0.2876
[VLM Debug] Step 8 Reward: 0.2852
global_step=3488, episodic_return=3.938
[VLM Debug] Step 12 Reward: 0.2810
[VLM Debug] Reset Reward Calculated: 0.2646
[VLM Debug] Step 10 Reward: 0.2822
[VLM Debug] Step 10 Reward: 0.2844
[VLM Debug] Step 14 Reward: 0.2808
[VLM Debug] Step 2 Reward: 0.2646
[VLM Debug] Step 12 Reward: 0.2876
[VLM Debug] Step 12 Reward: 0.2917
[VLM Debug] Step 16 Reward: 0.2917
[VLM Debug] Step 4 Reward: 0.2773
[VLM Debug] Step 14 Reward: 0.2847
[VLM Debug] Step 14 Reward: 0.2871
global_step=3512, episodic_return=4.837
[VLM Debug] Reset Reward Calculated: 0.2771
[VLM Debug] Step 6 Reward: 0.2886
global_step=3516, episodic_return=4.229
[VLM Debug] Step 16 Reward: 0.2891
[VLM Debug] Reset Reward Calculated: 0.2805
[VLM Debug] Step 2 Reward: 0.2771
[VLM Debug] Step 8 Reward: 0.2913
global_step=3524, episodic_return=4.787
[VLM Debug] Reset Reward Calculated: 0.2783
[VLM Debug] Step 2 Reward: 0.2820
[VLM Debug] Step 4 Reward: 0.2771
[VLM Debug] Step 10 Reward: 0.2932
[VLM Debug] Step 2 Reward: 0.2800
[VLM Debug] Step 4 Reward: 0.2839
[VLM Debug] Step 6 Reward: 0.2805
[VLM Debug] Step 12 Reward: 0.2886
global_step=3540, episodic_return=3.383
[VLM Debug] Step 4 Reward: 0.2791
[VLM Debug] Reset Reward Calculated: 0.2791
[VLM Debug] Step 6 Reward: 0.2825
[VLM Debug] Step 8 Reward: 0.2847
[VLM Debug] Step 6 Reward: 0.2791
[VLM Debug] Step 2 Reward: 0.2791
[VLM Debug] Step 8 Reward: 0.2825
[VLM Debug] Step 10 Reward: 0.2932
[VLM Debug] Step 8 Reward: 0.2791
[VLM Debug] Step 4 Reward: 0.2795
[VLM Debug] Step 10 Reward: 0.2791
global_step=3560, episodic_return=3.102
[VLM Debug] Reset Reward Calculated: 0.2864
[VLM Debug] Step 10 Reward: 0.2812
[VLM Debug] Step 6 Reward: 0.2795
[VLM Debug] Step 12 Reward: 0.2800
[VLM Debug] Step 2 Reward: 0.2822
[VLM Debug] Step 12 Reward: 0.2793
[VLM Debug] Step 8 Reward: 0.2852
[VLM Debug] Step 14 Reward: 0.2800
[VLM Debug] Step 4 Reward: 0.2830
[VLM Debug] Step 14 Reward: 0.2800
[VLM Debug] Step 10 Reward: 0.2849
[VLM Debug] Step 16 Reward: 0.2822
SPS: 167
[VLM Debug] Step 6 Reward: 0.2800
[VLM Debug] Step 16 Reward: 0.2783
[VLM Debug] Step 12 Reward: 0.2859
[VLM Debug] Step 18 Reward: 0.2869
[VLM Debug] Step 8 Reward: 0.2791
[VLM Debug] Step 18 Reward: 0.2859
[VLM Debug] Step 14 Reward: 0.2891
[VLM Debug] Step 20 Reward: 0.2800
[VLM Debug] Step 10 Reward: 0.2852
global_step=3604, episodic_return=4.245
[VLM Debug] Step 20 Reward: 0.2922
[VLM Debug] Reset Reward Calculated: 0.2817
[VLM Debug] Step 22 Reward: 0.2852
[VLM Debug] Step 12 Reward: 0.2817
[VLM Debug] Step 22 Reward: 0.2876
[VLM Debug] Step 2 Reward: 0.2800
[VLM Debug] Step 24 Reward: 0.2852
[VLM Debug] Step 14 Reward: 0.2905
[VLM Debug] Step 24 Reward: 0.2922
[VLM Debug] Step 4 Reward: 0.2805
[VLM Debug] Step 26 Reward: 0.2852
[VLM Debug] Step 16 Reward: 0.2917
[VLM Debug] Step 26 Reward: 0.2922
[VLM Debug] Step 6 Reward: 0.2798
[VLM Debug] Step 28 Reward: 0.2852
[VLM Debug] Step 18 Reward: 0.2893
[VLM Debug] Step 28 Reward: 0.2915
[VLM Debug] Step 8 Reward: 0.2830
[VLM Debug] Step 30 Reward: 0.2830
[VLM Debug] Step 20 Reward: 0.2917
global_step=3644, episodic_return=5.704
[VLM Debug] Reset Reward Calculated: 0.2773
[VLM Debug] Step 30 Reward: 0.2876
[VLM Debug] Step 10 Reward: 0.2827
[VLM Debug] Step 32 Reward: 0.2803
[VLM Debug] Step 2 Reward: 0.2749
[VLM Debug] Step 32 Reward: 0.2864
[VLM Debug] Step 12 Reward: 0.2852
[VLM Debug] Step 34 Reward: 0.2874
[VLM Debug] Step 4 Reward: 0.2798
[VLM Debug] Step 34 Reward: 0.2908
[VLM Debug] Step 14 Reward: 0.2834
[VLM Debug] Step 36 Reward: 0.2866
global_step=3664, episodic_return=9.673
[VLM Debug] Reset Reward Calculated: 0.2837
[VLM Debug] Step 6 Reward: 0.2837
[VLM Debug] Step 16 Reward: 0.2903
[VLM Debug] Step 38 Reward: 0.2876
[VLM Debug] Step 2 Reward: 0.2856
global_step=3676, episodic_return=4.812
[VLM Debug] Step 8 Reward: 0.2815
[VLM Debug] Reset Reward Calculated: 0.2805
[VLM Debug] Step 40 Reward: 0.2874
[VLM Debug] Step 4 Reward: 0.2817
[VLM Debug] Step 10 Reward: 0.2815
[VLM Debug] Step 2 Reward: 0.2805
[VLM Debug] Step 42 Reward: 0.2876
[VLM Debug] Step 6 Reward: 0.2793
[VLM Debug] Step 12 Reward: 0.2827
[VLM Debug] Step 4 Reward: 0.2825
[VLM Debug] Step 44 Reward: 0.2839
[VLM Debug] Step 8 Reward: 0.2773
[VLM Debug] Step 14 Reward: 0.2815
[VLM Debug] Step 6 Reward: 0.2849
[VLM Debug] Step 46 Reward: 0.2795
[VLM Debug] Step 10 Reward: 0.2783
[VLM Debug] Step 16 Reward: 0.2815
[VLM Debug] Step 8 Reward: 0.2852
[VLM Debug] Step 48 Reward: 0.2710
[VLM Debug] Step 12 Reward: 0.2866
[VLM Debug] Step 18 Reward: 0.2830
[VLM Debug] Step 10 Reward: 0.2900
[VLM Debug] Step 50 Reward: 0.2852
[VLM Debug] Step 14 Reward: 0.2869
global_step=3724, episodic_return=3.127
[VLM Debug] Step 20 Reward: 0.2822
[VLM Debug] Reset Reward Calculated: 0.2759
[VLM Debug] Step 52 Reward: 0.2935
[VLM Debug] Step 16 Reward: 0.2910
[VLM Debug] Step 22 Reward: 0.2869
[VLM Debug] Step 2 Reward: 0.2759
[VLM Debug] Step 54 Reward: 0.2866
[VLM Debug] Step 18 Reward: 0.2915
global_step=3740, episodic_return=15.599
[VLM Debug] Step 24 Reward: 0.2852
[VLM Debug] Step 4 Reward: 0.2837
[VLM Debug] Reset Reward Calculated: 0.2822
global_step=3744, episodic_return=5.400
[VLM Debug] Reset Reward Calculated: 0.2798
[VLM Debug] Step 26 Reward: 0.2861
[VLM Debug] Step 6 Reward: 0.2832
[VLM Debug] Step 2 Reward: 0.2822
[VLM Debug] Step 2 Reward: 0.2771
[VLM Debug] Step 28 Reward: 0.2903
[VLM Debug] Step 8 Reward: 0.2834
[VLM Debug] Step 4 Reward: 0.2812
[VLM Debug] Step 4 Reward: 0.2776
global_step=3764, episodic_return=8.199
[VLM Debug] Reset Reward Calculated: 0.2820
[VLM Debug] Step 10 Reward: 0.2854
[VLM Debug] Step 6 Reward: 0.2859
[VLM Debug] Step 6 Reward: 0.2827
[VLM Debug] Step 2 Reward: 0.2820
[VLM Debug] Step 12 Reward: 0.2903
[VLM Debug] Step 8 Reward: 0.2896
[VLM Debug] Step 8 Reward: 0.2908
[VLM Debug] Step 4 Reward: 0.2805
[VLM Debug] Step 14 Reward: 0.2869
[VLM Debug] Step 10 Reward: 0.2905
[VLM Debug] Step 10 Reward: 0.2910
[VLM Debug] Step 6 Reward: 0.2820
[VLM Debug] Step 16 Reward: 0.2861
[VLM Debug] Step 12 Reward: 0.2913
global_step=3792, episodic_return=3.118
[VLM Debug] Reset Reward Calculated: 0.2817
global_step=3796, episodic_return=4.826
[VLM Debug] Step 8 Reward: 0.2803
[VLM Debug] Reset Reward Calculated: 0.2795
[VLM Debug] Step 14 Reward: 0.2905
global_step=3800, episodic_return=4.014
[VLM Debug] Step 2 Reward: 0.2847
[VLM Debug] Reset Reward Calculated: 0.2788
[VLM Debug] Step 10 Reward: 0.2803
[VLM Debug] Step 2 Reward: 0.2800
[VLM Debug] Step 4 Reward: 0.2800
[VLM Debug] Step 2 Reward: 0.2852
[VLM Debug] Step 12 Reward: 0.2839
[VLM Debug] Step 4 Reward: 0.2793
[VLM Debug] Step 6 Reward: 0.2776
[VLM Debug] Step 4 Reward: 0.2761
[VLM Debug] Step 14 Reward: 0.2817
[VLM Debug] Step 6 Reward: 0.2837
[VLM Debug] Step 8 Reward: 0.2793
[VLM Debug] Step 6 Reward: 0.2761
[VLM Debug] Step 16 Reward: 0.2830
[VLM Debug] Step 8 Reward: 0.2839
[VLM Debug] Step 10 Reward: 0.2810
[VLM Debug] Step 8 Reward: 0.2749
[VLM Debug] Step 18 Reward: 0.2852
[VLM Debug] Step 10 Reward: 0.2891
[VLM Debug] Step 12 Reward: 0.2810
[VLM Debug] Step 10 Reward: 0.2754
[VLM Debug] Step 20 Reward: 0.2876
[VLM Debug] Step 12 Reward: 0.2876
[VLM Debug] Step 14 Reward: 0.2817
[VLM Debug] Step 12 Reward: 0.2793
[VLM Debug] Step 22 Reward: 0.2812
[VLM Debug] Step 14 Reward: 0.2837
[VLM Debug] Step 16 Reward: 0.2861
[VLM Debug] Step 14 Reward: 0.2793
[VLM Debug] Step 24 Reward: 0.2844
[VLM Debug] Step 16 Reward: 0.2827
[VLM Debug] Step 18 Reward: 0.2932
[VLM Debug] Step 16 Reward: 0.2773
[VLM Debug] Step 26 Reward: 0.2869
[VLM Debug] Step 18 Reward: 0.2834
[VLM Debug] Step 20 Reward: 0.2920
[VLM Debug] Step 18 Reward: 0.2783
[VLM Debug] Step 28 Reward: 0.2876
[VLM Debug] Step 20 Reward: 0.2793
[VLM Debug] Step 22 Reward: 0.2878
[VLM Debug] Step 20 Reward: 0.2800
[VLM Debug] Step 30 Reward: 0.2915
[VLM Debug] Step 22 Reward: 0.2756
[VLM Debug] Step 24 Reward: 0.2903
[VLM Debug] Step 22 Reward: 0.2759
[VLM Debug] Step 32 Reward: 0.2939
[VLM Debug] Step 24 Reward: 0.2834
[VLM Debug] Step 26 Reward: 0.2952
[VLM Debug] Step 24 Reward: 0.2803
global_step=3900, episodic_return=9.386
global_step=3900, episodic_return=7.406
[VLM Debug] Reset Reward Calculated: 0.2842
[VLM Debug] Reset Reward Calculated: 0.2798
[VLM Debug] Step 26 Reward: 0.2896
[VLM Debug] Step 26 Reward: 0.2800
[VLM Debug] Step 2 Reward: 0.2810
[VLM Debug] Step 2 Reward: 0.2786
[VLM Debug] Step 28 Reward: 0.2937
global_step=3912, episodic_return=7.936
[VLM Debug] Reset Reward Calculated: 0.2815
[VLM Debug] Step 28 Reward: 0.2820
[VLM Debug] Step 4 Reward: 0.2844
[VLM Debug] Step 4 Reward: 0.2776
[VLM Debug] Step 2 Reward: 0.2795
[VLM Debug] Step 30 Reward: 0.2837
[VLM Debug] Step 6 Reward: 0.2844
[VLM Debug] Step 6 Reward: 0.2800
[VLM Debug] Step 4 Reward: 0.2852
[VLM Debug] Step 32 Reward: 0.2886
[VLM Debug] Step 8 Reward: 0.2761
[VLM Debug] Step 8 Reward: 0.2776
[VLM Debug] Step 6 Reward: 0.2852
[VLM Debug] Step 34 Reward: 0.2917
[VLM Debug] Step 10 Reward: 0.2822
[VLM Debug] Step 10 Reward: 0.2793
global_step=3944, episodic_return=9.807
[VLM Debug] Step 8 Reward: 0.2798
[VLM Debug] Reset Reward Calculated: 0.2849
[VLM Debug] Step 12 Reward: 0.2886
[VLM Debug] Step 12 Reward: 0.2803
[VLM Debug] Step 10 Reward: 0.2798
[VLM Debug] Step 2 Reward: 0.2856
[VLM Debug] Step 14 Reward: 0.2881
[VLM Debug] Step 14 Reward: 0.2817
[VLM Debug] Step 12 Reward: 0.2798
[VLM Debug] Step 4 Reward: 0.2842
[VLM Debug] Step 16 Reward: 0.2896
[VLM Debug] Step 16 Reward: 0.2881
[VLM Debug] Step 14 Reward: 0.2805
[VLM Debug] Step 6 Reward: 0.2869
global_step=3972, episodic_return=4.833
[VLM Debug] Reset Reward Calculated: 0.2810
[VLM Debug] Step 18 Reward: 0.2922
[VLM Debug] Step 16 Reward: 0.2827
[VLM Debug] Step 8 Reward: 0.2861
[VLM Debug] Step 2 Reward: 0.2810
[VLM Debug] Step 20 Reward: 0.2957
global_step=3984, episodic_return=5.646
global_step=3984, episodic_return=2.571
[VLM Debug] Reset Reward Calculated: 0.2791
[VLM Debug] Step 18 Reward: 0.2832
[VLM Debug] Reset Reward Calculated: 0.2793
[VLM Debug] Step 4 Reward: 0.2771
[VLM Debug] Step 2 Reward: 0.2791
[VLM Debug] Step 20 Reward: 0.2896
[VLM Debug] Step 2 Reward: 0.2771
[VLM Debug] Step 6 Reward: 0.2771
[VLM Debug] Step 4 Reward: 0.2805
[VLM Debug] Step 22 Reward: 0.2893
[VLM Debug] Step 4 Reward: 0.2771
[VLM Debug] Step 8 Reward: 0.2791
global_step=4008, episodic_return=6.510
[VLM Debug] Step 6 Reward: 0.2798
[VLM Debug] Reset Reward Calculated: 0.2791
[VLM Debug] Step 6 Reward: 0.2771
[VLM Debug] Step 10 Reward: 0.2844
[VLM Debug] Step 8 Reward: 0.2812
[VLM Debug] Step 2 Reward: 0.2834
[VLM Debug] Step 8 Reward: 0.2822
[VLM Debug] Step 12 Reward: 0.2834
[VLM Debug] Step 10 Reward: 0.2856
[VLM Debug] Step 4 Reward: 0.2849
[VLM Debug] Step 10 Reward: 0.2832
[VLM Debug] Step 14 Reward: 0.2844
[VLM Debug] Step 12 Reward: 0.2852
[VLM Debug] Step 6 Reward: 0.2834
[VLM Debug] Step 12 Reward: 0.2849
[VLM Debug] Step 16 Reward: 0.2817
[VLM Debug] Step 14 Reward: 0.2842
[VLM Debug] Step 8 Reward: 0.2888
[VLM Debug] Step 14 Reward: 0.2856
[VLM Debug] Step 18 Reward: 0.2874
[VLM Debug] Step 16 Reward: 0.2800
[VLM Debug] Step 10 Reward: 0.2930
[VLM Debug] Step 16 Reward: 0.2844
global_step=4052, episodic_return=2.853
[VLM Debug] Step 20 Reward: 0.2854
[VLM Debug] Reset Reward Calculated: 0.2781
[VLM Debug] Step 18 Reward: 0.2803
[VLM Debug] Step 18 Reward: 0.2812
[VLM Debug] Step 22 Reward: 0.2883
[VLM Debug] Step 2 Reward: 0.2783
[VLM Debug] Step 20 Reward: 0.2791
[VLM Debug] Step 20 Reward: 0.2798
[VLM Debug] Step 24 Reward: 0.2959
[VLM Debug] Step 4 Reward: 0.2778
[VLM Debug] Step 22 Reward: 0.2776
[VLM Debug] Step 22 Reward: 0.2812
[VLM Debug] Step 26 Reward: 0.2935
[VLM Debug] Step 6 Reward: 0.2778
[VLM Debug] Step 24 Reward: 0.2856
[VLM Debug] Step 24 Reward: 0.2800
[VLM Debug] Step 28 Reward: 0.2964
[VLM Debug] Step 8 Reward: 0.2844
[VLM Debug] Step 26 Reward: 0.2883
[VLM Debug] Step 26 Reward: 0.2766
[VLM Debug] Step 30 Reward: 0.2947
[VLM Debug] Step 10 Reward: 0.2761
SPS: 168
[VLM Debug] Step 28 Reward: 0.2891
[VLM Debug] Step 28 Reward: 0.2852
global_step=4100, episodic_return=8.861
[VLM Debug] Reset Reward Calculated: 0.2771
[VLM Debug] Step 12 Reward: 0.2844
[VLM Debug] Step 30 Reward: 0.2908
[VLM Debug] Step 30 Reward: 0.2849
[VLM Debug] Step 2 Reward: 0.2744
[VLM Debug] Step 14 Reward: 0.2896
[VLM Debug] Step 32 Reward: 0.2849
[VLM Debug] Step 32 Reward: 0.2903
[VLM Debug] Step 4 Reward: 0.2744
[VLM Debug] Step 16 Reward: 0.2874
global_step=4120, episodic_return=9.342
[VLM Debug] Reset Reward Calculated: 0.2788
[VLM Debug] Step 34 Reward: 0.2905
global_step=4124, episodic_return=4.790
[VLM Debug] Step 6 Reward: 0.2788
[VLM Debug] Reset Reward Calculated: 0.2817
[VLM Debug] Step 2 Reward: 0.2798
[VLM Debug] Step 36 Reward: 0.2930
global_step=4132, episodic_return=10.175
[VLM Debug] Step 8 Reward: 0.2781
[VLM Debug] Step 2 Reward: 0.2856
[VLM Debug] Reset Reward Calculated: 0.2808
[VLM Debug] Step 4 Reward: 0.2795
[VLM Debug] Step 10 Reward: 0.2778
[VLM Debug] Step 4 Reward: 0.2832
[VLM Debug] Step 2 Reward: 0.2888
[VLM Debug] Step 6 Reward: 0.2795
[VLM Debug] Step 12 Reward: 0.2896
[VLM Debug] Step 6 Reward: 0.2849
[VLM Debug] Step 4 Reward: 0.2808
[VLM Debug] Step 8 Reward: 0.2812
[VLM Debug] Step 14 Reward: 0.2922
[VLM Debug] Step 8 Reward: 0.2861
[VLM Debug] Step 6 Reward: 0.2744
[VLM Debug] Step 10 Reward: 0.2852
[VLM Debug] Step 16 Reward: 0.2866
[VLM Debug] Step 10 Reward: 0.2869
[VLM Debug] Step 8 Reward: 0.2737
global_step=4168, episodic_return=4.494
[VLM Debug] Reset Reward Calculated: 0.2791
[VLM Debug] Step 12 Reward: 0.2849
[VLM Debug] Step 12 Reward: 0.2874
[VLM Debug] Step 10 Reward: 0.2747
[VLM Debug] Step 2 Reward: 0.2744
[VLM Debug] Step 14 Reward: 0.2830
[VLM Debug] Step 14 Reward: 0.2864
[VLM Debug] Step 12 Reward: 0.2686
[VLM Debug] Step 4 Reward: 0.2771
[VLM Debug] Step 16 Reward: 0.2905
[VLM Debug] Step 16 Reward: 0.2825
[VLM Debug] Step 14 Reward: 0.2771
[VLM Debug] Step 6 Reward: 0.2793
[VLM Debug] Step 18 Reward: 0.2898
[VLM Debug] Step 18 Reward: 0.2905
[VLM Debug] Step 16 Reward: 0.2842
[VLM Debug] Step 8 Reward: 0.2815
[VLM Debug] Step 20 Reward: 0.2917
[VLM Debug] Step 20 Reward: 0.2898
[VLM Debug] Step 18 Reward: 0.2798
global_step=4208, episodic_return=5.969
[VLM Debug] Step 10 Reward: 0.2883
[VLM Debug] Reset Reward Calculated: 0.2864
[VLM Debug] Step 22 Reward: 0.2888
[VLM Debug] Step 20 Reward: 0.2798
[VLM Debug] Step 12 Reward: 0.2893
[VLM Debug] Step 2 Reward: 0.2744
[VLM Debug] Step 24 Reward: 0.2915
[VLM Debug] Step 22 Reward: 0.2817
[VLM Debug] Step 14 Reward: 0.2869
[VLM Debug] Step 4 Reward: 0.2747
[VLM Debug] Step 26 Reward: 0.2891
[VLM Debug] Step 24 Reward: 0.2761
global_step=4232, episodic_return=7.458
[VLM Debug] Step 16 Reward: 0.2900
[VLM Debug] Step 6 Reward: 0.2646
[VLM Debug] Reset Reward Calculated: 0.2839
global_step=4236, episodic_return=4.523
[VLM Debug] Reset Reward Calculated: 0.2747
[VLM Debug] Step 26 Reward: 0.2754
[VLM Debug] Step 8 Reward: 0.2749
[VLM Debug] Step 2 Reward: 0.2793
[VLM Debug] Step 2 Reward: 0.2761
[VLM Debug] Step 28 Reward: 0.2844
[VLM Debug] Step 10 Reward: 0.2749
[VLM Debug] Step 4 Reward: 0.2778
[VLM Debug] Step 4 Reward: 0.2864
[VLM Debug] Step 30 Reward: 0.2773
[VLM Debug] Step 12 Reward: 0.2798
[VLM Debug] Step 6 Reward: 0.2822
[VLM Debug] Step 6 Reward: 0.2866
[VLM Debug] Step 32 Reward: 0.2798
[VLM Debug] Step 14 Reward: 0.2817
[VLM Debug] Step 8 Reward: 0.2822
[VLM Debug] Step 8 Reward: 0.2888
[VLM Debug] Step 34 Reward: 0.2837
[VLM Debug] Step 16 Reward: 0.2793
[VLM Debug] Step 10 Reward: 0.2859
[VLM Debug] Step 10 Reward: 0.2878
[VLM Debug] Step 36 Reward: 0.2886
[VLM Debug] Step 18 Reward: 0.2793
[VLM Debug] Step 12 Reward: 0.2861
[VLM Debug] Step 12 Reward: 0.2891
[VLM Debug] Step 38 Reward: 0.2893
[VLM Debug] Step 20 Reward: 0.2744
[VLM Debug] Step 14 Reward: 0.2869
[VLM Debug] Step 14 Reward: 0.2837
[VLM Debug] Step 40 Reward: 0.2888
global_step=4296, episodic_return=3.988
[VLM Debug] Reset Reward Calculated: 0.2791
[VLM Debug] Step 22 Reward: 0.2866
[VLM Debug] Step 16 Reward: 0.2832
[VLM Debug] Step 42 Reward: 0.2920
[VLM Debug] Step 2 Reward: 0.2793
[VLM Debug] Step 24 Reward: 0.2922
[VLM Debug] Step 18 Reward: 0.2832
[VLM Debug] Step 44 Reward: 0.2935
[VLM Debug] Step 4 Reward: 0.2805
[VLM Debug] Step 26 Reward: 0.2922
[VLM Debug] Step 20 Reward: 0.2842
[VLM Debug] Step 46 Reward: 0.2881
global_step=4320, episodic_return=7.545
[VLM Debug] Step 6 Reward: 0.2842
[VLM Debug] Reset Reward Calculated: 0.2847
[VLM Debug] Step 22 Reward: 0.2822
[VLM Debug] Step 48 Reward: 0.2893
global_step=4328, episodic_return=13.531
[VLM Debug] Step 8 Reward: 0.2886
[VLM Debug] Step 2 Reward: 0.2832
[VLM Debug] Step 24 Reward: 0.2778
[VLM Debug] Reset Reward Calculated: 0.2837
[VLM Debug] Step 10 Reward: 0.2886
[VLM Debug] Step 4 Reward: 0.2830
[VLM Debug] Step 26 Reward: 0.2832
[VLM Debug] Step 2 Reward: 0.2803
[VLM Debug] Step 12 Reward: 0.2827
[VLM Debug] Step 6 Reward: 0.2874
[VLM Debug] Step 28 Reward: 0.2878
[VLM Debug] Step 4 Reward: 0.2764
[VLM Debug] Step 14 Reward: 0.2876
[VLM Debug] Step 8 Reward: 0.2852
[VLM Debug] Step 30 Reward: 0.2834
[VLM Debug] Step 6 Reward: 0.2825
global_step=4356, episodic_return=3.974
[VLM Debug] Reset Reward Calculated: 0.2788
[VLM Debug] Step 10 Reward: 0.2900
[VLM Debug] Step 32 Reward: 0.2925
[VLM Debug] Step 8 Reward: 0.2844
[VLM Debug] Step 2 Reward: 0.2852
global_step=4368, episodic_return=3.142
global_step=4368, episodic_return=9.360
[VLM Debug] Reset Reward Calculated: 0.2815
[VLM Debug] Reset Reward Calculated: 0.2791
[VLM Debug] Step 10 Reward: 0.2869
[VLM Debug] Step 4 Reward: 0.2788
[VLM Debug] Step 2 Reward: 0.2815
[VLM Debug] Step 2 Reward: 0.2793
[VLM Debug] Step 12 Reward: 0.2913
[VLM Debug] Step 6 Reward: 0.2810
[VLM Debug] Step 4 Reward: 0.2852
[VLM Debug] Step 4 Reward: 0.2812
[VLM Debug] Step 14 Reward: 0.2927
[VLM Debug] Step 8 Reward: 0.2849
[VLM Debug] Step 6 Reward: 0.2810
[VLM Debug] Step 6 Reward: 0.2812
[VLM Debug] Step 16 Reward: 0.2874
global_step=4396, episodic_return=4.560
[VLM Debug] Step 10 Reward: 0.2905
[VLM Debug] Reset Reward Calculated: 0.2732
[VLM Debug] Step 8 Reward: 0.2837
[VLM Debug] Step 8 Reward: 0.2732
[VLM Debug] Step 12 Reward: 0.2874
[VLM Debug] Step 2 Reward: 0.2798
[VLM Debug] Step 10 Reward: 0.2905
[VLM Debug] Step 10 Reward: 0.2800
[VLM Debug] Step 14 Reward: 0.2791
[VLM Debug] Step 4 Reward: 0.2759
global_step=4416, episodic_return=3.973
[VLM Debug] Reset Reward Calculated: 0.2808
[VLM Debug] Step 12 Reward: 0.2878
[VLM Debug] Step 12 Reward: 0.2786
[VLM Debug] Step 6 Reward: 0.2778
[VLM Debug] Step 2 Reward: 0.2805
[VLM Debug] Step 14 Reward: 0.2908
[VLM Debug] Step 14 Reward: 0.2852
global_step=4428, episodic_return=3.992
[VLM Debug] Reset Reward Calculated: 0.2864
[VLM Debug] Step 8 Reward: 0.2825
[VLM Debug] Step 4 Reward: 0.2791
[VLM Debug] Step 16 Reward: 0.2871
[VLM Debug] Step 2 Reward: 0.2817
[VLM Debug] Step 10 Reward: 0.2859
[VLM Debug] Step 6 Reward: 0.2773
[VLM Debug] Step 18 Reward: 0.2910
[VLM Debug] Step 4 Reward: 0.2810
[VLM Debug] Step 12 Reward: 0.2891
[VLM Debug] Step 8 Reward: 0.2793
[VLM Debug] Step 20 Reward: 0.2915
global_step=4452, episodic_return=5.644
[VLM Debug] Step 6 Reward: 0.2878
[VLM Debug] Reset Reward Calculated: 0.2847
[VLM Debug] Step 14 Reward: 0.2898
[VLM Debug] Step 10 Reward: 0.2883
[VLM Debug] Step 8 Reward: 0.2903
[VLM Debug] Step 2 Reward: 0.2866
[VLM Debug] Step 16 Reward: 0.2910
[VLM Debug] Step 12 Reward: 0.2898
[VLM Debug] Step 10 Reward: 0.2903
[VLM Debug] Step 4 Reward: 0.2839
[VLM Debug] Step 18 Reward: 0.2883
global_step=4472, episodic_return=5.105
[VLM Debug] Step 14 Reward: 0.2839
[VLM Debug] Reset Reward Calculated: 0.2812
[VLM Debug] Step 12 Reward: 0.2883
[VLM Debug] Step 6 Reward: 0.2798
global_step=4480, episodic_return=4.237
[VLM Debug] Reset Reward Calculated: 0.2788
[VLM Debug] Step 2 Reward: 0.2791
[VLM Debug] Step 14 Reward: 0.2866
[VLM Debug] Step 8 Reward: 0.2825
[VLM Debug] Step 2 Reward: 0.2788
[VLM Debug] Step 4 Reward: 0.2795
[VLM Debug] Step 16 Reward: 0.2859
[VLM Debug] Step 10 Reward: 0.2808
global_step=4496, episodic_return=4.584
[VLM Debug] Step 4 Reward: 0.2849
[VLM Debug] Reset Reward Calculated: 0.2764
[VLM Debug] Step 6 Reward: 0.2788
[VLM Debug] Step 12 Reward: 0.2825
[VLM Debug] Step 6 Reward: 0.2842
[VLM Debug] Step 2 Reward: 0.2764
[VLM Debug] Step 8 Reward: 0.2830
[VLM Debug] Step 14 Reward: 0.2805
[VLM Debug] Step 8 Reward: 0.2852
[VLM Debug] Step 4 Reward: 0.2805
[VLM Debug] Step 10 Reward: 0.2832
[VLM Debug] Step 16 Reward: 0.2793
[VLM Debug] Step 10 Reward: 0.2825
[VLM Debug] Step 6 Reward: 0.2839
[VLM Debug] Step 12 Reward: 0.2844
[VLM Debug] Step 18 Reward: 0.2820
[VLM Debug] Step 12 Reward: 0.2876
[VLM Debug] Step 8 Reward: 0.2805
[VLM Debug] Step 14 Reward: 0.2849
[VLM Debug] Step 20 Reward: 0.2898
[VLM Debug] Step 14 Reward: 0.2866
[VLM Debug] Step 10 Reward: 0.2805
[VLM Debug] Step 16 Reward: 0.2854
[VLM Debug] Step 22 Reward: 0.2915
[VLM Debug] Step 16 Reward: 0.2896
[VLM Debug] Step 12 Reward: 0.2832
[VLM Debug] Step 18 Reward: 0.2847
global_step=4548, episodic_return=4.548
[VLM Debug] Reset Reward Calculated: 0.2832
[VLM Debug] Step 24 Reward: 0.2856
global_step=4552, episodic_return=6.809
[VLM Debug] Step 14 Reward: 0.2847
[VLM Debug] Reset Reward Calculated: 0.2732
[VLM Debug] Step 20 Reward: 0.2847
[VLM Debug] Step 2 Reward: 0.2791
[VLM Debug] Step 16 Reward: 0.2908
[VLM Debug] Step 2 Reward: 0.2732
[VLM Debug] Step 22 Reward: 0.2859
[VLM Debug] Step 4 Reward: 0.2812
[VLM Debug] Step 18 Reward: 0.2957
[VLM Debug] Step 4 Reward: 0.2800
[VLM Debug] Step 24 Reward: 0.2920
global_step=4572, episodic_return=5.093
[VLM Debug] Step 6 Reward: 0.2874
[VLM Debug] Reset Reward Calculated: 0.2810
global_step=4576, episodic_return=7.092
[VLM Debug] Step 6 Reward: 0.2793
[VLM Debug] Reset Reward Calculated: 0.2859
[VLM Debug] Step 8 Reward: 0.2820
[VLM Debug] Step 2 Reward: 0.2788
[VLM Debug] Step 8 Reward: 0.2676
[VLM Debug] Step 2 Reward: 0.2849
[VLM Debug] Step 10 Reward: 0.2878
[VLM Debug] Step 4 Reward: 0.2849
[VLM Debug] Step 10 Reward: 0.2795
[VLM Debug] Step 4 Reward: 0.2830
[VLM Debug] Step 12 Reward: 0.2874
[VLM Debug] Step 6 Reward: 0.2842
[VLM Debug] Step 12 Reward: 0.2847
[VLM Debug] Step 6 Reward: 0.2825
[VLM Debug] Step 14 Reward: 0.2883
[VLM Debug] Step 8 Reward: 0.2886
SPS: 169
[VLM Debug] Step 14 Reward: 0.2925
[VLM Debug] Step 8 Reward: 0.2891
[VLM Debug] Step 16 Reward: 0.2908
[VLM Debug] Step 10 Reward: 0.2893
global_step=4616, episodic_return=4.187
[VLM Debug] Reset Reward Calculated: 0.2810
[VLM Debug] Step 10 Reward: 0.2827
global_step=4620, episodic_return=4.851
[VLM Debug] Reset Reward Calculated: 0.2810
[VLM Debug] Step 12 Reward: 0.2939
[VLM Debug] Step 2 Reward: 0.2822
[VLM Debug] Step 12 Reward: 0.2839
[VLM Debug] Step 2 Reward: 0.2800
[VLM Debug] Step 14 Reward: 0.2852
[VLM Debug] Step 4 Reward: 0.2756
[VLM Debug] Step 14 Reward: 0.2859
[VLM Debug] Step 4 Reward: 0.2810
[VLM Debug] Step 16 Reward: 0.2957
global_step=4640, episodic_return=4.586
[VLM Debug] Reset Reward Calculated: 0.2849
[VLM Debug] Step 6 Reward: 0.2830
[VLM Debug] Step 16 Reward: 0.2979
[VLM Debug] Step 6 Reward: 0.2795
global_step=4648, episodic_return=4.865
[VLM Debug] Step 2 Reward: 0.2837
[VLM Debug] Step 8 Reward: 0.2888
[VLM Debug] Reset Reward Calculated: 0.2788
[VLM Debug] Step 8 Reward: 0.2773
[VLM Debug] Step 4 Reward: 0.2825
[VLM Debug] Step 10 Reward: 0.2910
[VLM Debug] Step 2 Reward: 0.2798
[VLM Debug] Step 10 Reward: 0.2805
[VLM Debug] Step 6 Reward: 0.2839
[VLM Debug] Step 12 Reward: 0.2922
[VLM Debug] Step 4 Reward: 0.2798
[VLM Debug] Step 12 Reward: 0.2815
[VLM Debug] Step 8 Reward: 0.2839
[VLM Debug] Step 14 Reward: 0.2883
[VLM Debug] Step 6 Reward: 0.2808
[VLM Debug] Step 14 Reward: 0.2881
[VLM Debug] Step 10 Reward: 0.2825
[VLM Debug] Step 16 Reward: 0.2896
[VLM Debug] Step 8 Reward: 0.2810
global_step=4684, episodic_return=4.217
global_step=4684, episodic_return=4.573
[VLM Debug] Reset Reward Calculated: 0.2781
[VLM Debug] Reset Reward Calculated: 0.2856
[VLM Debug] Step 12 Reward: 0.2825
[VLM Debug] Step 10 Reward: 0.2822
[VLM Debug] Step 2 Reward: 0.2783
[VLM Debug] Step 2 Reward: 0.2778
[VLM Debug] Step 14 Reward: 0.2825
[VLM Debug] Step 12 Reward: 0.2874
[VLM Debug] Step 4 Reward: 0.2805
[VLM Debug] Step 4 Reward: 0.2856
[VLM Debug] Step 16 Reward: 0.2805
[VLM Debug] Step 14 Reward: 0.2874
[VLM Debug] Step 6 Reward: 0.2778
[VLM Debug] Step 6 Reward: 0.2859
[VLM Debug] Step 18 Reward: 0.2805
[VLM Debug] Step 16 Reward: 0.2832
[VLM Debug] Step 8 Reward: 0.2842
[VLM Debug] Step 8 Reward: 0.2834
[VLM Debug] Step 20 Reward: 0.2834
[VLM Debug] Step 18 Reward: 0.2876
global_step=4724, episodic_return=5.089
[VLM Debug] Step 10 Reward: 0.2756
[VLM Debug] Step 10 Reward: 0.2881
[VLM Debug] Reset Reward Calculated: 0.2788
[VLM Debug] Step 22 Reward: 0.2881
[VLM Debug] Step 12 Reward: 0.2903
[VLM Debug] Step 12 Reward: 0.2881
[VLM Debug] Step 2 Reward: 0.2739
[VLM Debug] Step 24 Reward: 0.2795
[VLM Debug] Step 14 Reward: 0.2869
[VLM Debug] Step 14 Reward: 0.2861
[VLM Debug] Step 4 Reward: 0.2781
[VLM Debug] Step 26 Reward: 0.2910
[VLM Debug] Step 16 Reward: 0.2893
[VLM Debug] Step 16 Reward: 0.2876
[VLM Debug] Step 6 Reward: 0.2778
global_step=4752, episodic_return=4.515
[VLM Debug] Reset Reward Calculated: 0.2793
[VLM Debug] Step 28 Reward: 0.2844
[VLM Debug] Step 18 Reward: 0.2866
[VLM Debug] Step 8 Reward: 0.2791
[VLM Debug] Step 2 Reward: 0.2776
[VLM Debug] Step 30 Reward: 0.2937
[VLM Debug] Step 20 Reward: 0.2834
[VLM Debug] Step 10 Reward: 0.2788
global_step=4768, episodic_return=8.810
[VLM Debug] Step 4 Reward: 0.2773
[VLM Debug] Reset Reward Calculated: 0.2805
[VLM Debug] Step 22 Reward: 0.2822
[VLM Debug] Step 12 Reward: 0.2766
[VLM Debug] Step 6 Reward: 0.2839
[VLM Debug] Step 2 Reward: 0.2793
global_step=4780, episodic_return=6.556
[VLM Debug] Reset Reward Calculated: 0.2825
[VLM Debug] Step 14 Reward: 0.2896
[VLM Debug] Step 8 Reward: 0.2837
[VLM Debug] Step 4 Reward: 0.2791
[VLM Debug] Step 2 Reward: 0.2847
[VLM Debug] Step 16 Reward: 0.2834
[VLM Debug] Step 10 Reward: 0.2825
[VLM Debug] Step 6 Reward: 0.2793
[VLM Debug] Step 4 Reward: 0.2847
[VLM Debug] Step 18 Reward: 0.2822
[VLM Debug] Step 12 Reward: 0.2839
[VLM Debug] Step 8 Reward: 0.2793
[VLM Debug] Step 6 Reward: 0.2876
[VLM Debug] Step 20 Reward: 0.2820
[VLM Debug] Step 14 Reward: 0.2891
[VLM Debug] Step 10 Reward: 0.2793
[VLM Debug] Step 8 Reward: 0.2881
[VLM Debug] Step 22 Reward: 0.2891
global_step=4816, episodic_return=6.171
[VLM Debug] Step 16 Reward: 0.2893
[VLM Debug] Step 12 Reward: 0.2817
[VLM Debug] Reset Reward Calculated: 0.2781
[VLM Debug] Step 10 Reward: 0.2856
[VLM Debug] Step 18 Reward: 0.2896
[VLM Debug] Step 14 Reward: 0.2815
[VLM Debug] Step 2 Reward: 0.2810
[VLM Debug] Step 12 Reward: 0.2922
[VLM Debug] Step 20 Reward: 0.2900
[VLM Debug] Step 16 Reward: 0.2815
[VLM Debug] Step 4 Reward: 0.2810
[VLM Debug] Step 14 Reward: 0.2874
global_step=4840, episodic_return=4.016
[VLM Debug] Step 22 Reward: 0.2930
[VLM Debug] Step 18 Reward: 0.2786
[VLM Debug] Reset Reward Calculated: 0.2791
[VLM Debug] Step 6 Reward: 0.2842
[VLM Debug] Step 24 Reward: 0.2869
[VLM Debug] Step 20 Reward: 0.2786
[VLM Debug] Step 2 Reward: 0.2805
[VLM Debug] Step 8 Reward: 0.2810
[VLM Debug] Step 26 Reward: 0.2878
[VLM Debug] Step 22 Reward: 0.2791
[VLM Debug] Step 4 Reward: 0.2847
[VLM Debug] Step 10 Reward: 0.2810
[VLM Debug] Step 28 Reward: 0.2798
[VLM Debug] Step 24 Reward: 0.2783
[VLM Debug] Step 6 Reward: 0.2883
[VLM Debug] Step 12 Reward: 0.2773
[VLM Debug] Step 30 Reward: 0.2817
[VLM Debug] Step 26 Reward: 0.2788
[VLM Debug] Step 8 Reward: 0.2878
[VLM Debug] Step 14 Reward: 0.2773
[VLM Debug] Step 32 Reward: 0.2798
[VLM Debug] Step 28 Reward: 0.2781
[VLM Debug] Step 10 Reward: 0.2830
[VLM Debug] Step 16 Reward: 0.2820
[VLM Debug] Step 34 Reward: 0.2878
[VLM Debug] Step 30 Reward: 0.2842
[VLM Debug] Step 12 Reward: 0.2925
[VLM Debug] Step 18 Reward: 0.2852
[VLM Debug] Step 36 Reward: 0.2891
[VLM Debug] Step 32 Reward: 0.2876
[VLM Debug] Step 14 Reward: 0.2925
[VLM Debug] Step 20 Reward: 0.2854
[VLM Debug] Step 38 Reward: 0.2876
[VLM Debug] Step 34 Reward: 0.2891
[VLM Debug] Step 16 Reward: 0.2883
[VLM Debug] Step 22 Reward: 0.2832
global_step=4908, episodic_return=4.586
[VLM Debug] Reset Reward Calculated: 0.2754
global_step=4912, episodic_return=9.827
[VLM Debug] Step 40 Reward: 0.2827
[VLM Debug] Reset Reward Calculated: 0.2837
[VLM Debug] Step 24 Reward: 0.2817
[VLM Debug] Step 2 Reward: 0.2761
[VLM Debug] Step 42 Reward: 0.2842
[VLM Debug] Step 2 Reward: 0.2856
[VLM Debug] Step 26 Reward: 0.2817
[VLM Debug] Step 4 Reward: 0.2754
[VLM Debug] Step 44 Reward: 0.2876
[VLM Debug] Step 4 Reward: 0.2822
[VLM Debug] Step 28 Reward: 0.2893
[VLM Debug] Step 6 Reward: 0.2744
[VLM Debug] Step 46 Reward: 0.2871
[VLM Debug] Step 6 Reward: 0.2822
[VLM Debug] Step 30 Reward: 0.2842
[VLM Debug] Step 8 Reward: 0.2791
[VLM Debug] Step 48 Reward: 0.2947
[VLM Debug] Step 8 Reward: 0.2788
[VLM Debug] Step 32 Reward: 0.2913
[VLM Debug] Step 10 Reward: 0.2744
[VLM Debug] Step 50 Reward: 0.2891
[VLM Debug] Step 10 Reward: 0.2776
[VLM Debug] Step 34 Reward: 0.2876
[VLM Debug] Step 12 Reward: 0.2771
[VLM Debug] Step 52 Reward: 0.2981
[VLM Debug] Step 12 Reward: 0.2881
[VLM Debug] Step 36 Reward: 0.2896
[VLM Debug] Step 14 Reward: 0.2786
[VLM Debug] Step 54 Reward: 0.2915
[VLM Debug] Step 14 Reward: 0.2881
[VLM Debug] Step 38 Reward: 0.2844
global_step=4972, episodic_return=15.458
[VLM Debug] Reset Reward Calculated: 0.2759
[VLM Debug] Step 16 Reward: 0.2888
global_step=4976, episodic_return=4.249
[VLM Debug] Reset Reward Calculated: 0.2827
[VLM Debug] Step 40 Reward: 0.2852
[VLM Debug] Step 2 Reward: 0.2800
[VLM Debug] Step 18 Reward: 0.2830
[VLM Debug] Step 2 Reward: 0.2815
[VLM Debug] Step 42 Reward: 0.2898
global_step=4988, episodic_return=5.289
[VLM Debug] Step 4 Reward: 0.2800
[VLM Debug] Reset Reward Calculated: 0.2791
[VLM Debug] Step 4 Reward: 0.2827
[VLM Debug] Step 44 Reward: 0.2861
[VLM Debug] Step 6 Reward: 0.2791
[VLM Debug] Step 2 Reward: 0.2791
[VLM Debug] Step 6 Reward: 0.2803
[VLM Debug] Step 46 Reward: 0.2920
[VLM Debug] Step 8 Reward: 0.2800
[VLM Debug] Step 4 Reward: 0.2788
[VLM Debug] Step 8 Reward: 0.2839
[VLM Debug] Step 48 Reward: 0.2903
[VLM Debug] Step 10 Reward: 0.2825
[VLM Debug] Step 6 Reward: 0.2839
[VLM Debug] Step 10 Reward: 0.2825
[VLM Debug] Step 50 Reward: 0.2917
[VLM Debug] Step 12 Reward: 0.2849
[VLM Debug] Step 8 Reward: 0.2888
[VLM Debug] Step 12 Reward: 0.2812
[VLM Debug] Step 52 Reward: 0.2974
[VLM Debug] Step 14 Reward: 0.2832
[VLM Debug] Step 10 Reward: 0.2849
[VLM Debug] Step 14 Reward: 0.2812
[VLM Debug] Step 54 Reward: 0.2920
global_step=5036, episodic_return=3.110
global_step=5036, episodic_return=15.412
[VLM Debug] Step 16 Reward: 0.2908
[VLM Debug] Reset Reward Calculated: 0.2827
[VLM Debug] Reset Reward Calculated: 0.2847
[VLM Debug] Step 16 Reward: 0.2830
[VLM Debug] Step 18 Reward: 0.2886
[VLM Debug] Step 2 Reward: 0.2830
[VLM Debug] Step 2 Reward: 0.2832
[VLM Debug] Step 18 Reward: 0.2859
global_step=5052, episodic_return=5.374
[VLM Debug] Reset Reward Calculated: 0.2798
[VLM Debug] Step 4 Reward: 0.2852
[VLM Debug] Step 4 Reward: 0.2847
[VLM Debug] Step 20 Reward: 0.2805
[VLM Debug] Step 2 Reward: 0.2788
[VLM Debug] Step 6 Reward: 0.2800
[VLM Debug] Step 6 Reward: 0.2812
[VLM Debug] Step 22 Reward: 0.2832
[VLM Debug] Step 4 Reward: 0.2793
[VLM Debug] Step 8 Reward: 0.2778
[VLM Debug] Step 8 Reward: 0.2871
[VLM Debug] Step 24 Reward: 0.2822
[VLM Debug] Step 6 Reward: 0.2793
[VLM Debug] Step 10 Reward: 0.2832
[VLM Debug] Step 10 Reward: 0.2849
[VLM Debug] Step 26 Reward: 0.2842
[VLM Debug] Step 8 Reward: 0.2795
[VLM Debug] Step 12 Reward: 0.2812
[VLM Debug] Step 12 Reward: 0.2903
global_step=5088, episodic_return=3.417
[VLM Debug] Step 28 Reward: 0.2876
[VLM Debug] Reset Reward Calculated: 0.2864
[VLM Debug] Step 10 Reward: 0.2793
[VLM Debug] Step 14 Reward: 0.2825
[VLM Debug] Step 30 Reward: 0.2961
[VLM Debug] Step 2 Reward: 0.2874
[VLM Debug] Step 12 Reward: 0.2817
[VLM Debug] Step 16 Reward: 0.2913
[VLM Debug] Step 32 Reward: 0.2947
[VLM Debug] Step 4 Reward: 0.2847
global_step=5108, episodic_return=9.090
[VLM Debug] Step 14 Reward: 0.2754
[VLM Debug] Reset Reward Calculated: 0.2830
[VLM Debug] Step 18 Reward: 0.2898
[VLM Debug] Step 6 Reward: 0.2864
[VLM Debug] Step 16 Reward: 0.2825
[VLM Debug] Step 2 Reward: 0.2800
[VLM Debug] Step 20 Reward: 0.2886
SPS: 169
[VLM Debug] Step 8 Reward: 0.2837
[VLM Debug] Step 18 Reward: 0.2913
[VLM Debug] Step 4 Reward: 0.2791
[VLM Debug] Step 22 Reward: 0.2891
[VLM Debug] Step 10 Reward: 0.2866
[VLM Debug] Step 20 Reward: 0.2832
[VLM Debug] Step 6 Reward: 0.2800
[VLM Debug] Step 24 Reward: 0.2856
global_step=5136, episodic_return=5.617
[VLM Debug] Reset Reward Calculated: 0.2791
[VLM Debug] Step 12 Reward: 0.2852
[VLM Debug] Step 8 Reward: 0.2788
[VLM Debug] Step 26 Reward: 0.2847
[VLM Debug] Step 2 Reward: 0.2791
[VLM Debug] Step 14 Reward: 0.2854
[VLM Debug] Step 10 Reward: 0.2805
[VLM Debug] Step 28 Reward: 0.2808
[VLM Debug] Step 4 Reward: 0.2800
[VLM Debug] Step 16 Reward: 0.2920
[VLM Debug] Step 12 Reward: 0.2791
[VLM Debug] Step 30 Reward: 0.2898
[VLM Debug] Step 6 Reward: 0.2776
[VLM Debug] Step 18 Reward: 0.2942
[VLM Debug] Step 14 Reward: 0.2817
[VLM Debug] Step 32 Reward: 0.2952
[VLM Debug] Step 8 Reward: 0.2783
[VLM Debug] Step 20 Reward: 0.2949
global_step=5172, episodic_return=5.752
[VLM Debug] Step 16 Reward: 0.2849
[VLM Debug] Step 34 Reward: 0.2905
[VLM Debug] Reset Reward Calculated: 0.2798
[VLM Debug] Step 10 Reward: 0.2881
[VLM Debug] Step 18 Reward: 0.2869
[VLM Debug] Step 36 Reward: 0.2930
[VLM Debug] Step 2 Reward: 0.2783
[VLM Debug] Step 12 Reward: 0.2881
[VLM Debug] Step 20 Reward: 0.2842
[VLM Debug] Step 38 Reward: 0.2913
[VLM Debug] Step 4 Reward: 0.2778
[VLM Debug] Step 14 Reward: 0.2922
[VLM Debug] Step 22 Reward: 0.2849
[VLM Debug] Step 40 Reward: 0.2688
[VLM Debug] Step 6 Reward: 0.2891
[VLM Debug] Step 16 Reward: 0.2942
[VLM Debug] Step 24 Reward: 0.2844
[VLM Debug] Step 42 Reward: 0.2905
[VLM Debug] Step 8 Reward: 0.2922
global_step=5208, episodic_return=4.834
[VLM Debug] Reset Reward Calculated: 0.2888
[VLM Debug] Step 26 Reward: 0.2856
[VLM Debug] Step 44 Reward: 0.2876
[VLM Debug] Step 10 Reward: 0.2932
[VLM Debug] Step 2 Reward: 0.2852
global_step=5220, episodic_return=3.141
[VLM Debug] Step 28 Reward: 0.2854
[VLM Debug] Step 46 Reward: 0.2893
[VLM Debug] Reset Reward Calculated: 0.2847
[VLM Debug] Step 4 Reward: 0.2852
[VLM Debug] Step 30 Reward: 0.2876
[VLM Debug] Step 48 Reward: 0.2896
[VLM Debug] Step 2 Reward: 0.2844
[VLM Debug] Step 6 Reward: 0.2844
[VLM Debug] Step 32 Reward: 0.2854
[VLM Debug] Step 50 Reward: 0.2886
[VLM Debug] Step 4 Reward: 0.2800
[VLM Debug] Step 8 Reward: 0.2754
[VLM Debug] Step 34 Reward: 0.2881
[VLM Debug] Step 52 Reward: 0.2927
[VLM Debug] Step 6 Reward: 0.2800
[VLM Debug] Step 10 Reward: 0.2754
[VLM Debug] Step 36 Reward: 0.2910
[VLM Debug] Step 54 Reward: 0.2949
[VLM Debug] Step 8 Reward: 0.2773
[VLM Debug] Step 12 Reward: 0.2754
[VLM Debug] Step 38 Reward: 0.2859
[VLM Debug] Step 56 Reward: 0.2883
[VLM Debug] Step 10 Reward: 0.2842
[VLM Debug] Step 14 Reward: 0.2837
global_step=5268, episodic_return=16.348
[VLM Debug] Step 40 Reward: 0.2751
[VLM Debug] Reset Reward Calculated: 0.2825
[VLM Debug] Step 12 Reward: 0.2842
[VLM Debug] Step 16 Reward: 0.2896
[VLM Debug] Step 42 Reward: 0.2910
[VLM Debug] Step 2 Reward: 0.2847
[VLM Debug] Step 14 Reward: 0.2888
[VLM Debug] Step 18 Reward: 0.2930
[VLM Debug] Step 44 Reward: 0.2947
[VLM Debug] Step 4 Reward: 0.2825
[VLM Debug] Step 16 Reward: 0.2910
[VLM Debug] Step 20 Reward: 0.2910
[VLM Debug] Step 46 Reward: 0.2954
[VLM Debug] Step 6 Reward: 0.2800
[VLM Debug] Step 18 Reward: 0.2927
global_step=5296, episodic_return=5.965
global_step=5296, episodic_return=13.087
[VLM Debug] Reset Reward Calculated: 0.2820
[VLM Debug] Reset Reward Calculated: 0.2810
[VLM Debug] Step 8 Reward: 0.2798
[VLM Debug] Step 20 Reward: 0.2932
global_step=5304, episodic_return=5.703
[VLM Debug] Step 2 Reward: 0.2788
[VLM Debug] Step 2 Reward: 0.2834
[VLM Debug] Reset Reward Calculated: 0.2800
[VLM Debug] Step 10 Reward: 0.2832
[VLM Debug] Step 4 Reward: 0.2832
[VLM Debug] Step 4 Reward: 0.2808
[VLM Debug] Step 2 Reward: 0.2800
[VLM Debug] Step 12 Reward: 0.2832
[VLM Debug] Step 6 Reward: 0.2839
[VLM Debug] Step 6 Reward: 0.2820
[VLM Debug] Step 4 Reward: 0.2800
[VLM Debug] Step 14 Reward: 0.2881
[VLM Debug] Step 8 Reward: 0.2820
[VLM Debug] Step 8 Reward: 0.2839
[VLM Debug] Step 6 Reward: 0.2800
[VLM Debug] Step 16 Reward: 0.2922
[VLM Debug] Step 10 Reward: 0.2803
[VLM Debug] Step 10 Reward: 0.2798
[VLM Debug] Step 8 Reward: 0.2844
[VLM Debug] Step 18 Reward: 0.2893
[VLM Debug] Step 12 Reward: 0.2834
[VLM Debug] Step 12 Reward: 0.2788
[VLM Debug] Step 10 Reward: 0.2837
[VLM Debug] Step 20 Reward: 0.2935
[VLM Debug] Step 14 Reward: 0.2861
[VLM Debug] Step 14 Reward: 0.2849
[VLM Debug] Step 12 Reward: 0.2896
global_step=5356, episodic_return=5.995
[VLM Debug] Reset Reward Calculated: 0.2803
[VLM Debug] Step 16 Reward: 0.2891
[VLM Debug] Step 16 Reward: 0.2800
[VLM Debug] Step 14 Reward: 0.2830
global_step=5364, episodic_return=4.527
[VLM Debug] Reset Reward Calculated: 0.2788
[VLM Debug] Step 2 Reward: 0.2776
[VLM Debug] Step 18 Reward: 0.2922
[VLM Debug] Step 16 Reward: 0.2866
global_step=5372, episodic_return=4.528
[VLM Debug] Step 2 Reward: 0.2788
[VLM Debug] Step 4 Reward: 0.2805
[VLM Debug] Reset Reward Calculated: 0.2800
[VLM Debug] Step 20 Reward: 0.2896
[VLM Debug] Step 4 Reward: 0.2791
[VLM Debug] Step 6 Reward: 0.2773
[VLM Debug] Step 2 Reward: 0.2800
[VLM Debug] Step 22 Reward: 0.2903
[VLM Debug] Step 6 Reward: 0.2888
[VLM Debug] Step 8 Reward: 0.2847
[VLM Debug] Step 4 Reward: 0.2788
[VLM Debug] Step 24 Reward: 0.2876
[VLM Debug] Step 8 Reward: 0.2947
[VLM Debug] Step 10 Reward: 0.2847
[VLM Debug] Step 6 Reward: 0.2783
[VLM Debug] Step 26 Reward: 0.2837
[VLM Debug] Step 10 Reward: 0.2961
[VLM Debug] Step 12 Reward: 0.2844
[VLM Debug] Step 8 Reward: 0.2791
global_step=5408, episodic_return=2.858
[VLM Debug] Reset Reward Calculated: 0.2864
[VLM Debug] Step 28 Reward: 0.2817
[VLM Debug] Step 14 Reward: 0.2861
[VLM Debug] Step 10 Reward: 0.2795
[VLM Debug] Step 2 Reward: 0.2864
[VLM Debug] Step 30 Reward: 0.2771
[VLM Debug] Step 16 Reward: 0.2886
[VLM Debug] Step 12 Reward: 0.2817
[VLM Debug] Step 4 Reward: 0.2842
[VLM Debug] Step 32 Reward: 0.2830
[VLM Debug] Step 18 Reward: 0.2905
[VLM Debug] Step 14 Reward: 0.2856
[VLM Debug] Step 6 Reward: 0.2781
[VLM Debug] Step 34 Reward: 0.2864
[VLM Debug] Step 20 Reward: 0.2886
[VLM Debug] Step 16 Reward: 0.2847
[VLM Debug] Step 8 Reward: 0.2812
[VLM Debug] Step 36 Reward: 0.2866
[VLM Debug] Step 22 Reward: 0.2878
[VLM Debug] Step 18 Reward: 0.2810
global_step=5448, episodic_return=6.254
[VLM Debug] Step 10 Reward: 0.2844
[VLM Debug] Step 38 Reward: 0.2900
[VLM Debug] Reset Reward Calculated: 0.2832
[VLM Debug] Step 20 Reward: 0.2883
[VLM Debug] Step 12 Reward: 0.2815
[VLM Debug] Step 40 Reward: 0.2913
[VLM Debug] Step 2 Reward: 0.2852
global_step=5460, episodic_return=5.914
[VLM Debug] Reset Reward Calculated: 0.2820
[VLM Debug] Step 14 Reward: 0.2900
[VLM Debug] Step 42 Reward: 0.2852
[VLM Debug] Step 4 Reward: 0.2830
[VLM Debug] Step 2 Reward: 0.2808
[VLM Debug] Step 16 Reward: 0.2888
[VLM Debug] Step 44 Reward: 0.2935
[VLM Debug] Step 6 Reward: 0.2812
[VLM Debug] Step 4 Reward: 0.2815
[VLM Debug] Step 18 Reward: 0.2886
[VLM Debug] Step 46 Reward: 0.2930
[VLM Debug] Step 8 Reward: 0.2812
[VLM Debug] Step 6 Reward: 0.2834
[VLM Debug] Step 20 Reward: 0.2898
[VLM Debug] Step 48 Reward: 0.2871
[VLM Debug] Step 10 Reward: 0.2842
[VLM Debug] Step 8 Reward: 0.2808
[VLM Debug] Step 22 Reward: 0.2908
[VLM Debug] Step 50 Reward: 0.2927
[VLM Debug] Step 12 Reward: 0.2847
[VLM Debug] Step 10 Reward: 0.2864
[VLM Debug] Step 24 Reward: 0.2908
[VLM Debug] Step 52 Reward: 0.2922
[VLM Debug] Step 14 Reward: 0.2859
[VLM Debug] Step 12 Reward: 0.2781
[VLM Debug] Step 26 Reward: 0.2952
[VLM Debug] Step 54 Reward: 0.2954
[VLM Debug] Step 16 Reward: 0.2815
[VLM Debug] Step 14 Reward: 0.2859
[VLM Debug] Step 28 Reward: 0.2913
[VLM Debug] Step 56 Reward: 0.2920
[VLM Debug] Step 18 Reward: 0.2837
[VLM Debug] Step 16 Reward: 0.2886
[VLM Debug] Step 30 Reward: 0.2961
[VLM Debug] Step 58 Reward: 0.2893
[VLM Debug] Step 20 Reward: 0.2861
[VLM Debug] Step 18 Reward: 0.2861
global_step=5536, episodic_return=8.921
[VLM Debug] Reset Reward Calculated: 0.2810
[VLM Debug] Step 60 Reward: 0.2810
[VLM Debug] Step 22 Reward: 0.2810
[VLM Debug] Step 20 Reward: 0.2910
[VLM Debug] Step 2 Reward: 0.2827
[VLM Debug] Step 62 Reward: 0.2698
[VLM Debug] Step 24 Reward: 0.2844
[VLM Debug] Step 22 Reward: 0.2898
global_step=5552, episodic_return=6.257
[VLM Debug] Step 4 Reward: 0.2854
[VLM Debug] Step 64 Reward: 0.2839
[VLM Debug] Step 26 Reward: 0.2856
[VLM Debug] Reset Reward Calculated: 0.2830
[VLM Debug] Step 6 Reward: 0.2856
[VLM Debug] Step 66 Reward: 0.2839
[VLM Debug] Step 28 Reward: 0.2869
[VLM Debug] Step 2 Reward: 0.2830
[VLM Debug] Step 8 Reward: 0.2886
[VLM Debug] Step 68 Reward: 0.2852
[VLM Debug] Step 30 Reward: 0.2832
[VLM Debug] Step 4 Reward: 0.2830
[VLM Debug] Step 10 Reward: 0.2898
[VLM Debug] Step 70 Reward: 0.2864
[VLM Debug] Step 32 Reward: 0.2842
[VLM Debug] Step 6 Reward: 0.2830
[VLM Debug] Step 12 Reward: 0.2856
[VLM Debug] Step 72 Reward: 0.2942
[VLM Debug] Step 34 Reward: 0.2961
[VLM Debug] Step 8 Reward: 0.2830
global_step=5592, episodic_return=9.959
[VLM Debug] Step 14 Reward: 0.2859
[VLM Debug] Step 74 Reward: 0.2898
[VLM Debug] Reset Reward Calculated: 0.2805
[VLM Debug] Step 10 Reward: 0.2812
global_step=5596, episodic_return=4.002
[VLM Debug] Reset Reward Calculated: 0.2849
[VLM Debug] Step 76 Reward: 0.2949
[VLM Debug] Step 2 Reward: 0.2805
[VLM Debug] Step 12 Reward: 0.2822
[VLM Debug] Step 2 Reward: 0.2849
global_step=5608, episodic_return=22.046
--> New best model saved with return: 22.05
[VLM Debug] Reset Reward Calculated: 0.2874
[VLM Debug] Step 4 Reward: 0.2788
[VLM Debug] Step 14 Reward: 0.2822
[VLM Debug] Step 4 Reward: 0.2822
[VLM Debug] Step 2 Reward: 0.2827
[VLM Debug] Step 6 Reward: 0.2791
[VLM Debug] Step 16 Reward: 0.2852
[VLM Debug] Step 6 Reward: 0.2849
[VLM Debug] Step 4 Reward: 0.2852
[VLM Debug] Step 8 Reward: 0.2854
[VLM Debug] Step 18 Reward: 0.2844
[VLM Debug] Step 8 Reward: 0.2864
SPS: 170
[VLM Debug] Step 6 Reward: 0.2808
[VLM Debug] Step 10 Reward: 0.2844
[VLM Debug] Step 20 Reward: 0.2844
[VLM Debug] Step 10 Reward: 0.2842
[VLM Debug] Step 8 Reward: 0.2876
[VLM Debug] Step 12 Reward: 0.2864
[VLM Debug] Step 22 Reward: 0.2913
[VLM Debug] Step 12 Reward: 0.2883
global_step=5648, episodic_return=6.529
[VLM Debug] Step 10 Reward: 0.2866
[VLM Debug] Step 14 Reward: 0.2825
[VLM Debug] Reset Reward Calculated: 0.2756
[VLM Debug] Step 14 Reward: 0.2849
[VLM Debug] Step 12 Reward: 0.2881
[VLM Debug] Step 16 Reward: 0.2913
[VLM Debug] Step 2 Reward: 0.2756
[VLM Debug] Step 16 Reward: 0.2859
[VLM Debug] Step 14 Reward: 0.2856
[VLM Debug] Step 18 Reward: 0.2910
[VLM Debug] Step 4 Reward: 0.2739
global_step=5668, episodic_return=5.108
[VLM Debug] Step 18 Reward: 0.2883
[VLM Debug] Reset Reward Calculated: 0.2817
[VLM Debug] Step 16 Reward: 0.2869
[VLM Debug] Step 6 Reward: 0.2754
[VLM Debug] Step 20 Reward: 0.2842
[VLM Debug] Step 2 Reward: 0.2793
[VLM Debug] Step 18 Reward: 0.2915
[VLM Debug] Step 8 Reward: 0.2888
[VLM Debug] Step 22 Reward: 0.2915
[VLM Debug] Step 4 Reward: 0.2817
[VLM Debug] Step 20 Reward: 0.2896
[VLM Debug] Step 10 Reward: 0.2832
[VLM Debug] Step 24 Reward: 0.2932
[VLM Debug] Step 6 Reward: 0.2788
[VLM Debug] Step 22 Reward: 0.2949
[VLM Debug] Step 12 Reward: 0.2832
[VLM Debug] Step 26 Reward: 0.2935
[VLM Debug] Step 8 Reward: 0.2786
global_step=5704, episodic_return=6.606
[VLM Debug] Reset Reward Calculated: 0.2744
[VLM Debug] Step 14 Reward: 0.2849
[VLM Debug] Step 28 Reward: 0.2871
[VLM Debug] Step 10 Reward: 0.2776
[VLM Debug] Step 2 Reward: 0.2744
[VLM Debug] Step 16 Reward: 0.2917
global_step=5716, episodic_return=4.498
[VLM Debug] Step 30 Reward: 0.2935
[VLM Debug] Step 12 Reward: 0.2798
[VLM Debug] Reset Reward Calculated: 0.2776
[VLM Debug] Step 4 Reward: 0.2786
[VLM Debug] Step 32 Reward: 0.2917
[VLM Debug] Step 14 Reward: 0.2803
[VLM Debug] Step 2 Reward: 0.2783
[VLM Debug] Step 6 Reward: 0.2856
[VLM Debug] Step 34 Reward: 0.2842
[VLM Debug] Step 16 Reward: 0.2793
[VLM Debug] Step 4 Reward: 0.2732
[VLM Debug] Step 8 Reward: 0.2874
[VLM Debug] Step 36 Reward: 0.2883
[VLM Debug] Step 18 Reward: 0.2842
[VLM Debug] Step 6 Reward: 0.2793
[VLM Debug] Step 10 Reward: 0.2922
[VLM Debug] Step 38 Reward: 0.2861
[VLM Debug] Step 20 Reward: 0.2847
[VLM Debug] Step 8 Reward: 0.2791
global_step=5752, episodic_return=3.111
[VLM Debug] Reset Reward Calculated: 0.2817
[VLM Debug] Step 40 Reward: 0.2886
[VLM Debug] Step 22 Reward: 0.2803
[VLM Debug] Step 10 Reward: 0.2793
global_step=5760, episodic_return=11.500
[VLM Debug] Reset Reward Calculated: 0.2822
[VLM Debug] Step 2 Reward: 0.2793
[VLM Debug] Step 24 Reward: 0.2803
[VLM Debug] Step 12 Reward: 0.2810
[VLM Debug] Step 2 Reward: 0.2822
[VLM Debug] Step 4 Reward: 0.2812
[VLM Debug] Step 26 Reward: 0.2791
[VLM Debug] Step 14 Reward: 0.2856
[VLM Debug] Step 4 Reward: 0.2822
[VLM Debug] Step 6 Reward: 0.2856
[VLM Debug] Step 28 Reward: 0.2791
[VLM Debug] Step 16 Reward: 0.2854
[VLM Debug] Step 6 Reward: 0.2864
[VLM Debug] Step 8 Reward: 0.2830
[VLM Debug] Step 30 Reward: 0.2825
[VLM Debug] Step 18 Reward: 0.2822
[VLM Debug] Step 8 Reward: 0.2854
[VLM Debug] Step 10 Reward: 0.2842
[VLM Debug] Step 32 Reward: 0.2832
[VLM Debug] Step 20 Reward: 0.2822
[VLM Debug] Step 10 Reward: 0.2817
[VLM Debug] Step 12 Reward: 0.2842
[VLM Debug] Step 34 Reward: 0.2832
[VLM Debug] Step 22 Reward: 0.2861
[VLM Debug] Step 12 Reward: 0.2805
[VLM Debug] Step 14 Reward: 0.2856
[VLM Debug] Step 36 Reward: 0.2844
[VLM Debug] Step 24 Reward: 0.2815
[VLM Debug] Step 14 Reward: 0.2834
[VLM Debug] Step 16 Reward: 0.2798
[VLM Debug] Step 38 Reward: 0.2876
[VLM Debug] Step 26 Reward: 0.2786
[VLM Debug] Step 16 Reward: 0.2808
[VLM Debug] Step 18 Reward: 0.2773
[VLM Debug] Step 40 Reward: 0.2888
[VLM Debug] Step 28 Reward: 0.2827
[VLM Debug] Step 18 Reward: 0.2864
[VLM Debug] Step 20 Reward: 0.2793
[VLM Debug] Step 42 Reward: 0.2812
[VLM Debug] Step 30 Reward: 0.2847
[VLM Debug] Step 20 Reward: 0.2839
[VLM Debug] Step 22 Reward: 0.2876
[VLM Debug] Step 44 Reward: 0.2822
[VLM Debug] Step 32 Reward: 0.2891
[VLM Debug] Step 22 Reward: 0.2991
[VLM Debug] Step 24 Reward: 0.2815
[VLM Debug] Step 46 Reward: 0.2827
[VLM Debug] Step 34 Reward: 0.2881
global_step=5856, episodic_return=6.546
[VLM Debug] Reset Reward Calculated: 0.2788
[VLM Debug] Step 26 Reward: 0.2771
global_step=5860, episodic_return=9.870
[VLM Debug] Step 48 Reward: 0.2883
[VLM Debug] Reset Reward Calculated: 0.2839
[VLM Debug] Step 2 Reward: 0.2844
[VLM Debug] Step 28 Reward: 0.2749
[VLM Debug] Step 50 Reward: 0.2930
[VLM Debug] Step 2 Reward: 0.2788
global_step=5872, episodic_return=14.109
[VLM Debug] Step 4 Reward: 0.2844
[VLM Debug] Step 30 Reward: 0.2793
[VLM Debug] Reset Reward Calculated: 0.2864
[VLM Debug] Step 4 Reward: 0.2788
[VLM Debug] Step 6 Reward: 0.2795
[VLM Debug] Step 32 Reward: 0.2815
[VLM Debug] Step 2 Reward: 0.2812
[VLM Debug] Step 6 Reward: 0.2810
[VLM Debug] Step 8 Reward: 0.2773
[VLM Debug] Step 34 Reward: 0.2815
[VLM Debug] Step 4 Reward: 0.2812
[VLM Debug] Step 8 Reward: 0.2788
[VLM Debug] Step 10 Reward: 0.2810
[VLM Debug] Step 36 Reward: 0.2815
[VLM Debug] Step 6 Reward: 0.2822
[VLM Debug] Step 10 Reward: 0.2761
[VLM Debug] Step 12 Reward: 0.2854
[VLM Debug] Step 38 Reward: 0.2786
[VLM Debug] Step 8 Reward: 0.2861
[VLM Debug] Step 12 Reward: 0.2878
[VLM Debug] Step 14 Reward: 0.2847
[VLM Debug] Step 40 Reward: 0.2773
[VLM Debug] Step 10 Reward: 0.2878
[VLM Debug] Step 14 Reward: 0.2852
[VLM Debug] Step 16 Reward: 0.2781
[VLM Debug] Step 42 Reward: 0.2737
[VLM Debug] Step 12 Reward: 0.2908
[VLM Debug] Step 16 Reward: 0.2913
global_step=5928, episodic_return=3.705
[VLM Debug] Step 18 Reward: 0.2844
[VLM Debug] Step 44 Reward: 0.2808
[VLM Debug] Reset Reward Calculated: 0.2761
[VLM Debug] Step 18 Reward: 0.2939
global_step=5936, episodic_return=5.094
[VLM Debug] Step 20 Reward: 0.2834
[VLM Debug] Step 46 Reward: 0.2795
[VLM Debug] Step 2 Reward: 0.2815
[VLM Debug] Reset Reward Calculated: 0.2788
[VLM Debug] Step 22 Reward: 0.2891
[VLM Debug] Step 48 Reward: 0.2837
[VLM Debug] Step 4 Reward: 0.2893
[VLM Debug] Step 2 Reward: 0.2788
[VLM Debug] Step 24 Reward: 0.2893
[VLM Debug] Step 50 Reward: 0.2886
[VLM Debug] Step 6 Reward: 0.2917
[VLM Debug] Step 4 Reward: 0.2771
[VLM Debug] Step 26 Reward: 0.2932
[VLM Debug] Step 52 Reward: 0.2861
[VLM Debug] Step 8 Reward: 0.2856
[VLM Debug] Step 6 Reward: 0.2771
[VLM Debug] Step 28 Reward: 0.2971
[VLM Debug] Step 54 Reward: 0.2822
[VLM Debug] Step 10 Reward: 0.2917
[VLM Debug] Step 8 Reward: 0.2771
global_step=5972, episodic_return=7.965
global_step=5972, episodic_return=2.864
[VLM Debug] Reset Reward Calculated: 0.2795
[VLM Debug] Reset Reward Calculated: 0.2776
[VLM Debug] Step 56 Reward: 0.2859
[VLM Debug] Step 10 Reward: 0.2820
global_step=5980, episodic_return=15.758
[VLM Debug] Step 2 Reward: 0.2791
[VLM Debug] Reset Reward Calculated: 0.2659
[VLM Debug] Step 2 Reward: 0.2786
[VLM Debug] Step 12 Reward: 0.2842
[VLM Debug] Step 4 Reward: 0.2805
[VLM Debug] Step 2 Reward: 0.2693
[VLM Debug] Step 4 Reward: 0.2776
[VLM Debug] Step 14 Reward: 0.2825
[VLM Debug] Step 6 Reward: 0.2773
[VLM Debug] Step 4 Reward: 0.2693
[VLM Debug] Step 6 Reward: 0.2786
[VLM Debug] Step 16 Reward: 0.2903
[VLM Debug] Step 8 Reward: 0.2773
[VLM Debug] Step 6 Reward: 0.2693
[VLM Debug] Step 8 Reward: 0.2808
[VLM Debug] Step 18 Reward: 0.2927
[VLM Debug] Step 10 Reward: 0.2791
[VLM Debug] Step 8 Reward: 0.2744
[VLM Debug] Step 10 Reward: 0.2803
[VLM Debug] Step 20 Reward: 0.2920
global_step=6020, episodic_return=5.654
[VLM Debug] Step 12 Reward: 0.2820
[VLM Debug] Step 10 Reward: 0.2791
[VLM Debug] Step 12 Reward: 0.2817
[VLM Debug] Reset Reward Calculated: 0.2773
[VLM Debug] Step 14 Reward: 0.2827
[VLM Debug] Step 12 Reward: 0.2864
[VLM Debug] Step 14 Reward: 0.2820
[VLM Debug] Step 2 Reward: 0.2810
[VLM Debug] Step 16 Reward: 0.2854
[VLM Debug] Step 14 Reward: 0.2856
[VLM Debug] Step 16 Reward: 0.2847
[VLM Debug] Step 4 Reward: 0.2888
[VLM Debug] Step 18 Reward: 0.2869
[VLM Debug] Step 16 Reward: 0.2888
[VLM Debug] Step 18 Reward: 0.2861
[VLM Debug] Step 6 Reward: 0.2861
[VLM Debug] Step 20 Reward: 0.2900
[VLM Debug] Step 18 Reward: 0.2898
[VLM Debug] Step 20 Reward: 0.2839
[VLM Debug] Step 8 Reward: 0.2864
[VLM Debug] Step 22 Reward: 0.2866
[VLM Debug] Step 20 Reward: 0.2883
[VLM Debug] Step 22 Reward: 0.2896
[VLM Debug] Step 10 Reward: 0.2881
global_step=6064, episodic_return=6.207
[VLM Debug] Reset Reward Calculated: 0.2756
[VLM Debug] Step 22 Reward: 0.2913
[VLM Debug] Step 24 Reward: 0.2888
[VLM Debug] Step 12 Reward: 0.2881
[VLM Debug] Step 2 Reward: 0.2742
[VLM Debug] Step 24 Reward: 0.2917
[VLM Debug] Step 26 Reward: 0.2859
[VLM Debug] Step 14 Reward: 0.2922
[VLM Debug] Step 4 Reward: 0.2761
[VLM Debug] Step 26 Reward: 0.2883
[VLM Debug] Step 28 Reward: 0.2957
[VLM Debug] Step 16 Reward: 0.2893
global_step=6088, episodic_return=7.930
global_step=6088, episodic_return=4.588
[VLM Debug] Step 6 Reward: 0.2781
[VLM Debug] Reset Reward Calculated: 0.2808
[VLM Debug] Reset Reward Calculated: 0.2800
[VLM Debug] Step 28 Reward: 0.2903
[VLM Debug] Step 8 Reward: 0.2756
[VLM Debug] Step 2 Reward: 0.2788
[VLM Debug] Step 2 Reward: 0.2773
[VLM Debug] Step 30 Reward: 0.2859
[VLM Debug] Step 10 Reward: 0.2805
[VLM Debug] Step 4 Reward: 0.2751
[VLM Debug] Step 4 Reward: 0.2805
[VLM Debug] Step 32 Reward: 0.2954
[VLM Debug] Step 12 Reward: 0.2817
[VLM Debug] Step 6 Reward: 0.2847
[VLM Debug] Step 6 Reward: 0.2808
[VLM Debug] Step 34 Reward: 0.2927
[VLM Debug] Step 14 Reward: 0.2795
[VLM Debug] Step 8 Reward: 0.2854
[VLM Debug] Step 8 Reward: 0.2837
[VLM Debug] Step 36 Reward: 0.2930
[VLM Debug] Step 16 Reward: 0.2761
[VLM Debug] Step 10 Reward: 0.2893
[VLM Debug] Step 10 Reward: 0.2837
[VLM Debug] Step 38 Reward: 0.2905
[VLM Debug] Step 18 Reward: 0.2842
[VLM Debug] Step 12 Reward: 0.2881
[VLM Debug] Step 12 Reward: 0.2844
[VLM Debug] Step 40 Reward: 0.2864
SPS: 170
[VLM Debug] Step 20 Reward: 0.2859
[VLM Debug] Step 14 Reward: 0.2886
[VLM Debug] Step 14 Reward: 0.2915
[VLM Debug] Step 42 Reward: 0.2935
[VLM Debug] Step 22 Reward: 0.2830
[VLM Debug] Step 16 Reward: 0.2910
[VLM Debug] Step 16 Reward: 0.2876
[VLM Debug] Step 44 Reward: 0.2861
global_step=6160, episodic_return=4.819
[VLM Debug] Step 24 Reward: 0.2837
[VLM Debug] Step 18 Reward: 0.2888
[VLM Debug] Reset Reward Calculated: 0.2793
global_step=6164, episodic_return=12.837
[VLM Debug] Reset Reward Calculated: 0.2847
[VLM Debug] Step 26 Reward: 0.2864
[VLM Debug] Step 20 Reward: 0.2922
[VLM Debug] Step 2 Reward: 0.2771
[VLM Debug] Step 2 Reward: 0.2800
[VLM Debug] Step 28 Reward: 0.2876
[VLM Debug] Step 22 Reward: 0.2888
[VLM Debug] Step 4 Reward: 0.2778
[VLM Debug] Step 4 Reward: 0.2788
[VLM Debug] Step 30 Reward: 0.2883
[VLM Debug] Step 24 Reward: 0.2881
[VLM Debug] Step 6 Reward: 0.2783
[VLM Debug] Step 6 Reward: 0.2756
[VLM Debug] Step 32 Reward: 0.2964
[VLM Debug] Step 26 Reward: 0.2930
[VLM Debug] Step 8 Reward: 0.2776
[VLM Debug] Step 8 Reward: 0.2878
[VLM Debug] Step 34 Reward: 0.2925
[VLM Debug] Step 28 Reward: 0.2891
[VLM Debug] Step 10 Reward: 0.2871
[VLM Debug] Step 10 Reward: 0.2903
[VLM Debug] Step 36 Reward: 0.2947
[VLM Debug] Step 30 Reward: 0.2961
[VLM Debug] Step 12 Reward: 0.2925
[VLM Debug] Step 12 Reward: 0.2869
global_step=6216, episodic_return=8.915
[VLM Debug] Step 38 Reward: 0.2979
[VLM Debug] Reset Reward Calculated: 0.2771
[VLM Debug] Step 14 Reward: 0.2896
global_step=6220, episodic_return=10.782
[VLM Debug] Reset Reward Calculated: 0.2849
[VLM Debug] Step 14 Reward: 0.2896
[VLM Debug] Step 2 Reward: 0.2800
[VLM Debug] Step 16 Reward: 0.2900
[VLM Debug] Step 2 Reward: 0.2864
[VLM Debug] Step 16 Reward: 0.2888
[VLM Debug] Step 4 Reward: 0.2842
[VLM Debug] Step 18 Reward: 0.2898
[VLM Debug] Step 4 Reward: 0.2854
[VLM Debug] Step 18 Reward: 0.2905
[VLM Debug] Step 6 Reward: 0.2849
[VLM Debug] Step 20 Reward: 0.2856
[VLM Debug] Step 6 Reward: 0.2805
[VLM Debug] Step 20 Reward: 0.2947
[VLM Debug] Step 8 Reward: 0.2874
[VLM Debug] Step 22 Reward: 0.2861
[VLM Debug] Step 8 Reward: 0.2754
[VLM Debug] Step 22 Reward: 0.2876
[VLM Debug] Step 10 Reward: 0.2913
[VLM Debug] Step 24 Reward: 0.2937
[VLM Debug] Step 10 Reward: 0.2871
[VLM Debug] Step 24 Reward: 0.2839
[VLM Debug] Step 12 Reward: 0.2886
[VLM Debug] Step 26 Reward: 0.2917
global_step=6268, episodic_return=7.422
[VLM Debug] Step 12 Reward: 0.2881
[VLM Debug] Step 26 Reward: 0.2925
[VLM Debug] Reset Reward Calculated: 0.2778
[VLM Debug] Step 14 Reward: 0.2939
global_step=6276, episodic_return=4.004
[VLM Debug] Step 14 Reward: 0.2881
[VLM Debug] Step 28 Reward: 0.2891
[VLM Debug] Reset Reward Calculated: 0.2793
[VLM Debug] Step 2 Reward: 0.2817
[VLM Debug] Step 16 Reward: 0.2891
[VLM Debug] Step 30 Reward: 0.2896
[VLM Debug] Step 2 Reward: 0.2754
[VLM Debug] Step 4 Reward: 0.2856
global_step=6292, episodic_return=8.896
[VLM Debug] Step 18 Reward: 0.2876
[VLM Debug] Reset Reward Calculated: 0.2778
[VLM Debug] Step 4 Reward: 0.2793
[VLM Debug] Step 6 Reward: 0.2830
[VLM Debug] Step 20 Reward: 0.2871
[VLM Debug] Step 2 Reward: 0.2788
[VLM Debug] Step 6 Reward: 0.2800
[VLM Debug] Step 8 Reward: 0.2849
[VLM Debug] Step 22 Reward: 0.2900
[VLM Debug] Step 4 Reward: 0.2803
[VLM Debug] Step 8 Reward: 0.2800
[VLM Debug] Step 10 Reward: 0.2852
[VLM Debug] Step 24 Reward: 0.2927
[VLM Debug] Step 6 Reward: 0.2776
[VLM Debug] Step 10 Reward: 0.2791
[VLM Debug] Step 12 Reward: 0.2834
[VLM Debug] Step 26 Reward: 0.2979
[VLM Debug] Step 8 Reward: 0.2810
[VLM Debug] Step 12 Reward: 0.2686
[VLM Debug] Step 14 Reward: 0.2795
global_step=6332, episodic_return=7.756
[VLM Debug] Reset Reward Calculated: 0.2734
[VLM Debug] Step 10 Reward: 0.2859
[VLM Debug] Step 14 Reward: 0.2751
[VLM Debug] Step 16 Reward: 0.2815
[VLM Debug] Step 2 Reward: 0.2734
[VLM Debug] Step 12 Reward: 0.2795
[VLM Debug] Step 16 Reward: 0.2795
[VLM Debug] Step 18 Reward: 0.2751
[VLM Debug] Step 4 Reward: 0.2754
[VLM Debug] Step 14 Reward: 0.2881
[VLM Debug] Step 18 Reward: 0.2830
[VLM Debug] Step 20 Reward: 0.2808
[VLM Debug] Step 6 Reward: 0.2734
[VLM Debug] Step 16 Reward: 0.2800
[VLM Debug] Step 20 Reward: 0.2891
[VLM Debug] Step 22 Reward: 0.2812
[VLM Debug] Step 8 Reward: 0.2751
[VLM Debug] Step 18 Reward: 0.2847
[VLM Debug] Step 22 Reward: 0.2866
[VLM Debug] Step 24 Reward: 0.2852
[VLM Debug] Step 10 Reward: 0.2693
[VLM Debug] Step 20 Reward: 0.2861
[VLM Debug] Step 24 Reward: 0.2844
[VLM Debug] Step 26 Reward: 0.2869
[VLM Debug] Step 12 Reward: 0.2693
[VLM Debug] Step 22 Reward: 0.2839
[VLM Debug] Step 26 Reward: 0.2844
[VLM Debug] Step 28 Reward: 0.2854
[VLM Debug] Step 14 Reward: 0.2732
[VLM Debug] Step 24 Reward: 0.2852
[VLM Debug] Step 28 Reward: 0.2783
[VLM Debug] Step 30 Reward: 0.2881
[VLM Debug] Step 16 Reward: 0.2786
[VLM Debug] Step 26 Reward: 0.2869
[VLM Debug] Step 30 Reward: 0.2795
[VLM Debug] Step 32 Reward: 0.2881
[VLM Debug] Step 18 Reward: 0.2798
[VLM Debug] Step 28 Reward: 0.2856
[VLM Debug] Step 32 Reward: 0.2810
[VLM Debug] Step 34 Reward: 0.2874
[VLM Debug] Step 20 Reward: 0.2822
[VLM Debug] Step 30 Reward: 0.2925
[VLM Debug] Step 34 Reward: 0.2764
[VLM Debug] Step 36 Reward: 0.2896
[VLM Debug] Step 22 Reward: 0.2869
[VLM Debug] Step 32 Reward: 0.2910
[VLM Debug] Step 36 Reward: 0.2764
[VLM Debug] Step 38 Reward: 0.2922
[VLM Debug] Step 24 Reward: 0.2856
[VLM Debug] Step 34 Reward: 0.2896
[VLM Debug] Step 38 Reward: 0.2812
[VLM Debug] Step 40 Reward: 0.2874
global_step=6432, episodic_return=9.662
[VLM Debug] Reset Reward Calculated: 0.2820
[VLM Debug] Step 26 Reward: 0.2808
[VLM Debug] Step 40 Reward: 0.2812
[VLM Debug] Step 42 Reward: 0.2910
[VLM Debug] Step 2 Reward: 0.2820
[VLM Debug] Step 28 Reward: 0.2861
[VLM Debug] Step 42 Reward: 0.2842
[VLM Debug] Step 44 Reward: 0.2913
[VLM Debug] Step 4 Reward: 0.2820
[VLM Debug] Step 30 Reward: 0.2810
[VLM Debug] Step 44 Reward: 0.2800
[VLM Debug] Step 46 Reward: 0.2861
[VLM Debug] Step 6 Reward: 0.2810
[VLM Debug] Step 32 Reward: 0.2825
[VLM Debug] Step 46 Reward: 0.2844
[VLM Debug] Step 48 Reward: 0.2898
[VLM Debug] Step 8 Reward: 0.2854
global_step=6468, episodic_return=9.179
[VLM Debug] Reset Reward Calculated: 0.2812
[VLM Debug] Step 48 Reward: 0.2847
[VLM Debug] Step 50 Reward: 0.2898
global_step=6472, episodic_return=14.268
[VLM Debug] Step 10 Reward: 0.2854
[VLM Debug] Reset Reward Calculated: 0.2798
[VLM Debug] Step 2 Reward: 0.2803
[VLM Debug] Step 50 Reward: 0.2854
[VLM Debug] Step 12 Reward: 0.2839
[VLM Debug] Step 2 Reward: 0.2786
[VLM Debug] Step 4 Reward: 0.2803
[VLM Debug] Step 52 Reward: 0.2874
[VLM Debug] Step 14 Reward: 0.2864
[VLM Debug] Step 4 Reward: 0.2776
[VLM Debug] Step 6 Reward: 0.2834
[VLM Debug] Step 54 Reward: 0.2832
[VLM Debug] Step 16 Reward: 0.2820
[VLM Debug] Step 6 Reward: 0.2800
[VLM Debug] Step 8 Reward: 0.2839
[VLM Debug] Step 56 Reward: 0.2832
[VLM Debug] Step 18 Reward: 0.2837
[VLM Debug] Step 8 Reward: 0.2844
[VLM Debug] Step 10 Reward: 0.2852
[VLM Debug] Step 58 Reward: 0.2859
[VLM Debug] Step 20 Reward: 0.2896
[VLM Debug] Step 10 Reward: 0.2893
[VLM Debug] Step 12 Reward: 0.2827
[VLM Debug] Step 60 Reward: 0.2854
[VLM Debug] Step 22 Reward: 0.2898
[VLM Debug] Step 12 Reward: 0.2898
[VLM Debug] Step 14 Reward: 0.2732
[VLM Debug] Step 62 Reward: 0.2822
global_step=6528, episodic_return=3.679
[VLM Debug] Step 24 Reward: 0.2869
[VLM Debug] Reset Reward Calculated: 0.2847
[VLM Debug] Step 16 Reward: 0.2795
[VLM Debug] Step 64 Reward: 0.2837
[VLM Debug] Step 26 Reward: 0.2917
[VLM Debug] Step 2 Reward: 0.2825
[VLM Debug] Step 18 Reward: 0.2886
[VLM Debug] Step 66 Reward: 0.2952
[VLM Debug] Step 28 Reward: 0.2910
[VLM Debug] Step 4 Reward: 0.2805
[VLM Debug] Step 20 Reward: 0.2871
[VLM Debug] Step 68 Reward: 0.2905
[VLM Debug] Step 30 Reward: 0.2969
[VLM Debug] Step 6 Reward: 0.2788
[VLM Debug] Step 22 Reward: 0.2893
[VLM Debug] Step 70 Reward: 0.2922
global_step=6560, episodic_return=6.219
global_step=6560, episodic_return=8.877
[VLM Debug] Reset Reward Calculated: 0.2798
[VLM Debug] Reset Reward Calculated: 0.2793
[VLM Debug] Step 8 Reward: 0.2820
[VLM Debug] Step 72 Reward: 0.2932
[VLM Debug] Step 2 Reward: 0.2798
[VLM Debug] Step 2 Reward: 0.2791
[VLM Debug] Step 10 Reward: 0.2844
[VLM Debug] Step 74 Reward: 0.2976
[VLM Debug] Step 4 Reward: 0.2834
[VLM Debug] Step 4 Reward: 0.2771
[VLM Debug] Step 12 Reward: 0.2847
[VLM Debug] Step 76 Reward: 0.2993
[VLM Debug] Step 6 Reward: 0.2876
[VLM Debug] Step 6 Reward: 0.2886
[VLM Debug] Step 14 Reward: 0.2781
[VLM Debug] Step 78 Reward: 0.2957
global_step=6592, episodic_return=22.128
--> New best model saved with return: 22.13
[VLM Debug] Step 8 Reward: 0.2881
[VLM Debug] Step 8 Reward: 0.2876
[VLM Debug] Reset Reward Calculated: 0.2803
[VLM Debug] Step 16 Reward: 0.2854
[VLM Debug] Step 10 Reward: 0.2886
[VLM Debug] Step 10 Reward: 0.2886
[VLM Debug] Step 2 Reward: 0.2803
[VLM Debug] Step 18 Reward: 0.2854
[VLM Debug] Step 12 Reward: 0.2891
[VLM Debug] Step 12 Reward: 0.2913
[VLM Debug] Step 4 Reward: 0.2800
[VLM Debug] Step 20 Reward: 0.2781
[VLM Debug] Step 14 Reward: 0.2869
[VLM Debug] Step 14 Reward: 0.2861
[VLM Debug] Step 6 Reward: 0.2788
[VLM Debug] Step 22 Reward: 0.2896
[VLM Debug] Step 16 Reward: 0.2886
[VLM Debug] Step 16 Reward: 0.2869
[VLM Debug] Step 8 Reward: 0.2830
[VLM Debug] Step 24 Reward: 0.2883
[VLM Debug] Step 18 Reward: 0.2876
[VLM Debug] Step 18 Reward: 0.2913
[VLM Debug] Step 10 Reward: 0.2849
[VLM Debug] Step 26 Reward: 0.2903
[VLM Debug] Step 20 Reward: 0.2905
[VLM Debug] Step 20 Reward: 0.2915
[VLM Debug] Step 12 Reward: 0.2773
[VLM Debug] Step 28 Reward: 0.2925
[VLM Debug] Step 22 Reward: 0.2932
[VLM Debug] Step 22 Reward: 0.2881
[VLM Debug] Step 14 Reward: 0.2761
[VLM Debug] Step 30 Reward: 0.2874
global_step=6656, episodic_return=8.820
SPS: 171
[VLM Debug] Step 24 Reward: 0.2910
[VLM Debug] Step 24 Reward: 0.2888
[VLM Debug] Step 16 Reward: 0.2791
[VLM Debug] Reset Reward Calculated: 0.2834
[VLM Debug] Step 26 Reward: 0.2979
[VLM Debug] Step 26 Reward: 0.2917
[VLM Debug] Step 18 Reward: 0.2805
[VLM Debug] Step 2 Reward: 0.2834
global_step=6668, episodic_return=7.486
[VLM Debug] Reset Reward Calculated: 0.2773
[VLM Debug] Step 28 Reward: 0.2959
[VLM Debug] Step 20 Reward: 0.2842
[VLM Debug] Step 4 Reward: 0.2844
[VLM Debug] Step 2 Reward: 0.2737
[VLM Debug] Step 30 Reward: 0.2878
[VLM Debug] Step 22 Reward: 0.2925
[VLM Debug] Step 6 Reward: 0.2827
[VLM Debug] Step 4 Reward: 0.2720
[VLM Debug] Step 32 Reward: 0.2920
[VLM Debug] Step 24 Reward: 0.2917
[VLM Debug] Step 8 Reward: 0.2893
[VLM Debug] Step 6 Reward: 0.2791
[VLM Debug] Step 34 Reward: 0.2839
[VLM Debug] Step 26 Reward: 0.2874
[VLM Debug] Step 10 Reward: 0.2915
global_step=6700, episodic_return=7.344
[VLM Debug] Step 8 Reward: 0.2847
[VLM Debug] Reset Reward Calculated: 0.2832
[VLM Debug] Step 36 Reward: 0.2900
[VLM Debug] Step 12 Reward: 0.2861
[VLM Debug] Step 10 Reward: 0.2834
[VLM Debug] Step 2 Reward: 0.2832
[VLM Debug] Step 38 Reward: 0.2969
[VLM Debug] Step 14 Reward: 0.2881
[VLM Debug] Step 12 Reward: 0.2834
[VLM Debug] Step 4 Reward: 0.2808
[VLM Debug] Step 40 Reward: 0.2917
[VLM Debug] Step 16 Reward: 0.2854
[VLM Debug] Step 14 Reward: 0.2878
[VLM Debug] Step 6 Reward: 0.2820
[VLM Debug] Step 42 Reward: 0.2937
[VLM Debug] Step 18 Reward: 0.2969
global_step=6732, episodic_return=5.162
[VLM Debug] Step 16 Reward: 0.2881
[VLM Debug] Step 8 Reward: 0.2820
[VLM Debug] Reset Reward Calculated: 0.2805
[VLM Debug] Step 44 Reward: 0.2949
[VLM Debug] Step 18 Reward: 0.2896
[VLM Debug] Step 10 Reward: 0.2822
[VLM Debug] Step 2 Reward: 0.2808
[VLM Debug] Step 46 Reward: 0.2961
[VLM Debug] Step 20 Reward: 0.2920
[VLM Debug] Step 12 Reward: 0.2822
[VLM Debug] Step 4 Reward: 0.2834
[VLM Debug] Step 48 Reward: 0.2925
[VLM Debug] Step 22 Reward: 0.2896
[VLM Debug] Step 14 Reward: 0.2854
[VLM Debug] Step 6 Reward: 0.2839
[VLM Debug] Step 50 Reward: 0.2881
[VLM Debug] Step 24 Reward: 0.2900
[VLM Debug] Step 16 Reward: 0.2781
[VLM Debug] Step 8 Reward: 0.2874
[VLM Debug] Step 52 Reward: 0.2859
[VLM Debug] Step 26 Reward: 0.2886
[VLM Debug] Step 18 Reward: 0.2805
[VLM Debug] Step 10 Reward: 0.2883
[VLM Debug] Step 54 Reward: 0.2847
global_step=6780, episodic_return=7.681
[VLM Debug] Reset Reward Calculated: 0.2856
[VLM Debug] Step 20 Reward: 0.2847
[VLM Debug] Step 12 Reward: 0.2883
[VLM Debug] Step 56 Reward: 0.2815
[VLM Debug] Step 2 Reward: 0.2837
[VLM Debug] Step 22 Reward: 0.2869
[VLM Debug] Step 14 Reward: 0.2878
[VLM Debug] Step 58 Reward: 0.2876
global_step=6796, episodic_return=4.281
[VLM Debug] Step 4 Reward: 0.2856
[VLM Debug] Step 24 Reward: 0.2922
[VLM Debug] Reset Reward Calculated: 0.2744
[VLM Debug] Step 60 Reward: 0.2915
[VLM Debug] Step 6 Reward: 0.2856
[VLM Debug] Step 26 Reward: 0.2896
[VLM Debug] Step 2 Reward: 0.2791
[VLM Debug] Step 62 Reward: 0.2979
global_step=6812, episodic_return=17.920
[VLM Debug] Step 8 Reward: 0.2856
[VLM Debug] Reset Reward Calculated: 0.2793
[VLM Debug] Step 28 Reward: 0.2891
[VLM Debug] Step 4 Reward: 0.2791
[VLM Debug] Step 10 Reward: 0.2856
[VLM Debug] Step 2 Reward: 0.2793
[VLM Debug] Step 30 Reward: 0.2947
[VLM Debug] Step 6 Reward: 0.2771
global_step=6824, episodic_return=8.535
[VLM Debug] Reset Reward Calculated: 0.2756
[VLM Debug] Step 12 Reward: 0.2817
[VLM Debug] Step 4 Reward: 0.2759
[VLM Debug] Step 8 Reward: 0.2773
[VLM Debug] Step 2 Reward: 0.2742
[VLM Debug] Step 14 Reward: 0.2795
[VLM Debug] Step 6 Reward: 0.2786
[VLM Debug] Step 10 Reward: 0.2783
[VLM Debug] Step 4 Reward: 0.2771
[VLM Debug] Step 16 Reward: 0.2852
[VLM Debug] Step 8 Reward: 0.2798
[VLM Debug] Step 12 Reward: 0.2856
[VLM Debug] Step 6 Reward: 0.2773
[VLM Debug] Step 18 Reward: 0.2842
[VLM Debug] Step 10 Reward: 0.2842
[VLM Debug] Step 14 Reward: 0.2878
[VLM Debug] Step 8 Reward: 0.2815
[VLM Debug] Step 20 Reward: 0.2849
[VLM Debug] Step 12 Reward: 0.2881
[VLM Debug] Step 16 Reward: 0.2917
global_step=6864, episodic_return=4.495
[VLM Debug] Step 10 Reward: 0.2788
[VLM Debug] Reset Reward Calculated: 0.2791
[VLM Debug] Step 22 Reward: 0.2817
[VLM Debug] Step 14 Reward: 0.2834
[VLM Debug] Step 12 Reward: 0.2805
[VLM Debug] Step 2 Reward: 0.2800
[VLM Debug] Step 24 Reward: 0.2810
[VLM Debug] Step 16 Reward: 0.2852
[VLM Debug] Step 14 Reward: 0.2847
[VLM Debug] Step 4 Reward: 0.2803
[VLM Debug] Step 26 Reward: 0.2808
[VLM Debug] Step 18 Reward: 0.2842
[VLM Debug] Step 16 Reward: 0.2864
[VLM Debug] Step 6 Reward: 0.2815
[VLM Debug] Step 28 Reward: 0.2781
[VLM Debug] Step 20 Reward: 0.2786
[VLM Debug] Step 18 Reward: 0.2834
[VLM Debug] Step 8 Reward: 0.2839
[VLM Debug] Step 30 Reward: 0.2834
[VLM Debug] Step 22 Reward: 0.2839
[VLM Debug] Step 20 Reward: 0.2888
[VLM Debug] Step 10 Reward: 0.2891
[VLM Debug] Step 32 Reward: 0.2913
[VLM Debug] Step 24 Reward: 0.2781
global_step=6912, episodic_return=5.901
[VLM Debug] Reset Reward Calculated: 0.2832
[VLM Debug] Step 12 Reward: 0.2849
[VLM Debug] Step 34 Reward: 0.2903
[VLM Debug] Step 26 Reward: 0.2805
[VLM Debug] Step 2 Reward: 0.2788
[VLM Debug] Step 14 Reward: 0.2861
[VLM Debug] Step 36 Reward: 0.3010
[VLM Debug] Step 28 Reward: 0.2881
[VLM Debug] Step 4 Reward: 0.2832
[VLM Debug] Step 16 Reward: 0.2825
[VLM Debug] Step 38 Reward: 0.2986
[VLM Debug] Step 30 Reward: 0.2871
[VLM Debug] Step 6 Reward: 0.2849
[VLM Debug] Step 18 Reward: 0.2822
[VLM Debug] Step 40 Reward: 0.2942
[VLM Debug] Step 32 Reward: 0.2886
[VLM Debug] Step 8 Reward: 0.2773
[VLM Debug] Step 20 Reward: 0.2817
[VLM Debug] Step 42 Reward: 0.2971
[VLM Debug] Step 34 Reward: 0.2864
[VLM Debug] Step 10 Reward: 0.2820
[VLM Debug] Step 22 Reward: 0.2793
global_step=6956, episodic_return=12.324
[VLM Debug] Reset Reward Calculated: 0.2783
[VLM Debug] Step 36 Reward: 0.2771
[VLM Debug] Step 12 Reward: 0.2847
[VLM Debug] Step 24 Reward: 0.2744
[VLM Debug] Step 2 Reward: 0.2744
[VLM Debug] Step 38 Reward: 0.2874
[VLM Debug] Step 14 Reward: 0.2854
[VLM Debug] Step 26 Reward: 0.2747
[VLM Debug] Step 4 Reward: 0.2791
[VLM Debug] Step 40 Reward: 0.2961
[VLM Debug] Step 16 Reward: 0.2852
[VLM Debug] Step 28 Reward: 0.2808
[VLM Debug] Step 6 Reward: 0.2805
[VLM Debug] Step 42 Reward: 0.2979
[VLM Debug] Step 18 Reward: 0.2869
[VLM Debug] Step 30 Reward: 0.2810
[VLM Debug] Step 8 Reward: 0.2798
[VLM Debug] Step 44 Reward: 0.2896
global_step=6992, episodic_return=12.505
[VLM Debug] Reset Reward Calculated: 0.2830
[VLM Debug] Step 20 Reward: 0.2891
[VLM Debug] Step 32 Reward: 0.2883
[VLM Debug] Step 10 Reward: 0.2788
[VLM Debug] Step 2 Reward: 0.2800
[VLM Debug] Step 22 Reward: 0.2781
[VLM Debug] Step 34 Reward: 0.2922
[VLM Debug] Step 12 Reward: 0.2798
[VLM Debug] Step 4 Reward: 0.2798
[VLM Debug] Step 24 Reward: 0.2786
[VLM Debug] Step 36 Reward: 0.2896
[VLM Debug] Step 14 Reward: 0.2815
[VLM Debug] Step 6 Reward: 0.2830
[VLM Debug] Step 26 Reward: 0.2849
[VLM Debug] Step 38 Reward: 0.2935
[VLM Debug] Step 16 Reward: 0.2783
global_step=7024, episodic_return=11.051
[VLM Debug] Step 8 Reward: 0.2822
[VLM Debug] Step 28 Reward: 0.2888
[VLM Debug] Reset Reward Calculated: 0.2749
[VLM Debug] Step 18 Reward: 0.2744
[VLM Debug] Step 10 Reward: 0.2805
[VLM Debug] Step 30 Reward: 0.2783
[VLM Debug] Step 2 Reward: 0.2646
[VLM Debug] Step 20 Reward: 0.2834
[VLM Debug] Step 12 Reward: 0.2781
[VLM Debug] Step 32 Reward: 0.2808
[VLM Debug] Step 4 Reward: 0.2754
[VLM Debug] Step 22 Reward: 0.2864
[VLM Debug] Step 14 Reward: 0.2788
[VLM Debug] Step 34 Reward: 0.2778
[VLM Debug] Step 6 Reward: 0.2744
[VLM Debug] Step 24 Reward: 0.2878
[VLM Debug] Step 16 Reward: 0.2810
[VLM Debug] Step 36 Reward: 0.2764
[VLM Debug] Step 8 Reward: 0.2791
global_step=7060, episodic_return=7.007
[VLM Debug] Reset Reward Calculated: 0.2808
[VLM Debug] Step 18 Reward: 0.2839
[VLM Debug] Step 38 Reward: 0.2788
[VLM Debug] Step 10 Reward: 0.2791
[VLM Debug] Step 2 Reward: 0.2808
[VLM Debug] Step 20 Reward: 0.2903
[VLM Debug] Step 40 Reward: 0.2812
[VLM Debug] Step 12 Reward: 0.2791
[VLM Debug] Step 4 Reward: 0.2751
[VLM Debug] Step 22 Reward: 0.2832
[VLM Debug] Step 42 Reward: 0.2837
[VLM Debug] Step 14 Reward: 0.2800
[VLM Debug] Step 6 Reward: 0.2676
[VLM Debug] Step 24 Reward: 0.2883
[VLM Debug] Step 44 Reward: 0.2874
[VLM Debug] Step 16 Reward: 0.2786
[VLM Debug] Step 8 Reward: 0.2734
[VLM Debug] Step 26 Reward: 0.2888
[VLM Debug] Step 46 Reward: 0.2854
[VLM Debug] Step 18 Reward: 0.2776
[VLM Debug] Step 10 Reward: 0.2773
[VLM Debug] Step 28 Reward: 0.2910
[VLM Debug] Step 48 Reward: 0.2881
[VLM Debug] Step 20 Reward: 0.2808
[VLM Debug] Step 12 Reward: 0.2749
[VLM Debug] Step 30 Reward: 0.2947
[VLM Debug] Step 50 Reward: 0.2908
[VLM Debug] Step 22 Reward: 0.2808
[VLM Debug] Step 14 Reward: 0.2749
[VLM Debug] Step 32 Reward: 0.2910
[VLM Debug] Step 52 Reward: 0.2864
[VLM Debug] Step 24 Reward: 0.2832
[VLM Debug] Step 16 Reward: 0.2754
global_step=7128, episodic_return=9.392
[VLM Debug] Reset Reward Calculated: 0.2788
[VLM Debug] Step 54 Reward: 0.2917
[VLM Debug] Step 26 Reward: 0.2854
[VLM Debug] Step 18 Reward: 0.2771
[VLM Debug] Step 2 Reward: 0.2778
[VLM Debug] Step 56 Reward: 0.2822
[VLM Debug] Step 28 Reward: 0.2847
[VLM Debug] Step 20 Reward: 0.2744
[VLM Debug] Step 4 Reward: 0.2771
[VLM Debug] Step 58 Reward: 0.2871
[VLM Debug] Step 30 Reward: 0.2866
[VLM Debug] Step 22 Reward: 0.2805
[VLM Debug] Step 6 Reward: 0.2771
[VLM Debug] Step 60 Reward: 0.2866
[VLM Debug] Step 32 Reward: 0.2822
[VLM Debug] Step 24 Reward: 0.2808
[VLM Debug] Step 8 Reward: 0.2830
[VLM Debug] Step 62 Reward: 0.2883
[VLM Debug] Step 34 Reward: 0.2849
[VLM Debug] Step 26 Reward: 0.2812
SPS: 170
[VLM Debug] Step 10 Reward: 0.2932
[VLM Debug] Step 64 Reward: 0.2930
[VLM Debug] Step 36 Reward: 0.2896
[VLM Debug] Step 28 Reward: 0.2856
[VLM Debug] Step 12 Reward: 0.2866
[VLM Debug] Step 66 Reward: 0.2944
[VLM Debug] Step 38 Reward: 0.2864
global_step=7180, episodic_return=3.382
[VLM Debug] Step 30 Reward: 0.2856
[VLM Debug] Reset Reward Calculated: 0.2864
[VLM Debug] Step 68 Reward: 0.2891
[VLM Debug] Step 40 Reward: 0.2849
[VLM Debug] Step 32 Reward: 0.2832
[VLM Debug] Step 2 Reward: 0.2817
[VLM Debug] Step 70 Reward: 0.2930
[VLM Debug] Step 42 Reward: 0.2788
[VLM Debug] Step 34 Reward: 0.2849
[VLM Debug] Step 4 Reward: 0.2817
[VLM Debug] Step 72 Reward: 0.2876
[VLM Debug] Step 44 Reward: 0.2830
[VLM Debug] Step 36 Reward: 0.2849
[VLM Debug] Step 6 Reward: 0.2805
[VLM Debug] Step 74 Reward: 0.2917
[VLM Debug] Step 46 Reward: 0.2883
[VLM Debug] Step 38 Reward: 0.2842
[VLM Debug] Step 8 Reward: 0.2822
[VLM Debug] Step 76 Reward: 0.2954
[VLM Debug] Step 48 Reward: 0.2866
[VLM Debug] Step 40 Reward: 0.2869
[VLM Debug] Step 10 Reward: 0.2847
[VLM Debug] Step 78 Reward: 0.2952
[VLM Debug] Step 50 Reward: 0.2896
[VLM Debug] Step 42 Reward: 0.2866
[VLM Debug] Step 12 Reward: 0.2859
global_step=7232, episodic_return=22.560
--> New best model saved with return: 22.56
[VLM Debug] Reset Reward Calculated: 0.2773
[VLM Debug] Step 52 Reward: 0.2893
[VLM Debug] Step 44 Reward: 0.2849
[VLM Debug] Step 14 Reward: 0.2871
[VLM Debug] Step 2 Reward: 0.2844
[VLM Debug] Step 54 Reward: 0.2876
[VLM Debug] Step 46 Reward: 0.2881
[VLM Debug] Step 16 Reward: 0.2883
[VLM Debug] Step 4 Reward: 0.2844
[VLM Debug] Step 56 Reward: 0.2957
[VLM Debug] Step 48 Reward: 0.2866
[VLM Debug] Step 18 Reward: 0.2913
[VLM Debug] Step 6 Reward: 0.2769
[VLM Debug] Step 58 Reward: 0.2979
[VLM Debug] Step 50 Reward: 0.2786
[VLM Debug] Step 20 Reward: 0.2910
[VLM Debug] Step 8 Reward: 0.2788
[VLM Debug] Step 60 Reward: 0.2969
[VLM Debug] Step 52 Reward: 0.2808
[VLM Debug] Step 22 Reward: 0.2920
[VLM Debug] Step 10 Reward: 0.2739
[VLM Debug] Step 62 Reward: 0.2913
global_step=7276, episodic_return=6.579
[VLM Debug] Step 54 Reward: 0.2832
[VLM Debug] Reset Reward Calculated: 0.2800
[VLM Debug] Step 12 Reward: 0.2739
[VLM Debug] Step 64 Reward: 0.2971
[VLM Debug] Step 56 Reward: 0.2810
[VLM Debug] Step 2 Reward: 0.2788
global_step=7288, episodic_return=18.473
[VLM Debug] Step 14 Reward: 0.2771
[VLM Debug] Reset Reward Calculated: 0.2800
[VLM Debug] Step 58 Reward: 0.2866
[VLM Debug] Step 4 Reward: 0.2766
[VLM Debug] Step 16 Reward: 0.2778
[VLM Debug] Step 2 Reward: 0.2791
[VLM Debug] Step 60 Reward: 0.2893
[VLM Debug] Step 6 Reward: 0.2756
[VLM Debug] Step 18 Reward: 0.2825
[VLM Debug] Step 4 Reward: 0.2822
[VLM Debug] Step 62 Reward: 0.2930
[VLM Debug] Step 8 Reward: 0.2756
[VLM Debug] Step 20 Reward: 0.2751
[VLM Debug] Step 6 Reward: 0.2849
[VLM Debug] Step 64 Reward: 0.2959
[VLM Debug] Step 10 Reward: 0.2756
[VLM Debug] Step 22 Reward: 0.2769
[VLM Debug] Step 8 Reward: 0.2864
global_step=7324, episodic_return=18.328
[VLM Debug] Reset Reward Calculated: 0.2795
[VLM Debug] Step 12 Reward: 0.2739
[VLM Debug] Step 24 Reward: 0.2764
[VLM Debug] Step 10 Reward: 0.2832
[VLM Debug] Step 2 Reward: 0.2815
[VLM Debug] Step 14 Reward: 0.2761
[VLM Debug] Step 26 Reward: 0.2827
[VLM Debug] Step 12 Reward: 0.2844
[VLM Debug] Step 4 Reward: 0.2815
[VLM Debug] Step 16 Reward: 0.2739
[VLM Debug] Step 28 Reward: 0.2832
[VLM Debug] Step 14 Reward: 0.2893
[VLM Debug] Step 6 Reward: 0.2827
[VLM Debug] Step 18 Reward: 0.2783
[VLM Debug] Step 30 Reward: 0.2769
[VLM Debug] Step 16 Reward: 0.2891
[VLM Debug] Step 8 Reward: 0.2795
[VLM Debug] Step 20 Reward: 0.2788
[VLM Debug] Step 32 Reward: 0.2896
[VLM Debug] Step 18 Reward: 0.2908
[VLM Debug] Step 10 Reward: 0.2786
[VLM Debug] Step 22 Reward: 0.2800
[VLM Debug] Step 34 Reward: 0.2903
[VLM Debug] Step 20 Reward: 0.2910
[VLM Debug] Step 12 Reward: 0.2795
[VLM Debug] Step 24 Reward: 0.2800
[VLM Debug] Step 36 Reward: 0.2881
[VLM Debug] Step 22 Reward: 0.2930
[VLM Debug] Step 14 Reward: 0.2803
[VLM Debug] Step 26 Reward: 0.2800
global_step=7384, episodic_return=6.587
[VLM Debug] Step 38 Reward: 0.2893
[VLM Debug] Reset Reward Calculated: 0.2798
[VLM Debug] Step 16 Reward: 0.2761
[VLM Debug] Step 28 Reward: 0.2788
[VLM Debug] Step 40 Reward: 0.2913
[VLM Debug] Step 2 Reward: 0.2749
[VLM Debug] Step 18 Reward: 0.2842
[VLM Debug] Step 30 Reward: 0.2808
[VLM Debug] Step 42 Reward: 0.2939
[VLM Debug] Step 4 Reward: 0.2798
[VLM Debug] Step 20 Reward: 0.2842
[VLM Debug] Step 32 Reward: 0.2854
[VLM Debug] Step 44 Reward: 0.2932
[VLM Debug] Step 6 Reward: 0.2791
[VLM Debug] Step 22 Reward: 0.2791
[VLM Debug] Step 34 Reward: 0.2854
[VLM Debug] Step 46 Reward: 0.2942
[VLM Debug] Step 8 Reward: 0.2791
[VLM Debug] Step 24 Reward: 0.2847
[VLM Debug] Step 36 Reward: 0.2825
[VLM Debug] Step 48 Reward: 0.2954
[VLM Debug] Step 10 Reward: 0.2793
global_step=7428, episodic_return=13.594
[VLM Debug] Step 26 Reward: 0.2876
[VLM Debug] Step 38 Reward: 0.2805
[VLM Debug] Reset Reward Calculated: 0.2771
[VLM Debug] Step 12 Reward: 0.2805
[VLM Debug] Step 28 Reward: 0.2878
[VLM Debug] Step 40 Reward: 0.2886
[VLM Debug] Step 2 Reward: 0.2771
[VLM Debug] Step 14 Reward: 0.2788
[VLM Debug] Step 30 Reward: 0.2871
[VLM Debug] Step 42 Reward: 0.2922
[VLM Debug] Step 4 Reward: 0.2771
[VLM Debug] Step 16 Reward: 0.2798
[VLM Debug] Step 32 Reward: 0.2896
[VLM Debug] Step 44 Reward: 0.2905
[VLM Debug] Step 6 Reward: 0.2817
[VLM Debug] Step 18 Reward: 0.2798
[VLM Debug] Step 34 Reward: 0.2893
[VLM Debug] Step 46 Reward: 0.2883
[VLM Debug] Step 8 Reward: 0.2815
[VLM Debug] Step 20 Reward: 0.2788
[VLM Debug] Step 36 Reward: 0.2876
[VLM Debug] Step 48 Reward: 0.2900
[VLM Debug] Step 10 Reward: 0.2817
[VLM Debug] Step 22 Reward: 0.2795
[VLM Debug] Step 38 Reward: 0.2893
[VLM Debug] Step 50 Reward: 0.2803
[VLM Debug] Step 12 Reward: 0.2856
[VLM Debug] Step 24 Reward: 0.2793
[VLM Debug] Step 40 Reward: 0.2881
[VLM Debug] Step 52 Reward: 0.2927
[VLM Debug] Step 14 Reward: 0.2886
[VLM Debug] Step 26 Reward: 0.2793
[VLM Debug] Step 42 Reward: 0.2913
[VLM Debug] Step 54 Reward: 0.2952
[VLM Debug] Step 16 Reward: 0.2937
[VLM Debug] Step 28 Reward: 0.2798
[VLM Debug] Step 44 Reward: 0.2869
[VLM Debug] Step 56 Reward: 0.2961
[VLM Debug] Step 18 Reward: 0.2903
[VLM Debug] Step 30 Reward: 0.2786
[VLM Debug] Step 46 Reward: 0.2898
[VLM Debug] Step 58 Reward: 0.2949
[VLM Debug] Step 20 Reward: 0.2891
global_step=7512, episodic_return=16.397
[VLM Debug] Reset Reward Calculated: 0.2761
[VLM Debug] Step 32 Reward: 0.2805
[VLM Debug] Step 48 Reward: 0.2891
[VLM Debug] Step 22 Reward: 0.2891
[VLM Debug] Step 2 Reward: 0.2761
[VLM Debug] Step 34 Reward: 0.2786
[VLM Debug] Step 50 Reward: 0.2937
[VLM Debug] Step 24 Reward: 0.2871
global_step=7528, episodic_return=14.244
[VLM Debug] Reset Reward Calculated: 0.2888
[VLM Debug] Step 4 Reward: 0.2761
[VLM Debug] Step 36 Reward: 0.2795
[VLM Debug] Step 26 Reward: 0.2839
[VLM Debug] Step 2 Reward: 0.2888
[VLM Debug] Step 6 Reward: 0.2852
[VLM Debug] Step 38 Reward: 0.2788
[VLM Debug] Step 28 Reward: 0.2876
[VLM Debug] Step 4 Reward: 0.2744
[VLM Debug] Step 8 Reward: 0.2837
[VLM Debug] Step 40 Reward: 0.2791
[VLM Debug] Step 30 Reward: 0.2913
[VLM Debug] Step 6 Reward: 0.2808
[VLM Debug] Step 10 Reward: 0.2773
[VLM Debug] Step 42 Reward: 0.2795
[VLM Debug] Step 32 Reward: 0.2849
[VLM Debug] Step 8 Reward: 0.2788
[VLM Debug] Step 12 Reward: 0.2844
[VLM Debug] Step 44 Reward: 0.2810
[VLM Debug] Step 34 Reward: 0.2917
[VLM Debug] Step 10 Reward: 0.2810
[VLM Debug] Step 14 Reward: 0.2886
[VLM Debug] Step 46 Reward: 0.2852
[VLM Debug] Step 36 Reward: 0.2971
[VLM Debug] Step 12 Reward: 0.2864
[VLM Debug] Step 16 Reward: 0.2930
[VLM Debug] Step 48 Reward: 0.2827
[VLM Debug] Step 38 Reward: 0.2805
[VLM Debug] Step 14 Reward: 0.2793
[VLM Debug] Step 18 Reward: 0.2925
[VLM Debug] Step 50 Reward: 0.2815
[VLM Debug] Step 40 Reward: 0.2905
[VLM Debug] Step 16 Reward: 0.2783
[VLM Debug] Step 20 Reward: 0.2869
[VLM Debug] Step 52 Reward: 0.2886
[VLM Debug] Step 42 Reward: 0.2939
[VLM Debug] Step 18 Reward: 0.2776
[VLM Debug] Step 22 Reward: 0.2874
[VLM Debug] Step 54 Reward: 0.2871
[VLM Debug] Step 44 Reward: 0.2910
[VLM Debug] Step 20 Reward: 0.2817
[VLM Debug] Step 24 Reward: 0.2839
[VLM Debug] Step 56 Reward: 0.2888
[VLM Debug] Step 46 Reward: 0.2917
[VLM Debug] Step 22 Reward: 0.2847
[VLM Debug] Step 26 Reward: 0.2925
[VLM Debug] Step 58 Reward: 0.2822
[VLM Debug] Step 48 Reward: 0.2961
[VLM Debug] Step 24 Reward: 0.2842
[VLM Debug] Step 28 Reward: 0.2905
[VLM Debug] Step 60 Reward: 0.2803
[VLM Debug] Step 50 Reward: 0.2922
[VLM Debug] Step 26 Reward: 0.2847
[VLM Debug] Step 30 Reward: 0.2925
[VLM Debug] Step 62 Reward: 0.2893
[VLM Debug] Step 52 Reward: 0.2983
[VLM Debug] Step 28 Reward: 0.2859
[VLM Debug] Step 32 Reward: 0.2927
[VLM Debug] Step 64 Reward: 0.2937
[VLM Debug] Step 54 Reward: 0.2942
[VLM Debug] Step 30 Reward: 0.2891
[VLM Debug] Step 34 Reward: 0.2913
[VLM Debug] Step 66 Reward: 0.2944
global_step=7652, episodic_return=9.734
[VLM Debug] Reset Reward Calculated: 0.2810
[VLM Debug] Step 56 Reward: 0.2939
[VLM Debug] Step 32 Reward: 0.2910
[VLM Debug] Step 68 Reward: 0.2966
[VLM Debug] Step 2 Reward: 0.2800
[VLM Debug] Step 58 Reward: 0.2876
[VLM Debug] Step 34 Reward: 0.2910
[VLM Debug] Step 70 Reward: 0.2957
[VLM Debug] Step 4 Reward: 0.2810
[VLM Debug] Step 60 Reward: 0.2832
[VLM Debug] Step 36 Reward: 0.2881
[VLM Debug] Step 72 Reward: 0.2886
global_step=7676, episodic_return=17.582
[VLM Debug] Step 6 Reward: 0.2842
[VLM Debug] Reset Reward Calculated: 0.2849
global_step=7680, episodic_return=20.636
SPS: 170
[VLM Debug] Step 38 Reward: 0.2939
[VLM Debug] Reset Reward Calculated: 0.2793
[VLM Debug] Step 8 Reward: 0.2773
[VLM Debug] Step 2 Reward: 0.2832
[VLM Debug] Step 40 Reward: 0.2971
[VLM Debug] Step 2 Reward: 0.2761
[VLM Debug] Step 10 Reward: 0.2803
[VLM Debug] Step 4 Reward: 0.2820
[VLM Debug] Step 42 Reward: 0.2942
[VLM Debug] Step 4 Reward: 0.2754
[VLM Debug] Step 12 Reward: 0.2830
[VLM Debug] Step 6 Reward: 0.2764
[VLM Debug] Step 44 Reward: 0.2864
[VLM Debug] Step 6 Reward: 0.2793
[VLM Debug] Step 14 Reward: 0.2817
[VLM Debug] Step 8 Reward: 0.2856
[VLM Debug] Step 46 Reward: 0.2920
[VLM Debug] Step 8 Reward: 0.2793
[VLM Debug] Step 16 Reward: 0.2866
[VLM Debug] Step 10 Reward: 0.2856
[VLM Debug] Step 48 Reward: 0.2908
[VLM Debug] Step 10 Reward: 0.2817
[VLM Debug] Step 18 Reward: 0.2834
[VLM Debug] Step 12 Reward: 0.2844
global_step=7728, episodic_return=14.009
[VLM Debug] Reset Reward Calculated: 0.2810
[VLM Debug] Step 12 Reward: 0.2786
[VLM Debug] Step 20 Reward: 0.2910
[VLM Debug] Step 14 Reward: 0.2832
[VLM Debug] Step 2 Reward: 0.2810
[VLM Debug] Step 14 Reward: 0.2778
[VLM Debug] Step 22 Reward: 0.2898
[VLM Debug] Step 16 Reward: 0.2812
[VLM Debug] Step 4 Reward: 0.2786
[VLM Debug] Step 16 Reward: 0.2776
[VLM Debug] Step 24 Reward: 0.2896
[VLM Debug] Step 18 Reward: 0.2800
[VLM Debug] Step 6 Reward: 0.2764
[VLM Debug] Step 18 Reward: 0.2732
[VLM Debug] Step 26 Reward: 0.2927
[VLM Debug] Step 20 Reward: 0.2898
[VLM Debug] Step 8 Reward: 0.2773
[VLM Debug] Step 20 Reward: 0.2803
[VLM Debug] Step 28 Reward: 0.2961
[VLM Debug] Step 22 Reward: 0.2881
[VLM Debug] Step 10 Reward: 0.2808
[VLM Debug] Step 22 Reward: 0.2805
[VLM Debug] Step 30 Reward: 0.2969
[VLM Debug] Step 24 Reward: 0.2783
[VLM Debug] Step 12 Reward: 0.2820
[VLM Debug] Step 24 Reward: 0.2793
[VLM Debug] Step 32 Reward: 0.2876
[VLM Debug] Step 26 Reward: 0.2864
[VLM Debug] Step 14 Reward: 0.2817
[VLM Debug] Step 26 Reward: 0.2825
[VLM Debug] Step 34 Reward: 0.2949
[VLM Debug] Step 28 Reward: 0.2812
[VLM Debug] Step 16 Reward: 0.2812
[VLM Debug] Step 28 Reward: 0.2803
[VLM Debug] Step 36 Reward: 0.2905
[VLM Debug] Step 30 Reward: 0.2905
[VLM Debug] Step 18 Reward: 0.2769
[VLM Debug] Step 30 Reward: 0.2847
[VLM Debug] Step 38 Reward: 0.2805
[VLM Debug] Step 32 Reward: 0.2920
[VLM Debug] Step 20 Reward: 0.2871
[VLM Debug] Step 32 Reward: 0.2832
[VLM Debug] Step 40 Reward: 0.2825
[VLM Debug] Step 34 Reward: 0.2932
[VLM Debug] Step 22 Reward: 0.2866
[VLM Debug] Step 34 Reward: 0.2847
[VLM Debug] Step 42 Reward: 0.2910
[VLM Debug] Step 36 Reward: 0.2964
[VLM Debug] Step 24 Reward: 0.2917
[VLM Debug] Step 36 Reward: 0.2896
[VLM Debug] Step 44 Reward: 0.2903
[VLM Debug] Step 38 Reward: 0.2952
[VLM Debug] Step 26 Reward: 0.2917
[VLM Debug] Step 38 Reward: 0.2888
[VLM Debug] Step 46 Reward: 0.2861
[VLM Debug] Step 40 Reward: 0.2966
global_step=7840, episodic_return=7.627
[VLM Debug] Reset Reward Calculated: 0.2737
[VLM Debug] Step 40 Reward: 0.2915
[VLM Debug] Step 48 Reward: 0.2861
[VLM Debug] Step 42 Reward: 0.2986
[VLM Debug] Step 2 Reward: 0.2693
[VLM Debug] Step 42 Reward: 0.2910
[VLM Debug] Step 50 Reward: 0.2915
[VLM Debug] Step 44 Reward: 0.2979
global_step=7856, episodic_return=12.639
[VLM Debug] Step 4 Reward: 0.2852
[VLM Debug] Reset Reward Calculated: 0.2808
[VLM Debug] Step 44 Reward: 0.2917
global_step=7860, episodic_return=12.402
[VLM Debug] Step 52 Reward: 0.2952
[VLM Debug] Reset Reward Calculated: 0.2844
[VLM Debug] Step 6 Reward: 0.2849
[VLM Debug] Step 2 Reward: 0.2854
[VLM Debug] Step 54 Reward: 0.2957
[VLM Debug] Step 2 Reward: 0.2781
global_step=7872, episodic_return=15.517
[VLM Debug] Step 8 Reward: 0.2825
[VLM Debug] Reset Reward Calculated: 0.2803
[VLM Debug] Step 4 Reward: 0.2827
[VLM Debug] Step 4 Reward: 0.2795
[VLM Debug] Step 10 Reward: 0.2825
[VLM Debug] Step 2 Reward: 0.2803
[VLM Debug] Step 6 Reward: 0.2827
[VLM Debug] Step 6 Reward: 0.2810
[VLM Debug] Step 12 Reward: 0.2864
[VLM Debug] Step 4 Reward: 0.2793
[VLM Debug] Step 8 Reward: 0.2839
[VLM Debug] Step 8 Reward: 0.2844
[VLM Debug] Step 14 Reward: 0.2886
[VLM Debug] Step 6 Reward: 0.2732
[VLM Debug] Step 10 Reward: 0.2832
[VLM Debug] Step 10 Reward: 0.2842
[VLM Debug] Step 16 Reward: 0.2861
[VLM Debug] Step 8 Reward: 0.2793
[VLM Debug] Step 12 Reward: 0.2803
[VLM Debug] Step 12 Reward: 0.2764
[VLM Debug] Step 18 Reward: 0.2783
[VLM Debug] Step 10 Reward: 0.2791
[VLM Debug] Step 14 Reward: 0.2852
[VLM Debug] Step 14 Reward: 0.2803
[VLM Debug] Step 20 Reward: 0.2783
[VLM Debug] Step 12 Reward: 0.2791
[VLM Debug] Step 16 Reward: 0.2822
[VLM Debug] Step 16 Reward: 0.2854
[VLM Debug] Step 22 Reward: 0.2808
[VLM Debug] Step 14 Reward: 0.2808
[VLM Debug] Step 18 Reward: 0.2837
[VLM Debug] Step 18 Reward: 0.2817
[VLM Debug] Step 24 Reward: 0.2832
[VLM Debug] Step 16 Reward: 0.2803
[VLM Debug] Step 20 Reward: 0.2805
[VLM Debug] Step 20 Reward: 0.2803
[VLM Debug] Step 26 Reward: 0.2837
[VLM Debug] Step 18 Reward: 0.2852
[VLM Debug] Step 22 Reward: 0.2869
[VLM Debug] Step 22 Reward: 0.2878
[VLM Debug] Step 28 Reward: 0.2864
[VLM Debug] Step 20 Reward: 0.2795
[VLM Debug] Step 24 Reward: 0.2893
[VLM Debug] Step 24 Reward: 0.2876
[VLM Debug] Step 30 Reward: 0.2876
[VLM Debug] Step 22 Reward: 0.2820
[VLM Debug] Step 26 Reward: 0.2883
[VLM Debug] Step 26 Reward: 0.2847
[VLM Debug] Step 32 Reward: 0.2859
[VLM Debug] Step 24 Reward: 0.2849
[VLM Debug] Step 28 Reward: 0.2883
[VLM Debug] Step 28 Reward: 0.2908
[VLM Debug] Step 34 Reward: 0.2864
[VLM Debug] Step 26 Reward: 0.2869
[VLM Debug] Step 30 Reward: 0.2881
[VLM Debug] Step 30 Reward: 0.2891
[VLM Debug] Step 36 Reward: 0.2874
[VLM Debug] Step 28 Reward: 0.2854
[VLM Debug] Step 32 Reward: 0.2869
[VLM Debug] Step 32 Reward: 0.2900
[VLM Debug] Step 38 Reward: 0.2861
[VLM Debug] Step 30 Reward: 0.2883
[VLM Debug] Step 34 Reward: 0.2891
[VLM Debug] Step 34 Reward: 0.2959
[VLM Debug] Step 40 Reward: 0.2690
[VLM Debug] Step 32 Reward: 0.2805
[VLM Debug] Step 36 Reward: 0.2864
[VLM Debug] Step 36 Reward: 0.2947
[VLM Debug] Step 42 Reward: 0.2842
[VLM Debug] Step 34 Reward: 0.2856
[VLM Debug] Step 38 Reward: 0.2839
[VLM Debug] Step 38 Reward: 0.2947
[VLM Debug] Step 44 Reward: 0.2891
[VLM Debug] Step 36 Reward: 0.2908
[VLM Debug] Step 40 Reward: 0.2839
[VLM Debug] Step 40 Reward: 0.2935
[VLM Debug] Step 46 Reward: 0.2903
[VLM Debug] Step 38 Reward: 0.2910
[VLM Debug] Step 42 Reward: 0.2854
global_step=8028, episodic_return=11.724
[VLM Debug] Reset Reward Calculated: 0.2798
[VLM Debug] Step 48 Reward: 0.2900
[VLM Debug] Step 40 Reward: 0.2898
[VLM Debug] Step 44 Reward: 0.2815
[VLM Debug] Step 2 Reward: 0.2798
[VLM Debug] Step 50 Reward: 0.2839
[VLM Debug] Step 42 Reward: 0.2954
[VLM Debug] Step 46 Reward: 0.2822
[VLM Debug] Step 4 Reward: 0.2791
[VLM Debug] Step 52 Reward: 0.2910
[VLM Debug] Step 44 Reward: 0.2844
[VLM Debug] Step 48 Reward: 0.2932
[VLM Debug] Step 6 Reward: 0.2771
[VLM Debug] Step 54 Reward: 0.2954
[VLM Debug] Step 46 Reward: 0.2856
[VLM Debug] Step 50 Reward: 0.2927
[VLM Debug] Step 8 Reward: 0.2866
[VLM Debug] Step 56 Reward: 0.2952
[VLM Debug] Step 48 Reward: 0.2898
[VLM Debug] Step 52 Reward: 0.2900
[VLM Debug] Step 10 Reward: 0.2866
[VLM Debug] Step 58 Reward: 0.2900
[VLM Debug] Step 50 Reward: 0.2961
[VLM Debug] Step 54 Reward: 0.2942
[VLM Debug] Step 12 Reward: 0.2888
[VLM Debug] Step 60 Reward: 0.2927
[VLM Debug] Step 52 Reward: 0.2915
[VLM Debug] Step 56 Reward: 0.2903
[VLM Debug] Step 14 Reward: 0.2878
[VLM Debug] Step 62 Reward: 0.2910
[VLM Debug] Step 54 Reward: 0.2905
[VLM Debug] Step 58 Reward: 0.2891
[VLM Debug] Step 16 Reward: 0.2852
[VLM Debug] Step 64 Reward: 0.2935
[VLM Debug] Step 56 Reward: 0.2925
[VLM Debug] Step 60 Reward: 0.2832
[VLM Debug] Step 18 Reward: 0.2891
[VLM Debug] Step 66 Reward: 0.2891
[VLM Debug] Step 58 Reward: 0.2959
[VLM Debug] Step 62 Reward: 0.2839
[VLM Debug] Step 20 Reward: 0.2920
[VLM Debug] Step 68 Reward: 0.2896
[VLM Debug] Step 60 Reward: 0.3010
[VLM Debug] Step 64 Reward: 0.2922
[VLM Debug] Step 22 Reward: 0.2915
[VLM Debug] Step 70 Reward: 0.2859
[VLM Debug] Step 62 Reward: 0.2949
[VLM Debug] Step 66 Reward: 0.2866
[VLM Debug] Step 24 Reward: 0.2896
[VLM Debug] Step 72 Reward: 0.2888
[VLM Debug] Step 64 Reward: 0.2815
[VLM Debug] Step 68 Reward: 0.2874
[VLM Debug] Step 26 Reward: 0.2893
[VLM Debug] Step 74 Reward: 0.2778
[VLM Debug] Step 66 Reward: 0.2861
[VLM Debug] Step 70 Reward: 0.2903
[VLM Debug] Step 28 Reward: 0.2908
[VLM Debug] Step 76 Reward: 0.2864
[VLM Debug] Step 68 Reward: 0.2754
[VLM Debug] Step 72 Reward: 0.2942
[VLM Debug] Step 30 Reward: 0.2935
[VLM Debug] Step 78 Reward: 0.2922
[VLM Debug] Step 70 Reward: 0.2832
[VLM Debug] Step 74 Reward: 0.2964
[VLM Debug] Step 32 Reward: 0.2915
[VLM Debug] Step 80 Reward: 0.2861
[VLM Debug] Step 72 Reward: 0.2915
[VLM Debug] Step 76 Reward: 0.2981
global_step=8164, episodic_return=9.476
[VLM Debug] Reset Reward Calculated: 0.2859
[VLM Debug] Step 82 Reward: 0.2898
[VLM Debug] Step 74 Reward: 0.2969
[VLM Debug] Step 78 Reward: 0.2959
[VLM Debug] Step 2 Reward: 0.2856
global_step=8176, episodic_return=23.735
--> New best model saved with return: 23.73
global_step=8176, episodic_return=21.467
[VLM Debug] Reset Reward Calculated: 0.2830
[VLM Debug] Reset Reward Calculated: 0.2744
[VLM Debug] Step 80 Reward: 0.2969
[VLM Debug] Step 4 Reward: 0.2854
[VLM Debug] Step 2 Reward: 0.2817
[VLM Debug] Step 2 Reward: 0.2791
[VLM Debug] Step 82 Reward: 0.2986
[VLM Debug] Step 6 Reward: 0.2866
SPS: 170
[VLM Debug] Step 4 Reward: 0.2830
[VLM Debug] Step 4 Reward: 0.2852
[VLM Debug] Step 84 Reward: 0.2947
[VLM Debug] Step 8 Reward: 0.2861
[VLM Debug] Step 6 Reward: 0.2805
[VLM Debug] Step 6 Reward: 0.2842
[VLM Debug] Step 86 Reward: 0.2874
[VLM Debug] Step 10 Reward: 0.2876
[VLM Debug] Step 8 Reward: 0.2812
[VLM Debug] Step 8 Reward: 0.2905
[VLM Debug] Step 88 Reward: 0.2913
[VLM Debug] Step 12 Reward: 0.2859
global_step=8216, episodic_return=3.435
[VLM Debug] Step 10 Reward: 0.2803
[VLM Debug] Step 10 Reward: 0.2905
[VLM Debug] Step 90 Reward: 0.2900
[VLM Debug] Reset Reward Calculated: 0.2842
[VLM Debug] Step 12 Reward: 0.2808
[VLM Debug] Step 12 Reward: 0.2886
[VLM Debug] Step 92 Reward: 0.2930
[VLM Debug] Step 2 Reward: 0.2842
[VLM Debug] Step 14 Reward: 0.2847
[VLM Debug] Step 14 Reward: 0.2871
[VLM Debug] Step 94 Reward: 0.2866
[VLM Debug] Step 4 Reward: 0.2852
[VLM Debug] Step 16 Reward: 0.2866
[VLM Debug] Step 16 Reward: 0.2859
[VLM Debug] Step 96 Reward: 0.2861
[VLM Debug] Step 6 Reward: 0.2903
[VLM Debug] Step 18 Reward: 0.2812
[VLM Debug] Step 18 Reward: 0.2876
[VLM Debug] Step 98 Reward: 0.2864
[VLM Debug] Step 8 Reward: 0.2920
global_step=8256, episodic_return=2.587
[VLM Debug] Step 20 Reward: 0.2832
[VLM Debug] Step 20 Reward: 0.2861
[VLM Debug] Step 100 Reward: 0.2854
[VLM Debug] Reset Reward Calculated: 0.2744
global_step=8264, episodic_return=29.089
--> New best model saved with return: 29.09
[VLM Debug] Step 22 Reward: 0.2844
[VLM Debug] Step 22 Reward: 0.2844
[VLM Debug] Reset Reward Calculated: 0.2793
[VLM Debug] Step 2 Reward: 0.2754
[VLM Debug] Step 24 Reward: 0.2856
[VLM Debug] Step 24 Reward: 0.2859
[VLM Debug] Step 2 Reward: 0.2793
[VLM Debug] Step 4 Reward: 0.2754
[VLM Debug] Step 26 Reward: 0.2861
[VLM Debug] Step 26 Reward: 0.2859
[VLM Debug] Step 4 Reward: 0.2744
[VLM Debug] Step 6 Reward: 0.2754
[VLM Debug] Step 28 Reward: 0.2874
[VLM Debug] Step 28 Reward: 0.2839
[VLM Debug] Step 6 Reward: 0.2744
[VLM Debug] Step 8 Reward: 0.2754
[VLM Debug] Step 30 Reward: 0.2893
[VLM Debug] Step 30 Reward: 0.2883
[VLM Debug] Step 8 Reward: 0.2744
[VLM Debug] Step 10 Reward: 0.2771
[VLM Debug] Step 32 Reward: 0.2917
[VLM Debug] Step 32 Reward: 0.2864
[VLM Debug] Step 10 Reward: 0.2798
[VLM Debug] Step 12 Reward: 0.2888
[VLM Debug] Step 34 Reward: 0.2927
[VLM Debug] Step 34 Reward: 0.2876
[VLM Debug] Step 12 Reward: 0.2744
[VLM Debug] Step 14 Reward: 0.2881
[VLM Debug] Step 36 Reward: 0.2876
[VLM Debug] Step 36 Reward: 0.2849
[VLM Debug] Step 14 Reward: 0.2754
[VLM Debug] Step 16 Reward: 0.2917
[VLM Debug] Step 38 Reward: 0.2878
[VLM Debug] Step 38 Reward: 0.2876
[VLM Debug] Step 16 Reward: 0.2754
[VLM Debug] Step 18 Reward: 0.2927
[VLM Debug] Step 40 Reward: 0.2891
[VLM Debug] Step 40 Reward: 0.2900
[VLM Debug] Step 18 Reward: 0.2749
[VLM Debug] Step 20 Reward: 0.2852
[VLM Debug] Step 42 Reward: 0.2922
[VLM Debug] Step 42 Reward: 0.2979
[VLM Debug] Step 20 Reward: 0.2798
[VLM Debug] Step 22 Reward: 0.2922
[VLM Debug] Step 44 Reward: 0.2952
[VLM Debug] Step 44 Reward: 0.2954
[VLM Debug] Step 22 Reward: 0.2749
[VLM Debug] Step 24 Reward: 0.2932
[VLM Debug] Step 46 Reward: 0.2957
[VLM Debug] Step 46 Reward: 0.2881
[VLM Debug] Step 24 Reward: 0.2783
[VLM Debug] Step 26 Reward: 0.2922
global_step=8368, episodic_return=7.680
[VLM Debug] Step 48 Reward: 0.2964
[VLM Debug] Step 48 Reward: 0.2859
[VLM Debug] Step 26 Reward: 0.2786
[VLM Debug] Reset Reward Calculated: 0.2859
global_step=8372, episodic_return=13.756
[VLM Debug] Reset Reward Calculated: 0.2793
[VLM Debug] Step 50 Reward: 0.2834
[VLM Debug] Step 28 Reward: 0.2773
[VLM Debug] Step 2 Reward: 0.2822
[VLM Debug] Step 2 Reward: 0.2771
[VLM Debug] Step 52 Reward: 0.2651
[VLM Debug] Step 30 Reward: 0.2773
[VLM Debug] Step 4 Reward: 0.2830
[VLM Debug] Step 4 Reward: 0.2798
[VLM Debug] Step 54 Reward: 0.2859
[VLM Debug] Step 32 Reward: 0.2734
[VLM Debug] Step 6 Reward: 0.2842
[VLM Debug] Step 6 Reward: 0.2830
[VLM Debug] Step 56 Reward: 0.2793
[VLM Debug] Step 34 Reward: 0.2737
[VLM Debug] Step 8 Reward: 0.2788
[VLM Debug] Step 8 Reward: 0.2832
[VLM Debug] Step 58 Reward: 0.2878
[VLM Debug] Step 36 Reward: 0.2693
[VLM Debug] Step 10 Reward: 0.2798
[VLM Debug] Step 10 Reward: 0.2825
[VLM Debug] Step 60 Reward: 0.2786
[VLM Debug] Step 38 Reward: 0.2720
[VLM Debug] Step 12 Reward: 0.2842
[VLM Debug] Step 12 Reward: 0.2817
[VLM Debug] Step 62 Reward: 0.2839
[VLM Debug] Step 40 Reward: 0.2720
[VLM Debug] Step 14 Reward: 0.2825
[VLM Debug] Step 14 Reward: 0.2771
[VLM Debug] Step 64 Reward: 0.2903
[VLM Debug] Step 42 Reward: 0.2808
[VLM Debug] Step 16 Reward: 0.2839
[VLM Debug] Step 16 Reward: 0.2800
[VLM Debug] Step 66 Reward: 0.2886
[VLM Debug] Step 44 Reward: 0.2795
[VLM Debug] Step 18 Reward: 0.2896
[VLM Debug] Step 18 Reward: 0.2800
[VLM Debug] Step 68 Reward: 0.2903
[VLM Debug] Step 46 Reward: 0.2795
[VLM Debug] Step 20 Reward: 0.2898
[VLM Debug] Step 20 Reward: 0.2800
global_step=8456, episodic_return=19.735
[VLM Debug] Reset Reward Calculated: 0.2773
[VLM Debug] Step 48 Reward: 0.2817
[VLM Debug] Step 22 Reward: 0.2883
[VLM Debug] Step 22 Reward: 0.2795
[VLM Debug] Step 2 Reward: 0.2788
[VLM Debug] Step 50 Reward: 0.2827
[VLM Debug] Step 24 Reward: 0.2949
[VLM Debug] Step 24 Reward: 0.2791
[VLM Debug] Step 4 Reward: 0.2773
[VLM Debug] Step 52 Reward: 0.2847
[VLM Debug] Step 26 Reward: 0.2966
[VLM Debug] Step 26 Reward: 0.2805
[VLM Debug] Step 6 Reward: 0.2773
[VLM Debug] Step 54 Reward: 0.2834
[VLM Debug] Step 28 Reward: 0.2920
global_step=8484, episodic_return=8.013
[VLM Debug] Step 28 Reward: 0.2839
[VLM Debug] Reset Reward Calculated: 0.2822
[VLM Debug] Step 8 Reward: 0.2791
[VLM Debug] Step 56 Reward: 0.2847
[VLM Debug] Step 30 Reward: 0.2839
[VLM Debug] Step 2 Reward: 0.2827
[VLM Debug] Step 10 Reward: 0.2808
[VLM Debug] Step 58 Reward: 0.2893
[VLM Debug] Step 32 Reward: 0.2825
[VLM Debug] Step 4 Reward: 0.2839
[VLM Debug] Step 12 Reward: 0.2844
[VLM Debug] Step 60 Reward: 0.2888
[VLM Debug] Step 34 Reward: 0.2822
[VLM Debug] Step 6 Reward: 0.2864
[VLM Debug] Step 14 Reward: 0.2856
[VLM Debug] Step 62 Reward: 0.2852
[VLM Debug] Step 36 Reward: 0.2812
[VLM Debug] Step 8 Reward: 0.2817
[VLM Debug] Step 16 Reward: 0.2839
[VLM Debug] Step 64 Reward: 0.2822
[VLM Debug] Step 38 Reward: 0.2832
[VLM Debug] Step 10 Reward: 0.2761
[VLM Debug] Step 18 Reward: 0.2871
[VLM Debug] Step 66 Reward: 0.2822
[VLM Debug] Step 40 Reward: 0.2812
[VLM Debug] Step 12 Reward: 0.2781
[VLM Debug] Step 20 Reward: 0.2930
[VLM Debug] Step 68 Reward: 0.2832
[VLM Debug] Step 42 Reward: 0.2825
[VLM Debug] Step 14 Reward: 0.2803
[VLM Debug] Step 22 Reward: 0.2881
[VLM Debug] Step 70 Reward: 0.2859
[VLM Debug] Step 44 Reward: 0.2883
[VLM Debug] Step 16 Reward: 0.2878
[VLM Debug] Step 24 Reward: 0.2849
[VLM Debug] Step 72 Reward: 0.2898
[VLM Debug] Step 46 Reward: 0.2805
[VLM Debug] Step 18 Reward: 0.2856
[VLM Debug] Step 26 Reward: 0.2893
[VLM Debug] Step 74 Reward: 0.2861
[VLM Debug] Step 48 Reward: 0.2832
[VLM Debug] Step 20 Reward: 0.2908
[VLM Debug] Step 28 Reward: 0.2869
[VLM Debug] Step 76 Reward: 0.2891
[VLM Debug] Step 50 Reward: 0.2876
[VLM Debug] Step 22 Reward: 0.2866
[VLM Debug] Step 30 Reward: 0.2917
[VLM Debug] Step 78 Reward: 0.2908
[VLM Debug] Step 52 Reward: 0.2993
[VLM Debug] Step 24 Reward: 0.2896
global_step=8584, episodic_return=14.667
[VLM Debug] Reset Reward Calculated: 0.2791
[VLM Debug] Step 32 Reward: 0.2903
[VLM Debug] Step 80 Reward: 0.2842
global_step=8588, episodic_return=9.104
[VLM Debug] Reset Reward Calculated: 0.2798
[VLM Debug] Step 26 Reward: 0.2852
[VLM Debug] Step 2 Reward: 0.2791
[VLM Debug] Step 82 Reward: 0.2856
[VLM Debug] Step 2 Reward: 0.2800
[VLM Debug] Step 28 Reward: 0.2876
[VLM Debug] Step 4 Reward: 0.2808
[VLM Debug] Step 84 Reward: 0.2881
[VLM Debug] Step 4 Reward: 0.2812
[VLM Debug] Step 30 Reward: 0.2896
[VLM Debug] Step 6 Reward: 0.2844
[VLM Debug] Step 86 Reward: 0.2883
[VLM Debug] Step 6 Reward: 0.2834
[VLM Debug] Step 32 Reward: 0.2898
[VLM Debug] Step 8 Reward: 0.2800
[VLM Debug] Step 88 Reward: 0.2917
[VLM Debug] Step 8 Reward: 0.2791
[VLM Debug] Step 34 Reward: 0.2844
[VLM Debug] Step 10 Reward: 0.2886
[VLM Debug] Step 90 Reward: 0.2922
[VLM Debug] Step 10 Reward: 0.2805
[VLM Debug] Step 36 Reward: 0.2786
[VLM Debug] Step 12 Reward: 0.2886
[VLM Debug] Step 92 Reward: 0.2900
[VLM Debug] Step 12 Reward: 0.2805
[VLM Debug] Step 38 Reward: 0.2773
[VLM Debug] Step 14 Reward: 0.2866
[VLM Debug] Step 94 Reward: 0.2881
[VLM Debug] Step 14 Reward: 0.2800
[VLM Debug] Step 40 Reward: 0.2783
[VLM Debug] Step 16 Reward: 0.2842
[VLM Debug] Step 96 Reward: 0.2791
[VLM Debug] Step 16 Reward: 0.2805
[VLM Debug] Step 42 Reward: 0.2769
[VLM Debug] Step 18 Reward: 0.2786
[VLM Debug] Step 98 Reward: 0.2812
[VLM Debug] Step 18 Reward: 0.2820
[VLM Debug] Step 44 Reward: 0.2825
[VLM Debug] Step 20 Reward: 0.2805
[VLM Debug] Step 100 Reward: 0.2939
[VLM Debug] Step 20 Reward: 0.2881
[VLM Debug] Step 46 Reward: 0.2798
[VLM Debug] Step 22 Reward: 0.2766
[VLM Debug] Step 102 Reward: 0.2932
[VLM Debug] Step 22 Reward: 0.2871
[VLM Debug] Step 48 Reward: 0.2856
[VLM Debug] Step 24 Reward: 0.2832
[VLM Debug] Step 104 Reward: 0.2883
[VLM Debug] Step 24 Reward: 0.2910
[VLM Debug] Step 50 Reward: 0.2888
[VLM Debug] Step 26 Reward: 0.2817
[VLM Debug] Step 106 Reward: 0.2900
global_step=8692, episodic_return=7.067
[VLM Debug] Reset Reward Calculated: 0.2791
[VLM Debug] Step 52 Reward: 0.2927
global_step=8696, episodic_return=7.625
[VLM Debug] Reset Reward Calculated: 0.2830
[VLM Debug] Step 108 Reward: 0.2886
[VLM Debug] Step 2 Reward: 0.2791
[VLM Debug] Step 54 Reward: 0.2952
global_step=8704, episodic_return=30.762
--> New best model saved with return: 30.76
SPS: 170
[VLM Debug] Step 2 Reward: 0.2805
[VLM Debug] Reset Reward Calculated: 0.2842
global_step=8708, episodic_return=15.646
[VLM Debug] Step 4 Reward: 0.2793
[VLM Debug] Reset Reward Calculated: 0.2776
[VLM Debug] Step 4 Reward: 0.2786
[VLM Debug] Step 2 Reward: 0.2842
[VLM Debug] Step 6 Reward: 0.2791
[VLM Debug] Step 2 Reward: 0.2776
[VLM Debug] Step 6 Reward: 0.2786
[VLM Debug] Step 4 Reward: 0.2842
[VLM Debug] Step 8 Reward: 0.2744
[VLM Debug] Step 4 Reward: 0.2788
[VLM Debug] Step 8 Reward: 0.2830
[VLM Debug] Step 6 Reward: 0.2832
[VLM Debug] Step 10 Reward: 0.2786
[VLM Debug] Step 6 Reward: 0.2798
[VLM Debug] Step 10 Reward: 0.2852
[VLM Debug] Step 8 Reward: 0.2842
[VLM Debug] Step 12 Reward: 0.2888
[VLM Debug] Step 8 Reward: 0.2786
[VLM Debug] Step 12 Reward: 0.2852
[VLM Debug] Step 10 Reward: 0.2793
[VLM Debug] Step 14 Reward: 0.2888
[VLM Debug] Step 10 Reward: 0.2788
[VLM Debug] Step 14 Reward: 0.2937
[VLM Debug] Step 12 Reward: 0.2771
[VLM Debug] Step 16 Reward: 0.2896
[VLM Debug] Step 12 Reward: 0.2822
[VLM Debug] Step 16 Reward: 0.2944
[VLM Debug] Step 14 Reward: 0.2832
[VLM Debug] Step 18 Reward: 0.2913
[VLM Debug] Step 14 Reward: 0.2878
[VLM Debug] Step 18 Reward: 0.2778
[VLM Debug] Step 16 Reward: 0.2922
global_step=8772, episodic_return=5.119
[VLM Debug] Reset Reward Calculated: 0.2783
[VLM Debug] Step 20 Reward: 0.2922
[VLM Debug] Step 16 Reward: 0.2898
[VLM Debug] Step 18 Reward: 0.2908
[VLM Debug] Step 2 Reward: 0.2778
[VLM Debug] Step 22 Reward: 0.2922
[VLM Debug] Step 18 Reward: 0.2913
[VLM Debug] Step 20 Reward: 0.2942
[VLM Debug] Step 4 Reward: 0.2798
[VLM Debug] Step 24 Reward: 0.2927
[VLM Debug] Step 20 Reward: 0.2922
[VLM Debug] Step 22 Reward: 0.2917
global_step=8796, episodic_return=7.131
[VLM Debug] Step 6 Reward: 0.2874
[VLM Debug] Reset Reward Calculated: 0.2791
[VLM Debug] Step 22 Reward: 0.2847
[VLM Debug] Step 24 Reward: 0.2910
[VLM Debug] Step 8 Reward: 0.2881
[VLM Debug] Step 2 Reward: 0.2791
[VLM Debug] Step 24 Reward: 0.2854
[VLM Debug] Step 26 Reward: 0.2927
[VLM Debug] Step 10 Reward: 0.2891
[VLM Debug] Step 4 Reward: 0.2800
[VLM Debug] Step 26 Reward: 0.2878
global_step=8816, episodic_return=7.740
[VLM Debug] Reset Reward Calculated: 0.2737
[VLM Debug] Step 12 Reward: 0.2832
[VLM Debug] Step 6 Reward: 0.2800
[VLM Debug] Step 28 Reward: 0.2920
[VLM Debug] Step 2 Reward: 0.2737
[VLM Debug] Step 14 Reward: 0.2856
[VLM Debug] Step 8 Reward: 0.2800
[VLM Debug] Step 30 Reward: 0.2971
[VLM Debug] Step 4 Reward: 0.2756
[VLM Debug] Step 16 Reward: 0.2913
[VLM Debug] Step 10 Reward: 0.2793
[VLM Debug] Step 32 Reward: 0.2927
[VLM Debug] Step 6 Reward: 0.2761
[VLM Debug] Step 18 Reward: 0.2876
[VLM Debug] Step 12 Reward: 0.2788
[VLM Debug] Step 34 Reward: 0.2942
[VLM Debug] Step 8 Reward: 0.2761
[VLM Debug] Step 20 Reward: 0.2913
[VLM Debug] Step 14 Reward: 0.2817
[VLM Debug] Step 36 Reward: 0.2954
[VLM Debug] Step 10 Reward: 0.2803
[VLM Debug] Step 22 Reward: 0.2888
[VLM Debug] Step 16 Reward: 0.2822
[VLM Debug] Step 38 Reward: 0.2942
global_step=8864, episodic_return=10.904
[VLM Debug] Step 12 Reward: 0.2832
[VLM Debug] Reset Reward Calculated: 0.2820
[VLM Debug] Step 24 Reward: 0.2910
[VLM Debug] Step 18 Reward: 0.2822
[VLM Debug] Step 14 Reward: 0.2820
[VLM Debug] Step 2 Reward: 0.2820
[VLM Debug] Step 26 Reward: 0.2908
[VLM Debug] Step 20 Reward: 0.2859
global_step=8880, episodic_return=7.451
[VLM Debug] Reset Reward Calculated: 0.2771
[VLM Debug] Step 16 Reward: 0.2808
[VLM Debug] Step 4 Reward: 0.2837
[VLM Debug] Step 22 Reward: 0.2839
[VLM Debug] Step 2 Reward: 0.2761
[VLM Debug] Step 18 Reward: 0.2886
[VLM Debug] Step 6 Reward: 0.2852
[VLM Debug] Step 24 Reward: 0.2832
[VLM Debug] Step 4 Reward: 0.2773
[VLM Debug] Step 20 Reward: 0.2893
[VLM Debug] Step 8 Reward: 0.2849
[VLM Debug] Step 26 Reward: 0.2856
[VLM Debug] Step 6 Reward: 0.2744
[VLM Debug] Step 22 Reward: 0.2874
[VLM Debug] Step 10 Reward: 0.2817
[VLM Debug] Step 28 Reward: 0.2800
[VLM Debug] Step 8 Reward: 0.2825
[VLM Debug] Step 24 Reward: 0.2856
[VLM Debug] Step 12 Reward: 0.2812
[VLM Debug] Step 30 Reward: 0.2866
[VLM Debug] Step 10 Reward: 0.2849
[VLM Debug] Step 26 Reward: 0.2927
[VLM Debug] Step 14 Reward: 0.2844
[VLM Debug] Step 32 Reward: 0.2917
[VLM Debug] Step 12 Reward: 0.2849
[VLM Debug] Step 28 Reward: 0.2891
[VLM Debug] Step 16 Reward: 0.2856
[VLM Debug] Step 34 Reward: 0.2922
[VLM Debug] Step 14 Reward: 0.2849
[VLM Debug] Step 30 Reward: 0.2839
[VLM Debug] Step 18 Reward: 0.2837
[VLM Debug] Step 36 Reward: 0.2842
global_step=8944, episodic_return=10.189
[VLM Debug] Step 16 Reward: 0.2856
[VLM Debug] Reset Reward Calculated: 0.2812
[VLM Debug] Step 32 Reward: 0.2969
[VLM Debug] Step 20 Reward: 0.2825
[VLM Debug] Step 18 Reward: 0.2927
[VLM Debug] Step 2 Reward: 0.2812
[VLM Debug] Step 34 Reward: 0.2925
[VLM Debug] Step 22 Reward: 0.2866
[VLM Debug] Step 20 Reward: 0.2866
[VLM Debug] Step 4 Reward: 0.2834
[VLM Debug] Step 36 Reward: 0.2974
[VLM Debug] Step 24 Reward: 0.2720
[VLM Debug] Step 22 Reward: 0.2893
[VLM Debug] Step 6 Reward: 0.2805
[VLM Debug] Step 38 Reward: 0.2959
[VLM Debug] Step 26 Reward: 0.2749
global_step=8972, episodic_return=6.227
global_step=8972, episodic_return=10.832
[VLM Debug] Reset Reward Calculated: 0.2864
[VLM Debug] Reset Reward Calculated: 0.2788
[VLM Debug] Step 8 Reward: 0.2834
[VLM Debug] Step 28 Reward: 0.2825
[VLM Debug] Step 2 Reward: 0.2859
[VLM Debug] Step 2 Reward: 0.2788
[VLM Debug] Step 10 Reward: 0.2861
[VLM Debug] Step 30 Reward: 0.2832
[VLM Debug] Step 4 Reward: 0.2864
[VLM Debug] Step 4 Reward: 0.2788
[VLM Debug] Step 12 Reward: 0.2869
[VLM Debug] Step 32 Reward: 0.2915
[VLM Debug] Step 6 Reward: 0.2864
[VLM Debug] Step 6 Reward: 0.2788
[VLM Debug] Step 14 Reward: 0.2878
[VLM Debug] Step 34 Reward: 0.2927
[VLM Debug] Step 8 Reward: 0.2832
[VLM Debug] Step 8 Reward: 0.2778
[VLM Debug] Step 16 Reward: 0.2869
[VLM Debug] Step 36 Reward: 0.2947
[VLM Debug] Step 10 Reward: 0.2832
[VLM Debug] Step 10 Reward: 0.2783
[VLM Debug] Step 18 Reward: 0.2869
[VLM Debug] Step 38 Reward: 0.2949
[VLM Debug] Step 12 Reward: 0.2812
[VLM Debug] Step 12 Reward: 0.2776
[VLM Debug] Step 20 Reward: 0.2881
[VLM Debug] Step 40 Reward: 0.2991
[VLM Debug] Step 14 Reward: 0.2769
[VLM Debug] Step 14 Reward: 0.2776
global_step=9032, episodic_return=11.696
[VLM Debug] Step 22 Reward: 0.2896
[VLM Debug] Reset Reward Calculated: 0.2805
[VLM Debug] Step 16 Reward: 0.2805
[VLM Debug] Step 16 Reward: 0.2825
[VLM Debug] Step 24 Reward: 0.2861
[VLM Debug] Step 2 Reward: 0.2798
[VLM Debug] Step 18 Reward: 0.2832
[VLM Debug] Step 18 Reward: 0.2800
[VLM Debug] Step 26 Reward: 0.2842
[VLM Debug] Step 4 Reward: 0.2861
[VLM Debug] Step 20 Reward: 0.2834
[VLM Debug] Step 20 Reward: 0.2854
[VLM Debug] Step 28 Reward: 0.2856
[VLM Debug] Step 6 Reward: 0.2866
[VLM Debug] Step 22 Reward: 0.2859
[VLM Debug] Step 22 Reward: 0.2856
[VLM Debug] Step 30 Reward: 0.2842
[VLM Debug] Step 8 Reward: 0.2869
[VLM Debug] Step 24 Reward: 0.2854
[VLM Debug] Step 24 Reward: 0.2866
[VLM Debug] Step 32 Reward: 0.2812
[VLM Debug] Step 10 Reward: 0.2849
[VLM Debug] Step 26 Reward: 0.2869
[VLM Debug] Step 26 Reward: 0.2847
[VLM Debug] Step 34 Reward: 0.2769
[VLM Debug] Step 12 Reward: 0.2837
[VLM Debug] Step 28 Reward: 0.2871
[VLM Debug] Step 28 Reward: 0.2866
[VLM Debug] Step 36 Reward: 0.2795
[VLM Debug] Step 14 Reward: 0.2861
[VLM Debug] Step 30 Reward: 0.2866
[VLM Debug] Step 30 Reward: 0.2861
[VLM Debug] Step 38 Reward: 0.2805
[VLM Debug] Step 16 Reward: 0.2888
[VLM Debug] Step 32 Reward: 0.2864
[VLM Debug] Step 32 Reward: 0.2883
[VLM Debug] Step 40 Reward: 0.2788
[VLM Debug] Step 18 Reward: 0.2839
[VLM Debug] Step 34 Reward: 0.2864
[VLM Debug] Step 34 Reward: 0.2905
[VLM Debug] Step 42 Reward: 0.2761
[VLM Debug] Step 20 Reward: 0.2817
[VLM Debug] Step 36 Reward: 0.2878
[VLM Debug] Step 36 Reward: 0.2908
[VLM Debug] Step 44 Reward: 0.2822
[VLM Debug] Step 22 Reward: 0.2817
[VLM Debug] Step 38 Reward: 0.2856
[VLM Debug] Step 38 Reward: 0.2896
[VLM Debug] Step 46 Reward: 0.2847
[VLM Debug] Step 24 Reward: 0.2815
[VLM Debug] Step 40 Reward: 0.2881
[VLM Debug] Step 40 Reward: 0.2837
[VLM Debug] Step 48 Reward: 0.2878
[VLM Debug] Step 26 Reward: 0.2869
[VLM Debug] Step 42 Reward: 0.2856
[VLM Debug] Step 42 Reward: 0.2878
[VLM Debug] Step 50 Reward: 0.2861
[VLM Debug] Step 28 Reward: 0.2876
[VLM Debug] Step 44 Reward: 0.2856
[VLM Debug] Step 44 Reward: 0.2891
[VLM Debug] Step 52 Reward: 0.2922
[VLM Debug] Step 30 Reward: 0.2964
[VLM Debug] Step 46 Reward: 0.2898
[VLM Debug] Step 46 Reward: 0.2854
[VLM Debug] Step 54 Reward: 0.2947
[VLM Debug] Step 32 Reward: 0.2944
global_step=9164, episodic_return=9.140
[VLM Debug] Step 48 Reward: 0.2898
[VLM Debug] Step 48 Reward: 0.2900
[VLM Debug] Reset Reward Calculated: 0.2756
[VLM Debug] Step 56 Reward: 0.2939
[VLM Debug] Step 50 Reward: 0.2878
[VLM Debug] Step 50 Reward: 0.2876
[VLM Debug] Step 2 Reward: 0.2803
[VLM Debug] Step 58 Reward: 0.2915
[VLM Debug] Step 52 Reward: 0.2874
[VLM Debug] Step 52 Reward: 0.2893
[VLM Debug] Step 4 Reward: 0.2783
[VLM Debug] Step 60 Reward: 0.2886
[VLM Debug] Step 54 Reward: 0.2852
[VLM Debug] Step 54 Reward: 0.2878
[VLM Debug] Step 6 Reward: 0.2791
[VLM Debug] Step 62 Reward: 0.2959
[VLM Debug] Step 56 Reward: 0.2871
[VLM Debug] Step 56 Reward: 0.2952
[VLM Debug] Step 8 Reward: 0.2788
[VLM Debug] Step 64 Reward: 0.2952
global_step=9204, episodic_return=16.240
[VLM Debug] Step 58 Reward: 0.2898
[VLM Debug] Reset Reward Calculated: 0.2808
[VLM Debug] Step 10 Reward: 0.2791
[VLM Debug] Step 66 Reward: 0.2947
[VLM Debug] Step 60 Reward: 0.2881
[VLM Debug] Step 2 Reward: 0.2744
[VLM Debug] Step 12 Reward: 0.2810
SPS: 170
[VLM Debug] Step 68 Reward: 0.2932
[VLM Debug] Step 62 Reward: 0.2859
[VLM Debug] Step 4 Reward: 0.2751
[VLM Debug] Step 14 Reward: 0.2769
[VLM Debug] Step 70 Reward: 0.2876
[VLM Debug] Step 64 Reward: 0.2844
[VLM Debug] Step 6 Reward: 0.2661
[VLM Debug] Step 16 Reward: 0.2776
[VLM Debug] Step 72 Reward: 0.2908
[VLM Debug] Step 66 Reward: 0.2805
[VLM Debug] Step 8 Reward: 0.2761
[VLM Debug] Step 18 Reward: 0.2844
[VLM Debug] Step 74 Reward: 0.2910
[VLM Debug] Step 68 Reward: 0.2805
[VLM Debug] Step 10 Reward: 0.2761
[VLM Debug] Step 20 Reward: 0.2888
[VLM Debug] Step 76 Reward: 0.2922
[VLM Debug] Step 70 Reward: 0.2839
[VLM Debug] Step 12 Reward: 0.2769
[VLM Debug] Step 22 Reward: 0.2852
[VLM Debug] Step 78 Reward: 0.2830
[VLM Debug] Step 72 Reward: 0.2883
[VLM Debug] Step 14 Reward: 0.2888
[VLM Debug] Step 24 Reward: 0.2869
[VLM Debug] Step 80 Reward: 0.2847
[VLM Debug] Step 74 Reward: 0.2903
[VLM Debug] Step 16 Reward: 0.2874
[VLM Debug] Step 26 Reward: 0.2913
[VLM Debug] Step 82 Reward: 0.2827
global_step=9276, episodic_return=7.611
[VLM Debug] Step 76 Reward: 0.2905
[VLM Debug] Step 18 Reward: 0.2891
[VLM Debug] Reset Reward Calculated: 0.2834
[VLM Debug] Step 84 Reward: 0.2922
[VLM Debug] Step 78 Reward: 0.2920
[VLM Debug] Step 20 Reward: 0.2891
[VLM Debug] Step 2 Reward: 0.2834
[VLM Debug] Step 86 Reward: 0.2903
[VLM Debug] Step 80 Reward: 0.2920
[VLM Debug] Step 22 Reward: 0.2869
[VLM Debug] Step 4 Reward: 0.2810
[VLM Debug] Step 88 Reward: 0.2908
[VLM Debug] Step 82 Reward: 0.2849
[VLM Debug] Step 24 Reward: 0.2854
[VLM Debug] Step 6 Reward: 0.2834
[VLM Debug] Step 90 Reward: 0.2869
[VLM Debug] Step 84 Reward: 0.2847
[VLM Debug] Step 26 Reward: 0.2837
[VLM Debug] Step 8 Reward: 0.2834
[VLM Debug] Step 92 Reward: 0.2886
[VLM Debug] Step 86 Reward: 0.2917
[VLM Debug] Step 28 Reward: 0.2812
[VLM Debug] Step 10 Reward: 0.2847
[VLM Debug] Step 94 Reward: 0.2864
[VLM Debug] Step 88 Reward: 0.2922
[VLM Debug] Step 30 Reward: 0.2825
[VLM Debug] Step 12 Reward: 0.2825
[VLM Debug] Step 96 Reward: 0.2900
[VLM Debug] Step 90 Reward: 0.2888
[VLM Debug] Step 32 Reward: 0.2825
[VLM Debug] Step 14 Reward: 0.2788
[VLM Debug] Step 98 Reward: 0.2922
[VLM Debug] Step 92 Reward: 0.2871
[VLM Debug] Step 34 Reward: 0.2810
[VLM Debug] Step 16 Reward: 0.2827
[VLM Debug] Step 100 Reward: 0.2942
[VLM Debug] Step 94 Reward: 0.2949
[VLM Debug] Step 36 Reward: 0.2861
[VLM Debug] Step 18 Reward: 0.2822
[VLM Debug] Step 102 Reward: 0.2949
[VLM Debug] Step 96 Reward: 0.2979
[VLM Debug] Step 38 Reward: 0.2861
[VLM Debug] Step 20 Reward: 0.2822
[VLM Debug] Step 104 Reward: 0.2910
global_step=9364, episodic_return=27.813
[VLM Debug] Reset Reward Calculated: 0.2788
[VLM Debug] Step 40 Reward: 0.2881
[VLM Debug] Step 22 Reward: 0.2825
[VLM Debug] Step 106 Reward: 0.2991
[VLM Debug] Step 2 Reward: 0.2778
[VLM Debug] Step 42 Reward: 0.2898
[VLM Debug] Step 24 Reward: 0.2837
[VLM Debug] Step 108 Reward: 0.2964
[VLM Debug] Step 4 Reward: 0.2817
[VLM Debug] Step 44 Reward: 0.2842
[VLM Debug] Step 26 Reward: 0.2832
global_step=9384, episodic_return=31.361
--> New best model saved with return: 31.36
[VLM Debug] Reset Reward Calculated: 0.2805
[VLM Debug] Step 6 Reward: 0.2822
[VLM Debug] Step 46 Reward: 0.2869
[VLM Debug] Step 28 Reward: 0.2847
[VLM Debug] Step 2 Reward: 0.2771
[VLM Debug] Step 8 Reward: 0.2856
[VLM Debug] Step 48 Reward: 0.2869
[VLM Debug] Step 30 Reward: 0.2861
[VLM Debug] Step 4 Reward: 0.2788
[VLM Debug] Step 10 Reward: 0.2812
[VLM Debug] Step 50 Reward: 0.2939
[VLM Debug] Step 32 Reward: 0.2856
[VLM Debug] Step 6 Reward: 0.2788
[VLM Debug] Step 12 Reward: 0.2812
[VLM Debug] Step 52 Reward: 0.2959
[VLM Debug] Step 34 Reward: 0.2869
[VLM Debug] Step 8 Reward: 0.2788
[VLM Debug] Step 14 Reward: 0.2803
[VLM Debug] Step 54 Reward: 0.2915
[VLM Debug] Step 36 Reward: 0.2776
[VLM Debug] Step 10 Reward: 0.2856
[VLM Debug] Step 16 Reward: 0.2822
[VLM Debug] Step 56 Reward: 0.2935
[VLM Debug] Step 38 Reward: 0.2805
[VLM Debug] Step 12 Reward: 0.2856
[VLM Debug] Step 18 Reward: 0.2869
[VLM Debug] Step 58 Reward: 0.2964
[VLM Debug] Step 40 Reward: 0.2810
[VLM Debug] Step 14 Reward: 0.2837
[VLM Debug] Step 20 Reward: 0.2893
[VLM Debug] Step 60 Reward: 0.2859
[VLM Debug] Step 42 Reward: 0.2690
[VLM Debug] Step 16 Reward: 0.2842
[VLM Debug] Step 22 Reward: 0.2839
[VLM Debug] Step 62 Reward: 0.2915
[VLM Debug] Step 44 Reward: 0.2808
global_step=9456, episodic_return=6.220
[VLM Debug] Reset Reward Calculated: 0.2866
[VLM Debug] Step 18 Reward: 0.2834
[VLM Debug] Step 64 Reward: 0.2908
[VLM Debug] Step 46 Reward: 0.2793
[VLM Debug] Step 2 Reward: 0.2847
[VLM Debug] Step 20 Reward: 0.2817
[VLM Debug] Step 66 Reward: 0.2949
[VLM Debug] Step 48 Reward: 0.2832
[VLM Debug] Step 4 Reward: 0.2839
[VLM Debug] Step 22 Reward: 0.2830
[VLM Debug] Step 68 Reward: 0.2935
[VLM Debug] Step 50 Reward: 0.2891
[VLM Debug] Step 6 Reward: 0.2839
[VLM Debug] Step 24 Reward: 0.2822
[VLM Debug] Step 70 Reward: 0.2878
[VLM Debug] Step 52 Reward: 0.2888
[VLM Debug] Step 8 Reward: 0.2896
[VLM Debug] Step 26 Reward: 0.2820
[VLM Debug] Step 72 Reward: 0.2947
[VLM Debug] Step 54 Reward: 0.2917
[VLM Debug] Step 10 Reward: 0.2913
[VLM Debug] Step 28 Reward: 0.2786
global_step=9500, episodic_return=2.862
[VLM Debug] Reset Reward Calculated: 0.2822
[VLM Debug] Step 74 Reward: 0.2944
[VLM Debug] Step 56 Reward: 0.2915
[VLM Debug] Step 30 Reward: 0.2812
[VLM Debug] Step 2 Reward: 0.2788
[VLM Debug] Step 76 Reward: 0.2979
[VLM Debug] Step 58 Reward: 0.2927
[VLM Debug] Step 32 Reward: 0.2781
[VLM Debug] Step 4 Reward: 0.2788
[VLM Debug] Step 78 Reward: 0.2913
[VLM Debug] Step 60 Reward: 0.2954
[VLM Debug] Step 34 Reward: 0.2871
[VLM Debug] Step 6 Reward: 0.2832
[VLM Debug] Step 80 Reward: 0.2903
[VLM Debug] Step 62 Reward: 0.2988
[VLM Debug] Step 36 Reward: 0.2891
[VLM Debug] Step 8 Reward: 0.2832
[VLM Debug] Step 82 Reward: 0.2888
[VLM Debug] Step 64 Reward: 0.2981
[VLM Debug] Step 38 Reward: 0.2852
[VLM Debug] Step 10 Reward: 0.2761
[VLM Debug] Step 84 Reward: 0.2866
[VLM Debug] Step 66 Reward: 0.2976
[VLM Debug] Step 40 Reward: 0.2837
[VLM Debug] Step 12 Reward: 0.2761
[VLM Debug] Step 86 Reward: 0.2937
[VLM Debug] Step 68 Reward: 0.2915
[VLM Debug] Step 42 Reward: 0.2954
[VLM Debug] Step 14 Reward: 0.2761
[VLM Debug] Step 88 Reward: 0.2874
[VLM Debug] Step 70 Reward: 0.2886
[VLM Debug] Step 44 Reward: 0.2954
[VLM Debug] Step 16 Reward: 0.2781
[VLM Debug] Step 90 Reward: 0.2952
[VLM Debug] Step 72 Reward: 0.2947
global_step=9568, episodic_return=20.563
[VLM Debug] Step 46 Reward: 0.2959
[VLM Debug] Reset Reward Calculated: 0.2810
[VLM Debug] Step 18 Reward: 0.2761
[VLM Debug] Step 92 Reward: 0.2932
[VLM Debug] Step 48 Reward: 0.2949
[VLM Debug] Step 2 Reward: 0.2800
[VLM Debug] Step 20 Reward: 0.2781
[VLM Debug] Step 94 Reward: 0.2903
[VLM Debug] Step 50 Reward: 0.2986
[VLM Debug] Step 4 Reward: 0.2781
[VLM Debug] Step 22 Reward: 0.2781
[VLM Debug] Step 96 Reward: 0.2935
[VLM Debug] Step 52 Reward: 0.2893
[VLM Debug] Step 6 Reward: 0.2773
global_step=9596, episodic_return=14.826
[VLM Debug] Step 24 Reward: 0.2781
[VLM Debug] Reset Reward Calculated: 0.2808
[VLM Debug] Step 98 Reward: 0.2932
[VLM Debug] Step 8 Reward: 0.2852
[VLM Debug] Step 26 Reward: 0.2769
[VLM Debug] Step 2 Reward: 0.2808
[VLM Debug] Step 100 Reward: 0.2842
[VLM Debug] Step 10 Reward: 0.2898
[VLM Debug] Step 28 Reward: 0.2769
[VLM Debug] Step 4 Reward: 0.2737
[VLM Debug] Step 102 Reward: 0.2861
[VLM Debug] Step 12 Reward: 0.2922
[VLM Debug] Step 30 Reward: 0.2837
[VLM Debug] Step 6 Reward: 0.2793
[VLM Debug] Step 104 Reward: 0.2800
[VLM Debug] Step 14 Reward: 0.2878
[VLM Debug] Step 32 Reward: 0.2822
[VLM Debug] Step 8 Reward: 0.2805
[VLM Debug] Step 106 Reward: 0.3020
global_step=9632, episodic_return=30.476
[VLM Debug] Reset Reward Calculated: 0.2786
[VLM Debug] Step 16 Reward: 0.2925
[VLM Debug] Step 34 Reward: 0.2834
[VLM Debug] Step 10 Reward: 0.2786
[VLM Debug] Step 2 Reward: 0.2776
[VLM Debug] Step 18 Reward: 0.2861
[VLM Debug] Step 36 Reward: 0.2822
[VLM Debug] Step 12 Reward: 0.2822
[VLM Debug] Step 4 Reward: 0.2800
[VLM Debug] Step 20 Reward: 0.2861
[VLM Debug] Step 38 Reward: 0.2805
[VLM Debug] Step 14 Reward: 0.2830
[VLM Debug] Step 6 Reward: 0.2859
[VLM Debug] Step 22 Reward: 0.2886
[VLM Debug] Step 40 Reward: 0.2805
[VLM Debug] Step 16 Reward: 0.2822
[VLM Debug] Step 8 Reward: 0.2876
[VLM Debug] Step 24 Reward: 0.2871
[VLM Debug] Step 42 Reward: 0.2805
[VLM Debug] Step 18 Reward: 0.2795
[VLM Debug] Step 10 Reward: 0.2881
[VLM Debug] Step 26 Reward: 0.2920
[VLM Debug] Step 44 Reward: 0.2834
[VLM Debug] Step 20 Reward: 0.2742
[VLM Debug] Step 12 Reward: 0.2817
[VLM Debug] Step 28 Reward: 0.2913
[VLM Debug] Step 46 Reward: 0.2834
[VLM Debug] Step 22 Reward: 0.2844
[VLM Debug] Step 14 Reward: 0.2847
[VLM Debug] Step 30 Reward: 0.2876
[VLM Debug] Step 48 Reward: 0.2834
[VLM Debug] Step 24 Reward: 0.2773
[VLM Debug] Step 16 Reward: 0.2847
[VLM Debug] Step 32 Reward: 0.2920
[VLM Debug] Step 50 Reward: 0.2871
[VLM Debug] Step 26 Reward: 0.2837
[VLM Debug] Step 18 Reward: 0.2844
[VLM Debug] Step 34 Reward: 0.2910
[VLM Debug] Step 52 Reward: 0.2871
[VLM Debug] Step 28 Reward: 0.2810
[VLM Debug] Step 20 Reward: 0.2888
[VLM Debug] Step 36 Reward: 0.2932
[VLM Debug] Step 54 Reward: 0.2874
[VLM Debug] Step 30 Reward: 0.2822
[VLM Debug] Step 22 Reward: 0.2893
[VLM Debug] Step 38 Reward: 0.2937
[VLM Debug] Step 56 Reward: 0.2874
[VLM Debug] Step 32 Reward: 0.2878
global_step=9728, episodic_return=6.544
SPS: 170
[VLM Debug] Reset Reward Calculated: 0.2798
[VLM Debug] Step 40 Reward: 0.2930
[VLM Debug] Step 58 Reward: 0.2881
[VLM Debug] Step 34 Reward: 0.2891
[VLM Debug] Step 2 Reward: 0.2803
[VLM Debug] Step 42 Reward: 0.2917
[VLM Debug] Step 60 Reward: 0.2810
[VLM Debug] Step 36 Reward: 0.2871
[VLM Debug] Step 4 Reward: 0.2812
[VLM Debug] Step 44 Reward: 0.2891
[VLM Debug] Step 62 Reward: 0.2810
[VLM Debug] Step 38 Reward: 0.2847
[VLM Debug] Step 6 Reward: 0.2834
[VLM Debug] Step 46 Reward: 0.2937
[VLM Debug] Step 64 Reward: 0.2803
[VLM Debug] Step 40 Reward: 0.2844
[VLM Debug] Step 8 Reward: 0.2878
[VLM Debug] Step 48 Reward: 0.2954
[VLM Debug] Step 66 Reward: 0.2803
[VLM Debug] Step 42 Reward: 0.2869
[VLM Debug] Step 10 Reward: 0.2878
[VLM Debug] Step 50 Reward: 0.2942
[VLM Debug] Step 68 Reward: 0.2878
[VLM Debug] Step 44 Reward: 0.2871
[VLM Debug] Step 12 Reward: 0.2844
[VLM Debug] Step 52 Reward: 0.2971
[VLM Debug] Step 70 Reward: 0.2844
[VLM Debug] Step 46 Reward: 0.2856
[VLM Debug] Step 14 Reward: 0.2847
[VLM Debug] Step 54 Reward: 0.2939
[VLM Debug] Step 72 Reward: 0.2847
[VLM Debug] Step 48 Reward: 0.2856
[VLM Debug] Step 16 Reward: 0.2849
[VLM Debug] Step 56 Reward: 0.2861
[VLM Debug] Step 74 Reward: 0.2866
[VLM Debug] Step 50 Reward: 0.2837
[VLM Debug] Step 18 Reward: 0.2881
[VLM Debug] Step 58 Reward: 0.2839
[VLM Debug] Step 76 Reward: 0.2803
[VLM Debug] Step 52 Reward: 0.2844
[VLM Debug] Step 20 Reward: 0.2883
[VLM Debug] Step 60 Reward: 0.2871
[VLM Debug] Step 78 Reward: 0.2803
[VLM Debug] Step 54 Reward: 0.2905
[VLM Debug] Step 22 Reward: 0.2861
[VLM Debug] Step 62 Reward: 0.2876
[VLM Debug] Step 80 Reward: 0.2869
[VLM Debug] Step 56 Reward: 0.2849
[VLM Debug] Step 24 Reward: 0.2834
[VLM Debug] Step 64 Reward: 0.2874
[VLM Debug] Step 82 Reward: 0.2876
[VLM Debug] Step 58 Reward: 0.2854
[VLM Debug] Step 26 Reward: 0.2896
[VLM Debug] Step 66 Reward: 0.2859
[VLM Debug] Step 84 Reward: 0.2876
[VLM Debug] Step 60 Reward: 0.2874
[VLM Debug] Step 28 Reward: 0.2893
[VLM Debug] Step 68 Reward: 0.2908
[VLM Debug] Step 86 Reward: 0.2847
[VLM Debug] Step 62 Reward: 0.2908
[VLM Debug] Step 30 Reward: 0.2886
[VLM Debug] Step 70 Reward: 0.2852
[VLM Debug] Step 88 Reward: 0.2893
[VLM Debug] Step 64 Reward: 0.2864
[VLM Debug] Step 32 Reward: 0.2891
[VLM Debug] Step 72 Reward: 0.2769
[VLM Debug] Step 90 Reward: 0.2893
[VLM Debug] Step 66 Reward: 0.2849
[VLM Debug] Step 34 Reward: 0.2869
[VLM Debug] Step 74 Reward: 0.2769
global_step=9868, episodic_return=19.000
[VLM Debug] Step 92 Reward: 0.2893
[VLM Debug] Reset Reward Calculated: 0.2800
[VLM Debug] Step 36 Reward: 0.2856
[VLM Debug] Step 76 Reward: 0.2886
[VLM Debug] Step 94 Reward: 0.2876
[VLM Debug] Step 2 Reward: 0.2800
[VLM Debug] Step 38 Reward: 0.2883
[VLM Debug] Step 78 Reward: 0.2920
[VLM Debug] Step 96 Reward: 0.2871
[VLM Debug] Step 4 Reward: 0.2773
[VLM Debug] Step 40 Reward: 0.2913
[VLM Debug] Step 80 Reward: 0.2900
[VLM Debug] Step 98 Reward: 0.2871
[VLM Debug] Step 6 Reward: 0.2825
global_step=9896, episodic_return=23.357
[VLM Debug] Step 42 Reward: 0.2922
[VLM Debug] Reset Reward Calculated: 0.2693
[VLM Debug] Step 100 Reward: 0.2849
[VLM Debug] Step 8 Reward: 0.2773
[VLM Debug] Step 44 Reward: 0.2922
[VLM Debug] Step 2 Reward: 0.2720
[VLM Debug] Step 102 Reward: 0.2888
[VLM Debug] Step 10 Reward: 0.2791
[VLM Debug] Step 46 Reward: 0.2830
[VLM Debug] Step 4 Reward: 0.2751
[VLM Debug] Step 104 Reward: 0.2888
[VLM Debug] Step 12 Reward: 0.2795
[VLM Debug] Step 48 Reward: 0.2959
[VLM Debug] Step 6 Reward: 0.2803
[VLM Debug] Step 106 Reward: 0.2891
[VLM Debug] Step 14 Reward: 0.2803
[VLM Debug] Step 50 Reward: 0.2905
[VLM Debug] Step 8 Reward: 0.2837
[VLM Debug] Step 108 Reward: 0.2908
[VLM Debug] Step 16 Reward: 0.2820
[VLM Debug] Step 52 Reward: 0.2832
[VLM Debug] Step 10 Reward: 0.2861
[VLM Debug] Step 110 Reward: 0.2891
[VLM Debug] Step 18 Reward: 0.2771
[VLM Debug] Step 54 Reward: 0.2908
[VLM Debug] Step 12 Reward: 0.2854
[VLM Debug] Step 112 Reward: 0.2908
[VLM Debug] Step 20 Reward: 0.2803
[VLM Debug] Step 56 Reward: 0.2871
[VLM Debug] Step 14 Reward: 0.2837
global_step=9956, episodic_return=16.081
[VLM Debug] Step 114 Reward: 0.2905
[VLM Debug] Step 22 Reward: 0.2871
[VLM Debug] Reset Reward Calculated: 0.2844
[VLM Debug] Step 16 Reward: 0.2817
[VLM Debug] Step 116 Reward: 0.2876
[VLM Debug] Step 24 Reward: 0.2854
[VLM Debug] Step 2 Reward: 0.2844
[VLM Debug] Step 18 Reward: 0.2791
[VLM Debug] Step 118 Reward: 0.2856
[VLM Debug] Step 26 Reward: 0.2871
[VLM Debug] Step 4 Reward: 0.2781
[VLM Debug] Step 20 Reward: 0.2893
[VLM Debug] Step 120 Reward: 0.2871
[VLM Debug] Step 28 Reward: 0.2854
[VLM Debug] Step 6 Reward: 0.2800
[VLM Debug] Step 22 Reward: 0.2847
[VLM Debug] Step 122 Reward: 0.2849
[VLM Debug] Step 30 Reward: 0.2834
[VLM Debug] Step 8 Reward: 0.2810
[VLM Debug] Step 24 Reward: 0.2866
[VLM Debug] Step 124 Reward: 0.2827
[VLM Debug] Step 32 Reward: 0.2791
[VLM Debug] Step 10 Reward: 0.2800
[VLM Debug] Step 26 Reward: 0.2849
[VLM Debug] Step 126 Reward: 0.2830
[VLM Debug] Step 34 Reward: 0.2805
[VLM Debug] Step 12 Reward: 0.2773
[VLM Debug] Step 28 Reward: 0.2935
[VLM Debug] Step 128 Reward: 0.2852
[VLM Debug] Step 36 Reward: 0.2825
[VLM Debug] Step 14 Reward: 0.2773
[VLM Debug] Step 30 Reward: 0.2917
global_step=10020, episodic_return=8.493
[VLM Debug] Step 130 Reward: 0.2820
[VLM Debug] Step 38 Reward: 0.2822
[VLM Debug] Step 16 Reward: 0.2820
[VLM Debug] Reset Reward Calculated: 0.2800
[VLM Debug] Step 132 Reward: 0.2861
[VLM Debug] Step 40 Reward: 0.2822
[VLM Debug] Step 18 Reward: 0.2761
[VLM Debug] Step 2 Reward: 0.2798
[VLM Debug] Step 134 Reward: 0.2881
[VLM Debug] Step 42 Reward: 0.2834
[VLM Debug] Step 20 Reward: 0.2803
[VLM Debug] Step 4 Reward: 0.2764
[VLM Debug] Step 136 Reward: 0.2913
[VLM Debug] Step 44 Reward: 0.2847
[VLM Debug] Step 22 Reward: 0.2839
[VLM Debug] Step 6 Reward: 0.2798
[VLM Debug] Step 138 Reward: 0.2966
[VLM Debug] Step 46 Reward: 0.2830
[VLM Debug] Step 24 Reward: 0.2888
[VLM Debug] Step 8 Reward: 0.2798
[VLM Debug] Step 140 Reward: 0.2964
[VLM Debug] Step 48 Reward: 0.2805
[VLM Debug] Step 26 Reward: 0.2876
[VLM Debug] Step 10 Reward: 0.2847
[VLM Debug] Step 142 Reward: 0.2944
[VLM Debug] Step 50 Reward: 0.2854
[VLM Debug] Step 28 Reward: 0.2856
[VLM Debug] Step 12 Reward: 0.2817
[VLM Debug] Step 144 Reward: 0.2991
[VLM Debug] Step 52 Reward: 0.2786
[VLM Debug] Step 30 Reward: 0.2900
[VLM Debug] Step 14 Reward: 0.2842
[VLM Debug] Step 146 Reward: 0.2959
[VLM Debug] Step 54 Reward: 0.2771
[VLM Debug] Step 32 Reward: 0.2961
[VLM Debug] Step 16 Reward: 0.2842
global_step=10088, episodic_return=41.580
--> New best model saved with return: 41.58
[VLM Debug] Reset Reward Calculated: 0.2744
[VLM Debug] Step 56 Reward: 0.2854
[VLM Debug] Step 34 Reward: 0.2966
[VLM Debug] Step 18 Reward: 0.2847
[VLM Debug] Step 2 Reward: 0.2791
[VLM Debug] Step 58 Reward: 0.2854
[VLM Debug] Step 36 Reward: 0.2952
[VLM Debug] Step 20 Reward: 0.2800
[VLM Debug] Step 4 Reward: 0.2817
[VLM Debug] Step 60 Reward: 0.2854
[VLM Debug] Step 38 Reward: 0.2976
[VLM Debug] Step 22 Reward: 0.2825
[VLM Debug] Step 6 Reward: 0.2795
[VLM Debug] Step 62 Reward: 0.2788
[VLM Debug] Step 40 Reward: 0.2961
[VLM Debug] Step 24 Reward: 0.2896
global_step=10120, episodic_return=11.417
[VLM Debug] Step 8 Reward: 0.2861
[VLM Debug] Reset Reward Calculated: 0.2827
[VLM Debug] Step 64 Reward: 0.2827
[VLM Debug] Step 26 Reward: 0.2922
[VLM Debug] Step 10 Reward: 0.2852
[VLM Debug] Step 2 Reward: 0.2844
[VLM Debug] Step 66 Reward: 0.2788
[VLM Debug] Step 28 Reward: 0.2913
[VLM Debug] Step 12 Reward: 0.2861
[VLM Debug] Step 4 Reward: 0.2849
[VLM Debug] Step 68 Reward: 0.2825
[VLM Debug] Step 30 Reward: 0.2888
[VLM Debug] Step 14 Reward: 0.2817
[VLM Debug] Step 6 Reward: 0.2844
[VLM Debug] Step 70 Reward: 0.2803
[VLM Debug] Step 32 Reward: 0.2886
[VLM Debug] Step 16 Reward: 0.2854
[VLM Debug] Step 8 Reward: 0.2859
[VLM Debug] Step 72 Reward: 0.2847
[VLM Debug] Step 34 Reward: 0.2800
[VLM Debug] Step 18 Reward: 0.2891
[VLM Debug] Step 10 Reward: 0.2842
[VLM Debug] Step 74 Reward: 0.2842
[VLM Debug] Step 36 Reward: 0.2847
[VLM Debug] Step 20 Reward: 0.2869
[VLM Debug] Step 12 Reward: 0.2854
[VLM Debug] Step 76 Reward: 0.2834
[VLM Debug] Step 38 Reward: 0.2817
global_step=10176, episodic_return=5.956
[VLM Debug] Reset Reward Calculated: 0.2800
[VLM Debug] Step 14 Reward: 0.2861
[VLM Debug] Step 78 Reward: 0.2778
[VLM Debug] Step 40 Reward: 0.2817
[VLM Debug] Step 2 Reward: 0.2800
[VLM Debug] Step 16 Reward: 0.2891
[VLM Debug] Step 80 Reward: 0.2812
[VLM Debug] Step 42 Reward: 0.2856
[VLM Debug] Step 4 Reward: 0.2844
[VLM Debug] Step 18 Reward: 0.2878
[VLM Debug] Step 82 Reward: 0.2791
[VLM Debug] Step 44 Reward: 0.2847
[VLM Debug] Step 6 Reward: 0.2844
[VLM Debug] Step 20 Reward: 0.2915
[VLM Debug] Step 84 Reward: 0.2744
[VLM Debug] Step 46 Reward: 0.2837
[VLM Debug] Step 8 Reward: 0.2754
[VLM Debug] Step 22 Reward: 0.2927
global_step=10212, episodic_return=6.303
[VLM Debug] Step 86 Reward: 0.2747
[VLM Debug] Reset Reward Calculated: 0.2778
[VLM Debug] Step 48 Reward: 0.2849
[VLM Debug] Step 10 Reward: 0.2754
[VLM Debug] Step 88 Reward: 0.2852
[VLM Debug] Step 2 Reward: 0.2820
[VLM Debug] Step 50 Reward: 0.2783
[VLM Debug] Step 12 Reward: 0.2761
[VLM Debug] Step 90 Reward: 0.2812
[VLM Debug] Step 4 Reward: 0.2856
[VLM Debug] Step 52 Reward: 0.2849
[VLM Debug] Step 14 Reward: 0.2783
[VLM Debug] Step 92 Reward: 0.2798
[VLM Debug] Step 6 Reward: 0.2856
[VLM Debug] Step 54 Reward: 0.2944
SPS: 170
[VLM Debug] Step 16 Reward: 0.2810
[VLM Debug] Step 94 Reward: 0.2852
[VLM Debug] Step 8 Reward: 0.2827
[VLM Debug] Step 56 Reward: 0.2949
[VLM Debug] Step 18 Reward: 0.2800
[VLM Debug] Step 96 Reward: 0.2883
[VLM Debug] Step 10 Reward: 0.2871
[VLM Debug] Step 58 Reward: 0.2949
[VLM Debug] Step 20 Reward: 0.2825
[VLM Debug] Step 98 Reward: 0.2883
[VLM Debug] Step 12 Reward: 0.2917
[VLM Debug] Step 60 Reward: 0.2969
[VLM Debug] Step 22 Reward: 0.2805
[VLM Debug] Step 100 Reward: 0.2896
[VLM Debug] Step 14 Reward: 0.2898
[VLM Debug] Step 62 Reward: 0.2942
[VLM Debug] Step 24 Reward: 0.2805
[VLM Debug] Step 102 Reward: 0.2883
[VLM Debug] Step 16 Reward: 0.2883
[VLM Debug] Step 64 Reward: 0.2954
[VLM Debug] Step 26 Reward: 0.2825
[VLM Debug] Step 104 Reward: 0.2888
[VLM Debug] Step 18 Reward: 0.2878
[VLM Debug] Step 66 Reward: 0.2949
[VLM Debug] Step 28 Reward: 0.2805
[VLM Debug] Step 106 Reward: 0.2854
[VLM Debug] Step 20 Reward: 0.2832
[VLM Debug] Step 68 Reward: 0.2915
[VLM Debug] Step 30 Reward: 0.2786
[VLM Debug] Step 108 Reward: 0.2817
[VLM Debug] Step 22 Reward: 0.2778
[VLM Debug] Step 70 Reward: 0.2991
[VLM Debug] Step 32 Reward: 0.2808
[VLM Debug] Step 110 Reward: 0.2812
[VLM Debug] Step 24 Reward: 0.2815
[VLM Debug] Step 72 Reward: 0.2954
[VLM Debug] Step 34 Reward: 0.2837
[VLM Debug] Step 112 Reward: 0.2847
[VLM Debug] Step 26 Reward: 0.2852
[VLM Debug] Step 74 Reward: 0.3022
[VLM Debug] Step 36 Reward: 0.2800
[VLM Debug] Step 114 Reward: 0.2856
[VLM Debug] Step 28 Reward: 0.2842
[VLM Debug] Step 76 Reward: 0.2969
[VLM Debug] Step 38 Reward: 0.2834
[VLM Debug] Step 116 Reward: 0.2888
[VLM Debug] Step 30 Reward: 0.2952
[VLM Debug] Step 78 Reward: 0.2920
[VLM Debug] Step 40 Reward: 0.2861
[VLM Debug] Step 118 Reward: 0.2791
[VLM Debug] Step 32 Reward: 0.2896
[VLM Debug] Step 80 Reward: 0.2856
[VLM Debug] Step 42 Reward: 0.2900
[VLM Debug] Step 120 Reward: 0.2827
[VLM Debug] Step 34 Reward: 0.2935
[VLM Debug] Step 82 Reward: 0.2893
[VLM Debug] Step 44 Reward: 0.2900
[VLM Debug] Step 122 Reward: 0.2837
[VLM Debug] Step 36 Reward: 0.2903
[VLM Debug] Step 84 Reward: 0.2913
[VLM Debug] Step 46 Reward: 0.2961
[VLM Debug] Step 124 Reward: 0.2866
[VLM Debug] Step 38 Reward: 0.2878
[VLM Debug] Step 86 Reward: 0.2886
[VLM Debug] Step 48 Reward: 0.2925
[VLM Debug] Step 126 Reward: 0.2871
[VLM Debug] Step 40 Reward: 0.2913
[VLM Debug] Step 88 Reward: 0.2898
[VLM Debug] Step 50 Reward: 0.2903
global_step=10380, episodic_return=25.612
[VLM Debug] Step 128 Reward: 0.2866
[VLM Debug] Step 42 Reward: 0.2917
[VLM Debug] Reset Reward Calculated: 0.2744
[VLM Debug] Step 52 Reward: 0.2886
[VLM Debug] Step 130 Reward: 0.2883
[VLM Debug] Step 44 Reward: 0.2986
[VLM Debug] Step 2 Reward: 0.2744
[VLM Debug] Step 54 Reward: 0.2869
[VLM Debug] Step 132 Reward: 0.2986
[VLM Debug] Step 46 Reward: 0.2896
[VLM Debug] Step 4 Reward: 0.2744
[VLM Debug] Step 56 Reward: 0.2939
[VLM Debug] Step 134 Reward: 0.2893
[VLM Debug] Step 48 Reward: 0.2952
[VLM Debug] Step 6 Reward: 0.2754
[VLM Debug] Step 58 Reward: 0.2937
global_step=10412, episodic_return=38.212
[VLM Debug] Reset Reward Calculated: 0.2847
[VLM Debug] Step 50 Reward: 0.2971
[VLM Debug] Step 8 Reward: 0.2754
[VLM Debug] Step 60 Reward: 0.2910
[VLM Debug] Step 2 Reward: 0.2832
[VLM Debug] Step 52 Reward: 0.2981
[VLM Debug] Step 10 Reward: 0.2747
[VLM Debug] Step 62 Reward: 0.2947
[VLM Debug] Step 4 Reward: 0.2847
[VLM Debug] Step 54 Reward: 0.2954
[VLM Debug] Step 12 Reward: 0.2852
[VLM Debug] Step 64 Reward: 0.2878
[VLM Debug] Step 6 Reward: 0.2834
[VLM Debug] Step 56 Reward: 0.2839
[VLM Debug] Step 14 Reward: 0.2849
global_step=10440, episodic_return=18.500
[VLM Debug] Reset Reward Calculated: 0.2793
[VLM Debug] Step 8 Reward: 0.2839
[VLM Debug] Step 58 Reward: 0.2881
[VLM Debug] Step 16 Reward: 0.2827
[VLM Debug] Step 2 Reward: 0.2773
[VLM Debug] Step 10 Reward: 0.2839
[VLM Debug] Step 60 Reward: 0.2854
[VLM Debug] Step 18 Reward: 0.2847
[VLM Debug] Step 4 Reward: 0.2773
[VLM Debug] Step 12 Reward: 0.2854
[VLM Debug] Step 62 Reward: 0.2834
[VLM Debug] Step 20 Reward: 0.2847
[VLM Debug] Step 6 Reward: 0.2686
[VLM Debug] Step 14 Reward: 0.2854
[VLM Debug] Step 64 Reward: 0.2925
[VLM Debug] Step 22 Reward: 0.2849
[VLM Debug] Step 8 Reward: 0.2661
[VLM Debug] Step 16 Reward: 0.2883
[VLM Debug] Step 66 Reward: 0.2930
[VLM Debug] Step 24 Reward: 0.2827
[VLM Debug] Step 10 Reward: 0.2808
[VLM Debug] Step 18 Reward: 0.2849
[VLM Debug] Step 68 Reward: 0.2883
[VLM Debug] Step 26 Reward: 0.2913
[VLM Debug] Step 12 Reward: 0.2832
[VLM Debug] Step 20 Reward: 0.2883
[VLM Debug] Step 70 Reward: 0.2935
[VLM Debug] Step 28 Reward: 0.2917
[VLM Debug] Step 14 Reward: 0.2832
[VLM Debug] Step 22 Reward: 0.2859
[VLM Debug] Step 72 Reward: 0.2886
[VLM Debug] Step 30 Reward: 0.2920
[VLM Debug] Step 16 Reward: 0.2869
[VLM Debug] Step 24 Reward: 0.2893
[VLM Debug] Step 74 Reward: 0.2939
[VLM Debug] Step 32 Reward: 0.2874
[VLM Debug] Step 18 Reward: 0.2893
[VLM Debug] Step 26 Reward: 0.2925
[VLM Debug] Step 76 Reward: 0.2927
[VLM Debug] Step 34 Reward: 0.2905
[VLM Debug] Step 20 Reward: 0.2844
[VLM Debug] Step 28 Reward: 0.2937
[VLM Debug] Step 78 Reward: 0.2822
[VLM Debug] Step 36 Reward: 0.2903
[VLM Debug] Step 22 Reward: 0.2847
[VLM Debug] Step 30 Reward: 0.2942
[VLM Debug] Step 80 Reward: 0.2883
[VLM Debug] Step 38 Reward: 0.2876
[VLM Debug] Step 24 Reward: 0.2832
[VLM Debug] Step 32 Reward: 0.2942
[VLM Debug] Step 82 Reward: 0.2837
[VLM Debug] Step 40 Reward: 0.2920
[VLM Debug] Step 26 Reward: 0.2830
global_step=10548, episodic_return=9.487
[VLM Debug] Reset Reward Calculated: 0.2859
[VLM Debug] Step 84 Reward: 0.2925
[VLM Debug] Step 42 Reward: 0.2930
[VLM Debug] Step 28 Reward: 0.2847
[VLM Debug] Step 2 Reward: 0.2822
[VLM Debug] Step 86 Reward: 0.2979
[VLM Debug] Step 44 Reward: 0.2939
[VLM Debug] Step 30 Reward: 0.2903
[VLM Debug] Step 4 Reward: 0.2827
[VLM Debug] Step 88 Reward: 0.2908
[VLM Debug] Step 46 Reward: 0.2952
global_step=10568, episodic_return=25.436
[VLM Debug] Step 32 Reward: 0.2900
[VLM Debug] Reset Reward Calculated: 0.2842
[VLM Debug] Step 6 Reward: 0.2839
[VLM Debug] Step 48 Reward: 0.2947
[VLM Debug] Step 34 Reward: 0.2849
[VLM Debug] Step 2 Reward: 0.2842
[VLM Debug] Step 8 Reward: 0.2827
[VLM Debug] Step 50 Reward: 0.2917
[VLM Debug] Step 36 Reward: 0.2925
[VLM Debug] Step 4 Reward: 0.2842
[VLM Debug] Step 10 Reward: 0.2830
[VLM Debug] Step 52 Reward: 0.2920
global_step=10592, episodic_return=14.877
[VLM Debug] Step 38 Reward: 0.2939
[VLM Debug] Step 6 Reward: 0.2810
[VLM Debug] Reset Reward Calculated: 0.2864
[VLM Debug] Step 12 Reward: 0.2864
[VLM Debug] Step 40 Reward: 0.2908
[VLM Debug] Step 8 Reward: 0.2820
[VLM Debug] Step 2 Reward: 0.2864
[VLM Debug] Step 14 Reward: 0.2854
[VLM Debug] Step 42 Reward: 0.2930
[VLM Debug] Step 10 Reward: 0.2820
[VLM Debug] Step 4 Reward: 0.2817
global_step=10612, episodic_return=11.922
[VLM Debug] Reset Reward Calculated: 0.2646
[VLM Debug] Step 16 Reward: 0.2854
[VLM Debug] Step 12 Reward: 0.2864
[VLM Debug] Step 6 Reward: 0.2817
[VLM Debug] Step 2 Reward: 0.2646
[VLM Debug] Step 18 Reward: 0.2781
[VLM Debug] Step 14 Reward: 0.2849
[VLM Debug] Step 8 Reward: 0.2864
[VLM Debug] Step 4 Reward: 0.2646
[VLM Debug] Step 20 Reward: 0.2852
[VLM Debug] Step 16 Reward: 0.2812
[VLM Debug] Step 10 Reward: 0.2844
[VLM Debug] Step 6 Reward: 0.2773
[VLM Debug] Step 22 Reward: 0.2847
[VLM Debug] Step 18 Reward: 0.2834
[VLM Debug] Step 12 Reward: 0.2812
[VLM Debug] Step 8 Reward: 0.2793
[VLM Debug] Step 24 Reward: 0.2810
[VLM Debug] Step 20 Reward: 0.2812
[VLM Debug] Step 14 Reward: 0.2800
[VLM Debug] Step 10 Reward: 0.2800
[VLM Debug] Step 26 Reward: 0.2847
[VLM Debug] Step 22 Reward: 0.2869
[VLM Debug] Step 16 Reward: 0.2842
[VLM Debug] Step 12 Reward: 0.2793
[VLM Debug] Step 28 Reward: 0.2861
[VLM Debug] Step 24 Reward: 0.2893
[VLM Debug] Step 18 Reward: 0.2805
[VLM Debug] Step 14 Reward: 0.2773
[VLM Debug] Step 30 Reward: 0.2854
[VLM Debug] Step 26 Reward: 0.2927
[VLM Debug] Step 20 Reward: 0.2852
[VLM Debug] Step 16 Reward: 0.2815
[VLM Debug] Step 32 Reward: 0.2883
[VLM Debug] Step 28 Reward: 0.2922
[VLM Debug] Step 22 Reward: 0.2805
[VLM Debug] Step 18 Reward: 0.2803
[VLM Debug] Step 34 Reward: 0.2961
[VLM Debug] Step 30 Reward: 0.2888
[VLM Debug] Step 24 Reward: 0.2859
[VLM Debug] Step 20 Reward: 0.2803
[VLM Debug] Step 36 Reward: 0.2932
[VLM Debug] Step 32 Reward: 0.2881
[VLM Debug] Step 26 Reward: 0.2864
[VLM Debug] Step 22 Reward: 0.2783
[VLM Debug] Step 38 Reward: 0.2942
[VLM Debug] Step 34 Reward: 0.2871
[VLM Debug] Step 28 Reward: 0.2903
[VLM Debug] Step 24 Reward: 0.2798
[VLM Debug] Step 40 Reward: 0.2954
global_step=10712, episodic_return=11.439
[VLM Debug] Reset Reward Calculated: 0.2783
[VLM Debug] Step 36 Reward: 0.2881
[VLM Debug] Step 30 Reward: 0.2891
[VLM Debug] Step 26 Reward: 0.2764
[VLM Debug] Step 2 Reward: 0.2781
[VLM Debug] Step 38 Reward: 0.2891
[VLM Debug] Step 32 Reward: 0.2886
[VLM Debug] Step 28 Reward: 0.2827
[VLM Debug] Step 4 Reward: 0.2778
[VLM Debug] Step 40 Reward: 0.2927
[VLM Debug] Step 34 Reward: 0.2859
[VLM Debug] Step 30 Reward: 0.2827
[VLM Debug] Step 6 Reward: 0.2783
[VLM Debug] Step 42 Reward: 0.2966
[VLM Debug] Step 36 Reward: 0.2837
[VLM Debug] Step 32 Reward: 0.2852
[VLM Debug] Step 8 Reward: 0.2781
[VLM Debug] Step 44 Reward: 0.2969
[VLM Debug] Step 38 Reward: 0.2817
[VLM Debug] Step 34 Reward: 0.2874
global_step=10752, episodic_return=12.922
SPS: 171
[VLM Debug] Step 10 Reward: 0.2781
[VLM Debug] Reset Reward Calculated: 0.2788
[VLM Debug] Step 40 Reward: 0.2827
[VLM Debug] Step 36 Reward: 0.2910
[VLM Debug] Step 12 Reward: 0.2820
[VLM Debug] Step 2 Reward: 0.2852
[VLM Debug] Step 42 Reward: 0.2834
[VLM Debug] Step 38 Reward: 0.2922
[VLM Debug] Step 14 Reward: 0.2842
[VLM Debug] Step 4 Reward: 0.2788
[VLM Debug] Step 44 Reward: 0.2869
[VLM Debug] Step 40 Reward: 0.2913
[VLM Debug] Step 16 Reward: 0.2842
[VLM Debug] Step 6 Reward: 0.2788
[VLM Debug] Step 46 Reward: 0.2942
[VLM Debug] Step 42 Reward: 0.2893
[VLM Debug] Step 18 Reward: 0.2820
[VLM Debug] Step 8 Reward: 0.2795
[VLM Debug] Step 48 Reward: 0.2957
[VLM Debug] Step 44 Reward: 0.2930
[VLM Debug] Step 20 Reward: 0.2808
[VLM Debug] Step 10 Reward: 0.2744
[VLM Debug] Step 50 Reward: 0.2937
[VLM Debug] Step 46 Reward: 0.2886
[VLM Debug] Step 22 Reward: 0.2822
[VLM Debug] Step 12 Reward: 0.2744
[VLM Debug] Step 52 Reward: 0.2983
[VLM Debug] Step 48 Reward: 0.2837
[VLM Debug] Step 24 Reward: 0.2864
[VLM Debug] Step 14 Reward: 0.2747
[VLM Debug] Step 54 Reward: 0.2874
[VLM Debug] Step 50 Reward: 0.2837
global_step=10816, episodic_return=15.739
[VLM Debug] Step 26 Reward: 0.2808
[VLM Debug] Step 16 Reward: 0.2771
[VLM Debug] Reset Reward Calculated: 0.2803
[VLM Debug] Step 52 Reward: 0.2947
[VLM Debug] Step 28 Reward: 0.2886
[VLM Debug] Step 18 Reward: 0.2744
[VLM Debug] Step 2 Reward: 0.2808
[VLM Debug] Step 54 Reward: 0.2930
[VLM Debug] Step 30 Reward: 0.2888
[VLM Debug] Step 20 Reward: 0.2791
[VLM Debug] Step 4 Reward: 0.2720
[VLM Debug] Step 56 Reward: 0.2861
[VLM Debug] Step 32 Reward: 0.2883
[VLM Debug] Step 22 Reward: 0.2791
[VLM Debug] Step 6 Reward: 0.2720
[VLM Debug] Step 58 Reward: 0.2783
[VLM Debug] Step 34 Reward: 0.2883
[VLM Debug] Step 24 Reward: 0.2776
[VLM Debug] Step 8 Reward: 0.2747
[VLM Debug] Step 60 Reward: 0.2864
[VLM Debug] Step 36 Reward: 0.2903
[VLM Debug] Step 26 Reward: 0.2793
[VLM Debug] Step 10 Reward: 0.2761
[VLM Debug] Step 62 Reward: 0.2781
[VLM Debug] Step 38 Reward: 0.2900
[VLM Debug] Step 28 Reward: 0.2830
[VLM Debug] Step 12 Reward: 0.2754
[VLM Debug] Step 64 Reward: 0.2808
[VLM Debug] Step 40 Reward: 0.2893
[VLM Debug] Step 30 Reward: 0.2776
[VLM Debug] Step 14 Reward: 0.2744
[VLM Debug] Step 66 Reward: 0.2891
[VLM Debug] Step 42 Reward: 0.2949
[VLM Debug] Step 32 Reward: 0.2825
[VLM Debug] Step 16 Reward: 0.2791
[VLM Debug] Step 68 Reward: 0.2954
[VLM Debug] Step 44 Reward: 0.2915
[VLM Debug] Step 34 Reward: 0.2859
[VLM Debug] Step 18 Reward: 0.2793
[VLM Debug] Step 70 Reward: 0.2861
[VLM Debug] Step 46 Reward: 0.2969
[VLM Debug] Step 36 Reward: 0.2883
[VLM Debug] Step 20 Reward: 0.2793
[VLM Debug] Step 72 Reward: 0.2852
[VLM Debug] Step 48 Reward: 0.2930
[VLM Debug] Step 38 Reward: 0.2881
[VLM Debug] Step 22 Reward: 0.2759
[VLM Debug] Step 74 Reward: 0.2957
[VLM Debug] Step 50 Reward: 0.2903
[VLM Debug] Step 40 Reward: 0.2883
[VLM Debug] Step 24 Reward: 0.2817
[VLM Debug] Step 76 Reward: 0.2966
[VLM Debug] Step 52 Reward: 0.2920
[VLM Debug] Step 42 Reward: 0.2881
[VLM Debug] Step 26 Reward: 0.2800
global_step=10924, episodic_return=21.855
[VLM Debug] Reset Reward Calculated: 0.2844
[VLM Debug] Step 54 Reward: 0.2883
[VLM Debug] Step 44 Reward: 0.2964
[VLM Debug] Step 28 Reward: 0.2913
global_step=10932, episodic_return=12.363
[VLM Debug] Step 2 Reward: 0.2791
[VLM Debug] Reset Reward Calculated: 0.2776
[VLM Debug] Step 56 Reward: 0.2922
[VLM Debug] Step 30 Reward: 0.2922
[VLM Debug] Step 4 Reward: 0.2791
[VLM Debug] Step 2 Reward: 0.2776
[VLM Debug] Step 58 Reward: 0.2668
[VLM Debug] Step 32 Reward: 0.2903
[VLM Debug] Step 6 Reward: 0.2800
[VLM Debug] Step 4 Reward: 0.2800
[VLM Debug] Step 60 Reward: 0.2908
[VLM Debug] Step 34 Reward: 0.2883
[VLM Debug] Step 8 Reward: 0.2830
[VLM Debug] Step 6 Reward: 0.2793
[VLM Debug] Step 62 Reward: 0.2905
[VLM Debug] Step 36 Reward: 0.2881
[VLM Debug] Step 10 Reward: 0.2827
[VLM Debug] Step 8 Reward: 0.2793
[VLM Debug] Step 64 Reward: 0.2847
[VLM Debug] Step 38 Reward: 0.2917
[VLM Debug] Step 12 Reward: 0.2827
[VLM Debug] Step 10 Reward: 0.2791
[VLM Debug] Step 66 Reward: 0.2937
[VLM Debug] Step 40 Reward: 0.2930
[VLM Debug] Step 14 Reward: 0.2827
[VLM Debug] Step 12 Reward: 0.2812
global_step=10984, episodic_return=11.551
[VLM Debug] Step 68 Reward: 0.2952
[VLM Debug] Reset Reward Calculated: 0.2805
[VLM Debug] Step 16 Reward: 0.2827
[VLM Debug] Step 14 Reward: 0.2793
global_step=10992, episodic_return=19.753
[VLM Debug] Reset Reward Calculated: 0.2800
[VLM Debug] Step 2 Reward: 0.2764
[VLM Debug] Step 18 Reward: 0.2827
[VLM Debug] Step 16 Reward: 0.2812
[VLM Debug] Step 2 Reward: 0.2771
[VLM Debug] Step 4 Reward: 0.2764
[VLM Debug] Step 20 Reward: 0.2827
[VLM Debug] Step 18 Reward: 0.2812
[VLM Debug] Step 4 Reward: 0.2798
[VLM Debug] Step 6 Reward: 0.2764
[VLM Debug] Step 22 Reward: 0.2827
[VLM Debug] Step 20 Reward: 0.2812
[VLM Debug] Step 6 Reward: 0.2798
[VLM Debug] Step 8 Reward: 0.2764
[VLM Debug] Step 24 Reward: 0.2881
[VLM Debug] Step 22 Reward: 0.2830
[VLM Debug] Step 8 Reward: 0.2793
[VLM Debug] Step 10 Reward: 0.2803
[VLM Debug] Step 26 Reward: 0.2881
[VLM Debug] Step 24 Reward: 0.2812
[VLM Debug] Step 10 Reward: 0.2793
[VLM Debug] Step 12 Reward: 0.2834
[VLM Debug] Step 28 Reward: 0.2861
[VLM Debug] Step 26 Reward: 0.2808
[VLM Debug] Step 12 Reward: 0.2783
[VLM Debug] Step 14 Reward: 0.2834
[VLM Debug] Step 30 Reward: 0.2910
[VLM Debug] Step 28 Reward: 0.2805
[VLM Debug] Step 14 Reward: 0.2793
[VLM Debug] Step 16 Reward: 0.2834
[VLM Debug] Step 32 Reward: 0.2876
[VLM Debug] Step 30 Reward: 0.2793
[VLM Debug] Step 16 Reward: 0.2808
[VLM Debug] Step 18 Reward: 0.2827
[VLM Debug] Step 34 Reward: 0.2976
[VLM Debug] Step 32 Reward: 0.2791
global_step=11064, episodic_return=9.664
[VLM Debug] Reset Reward Calculated: 0.2820
[VLM Debug] Step 18 Reward: 0.2808
[VLM Debug] Step 20 Reward: 0.2759
[VLM Debug] Step 34 Reward: 0.2798
[VLM Debug] Step 2 Reward: 0.2834
[VLM Debug] Step 20 Reward: 0.2771
[VLM Debug] Step 22 Reward: 0.2759
[VLM Debug] Step 36 Reward: 0.2749
[VLM Debug] Step 4 Reward: 0.2817
[VLM Debug] Step 22 Reward: 0.2798
[VLM Debug] Step 24 Reward: 0.2791
[VLM Debug] Step 38 Reward: 0.2773
[VLM Debug] Step 6 Reward: 0.2812
[VLM Debug] Step 24 Reward: 0.2817
[VLM Debug] Step 26 Reward: 0.2791
[VLM Debug] Step 40 Reward: 0.2791
[VLM Debug] Step 8 Reward: 0.2832
[VLM Debug] Step 26 Reward: 0.2820
[VLM Debug] Step 28 Reward: 0.2791
[VLM Debug] Step 42 Reward: 0.2842
[VLM Debug] Step 10 Reward: 0.2871
[VLM Debug] Step 28 Reward: 0.2847
[VLM Debug] Step 30 Reward: 0.2852
[VLM Debug] Step 44 Reward: 0.2822
[VLM Debug] Step 12 Reward: 0.2886
[VLM Debug] Step 30 Reward: 0.2908
[VLM Debug] Step 32 Reward: 0.2847
[VLM Debug] Step 46 Reward: 0.2808
[VLM Debug] Step 14 Reward: 0.2852
[VLM Debug] Step 32 Reward: 0.2891
[VLM Debug] Step 34 Reward: 0.2847
[VLM Debug] Step 48 Reward: 0.2769
[VLM Debug] Step 16 Reward: 0.2886
[VLM Debug] Step 34 Reward: 0.2888
[VLM Debug] Step 36 Reward: 0.2832
[VLM Debug] Step 50 Reward: 0.2803
[VLM Debug] Step 18 Reward: 0.2839
[VLM Debug] Step 36 Reward: 0.2886
[VLM Debug] Step 38 Reward: 0.2856
[VLM Debug] Step 52 Reward: 0.2817
[VLM Debug] Step 20 Reward: 0.2878
[VLM Debug] Step 38 Reward: 0.2844
[VLM Debug] Step 40 Reward: 0.2864
[VLM Debug] Step 54 Reward: 0.2795
[VLM Debug] Step 22 Reward: 0.2852
[VLM Debug] Step 40 Reward: 0.2917
[VLM Debug] Step 42 Reward: 0.2856
[VLM Debug] Step 56 Reward: 0.2891
[VLM Debug] Step 24 Reward: 0.2896
[VLM Debug] Step 42 Reward: 0.2917
[VLM Debug] Step 44 Reward: 0.2869
[VLM Debug] Step 58 Reward: 0.2874
[VLM Debug] Step 26 Reward: 0.2798
[VLM Debug] Step 44 Reward: 0.2905
[VLM Debug] Step 46 Reward: 0.2861
[VLM Debug] Step 60 Reward: 0.2908
[VLM Debug] Step 28 Reward: 0.2834
[VLM Debug] Step 46 Reward: 0.2866
[VLM Debug] Step 48 Reward: 0.2854
[VLM Debug] Step 62 Reward: 0.2817
[VLM Debug] Step 30 Reward: 0.2864
[VLM Debug] Step 48 Reward: 0.2886
[VLM Debug] Step 50 Reward: 0.2776
[VLM Debug] Step 64 Reward: 0.2822
[VLM Debug] Step 32 Reward: 0.2939
[VLM Debug] Step 50 Reward: 0.2886
[VLM Debug] Step 52 Reward: 0.2747
[VLM Debug] Step 66 Reward: 0.2820
[VLM Debug] Step 34 Reward: 0.2910
[VLM Debug] Step 52 Reward: 0.2913
[VLM Debug] Step 54 Reward: 0.2793
[VLM Debug] Step 68 Reward: 0.2886
[VLM Debug] Step 36 Reward: 0.2900
[VLM Debug] Step 54 Reward: 0.2932
[VLM Debug] Step 56 Reward: 0.2832
[VLM Debug] Step 70 Reward: 0.2878
[VLM Debug] Step 38 Reward: 0.2886
[VLM Debug] Step 56 Reward: 0.2976
[VLM Debug] Step 58 Reward: 0.2900
[VLM Debug] Step 72 Reward: 0.2917
[VLM Debug] Step 40 Reward: 0.2859
[VLM Debug] Step 58 Reward: 0.2917
[VLM Debug] Step 60 Reward: 0.2900
[VLM Debug] Step 74 Reward: 0.2903
[VLM Debug] Step 42 Reward: 0.2888
[VLM Debug] Step 60 Reward: 0.2893
[VLM Debug] Step 62 Reward: 0.2917
[VLM Debug] Step 76 Reward: 0.2869
[VLM Debug] Step 44 Reward: 0.2915
[VLM Debug] Step 62 Reward: 0.2854
[VLM Debug] Step 64 Reward: 0.2915
[VLM Debug] Step 78 Reward: 0.2927
[VLM Debug] Step 46 Reward: 0.2932
[VLM Debug] Step 64 Reward: 0.2869
[VLM Debug] Step 66 Reward: 0.2852
[VLM Debug] Step 80 Reward: 0.2861
[VLM Debug] Step 48 Reward: 0.2939
[VLM Debug] Step 66 Reward: 0.2913
[VLM Debug] Step 68 Reward: 0.2854
[VLM Debug] Step 82 Reward: 0.2798
SPS: 171
[VLM Debug] Step 50 Reward: 0.2947
[VLM Debug] Step 68 Reward: 0.2888
[VLM Debug] Step 70 Reward: 0.2869
[VLM Debug] Step 84 Reward: 0.2791
[VLM Debug] Step 52 Reward: 0.2888
[VLM Debug] Step 70 Reward: 0.2866
[VLM Debug] Step 72 Reward: 0.2942
[VLM Debug] Step 86 Reward: 0.2839
global_step=11280, episodic_return=15.233
[VLM Debug] Reset Reward Calculated: 0.2734
[VLM Debug] Step 72 Reward: 0.2825
[VLM Debug] Step 74 Reward: 0.2861
[VLM Debug] Step 88 Reward: 0.2893
[VLM Debug] Step 2 Reward: 0.2734
[VLM Debug] Step 74 Reward: 0.2849
[VLM Debug] Step 76 Reward: 0.2905
[VLM Debug] Step 90 Reward: 0.2910
[VLM Debug] Step 4 Reward: 0.2773
[VLM Debug] Step 76 Reward: 0.2881
[VLM Debug] Step 78 Reward: 0.2942
[VLM Debug] Step 92 Reward: 0.2910
[VLM Debug] Step 6 Reward: 0.2754
[VLM Debug] Step 78 Reward: 0.2864
[VLM Debug] Step 80 Reward: 0.2957
[VLM Debug] Step 94 Reward: 0.2949
[VLM Debug] Step 8 Reward: 0.2646
[VLM Debug] Step 80 Reward: 0.2898
[VLM Debug] Step 82 Reward: 0.2905
[VLM Debug] Step 96 Reward: 0.2893
[VLM Debug] Step 10 Reward: 0.2749
[VLM Debug] Step 82 Reward: 0.2869
[VLM Debug] Step 84 Reward: 0.2944
[VLM Debug] Step 98 Reward: 0.2842
[VLM Debug] Step 12 Reward: 0.2749
[VLM Debug] Step 84 Reward: 0.2881
[VLM Debug] Step 86 Reward: 0.2930
[VLM Debug] Step 100 Reward: 0.2898
[VLM Debug] Step 14 Reward: 0.2773
[VLM Debug] Step 86 Reward: 0.2908
[VLM Debug] Step 88 Reward: 0.2832
global_step=11340, episodic_return=28.617
[VLM Debug] Reset Reward Calculated: 0.2803
[VLM Debug] Step 16 Reward: 0.2793
[VLM Debug] Step 88 Reward: 0.2927
[VLM Debug] Step 90 Reward: 0.2915
[VLM Debug] Step 2 Reward: 0.2803
[VLM Debug] Step 18 Reward: 0.2820
[VLM Debug] Step 90 Reward: 0.2869
[VLM Debug] Step 92 Reward: 0.2979
[VLM Debug] Step 4 Reward: 0.2771
[VLM Debug] Step 20 Reward: 0.2810
[VLM Debug] Step 92 Reward: 0.2947
[VLM Debug] Step 94 Reward: 0.2939
[VLM Debug] Step 6 Reward: 0.2793
[VLM Debug] Step 22 Reward: 0.2891
[VLM Debug] Step 94 Reward: 0.2942
[VLM Debug] Step 96 Reward: 0.2910
[VLM Debug] Step 8 Reward: 0.2793
global_step=11376, episodic_return=6.372
[VLM Debug] Reset Reward Calculated: 0.2661
[VLM Debug] Step 96 Reward: 0.2942
[VLM Debug] Step 98 Reward: 0.2913
[VLM Debug] Step 10 Reward: 0.2793
[VLM Debug] Step 2 Reward: 0.2737
[VLM Debug] Step 98 Reward: 0.2917
[VLM Debug] Step 100 Reward: 0.2964
[VLM Debug] Step 12 Reward: 0.2842
[VLM Debug] Step 4 Reward: 0.2661
[VLM Debug] Step 100 Reward: 0.2961
[VLM Debug] Step 102 Reward: 0.2935
[VLM Debug] Step 14 Reward: 0.2837
[VLM Debug] Step 6 Reward: 0.2761
[VLM Debug] Step 102 Reward: 0.2964
[VLM Debug] Step 104 Reward: 0.2935
[VLM Debug] Step 16 Reward: 0.2844
[VLM Debug] Step 8 Reward: 0.2783
[VLM Debug] Step 104 Reward: 0.2888
[VLM Debug] Step 106 Reward: 0.2952
[VLM Debug] Step 18 Reward: 0.2812
[VLM Debug] Step 10 Reward: 0.2788
[VLM Debug] Step 106 Reward: 0.2954
[VLM Debug] Step 108 Reward: 0.2949
[VLM Debug] Step 20 Reward: 0.2812
[VLM Debug] Step 12 Reward: 0.2822
[VLM Debug] Step 108 Reward: 0.2939
[VLM Debug] Step 110 Reward: 0.2905
[VLM Debug] Step 22 Reward: 0.2805
[VLM Debug] Step 14 Reward: 0.2842
[VLM Debug] Step 110 Reward: 0.2974
[VLM Debug] Step 112 Reward: 0.2922
[VLM Debug] Step 24 Reward: 0.2832
[VLM Debug] Step 16 Reward: 0.2842
[VLM Debug] Step 112 Reward: 0.2974
[VLM Debug] Step 114 Reward: 0.2917
[VLM Debug] Step 26 Reward: 0.2842
[VLM Debug] Step 18 Reward: 0.2786
[VLM Debug] Step 114 Reward: 0.2881
[VLM Debug] Step 116 Reward: 0.2913
[VLM Debug] Step 28 Reward: 0.2822
[VLM Debug] Step 20 Reward: 0.2856
[VLM Debug] Step 116 Reward: 0.2949
[VLM Debug] Step 118 Reward: 0.2878
[VLM Debug] Step 30 Reward: 0.2832
[VLM Debug] Step 22 Reward: 0.2834
[VLM Debug] Step 118 Reward: 0.3003
[VLM Debug] Step 120 Reward: 0.2905
[VLM Debug] Step 32 Reward: 0.2830
[VLM Debug] Step 24 Reward: 0.2832
[VLM Debug] Step 120 Reward: 0.2954
[VLM Debug] Step 122 Reward: 0.2795
[VLM Debug] Step 34 Reward: 0.2849
[VLM Debug] Step 26 Reward: 0.2817
[VLM Debug] Step 122 Reward: 0.2996
[VLM Debug] Step 124 Reward: 0.2834
[VLM Debug] Step 36 Reward: 0.2847
[VLM Debug] Step 28 Reward: 0.2864
[VLM Debug] Step 124 Reward: 0.2922
[VLM Debug] Step 126 Reward: 0.2812
[VLM Debug] Step 38 Reward: 0.2888
[VLM Debug] Step 30 Reward: 0.2883
[VLM Debug] Step 126 Reward: 0.2856
[VLM Debug] Step 128 Reward: 0.2847
[VLM Debug] Step 40 Reward: 0.2925
global_step=11504, episodic_return=11.302
[VLM Debug] Step 32 Reward: 0.2898
[VLM Debug] Step 128 Reward: 0.2805
[VLM Debug] Reset Reward Calculated: 0.2773
[VLM Debug] Step 130 Reward: 0.2861
[VLM Debug] Step 34 Reward: 0.2815
[VLM Debug] Step 130 Reward: 0.2854
[VLM Debug] Step 2 Reward: 0.2803
[VLM Debug] Step 132 Reward: 0.2866
[VLM Debug] Step 36 Reward: 0.2795
[VLM Debug] Step 132 Reward: 0.2920
[VLM Debug] Step 4 Reward: 0.2820
[VLM Debug] Step 134 Reward: 0.2761
[VLM Debug] Step 38 Reward: 0.2886
[VLM Debug] Step 134 Reward: 0.2515
[VLM Debug] Step 6 Reward: 0.2788
[VLM Debug] Step 136 Reward: 0.2815
global_step=11536, episodic_return=38.848
[VLM Debug] Step 40 Reward: 0.2878
[VLM Debug] Reset Reward Calculated: 0.2751
[VLM Debug] Step 8 Reward: 0.2781
[VLM Debug] Step 138 Reward: 0.2720
[VLM Debug] Step 42 Reward: 0.2917
[VLM Debug] Step 2 Reward: 0.2751
[VLM Debug] Step 10 Reward: 0.2847
[VLM Debug] Step 140 Reward: 0.2798
[VLM Debug] Step 44 Reward: 0.2922
[VLM Debug] Step 4 Reward: 0.2646
[VLM Debug] Step 12 Reward: 0.2800
[VLM Debug] Step 142 Reward: 0.2847
[VLM Debug] Step 46 Reward: 0.2964
[VLM Debug] Step 6 Reward: 0.2676
[VLM Debug] Step 14 Reward: 0.2788
[VLM Debug] Step 144 Reward: 0.2874
[VLM Debug] Step 48 Reward: 0.2964
[VLM Debug] Step 8 Reward: 0.2734
[VLM Debug] Step 16 Reward: 0.2859
[VLM Debug] Step 146 Reward: 0.2903
[VLM Debug] Step 50 Reward: 0.2966
[VLM Debug] Step 10 Reward: 0.2732
[VLM Debug] Step 18 Reward: 0.2832
[VLM Debug] Step 148 Reward: 0.2903
[VLM Debug] Step 52 Reward: 0.2942
[VLM Debug] Step 12 Reward: 0.2793
[VLM Debug] Step 20 Reward: 0.2820
[VLM Debug] Step 150 Reward: 0.2908
[VLM Debug] Step 54 Reward: 0.2905
[VLM Debug] Step 14 Reward: 0.2773
[VLM Debug] Step 22 Reward: 0.2805
[VLM Debug] Step 152 Reward: 0.2883
[VLM Debug] Step 56 Reward: 0.2920
[VLM Debug] Step 16 Reward: 0.2825
[VLM Debug] Step 24 Reward: 0.2893
[VLM Debug] Step 154 Reward: 0.2881
[VLM Debug] Step 58 Reward: 0.2898
[VLM Debug] Step 18 Reward: 0.2805
[VLM Debug] Step 26 Reward: 0.2888
[VLM Debug] Step 156 Reward: 0.2869
[VLM Debug] Step 60 Reward: 0.2898
[VLM Debug] Step 20 Reward: 0.2820
[VLM Debug] Step 28 Reward: 0.2854
[VLM Debug] Step 158 Reward: 0.2881
global_step=11620, episodic_return=17.112
[VLM Debug] Reset Reward Calculated: 0.2751
[VLM Debug] Step 22 Reward: 0.2805
[VLM Debug] Step 30 Reward: 0.2976
[VLM Debug] Step 160 Reward: 0.2759
[VLM Debug] Step 2 Reward: 0.2754
[VLM Debug] Step 24 Reward: 0.2800
[VLM Debug] Step 32 Reward: 0.2949
[VLM Debug] Step 162 Reward: 0.2739
[VLM Debug] Step 4 Reward: 0.2808
[VLM Debug] Step 26 Reward: 0.2820
[VLM Debug] Step 34 Reward: 0.2959
[VLM Debug] Step 164 Reward: 0.2776
global_step=11644, episodic_return=9.674
[VLM Debug] Step 6 Reward: 0.2825
[VLM Debug] Reset Reward Calculated: 0.2820
[VLM Debug] Step 28 Reward: 0.2839
[VLM Debug] Step 166 Reward: 0.2864
[VLM Debug] Step 8 Reward: 0.2834
[VLM Debug] Step 2 Reward: 0.2839
[VLM Debug] Step 30 Reward: 0.2827
[VLM Debug] Step 168 Reward: 0.2874
[VLM Debug] Step 10 Reward: 0.2866
[VLM Debug] Step 4 Reward: 0.2842
[VLM Debug] Step 32 Reward: 0.2820
[VLM Debug] Step 170 Reward: 0.2856
[VLM Debug] Step 12 Reward: 0.2793
[VLM Debug] Step 6 Reward: 0.2839
[VLM Debug] Step 34 Reward: 0.2888
[VLM Debug] Step 172 Reward: 0.2881
[VLM Debug] Step 14 Reward: 0.2798
[VLM Debug] Step 8 Reward: 0.2759
[VLM Debug] Step 36 Reward: 0.2878
[VLM Debug] Step 174 Reward: 0.2805
[VLM Debug] Step 16 Reward: 0.2793
[VLM Debug] Step 10 Reward: 0.2759
[VLM Debug] Step 38 Reward: 0.2900
[VLM Debug] Step 176 Reward: 0.2861
global_step=11692, episodic_return=10.612
[VLM Debug] Step 18 Reward: 0.2810
[VLM Debug] Reset Reward Calculated: 0.2710
[VLM Debug] Step 12 Reward: 0.2800
[VLM Debug] Step 178 Reward: 0.2700
[VLM Debug] Step 20 Reward: 0.2820
[VLM Debug] Step 2 Reward: 0.2705
[VLM Debug] Step 14 Reward: 0.2800
[VLM Debug] Step 180 Reward: 0.2722
[VLM Debug] Step 22 Reward: 0.2852
[VLM Debug] Step 4 Reward: 0.2693
[VLM Debug] Step 16 Reward: 0.2791
[VLM Debug] Step 182 Reward: 0.2795
[VLM Debug] Step 24 Reward: 0.2874
[VLM Debug] Step 6 Reward: 0.2747
[VLM Debug] Step 18 Reward: 0.2805
[VLM Debug] Step 184 Reward: 0.2756
[VLM Debug] Step 26 Reward: 0.2883
[VLM Debug] Step 8 Reward: 0.2761
[VLM Debug] Step 20 Reward: 0.2788
[VLM Debug] Step 186 Reward: 0.2729
[VLM Debug] Step 28 Reward: 0.2871
[VLM Debug] Step 10 Reward: 0.2754
[VLM Debug] Step 22 Reward: 0.2834
[VLM Debug] Step 188 Reward: 0.2659
[VLM Debug] Step 30 Reward: 0.2881
[VLM Debug] Step 12 Reward: 0.2744
[VLM Debug] Step 24 Reward: 0.2854
[VLM Debug] Step 190 Reward: 0.2764
[VLM Debug] Step 32 Reward: 0.2869
[VLM Debug] Step 14 Reward: 0.2793
[VLM Debug] Step 26 Reward: 0.2849
[VLM Debug] Step 192 Reward: 0.2788
[VLM Debug] Step 34 Reward: 0.2886
[VLM Debug] Step 16 Reward: 0.2808
[VLM Debug] Step 28 Reward: 0.2881
[VLM Debug] Step 194 Reward: 0.2788
[VLM Debug] Step 36 Reward: 0.2896
[VLM Debug] Step 18 Reward: 0.2798
[VLM Debug] Step 30 Reward: 0.2883
[VLM Debug] Step 196 Reward: 0.2925
[VLM Debug] Step 38 Reward: 0.2869
[VLM Debug] Step 20 Reward: 0.2803
[VLM Debug] Step 32 Reward: 0.2874
SPS: 171
[VLM Debug] Step 198 Reward: 0.2905
[VLM Debug] Step 40 Reward: 0.2852
[VLM Debug] Step 22 Reward: 0.2854
[VLM Debug] Step 34 Reward: 0.2878
[VLM Debug] Step 200 Reward: 0.2922
[VLM Debug] Step 42 Reward: 0.2874
[VLM Debug] Step 24 Reward: 0.2844
[VLM Debug] Step 36 Reward: 0.2869
[VLM Debug] Step 202 Reward: 0.2898
[VLM Debug] Step 44 Reward: 0.2812
[VLM Debug] Step 26 Reward: 0.2842
[VLM Debug] Step 38 Reward: 0.2876
[VLM Debug] Step 204 Reward: 0.2966
[VLM Debug] Step 46 Reward: 0.2869
[VLM Debug] Step 28 Reward: 0.2817
[VLM Debug] Step 40 Reward: 0.2876
[VLM Debug] Step 206 Reward: 0.3008
[VLM Debug] Step 48 Reward: 0.2908
[VLM Debug] Step 30 Reward: 0.2798
[VLM Debug] Step 42 Reward: 0.2849
[VLM Debug] Step 208 Reward: 0.2917
[VLM Debug] Step 50 Reward: 0.2869
[VLM Debug] Step 32 Reward: 0.2815
[VLM Debug] Step 44 Reward: 0.2812
[VLM Debug] Step 210 Reward: 0.3062
[VLM Debug] Step 52 Reward: 0.2954
[VLM Debug] Step 34 Reward: 0.2827
[VLM Debug] Step 46 Reward: 0.2856
[VLM Debug] Step 212 Reward: 0.2947
[VLM Debug] Step 54 Reward: 0.2908
[VLM Debug] Step 36 Reward: 0.2834
[VLM Debug] Step 48 Reward: 0.2808
[VLM Debug] Step 214 Reward: 0.2974
[VLM Debug] Step 56 Reward: 0.2949
[VLM Debug] Step 38 Reward: 0.2822
[VLM Debug] Step 50 Reward: 0.2815
global_step=11848, episodic_return=15.975
[VLM Debug] Reset Reward Calculated: 0.2773
[VLM Debug] Step 216 Reward: 0.2957
[VLM Debug] Step 40 Reward: 0.2800
[VLM Debug] Step 52 Reward: 0.2800
[VLM Debug] Step 2 Reward: 0.2798
[VLM Debug] Step 218 Reward: 0.2861
[VLM Debug] Step 42 Reward: 0.2842
[VLM Debug] Step 54 Reward: 0.2827
[VLM Debug] Step 4 Reward: 0.2793
[VLM Debug] Step 220 Reward: 0.2959
[VLM Debug] Step 44 Reward: 0.2781
[VLM Debug] Step 56 Reward: 0.2839
global_step=11872, episodic_return=63.179
--> New best model saved with return: 63.18
[VLM Debug] Step 6 Reward: 0.2808
[VLM Debug] Reset Reward Calculated: 0.2771
[VLM Debug] Step 46 Reward: 0.2798
[VLM Debug] Step 58 Reward: 0.2805
[VLM Debug] Step 8 Reward: 0.2800
[VLM Debug] Step 2 Reward: 0.2793
[VLM Debug] Step 48 Reward: 0.2866
[VLM Debug] Step 60 Reward: 0.2871
[VLM Debug] Step 10 Reward: 0.2800
[VLM Debug] Step 4 Reward: 0.2744
[VLM Debug] Step 50 Reward: 0.2886
[VLM Debug] Step 62 Reward: 0.2910
[VLM Debug] Step 12 Reward: 0.2805
[VLM Debug] Step 6 Reward: 0.2744
[VLM Debug] Step 52 Reward: 0.2896
[VLM Debug] Step 64 Reward: 0.2861
[VLM Debug] Step 14 Reward: 0.2759
[VLM Debug] Step 8 Reward: 0.2791
global_step=11908, episodic_return=14.856
[VLM Debug] Reset Reward Calculated: 0.2747
[VLM Debug] Step 66 Reward: 0.2910
[VLM Debug] Step 16 Reward: 0.2791
[VLM Debug] Step 10 Reward: 0.2793
[VLM Debug] Step 2 Reward: 0.2747
[VLM Debug] Step 68 Reward: 0.2900
[VLM Debug] Step 18 Reward: 0.2854
[VLM Debug] Step 12 Reward: 0.2803
[VLM Debug] Step 4 Reward: 0.2747
[VLM Debug] Step 70 Reward: 0.2947
[VLM Debug] Step 20 Reward: 0.2881
[VLM Debug] Step 14 Reward: 0.2842
[VLM Debug] Step 6 Reward: 0.2686
[VLM Debug] Step 72 Reward: 0.2976
[VLM Debug] Step 22 Reward: 0.2844
[VLM Debug] Step 16 Reward: 0.2888
[VLM Debug] Step 8 Reward: 0.2747
[VLM Debug] Step 74 Reward: 0.2932
[VLM Debug] Step 24 Reward: 0.2859
[VLM Debug] Step 18 Reward: 0.2886
[VLM Debug] Step 10 Reward: 0.2659
[VLM Debug] Step 76 Reward: 0.2839
global_step=11952, episodic_return=21.649
[VLM Debug] Step 26 Reward: 0.2825
[VLM Debug] Reset Reward Calculated: 0.2686
[VLM Debug] Step 20 Reward: 0.2930
[VLM Debug] Step 12 Reward: 0.2751
[VLM Debug] Step 28 Reward: 0.2805
[VLM Debug] Step 2 Reward: 0.2686
[VLM Debug] Step 22 Reward: 0.2898
[VLM Debug] Step 14 Reward: 0.2751
[VLM Debug] Step 30 Reward: 0.2878
[VLM Debug] Step 4 Reward: 0.2773
[VLM Debug] Step 24 Reward: 0.2869
[VLM Debug] Step 16 Reward: 0.2751
[VLM Debug] Step 32 Reward: 0.2869
[VLM Debug] Step 6 Reward: 0.2771
[VLM Debug] Step 26 Reward: 0.2876
[VLM Debug] Step 18 Reward: 0.2803
[VLM Debug] Step 34 Reward: 0.2793
[VLM Debug] Step 8 Reward: 0.2776
[VLM Debug] Step 28 Reward: 0.2859
[VLM Debug] Step 20 Reward: 0.2808
[VLM Debug] Step 36 Reward: 0.2832
[VLM Debug] Step 10 Reward: 0.2769
[VLM Debug] Step 30 Reward: 0.2776
[VLM Debug] Step 22 Reward: 0.2803
[VLM Debug] Step 38 Reward: 0.2825
[VLM Debug] Step 12 Reward: 0.2844
[VLM Debug] Step 32 Reward: 0.2859
[VLM Debug] Step 24 Reward: 0.2788
[VLM Debug] Step 40 Reward: 0.2825
[VLM Debug] Step 14 Reward: 0.2773
[VLM Debug] Step 34 Reward: 0.2832
[VLM Debug] Step 26 Reward: 0.2795
[VLM Debug] Step 42 Reward: 0.2830
[VLM Debug] Step 16 Reward: 0.2798
[VLM Debug] Step 36 Reward: 0.2898
[VLM Debug] Step 28 Reward: 0.2825
[VLM Debug] Step 44 Reward: 0.2825
[VLM Debug] Step 18 Reward: 0.2820
[VLM Debug] Step 38 Reward: 0.2893
[VLM Debug] Step 30 Reward: 0.2866
[VLM Debug] Step 46 Reward: 0.2825
[VLM Debug] Step 20 Reward: 0.2842
[VLM Debug] Step 40 Reward: 0.2849
[VLM Debug] Step 32 Reward: 0.2876
[VLM Debug] Step 48 Reward: 0.2844
[VLM Debug] Step 22 Reward: 0.2832
[VLM Debug] Step 42 Reward: 0.2837
[VLM Debug] Step 34 Reward: 0.2788
[VLM Debug] Step 50 Reward: 0.2803
[VLM Debug] Step 24 Reward: 0.2888
[VLM Debug] Step 44 Reward: 0.2915
[VLM Debug] Step 36 Reward: 0.2776
[VLM Debug] Step 52 Reward: 0.2793
[VLM Debug] Step 26 Reward: 0.2920
[VLM Debug] Step 46 Reward: 0.2964
[VLM Debug] Step 38 Reward: 0.2798
[VLM Debug] Step 54 Reward: 0.2808
[VLM Debug] Step 28 Reward: 0.2866
[VLM Debug] Step 48 Reward: 0.2974
[VLM Debug] Step 40 Reward: 0.2793
[VLM Debug] Step 56 Reward: 0.2805
[VLM Debug] Step 30 Reward: 0.2903
[VLM Debug] Step 50 Reward: 0.2981
[VLM Debug] Step 42 Reward: 0.2820
global_step=12080, episodic_return=8.721
[VLM Debug] Step 58 Reward: 0.2820
[VLM Debug] Reset Reward Calculated: 0.2817
[VLM Debug] Step 52 Reward: 0.2908
[VLM Debug] Step 44 Reward: 0.2825
[VLM Debug] Step 60 Reward: 0.2832
[VLM Debug] Step 2 Reward: 0.2817
[VLM Debug] Step 54 Reward: 0.2896
global_step=12092, episodic_return=15.447
[VLM Debug] Step 46 Reward: 0.2812
[VLM Debug] Reset Reward Calculated: 0.2791
[VLM Debug] Step 62 Reward: 0.2864
[VLM Debug] Step 4 Reward: 0.2827
[VLM Debug] Step 48 Reward: 0.2844
[VLM Debug] Step 2 Reward: 0.2805
[VLM Debug] Step 64 Reward: 0.2849
[VLM Debug] Step 6 Reward: 0.2900
[VLM Debug] Step 50 Reward: 0.2859
[VLM Debug] Step 4 Reward: 0.2805
[VLM Debug] Step 66 Reward: 0.2825
[VLM Debug] Step 8 Reward: 0.2869
[VLM Debug] Step 52 Reward: 0.2861
[VLM Debug] Step 6 Reward: 0.2795
global_step=12120, episodic_return=2.564
[VLM Debug] Step 68 Reward: 0.2854
[VLM Debug] Reset Reward Calculated: 0.2817
[VLM Debug] Step 54 Reward: 0.2861
[VLM Debug] Step 8 Reward: 0.2793
[VLM Debug] Step 70 Reward: 0.2793
[VLM Debug] Step 2 Reward: 0.2830
[VLM Debug] Step 56 Reward: 0.2883
[VLM Debug] Step 10 Reward: 0.2798
[VLM Debug] Step 72 Reward: 0.2805
[VLM Debug] Step 4 Reward: 0.2817
[VLM Debug] Step 58 Reward: 0.2915
[VLM Debug] Step 12 Reward: 0.2646
[VLM Debug] Step 74 Reward: 0.2805
[VLM Debug] Step 6 Reward: 0.2815
[VLM Debug] Step 60 Reward: 0.2908
[VLM Debug] Step 14 Reward: 0.2737
[VLM Debug] Step 76 Reward: 0.2854
[VLM Debug] Step 8 Reward: 0.2793
[VLM Debug] Step 62 Reward: 0.2878
[VLM Debug] Step 16 Reward: 0.2659
[VLM Debug] Step 78 Reward: 0.2817
[VLM Debug] Step 10 Reward: 0.2820
[VLM Debug] Step 64 Reward: 0.2876
[VLM Debug] Step 18 Reward: 0.2661
[VLM Debug] Step 80 Reward: 0.2810
[VLM Debug] Step 12 Reward: 0.2808
[VLM Debug] Step 66 Reward: 0.2866
[VLM Debug] Step 20 Reward: 0.2737
[VLM Debug] Step 82 Reward: 0.2783
[VLM Debug] Step 14 Reward: 0.2847
[VLM Debug] Step 68 Reward: 0.2891
[VLM Debug] Step 22 Reward: 0.2844
[VLM Debug] Step 84 Reward: 0.2839
[VLM Debug] Step 16 Reward: 0.2825
[VLM Debug] Step 70 Reward: 0.2957
[VLM Debug] Step 24 Reward: 0.2773
[VLM Debug] Step 86 Reward: 0.2839
[VLM Debug] Step 18 Reward: 0.2825
[VLM Debug] Step 72 Reward: 0.2969
[VLM Debug] Step 26 Reward: 0.2773
[VLM Debug] Step 88 Reward: 0.2920
[VLM Debug] Step 20 Reward: 0.2852
[VLM Debug] Step 74 Reward: 0.2903
[VLM Debug] Step 28 Reward: 0.2837
[VLM Debug] Step 90 Reward: 0.2900
[VLM Debug] Step 22 Reward: 0.2832
[VLM Debug] Step 76 Reward: 0.2913
[VLM Debug] Step 30 Reward: 0.2773
[VLM Debug] Step 92 Reward: 0.2939
[VLM Debug] Step 24 Reward: 0.2837
[VLM Debug] Step 78 Reward: 0.2939
[VLM Debug] Step 32 Reward: 0.2788
[VLM Debug] Step 94 Reward: 0.2949
[VLM Debug] Step 26 Reward: 0.2805
[VLM Debug] Step 80 Reward: 0.2874
[VLM Debug] Step 34 Reward: 0.2803
[VLM Debug] Step 96 Reward: 0.2983
[VLM Debug] Step 28 Reward: 0.2837
[VLM Debug] Step 82 Reward: 0.2939
[VLM Debug] Step 36 Reward: 0.2849
[VLM Debug] Step 98 Reward: 0.2905
[VLM Debug] Step 30 Reward: 0.2822
[VLM Debug] Step 84 Reward: 0.2969
[VLM Debug] Step 38 Reward: 0.2888
[VLM Debug] Step 100 Reward: 0.2986
[VLM Debug] Step 32 Reward: 0.2754
global_step=12252, episodic_return=28.368
[VLM Debug] Reset Reward Calculated: 0.2800
[VLM Debug] Step 86 Reward: 0.2954
[VLM Debug] Step 40 Reward: 0.2798
[VLM Debug] Step 34 Reward: 0.2744
[VLM Debug] Step 2 Reward: 0.2754
[VLM Debug] Step 88 Reward: 0.2947
[VLM Debug] Step 42 Reward: 0.2871
[VLM Debug] Step 36 Reward: 0.2769
[VLM Debug] Step 4 Reward: 0.2800
[VLM Debug] Step 90 Reward: 0.2925
[VLM Debug] Step 44 Reward: 0.2917
[VLM Debug] Step 38 Reward: 0.2773
[VLM Debug] Step 6 Reward: 0.2754
[VLM Debug] Step 92 Reward: 0.2883
[VLM Debug] Step 46 Reward: 0.2893
[VLM Debug] Step 40 Reward: 0.2827
[VLM Debug] Step 8 Reward: 0.2852
[VLM Debug] Step 94 Reward: 0.2932
[VLM Debug] Step 48 Reward: 0.2910
SPS: 171
[VLM Debug] Step 42 Reward: 0.2839
[VLM Debug] Step 10 Reward: 0.2866
[VLM Debug] Step 96 Reward: 0.2903
[VLM Debug] Step 50 Reward: 0.2903
[VLM Debug] Step 44 Reward: 0.2852
[VLM Debug] Step 12 Reward: 0.2859
[VLM Debug] Step 98 Reward: 0.2910
[VLM Debug] Step 52 Reward: 0.2839
[VLM Debug] Step 46 Reward: 0.2910
[VLM Debug] Step 14 Reward: 0.2869
[VLM Debug] Step 100 Reward: 0.2881
[VLM Debug] Step 54 Reward: 0.2842
[VLM Debug] Step 48 Reward: 0.2942
[VLM Debug] Step 16 Reward: 0.2874
[VLM Debug] Step 102 Reward: 0.2930
[VLM Debug] Step 56 Reward: 0.2898
[VLM Debug] Step 50 Reward: 0.2949
[VLM Debug] Step 18 Reward: 0.2837
[VLM Debug] Step 104 Reward: 0.2920
[VLM Debug] Step 58 Reward: 0.2871
[VLM Debug] Step 52 Reward: 0.2954
[VLM Debug] Step 20 Reward: 0.2810
[VLM Debug] Step 106 Reward: 0.2893
[VLM Debug] Step 60 Reward: 0.2896
[VLM Debug] Step 54 Reward: 0.2969
[VLM Debug] Step 22 Reward: 0.2788
[VLM Debug] Step 108 Reward: 0.2937
[VLM Debug] Step 62 Reward: 0.2871
[VLM Debug] Step 56 Reward: 0.2969
[VLM Debug] Step 24 Reward: 0.2788
[VLM Debug] Step 110 Reward: 0.2935
[VLM Debug] Step 64 Reward: 0.2927
[VLM Debug] Step 58 Reward: 0.2964
[VLM Debug] Step 26 Reward: 0.2856
[VLM Debug] Step 112 Reward: 0.2947
[VLM Debug] Step 66 Reward: 0.2927
[VLM Debug] Step 60 Reward: 0.2944
[VLM Debug] Step 28 Reward: 0.2893
[VLM Debug] Step 114 Reward: 0.2966
[VLM Debug] Step 68 Reward: 0.2947
[VLM Debug] Step 62 Reward: 0.2964
[VLM Debug] Step 30 Reward: 0.2878
[VLM Debug] Step 116 Reward: 0.2937
[VLM Debug] Step 70 Reward: 0.2952
[VLM Debug] Step 64 Reward: 0.2952
global_step=12380, episodic_return=20.085
[VLM Debug] Step 32 Reward: 0.2859
[VLM Debug] Step 118 Reward: 0.2905
[VLM Debug] Reset Reward Calculated: 0.2793
[VLM Debug] Step 66 Reward: 0.2961
[VLM Debug] Step 34 Reward: 0.2800
[VLM Debug] Step 120 Reward: 0.2930
[VLM Debug] Step 2 Reward: 0.2793
[VLM Debug] Step 68 Reward: 0.2942
[VLM Debug] Step 36 Reward: 0.2856
[VLM Debug] Step 122 Reward: 0.2915
[VLM Debug] Step 4 Reward: 0.2808
[VLM Debug] Step 70 Reward: 0.2969
[VLM Debug] Step 38 Reward: 0.2791
[VLM Debug] Step 124 Reward: 0.2925
[VLM Debug] Step 6 Reward: 0.2759
[VLM Debug] Step 72 Reward: 0.2942
[VLM Debug] Step 40 Reward: 0.2854
[VLM Debug] Step 126 Reward: 0.2844
[VLM Debug] Step 8 Reward: 0.2800
[VLM Debug] Step 74 Reward: 0.2954
[VLM Debug] Step 42 Reward: 0.2893
[VLM Debug] Step 128 Reward: 0.2954
[VLM Debug] Step 10 Reward: 0.2771
[VLM Debug] Step 76 Reward: 0.2920
[VLM Debug] Step 44 Reward: 0.2891
[VLM Debug] Step 130 Reward: 0.2964
[VLM Debug] Step 12 Reward: 0.2776
[VLM Debug] Step 78 Reward: 0.2891
[VLM Debug] Step 46 Reward: 0.2920
[VLM Debug] Step 132 Reward: 0.2917
[VLM Debug] Step 14 Reward: 0.2795
[VLM Debug] Step 80 Reward: 0.2844
[VLM Debug] Step 48 Reward: 0.2905
[VLM Debug] Step 134 Reward: 0.3027
[VLM Debug] Step 16 Reward: 0.2805
[VLM Debug] Step 82 Reward: 0.2800
[VLM Debug] Step 50 Reward: 0.2849
[VLM Debug] Step 136 Reward: 0.3032
[VLM Debug] Step 18 Reward: 0.2764
[VLM Debug] Step 84 Reward: 0.2854
global_step=12460, episodic_return=39.341
[VLM Debug] Step 52 Reward: 0.2903
[VLM Debug] Reset Reward Calculated: 0.2832
[VLM Debug] Step 20 Reward: 0.2800
[VLM Debug] Step 86 Reward: 0.2869
[VLM Debug] Step 54 Reward: 0.2849
[VLM Debug] Step 2 Reward: 0.2827
[VLM Debug] Step 22 Reward: 0.2800
[VLM Debug] Step 88 Reward: 0.2852
[VLM Debug] Step 56 Reward: 0.2942
[VLM Debug] Step 4 Reward: 0.2832
[VLM Debug] Step 24 Reward: 0.2834
[VLM Debug] Step 90 Reward: 0.2844
[VLM Debug] Step 58 Reward: 0.2959
[VLM Debug] Step 6 Reward: 0.2839
[VLM Debug] Step 26 Reward: 0.2854
[VLM Debug] Step 92 Reward: 0.2805
[VLM Debug] Step 60 Reward: 0.2891
[VLM Debug] Step 8 Reward: 0.2852
[VLM Debug] Step 28 Reward: 0.2820
[VLM Debug] Step 94 Reward: 0.2778
[VLM Debug] Step 62 Reward: 0.2844
[VLM Debug] Step 10 Reward: 0.2844
[VLM Debug] Step 30 Reward: 0.2820
[VLM Debug] Step 96 Reward: 0.2864
[VLM Debug] Step 64 Reward: 0.2893
[VLM Debug] Step 12 Reward: 0.2849
[VLM Debug] Step 32 Reward: 0.2812
[VLM Debug] Step 98 Reward: 0.2805
[VLM Debug] Step 66 Reward: 0.2891
[VLM Debug] Step 14 Reward: 0.2849
[VLM Debug] Step 34 Reward: 0.2812
[VLM Debug] Step 100 Reward: 0.2810
[VLM Debug] Step 68 Reward: 0.2861
[VLM Debug] Step 16 Reward: 0.2847
[VLM Debug] Step 36 Reward: 0.2822
[VLM Debug] Step 102 Reward: 0.2864
[VLM Debug] Step 70 Reward: 0.2932
[VLM Debug] Step 18 Reward: 0.2871
[VLM Debug] Step 38 Reward: 0.2822
[VLM Debug] Step 104 Reward: 0.2913
[VLM Debug] Step 72 Reward: 0.2866
[VLM Debug] Step 20 Reward: 0.2861
[VLM Debug] Step 40 Reward: 0.2849
[VLM Debug] Step 106 Reward: 0.2915
[VLM Debug] Step 74 Reward: 0.2766
[VLM Debug] Step 22 Reward: 0.2861
[VLM Debug] Step 42 Reward: 0.2854
[VLM Debug] Step 108 Reward: 0.2952
[VLM Debug] Step 76 Reward: 0.2820
[VLM Debug] Step 24 Reward: 0.2871
[VLM Debug] Step 44 Reward: 0.2883
[VLM Debug] Step 110 Reward: 0.2937
[VLM Debug] Step 78 Reward: 0.2844
[VLM Debug] Step 26 Reward: 0.2893
[VLM Debug] Step 46 Reward: 0.2898
[VLM Debug] Step 112 Reward: 0.2910
global_step=12572, episodic_return=32.117
[VLM Debug] Step 80 Reward: 0.2808
[VLM Debug] Step 28 Reward: 0.2844
[VLM Debug] Reset Reward Calculated: 0.2661
[VLM Debug] Step 48 Reward: 0.2881
[VLM Debug] Step 82 Reward: 0.2725
[VLM Debug] Step 30 Reward: 0.2834
[VLM Debug] Step 2 Reward: 0.2661
[VLM Debug] Step 50 Reward: 0.2859
[VLM Debug] Step 84 Reward: 0.2805
[VLM Debug] Step 32 Reward: 0.2739
[VLM Debug] Step 4 Reward: 0.2761
[VLM Debug] Step 52 Reward: 0.2908
[VLM Debug] Step 86 Reward: 0.2808
[VLM Debug] Step 34 Reward: 0.2837
[VLM Debug] Step 6 Reward: 0.2761
[VLM Debug] Step 54 Reward: 0.2920
[VLM Debug] Step 88 Reward: 0.2815
[VLM Debug] Step 36 Reward: 0.2883
[VLM Debug] Step 8 Reward: 0.2739
[VLM Debug] Step 56 Reward: 0.2935
[VLM Debug] Step 90 Reward: 0.2852
[VLM Debug] Step 38 Reward: 0.2878
[VLM Debug] Step 10 Reward: 0.2739
[VLM Debug] Step 58 Reward: 0.2922
[VLM Debug] Step 92 Reward: 0.2776
[VLM Debug] Step 40 Reward: 0.2800
[VLM Debug] Step 12 Reward: 0.2754
[VLM Debug] Step 60 Reward: 0.2942
global_step=12628, episodic_return=17.303
[VLM Debug] Step 94 Reward: 0.2849
[VLM Debug] Step 42 Reward: 0.2803
[VLM Debug] Step 14 Reward: 0.2866
[VLM Debug] Reset Reward Calculated: 0.2803
[VLM Debug] Step 96 Reward: 0.2786
[VLM Debug] Step 44 Reward: 0.2883
[VLM Debug] Step 16 Reward: 0.2864
[VLM Debug] Step 2 Reward: 0.2759
[VLM Debug] Step 98 Reward: 0.2822
[VLM Debug] Step 46 Reward: 0.2952
[VLM Debug] Step 18 Reward: 0.2898
[VLM Debug] Step 4 Reward: 0.2759
[VLM Debug] Step 100 Reward: 0.2827
[VLM Debug] Step 48 Reward: 0.2971
[VLM Debug] Step 20 Reward: 0.2888
[VLM Debug] Step 6 Reward: 0.2803
[VLM Debug] Step 102 Reward: 0.2888
[VLM Debug] Step 50 Reward: 0.2876
[VLM Debug] Step 22 Reward: 0.2898
[VLM Debug] Step 8 Reward: 0.2771
[VLM Debug] Step 104 Reward: 0.2849
[VLM Debug] Step 52 Reward: 0.2903
[VLM Debug] Step 24 Reward: 0.2878
[VLM Debug] Step 10 Reward: 0.2778
[VLM Debug] Step 106 Reward: 0.2922
[VLM Debug] Step 54 Reward: 0.2820
[VLM Debug] Step 26 Reward: 0.2878
[VLM Debug] Step 12 Reward: 0.2834
[VLM Debug] Step 108 Reward: 0.2952
[VLM Debug] Step 56 Reward: 0.2866
[VLM Debug] Step 28 Reward: 0.2915
[VLM Debug] Step 14 Reward: 0.2822
[VLM Debug] Step 110 Reward: 0.2878
[VLM Debug] Step 58 Reward: 0.2798
[VLM Debug] Step 30 Reward: 0.2874
[VLM Debug] Step 16 Reward: 0.2822
[VLM Debug] Step 112 Reward: 0.2827
[VLM Debug] Step 60 Reward: 0.2800
[VLM Debug] Step 32 Reward: 0.2859
[VLM Debug] Step 18 Reward: 0.2812
[VLM Debug] Step 114 Reward: 0.2908
[VLM Debug] Step 62 Reward: 0.2881
[VLM Debug] Step 34 Reward: 0.2886
[VLM Debug] Step 20 Reward: 0.2832
[VLM Debug] Step 116 Reward: 0.2876
[VLM Debug] Step 64 Reward: 0.2866
[VLM Debug] Step 36 Reward: 0.2905
[VLM Debug] Step 22 Reward: 0.2827
[VLM Debug] Step 118 Reward: 0.2920
[VLM Debug] Step 66 Reward: 0.2891
[VLM Debug] Step 38 Reward: 0.2896
[VLM Debug] Step 24 Reward: 0.2852
[VLM Debug] Step 120 Reward: 0.2876
[VLM Debug] Step 68 Reward: 0.2915
[VLM Debug] Step 40 Reward: 0.2878
[VLM Debug] Step 26 Reward: 0.2844
[VLM Debug] Step 122 Reward: 0.2878
[VLM Debug] Step 70 Reward: 0.2920
[VLM Debug] Step 42 Reward: 0.2903
[VLM Debug] Step 28 Reward: 0.2832
[VLM Debug] Step 124 Reward: 0.2905
[VLM Debug] Step 72 Reward: 0.2957
[VLM Debug] Step 44 Reward: 0.2844
[VLM Debug] Step 30 Reward: 0.2798
[VLM Debug] Step 126 Reward: 0.2810
[VLM Debug] Step 74 Reward: 0.2959
[VLM Debug] Step 46 Reward: 0.2917
[VLM Debug] Step 32 Reward: 0.2800
global_step=12760, episodic_return=21.182
[VLM Debug] Reset Reward Calculated: 0.2776
[VLM Debug] Step 128 Reward: 0.2795
[VLM Debug] Step 48 Reward: 0.2917
[VLM Debug] Step 34 Reward: 0.2869
[VLM Debug] Step 2 Reward: 0.2791
[VLM Debug] Step 130 Reward: 0.2712
[VLM Debug] Step 50 Reward: 0.2954
[VLM Debug] Step 36 Reward: 0.2861
[VLM Debug] Step 4 Reward: 0.2820
[VLM Debug] Step 132 Reward: 0.2798
[VLM Debug] Step 52 Reward: 0.2891
[VLM Debug] Step 38 Reward: 0.2886
[VLM Debug] Step 6 Reward: 0.2839
[VLM Debug] Step 134 Reward: 0.2874
[VLM Debug] Step 54 Reward: 0.2927
[VLM Debug] Step 40 Reward: 0.2888
[VLM Debug] Step 8 Reward: 0.2800
[VLM Debug] Step 136 Reward: 0.2878
[VLM Debug] Step 56 Reward: 0.2898
[VLM Debug] Step 42 Reward: 0.2830
SPS: 171
[VLM Debug] Step 10 Reward: 0.2812
[VLM Debug] Step 138 Reward: 0.2888
[VLM Debug] Step 58 Reward: 0.2932
[VLM Debug] Step 44 Reward: 0.2874
[VLM Debug] Step 12 Reward: 0.2869
[VLM Debug] Step 140 Reward: 0.2949
[VLM Debug] Step 60 Reward: 0.2939
[VLM Debug] Step 46 Reward: 0.2952
[VLM Debug] Step 14 Reward: 0.2869
[VLM Debug] Step 142 Reward: 0.2915
[VLM Debug] Step 62 Reward: 0.2971
[VLM Debug] Step 48 Reward: 0.2903
[VLM Debug] Step 16 Reward: 0.2886
[VLM Debug] Step 144 Reward: 0.2927
[VLM Debug] Step 64 Reward: 0.2935
[VLM Debug] Step 50 Reward: 0.2859
[VLM Debug] Step 18 Reward: 0.2869
[VLM Debug] Step 146 Reward: 0.2939
[VLM Debug] Step 66 Reward: 0.2905
[VLM Debug] Step 52 Reward: 0.2825
[VLM Debug] Step 20 Reward: 0.2876
global_step=12844, episodic_return=41.959
[VLM Debug] Reset Reward Calculated: 0.2661
[VLM Debug] Step 68 Reward: 0.2888
[VLM Debug] Step 54 Reward: 0.2935
[VLM Debug] Step 22 Reward: 0.2881
[VLM Debug] Step 2 Reward: 0.2747
[VLM Debug] Step 70 Reward: 0.2866
[VLM Debug] Step 56 Reward: 0.2954
[VLM Debug] Step 24 Reward: 0.2876
[VLM Debug] Step 4 Reward: 0.2761
[VLM Debug] Step 72 Reward: 0.2837
[VLM Debug] Step 58 Reward: 0.2710
[VLM Debug] Step 26 Reward: 0.2891
[VLM Debug] Step 6 Reward: 0.2761
[VLM Debug] Step 74 Reward: 0.2847
[VLM Debug] Step 60 Reward: 0.2891
[VLM Debug] Step 28 Reward: 0.2839
[VLM Debug] Step 8 Reward: 0.2756
[VLM Debug] Step 76 Reward: 0.2896
[VLM Debug] Step 62 Reward: 0.2881
[VLM Debug] Step 30 Reward: 0.2839
[VLM Debug] Step 10 Reward: 0.2739
[VLM Debug] Step 78 Reward: 0.2852
[VLM Debug] Step 64 Reward: 0.2900
[VLM Debug] Step 32 Reward: 0.2856
[VLM Debug] Step 12 Reward: 0.2800
[VLM Debug] Step 80 Reward: 0.2910
[VLM Debug] Step 66 Reward: 0.2905
[VLM Debug] Step 34 Reward: 0.2795
[VLM Debug] Step 14 Reward: 0.2781
[VLM Debug] Step 82 Reward: 0.2903
[VLM Debug] Step 68 Reward: 0.2896
[VLM Debug] Step 36 Reward: 0.2786
[VLM Debug] Step 16 Reward: 0.2800
[VLM Debug] Step 84 Reward: 0.2896
[VLM Debug] Step 70 Reward: 0.2908
[VLM Debug] Step 38 Reward: 0.2761
global_step=12916, episodic_return=20.214
[VLM Debug] Step 18 Reward: 0.2781
[VLM Debug] Step 86 Reward: 0.2920
[VLM Debug] Reset Reward Calculated: 0.2781
[VLM Debug] Step 40 Reward: 0.2788
[VLM Debug] Step 20 Reward: 0.2849
[VLM Debug] Step 88 Reward: 0.2964
[VLM Debug] Step 2 Reward: 0.2808
[VLM Debug] Step 42 Reward: 0.2800
[VLM Debug] Step 22 Reward: 0.2832
[VLM Debug] Step 90 Reward: 0.2917
[VLM Debug] Step 4 Reward: 0.2800
[VLM Debug] Step 44 Reward: 0.2864
[VLM Debug] Step 24 Reward: 0.2812
[VLM Debug] Step 92 Reward: 0.2893
[VLM Debug] Step 6 Reward: 0.2842
[VLM Debug] Step 46 Reward: 0.2820
[VLM Debug] Step 26 Reward: 0.2761
[VLM Debug] Step 94 Reward: 0.2812
[VLM Debug] Step 8 Reward: 0.2810
[VLM Debug] Step 48 Reward: 0.2808
[VLM Debug] Step 28 Reward: 0.2812
[VLM Debug] Step 96 Reward: 0.2798
[VLM Debug] Step 10 Reward: 0.2764
[VLM Debug] Step 50 Reward: 0.2893
[VLM Debug] Step 30 Reward: 0.2820
[VLM Debug] Step 98 Reward: 0.2729
[VLM Debug] Step 12 Reward: 0.2803
[VLM Debug] Step 52 Reward: 0.2878
[VLM Debug] Step 32 Reward: 0.2834
[VLM Debug] Step 100 Reward: 0.2754
[VLM Debug] Step 14 Reward: 0.2808
[VLM Debug] Step 54 Reward: 0.2913
[VLM Debug] Step 34 Reward: 0.2805
[VLM Debug] Step 102 Reward: 0.2754
[VLM Debug] Step 16 Reward: 0.2864
[VLM Debug] Step 56 Reward: 0.2935
[VLM Debug] Step 36 Reward: 0.2834
[VLM Debug] Step 104 Reward: 0.2827
[VLM Debug] Step 18 Reward: 0.2761
[VLM Debug] Step 58 Reward: 0.2969
[VLM Debug] Step 38 Reward: 0.2854
[VLM Debug] Step 106 Reward: 0.2729
[VLM Debug] Step 20 Reward: 0.2803
[VLM Debug] Step 60 Reward: 0.2935
[VLM Debug] Step 40 Reward: 0.2891
[VLM Debug] Step 108 Reward: 0.2886
[VLM Debug] Step 22 Reward: 0.2822
global_step=13008, episodic_return=17.389
[VLM Debug] Reset Reward Calculated: 0.2820
[VLM Debug] Step 42 Reward: 0.2876
[VLM Debug] Step 110 Reward: 0.2839
[VLM Debug] Step 24 Reward: 0.2832
[VLM Debug] Step 2 Reward: 0.2778
[VLM Debug] Step 44 Reward: 0.2891
[VLM Debug] Step 112 Reward: 0.2666
[VLM Debug] Step 26 Reward: 0.2844
[VLM Debug] Step 4 Reward: 0.2820
[VLM Debug] Step 46 Reward: 0.2898
[VLM Debug] Step 114 Reward: 0.2639
[VLM Debug] Step 28 Reward: 0.2856
[VLM Debug] Step 6 Reward: 0.2778
[VLM Debug] Step 48 Reward: 0.2903
[VLM Debug] Step 116 Reward: 0.2634
[VLM Debug] Step 30 Reward: 0.2878
[VLM Debug] Step 8 Reward: 0.2817
[VLM Debug] Step 50 Reward: 0.2888
[VLM Debug] Step 118 Reward: 0.2717
[VLM Debug] Step 32 Reward: 0.2876
[VLM Debug] Step 10 Reward: 0.2817
[VLM Debug] Step 52 Reward: 0.2905
[VLM Debug] Step 120 Reward: 0.2578
[VLM Debug] Step 34 Reward: 0.2849
[VLM Debug] Step 12 Reward: 0.2812
[VLM Debug] Step 54 Reward: 0.2954
[VLM Debug] Step 122 Reward: 0.2773
[VLM Debug] Step 36 Reward: 0.2908
global_step=13064, episodic_return=15.240
[VLM Debug] Reset Reward Calculated: 0.2676
[VLM Debug] Step 14 Reward: 0.2793
[VLM Debug] Step 124 Reward: 0.2876
[VLM Debug] Step 38 Reward: 0.2847
[VLM Debug] Step 2 Reward: 0.2734
[VLM Debug] Step 16 Reward: 0.2793
[VLM Debug] Step 126 Reward: 0.2537
[VLM Debug] Step 40 Reward: 0.2817
[VLM Debug] Step 4 Reward: 0.2734
[VLM Debug] Step 18 Reward: 0.2810
[VLM Debug] Step 128 Reward: 0.2496
[VLM Debug] Step 42 Reward: 0.2849
[VLM Debug] Step 6 Reward: 0.2676
[VLM Debug] Step 20 Reward: 0.2803
global_step=13092, episodic_return=36.540
[VLM Debug] Reset Reward Calculated: 0.2756
[VLM Debug] Step 44 Reward: 0.2817
[VLM Debug] Step 8 Reward: 0.2747
[VLM Debug] Step 22 Reward: 0.2815
[VLM Debug] Step 2 Reward: 0.2771
[VLM Debug] Step 46 Reward: 0.2847
[VLM Debug] Step 10 Reward: 0.2744
[VLM Debug] Step 24 Reward: 0.2798
[VLM Debug] Step 4 Reward: 0.2791
[VLM Debug] Step 48 Reward: 0.2827
[VLM Debug] Step 12 Reward: 0.2810
[VLM Debug] Step 26 Reward: 0.2786
[VLM Debug] Step 6 Reward: 0.2791
[VLM Debug] Step 50 Reward: 0.2896
[VLM Debug] Step 14 Reward: 0.2856
[VLM Debug] Step 28 Reward: 0.2795
[VLM Debug] Step 8 Reward: 0.2793
[VLM Debug] Step 52 Reward: 0.2961
[VLM Debug] Step 16 Reward: 0.2886
[VLM Debug] Step 30 Reward: 0.2805
[VLM Debug] Step 10 Reward: 0.2808
[VLM Debug] Step 54 Reward: 0.2939
[VLM Debug] Step 18 Reward: 0.2861
[VLM Debug] Step 32 Reward: 0.2810
[VLM Debug] Step 12 Reward: 0.2842
[VLM Debug] Step 56 Reward: 0.2964
[VLM Debug] Step 20 Reward: 0.2878
[VLM Debug] Step 34 Reward: 0.2773
[VLM Debug] Step 14 Reward: 0.2854
[VLM Debug] Step 58 Reward: 0.2942
[VLM Debug] Step 22 Reward: 0.2856
[VLM Debug] Step 36 Reward: 0.2820
[VLM Debug] Step 16 Reward: 0.2842
[VLM Debug] Step 60 Reward: 0.2969
[VLM Debug] Step 24 Reward: 0.2878
[VLM Debug] Step 38 Reward: 0.2820
[VLM Debug] Step 18 Reward: 0.2834
[VLM Debug] Step 62 Reward: 0.2878
[VLM Debug] Step 26 Reward: 0.2932
[VLM Debug] Step 40 Reward: 0.2832
[VLM Debug] Step 20 Reward: 0.2803
[VLM Debug] Step 64 Reward: 0.2937
[VLM Debug] Step 28 Reward: 0.2917
[VLM Debug] Step 42 Reward: 0.2893
[VLM Debug] Step 22 Reward: 0.2795
[VLM Debug] Step 66 Reward: 0.2957
global_step=13184, episodic_return=8.170
[VLM Debug] Reset Reward Calculated: 0.2788
[VLM Debug] Step 44 Reward: 0.2803
[VLM Debug] Step 24 Reward: 0.2815
[VLM Debug] Step 68 Reward: 0.2915
[VLM Debug] Step 2 Reward: 0.2817
[VLM Debug] Step 46 Reward: 0.2842
[VLM Debug] Step 26 Reward: 0.2798
[VLM Debug] Step 70 Reward: 0.2908
[VLM Debug] Step 4 Reward: 0.2837
[VLM Debug] Step 48 Reward: 0.2839
[VLM Debug] Step 28 Reward: 0.2786
[VLM Debug] Step 72 Reward: 0.2900
[VLM Debug] Step 6 Reward: 0.2856
[VLM Debug] Step 50 Reward: 0.2822
[VLM Debug] Step 30 Reward: 0.2805
[VLM Debug] Step 74 Reward: 0.2952
global_step=13216, episodic_return=21.193
[VLM Debug] Step 8 Reward: 0.2844
[VLM Debug] Step 52 Reward: 0.2839
[VLM Debug] Reset Reward Calculated: 0.2830
[VLM Debug] Step 32 Reward: 0.2788
[VLM Debug] Step 10 Reward: 0.2812
[VLM Debug] Step 54 Reward: 0.2927
[VLM Debug] Step 2 Reward: 0.2812
[VLM Debug] Step 34 Reward: 0.2783
[VLM Debug] Step 12 Reward: 0.2817
[VLM Debug] Step 56 Reward: 0.2922
[VLM Debug] Step 4 Reward: 0.2808
[VLM Debug] Step 36 Reward: 0.2788
[VLM Debug] Step 14 Reward: 0.2798
[VLM Debug] Step 58 Reward: 0.2896
[VLM Debug] Step 6 Reward: 0.2805
[VLM Debug] Step 38 Reward: 0.2812
[VLM Debug] Step 16 Reward: 0.2817
[VLM Debug] Step 60 Reward: 0.2891
[VLM Debug] Step 8 Reward: 0.2805
[VLM Debug] Step 40 Reward: 0.2812
[VLM Debug] Step 18 Reward: 0.2786
[VLM Debug] Step 62 Reward: 0.2939
[VLM Debug] Step 10 Reward: 0.2744
[VLM Debug] Step 42 Reward: 0.2852
[VLM Debug] Step 20 Reward: 0.2800
[VLM Debug] Step 64 Reward: 0.2974
[VLM Debug] Step 12 Reward: 0.2761
[VLM Debug] Step 44 Reward: 0.2898
[VLM Debug] Step 22 Reward: 0.2800
[VLM Debug] Step 66 Reward: 0.2947
[VLM Debug] Step 14 Reward: 0.2756
[VLM Debug] Step 46 Reward: 0.2903
[VLM Debug] Step 24 Reward: 0.2832
[VLM Debug] Step 68 Reward: 0.2937
[VLM Debug] Step 16 Reward: 0.2693
[VLM Debug] Step 48 Reward: 0.2905
[VLM Debug] Step 26 Reward: 0.2788
[VLM Debug] Step 70 Reward: 0.2981
[VLM Debug] Step 18 Reward: 0.2720
[VLM Debug] Step 50 Reward: 0.2878
[VLM Debug] Step 28 Reward: 0.2834
[VLM Debug] Step 72 Reward: 0.2957
[VLM Debug] Step 20 Reward: 0.2808
[VLM Debug] Step 52 Reward: 0.2915
[VLM Debug] Step 30 Reward: 0.2839
[VLM Debug] Step 74 Reward: 0.2908
[VLM Debug] Step 22 Reward: 0.2751
[VLM Debug] Step 54 Reward: 0.2905
SPS: 171
[VLM Debug] Step 32 Reward: 0.2764
[VLM Debug] Step 76 Reward: 0.2966
[VLM Debug] Step 24 Reward: 0.2737
global_step=13316, episodic_return=21.657
global_step=13316, episodic_return=15.549
[VLM Debug] Reset Reward Calculated: 0.2747
[VLM Debug] Reset Reward Calculated: 0.2810
[VLM Debug] Step 34 Reward: 0.2825
[VLM Debug] Step 26 Reward: 0.2888
[VLM Debug] Step 2 Reward: 0.2773
[VLM Debug] Step 2 Reward: 0.2820
[VLM Debug] Step 36 Reward: 0.2896
[VLM Debug] Step 28 Reward: 0.2864
[VLM Debug] Step 4 Reward: 0.2810
[VLM Debug] Step 4 Reward: 0.2812
[VLM Debug] Step 38 Reward: 0.2886
[VLM Debug] Step 30 Reward: 0.2832
[VLM Debug] Step 6 Reward: 0.2773
[VLM Debug] Step 6 Reward: 0.2825
[VLM Debug] Step 40 Reward: 0.2886
[VLM Debug] Step 32 Reward: 0.2869
[VLM Debug] Step 8 Reward: 0.2793
[VLM Debug] Step 8 Reward: 0.2798
[VLM Debug] Step 42 Reward: 0.2861
[VLM Debug] Step 34 Reward: 0.2869
[VLM Debug] Step 10 Reward: 0.2817
[VLM Debug] Step 10 Reward: 0.2817
[VLM Debug] Step 44 Reward: 0.2825
[VLM Debug] Step 36 Reward: 0.2861
[VLM Debug] Step 12 Reward: 0.2788
[VLM Debug] Step 12 Reward: 0.2898
[VLM Debug] Step 46 Reward: 0.2898
[VLM Debug] Step 38 Reward: 0.2891
global_step=13372, episodic_return=3.675
[VLM Debug] Step 14 Reward: 0.2798
[VLM Debug] Reset Reward Calculated: 0.2808
[VLM Debug] Step 48 Reward: 0.2830
[VLM Debug] Step 40 Reward: 0.2861
[VLM Debug] Step 16 Reward: 0.2798
[VLM Debug] Step 2 Reward: 0.2808
[VLM Debug] Step 50 Reward: 0.2922
[VLM Debug] Step 42 Reward: 0.2832
[VLM Debug] Step 18 Reward: 0.2808
[VLM Debug] Step 4 Reward: 0.2744
[VLM Debug] Step 52 Reward: 0.2922
[VLM Debug] Step 44 Reward: 0.2808
[VLM Debug] Step 20 Reward: 0.2810
[VLM Debug] Step 6 Reward: 0.2737
[VLM Debug] Step 54 Reward: 0.2891
[VLM Debug] Step 46 Reward: 0.2686
[VLM Debug] Step 22 Reward: 0.2793
[VLM Debug] Step 8 Reward: 0.2737
[VLM Debug] Step 56 Reward: 0.2932
[VLM Debug] Step 48 Reward: 0.2734
[VLM Debug] Step 24 Reward: 0.2847
[VLM Debug] Step 10 Reward: 0.2737
[VLM Debug] Step 58 Reward: 0.2944
[VLM Debug] Step 50 Reward: 0.2646
[VLM Debug] Step 26 Reward: 0.2847
[VLM Debug] Step 12 Reward: 0.2769
[VLM Debug] Step 60 Reward: 0.2952
[VLM Debug] Step 52 Reward: 0.2646
[VLM Debug] Step 28 Reward: 0.2791
[VLM Debug] Step 14 Reward: 0.2761
[VLM Debug] Step 62 Reward: 0.2913
[VLM Debug] Step 54 Reward: 0.2744
[VLM Debug] Step 30 Reward: 0.2812
[VLM Debug] Step 16 Reward: 0.2769
[VLM Debug] Step 64 Reward: 0.2883
[VLM Debug] Step 56 Reward: 0.2791
[VLM Debug] Step 32 Reward: 0.2878
[VLM Debug] Step 18 Reward: 0.2769
global_step=13448, episodic_return=18.541
[VLM Debug] Reset Reward Calculated: 0.2800
[VLM Debug] Step 58 Reward: 0.2791
[VLM Debug] Step 34 Reward: 0.2812
[VLM Debug] Step 20 Reward: 0.2754
[VLM Debug] Step 2 Reward: 0.2830
[VLM Debug] Step 60 Reward: 0.2800
[VLM Debug] Step 36 Reward: 0.2844
[VLM Debug] Step 22 Reward: 0.2754
[VLM Debug] Step 4 Reward: 0.2822
[VLM Debug] Step 62 Reward: 0.2800
[VLM Debug] Step 38 Reward: 0.2878
[VLM Debug] Step 24 Reward: 0.2754
[VLM Debug] Step 6 Reward: 0.2852
[VLM Debug] Step 64 Reward: 0.2776
[VLM Debug] Step 40 Reward: 0.2834
[VLM Debug] Step 26 Reward: 0.2788
[VLM Debug] Step 8 Reward: 0.2832
[VLM Debug] Step 66 Reward: 0.2805
[VLM Debug] Step 42 Reward: 0.2827
[VLM Debug] Step 28 Reward: 0.2781
[VLM Debug] Step 10 Reward: 0.2812
[VLM Debug] Step 68 Reward: 0.2815
[VLM Debug] Step 44 Reward: 0.2893
[VLM Debug] Step 30 Reward: 0.2778
[VLM Debug] Step 12 Reward: 0.2812
[VLM Debug] Step 70 Reward: 0.2837
[VLM Debug] Step 46 Reward: 0.2900
[VLM Debug] Step 32 Reward: 0.2805
[VLM Debug] Step 14 Reward: 0.2812
[VLM Debug] Step 72 Reward: 0.2830
[VLM Debug] Step 48 Reward: 0.2920
[VLM Debug] Step 34 Reward: 0.2776
[VLM Debug] Step 16 Reward: 0.2822
[VLM Debug] Step 74 Reward: 0.2864
[VLM Debug] Step 50 Reward: 0.2964
[VLM Debug] Step 36 Reward: 0.2788
[VLM Debug] Step 18 Reward: 0.2883
[VLM Debug] Step 76 Reward: 0.2842
global_step=13524, episodic_return=14.437
[VLM Debug] Reset Reward Calculated: 0.2793
[VLM Debug] Step 38 Reward: 0.2893
[VLM Debug] Step 20 Reward: 0.2876
[VLM Debug] Step 78 Reward: 0.2883
global_step=13532, episodic_return=10.821
[VLM Debug] Step 2 Reward: 0.2793
[VLM Debug] Reset Reward Calculated: 0.2771
[VLM Debug] Step 22 Reward: 0.2827
[VLM Debug] Step 80 Reward: 0.2832
[VLM Debug] Step 4 Reward: 0.2842
[VLM Debug] Step 2 Reward: 0.2773
[VLM Debug] Step 24 Reward: 0.2812
[VLM Debug] Step 82 Reward: 0.2876
[VLM Debug] Step 6 Reward: 0.2842
[VLM Debug] Step 4 Reward: 0.2761
[VLM Debug] Step 26 Reward: 0.2793
[VLM Debug] Step 84 Reward: 0.2881
[VLM Debug] Step 8 Reward: 0.2842
[VLM Debug] Step 6 Reward: 0.2771
[VLM Debug] Step 28 Reward: 0.2822
[VLM Debug] Step 86 Reward: 0.2913
[VLM Debug] Step 10 Reward: 0.2842
[VLM Debug] Step 8 Reward: 0.2776
[VLM Debug] Step 30 Reward: 0.2820
[VLM Debug] Step 88 Reward: 0.2864
[VLM Debug] Step 12 Reward: 0.2842
[VLM Debug] Step 10 Reward: 0.2739
[VLM Debug] Step 32 Reward: 0.2900
[VLM Debug] Step 90 Reward: 0.2886
[VLM Debug] Step 14 Reward: 0.2832
[VLM Debug] Step 12 Reward: 0.2781
[VLM Debug] Step 34 Reward: 0.2913
[VLM Debug] Step 92 Reward: 0.2830
[VLM Debug] Step 16 Reward: 0.2842
[VLM Debug] Step 14 Reward: 0.2852
global_step=13592, episodic_return=9.928
[VLM Debug] Reset Reward Calculated: 0.2793
[VLM Debug] Step 94 Reward: 0.2896
[VLM Debug] Step 18 Reward: 0.2839
[VLM Debug] Step 16 Reward: 0.2827
[VLM Debug] Step 2 Reward: 0.2812
[VLM Debug] Step 96 Reward: 0.2881
[VLM Debug] Step 20 Reward: 0.2793
[VLM Debug] Step 18 Reward: 0.2756
[VLM Debug] Step 4 Reward: 0.2812
[VLM Debug] Step 98 Reward: 0.2925
[VLM Debug] Step 22 Reward: 0.2793
[VLM Debug] Step 20 Reward: 0.2756
[VLM Debug] Step 6 Reward: 0.2803
[VLM Debug] Step 100 Reward: 0.2905
[VLM Debug] Step 24 Reward: 0.2788
[VLM Debug] Step 22 Reward: 0.2761
[VLM Debug] Step 8 Reward: 0.2803
[VLM Debug] Step 102 Reward: 0.2905
[VLM Debug] Step 26 Reward: 0.2778
[VLM Debug] Step 24 Reward: 0.2805
[VLM Debug] Step 10 Reward: 0.2795
[VLM Debug] Step 104 Reward: 0.2905
[VLM Debug] Step 28 Reward: 0.2812
[VLM Debug] Step 26 Reward: 0.2859
[VLM Debug] Step 12 Reward: 0.2817
[VLM Debug] Step 106 Reward: 0.2874
[VLM Debug] Step 30 Reward: 0.2793
[VLM Debug] Step 28 Reward: 0.2905
[VLM Debug] Step 14 Reward: 0.2786
[VLM Debug] Step 108 Reward: 0.2844
[VLM Debug] Step 32 Reward: 0.2783
[VLM Debug] Step 30 Reward: 0.2832
[VLM Debug] Step 16 Reward: 0.2773
[VLM Debug] Step 110 Reward: 0.2878
[VLM Debug] Step 34 Reward: 0.2773
[VLM Debug] Step 32 Reward: 0.2954
[VLM Debug] Step 18 Reward: 0.2791
[VLM Debug] Step 112 Reward: 0.2859
[VLM Debug] Step 36 Reward: 0.2817
[VLM Debug] Step 34 Reward: 0.2910
global_step=13672, episodic_return=9.550
[VLM Debug] Step 20 Reward: 0.2800
[VLM Debug] Reset Reward Calculated: 0.2800
[VLM Debug] Step 114 Reward: 0.2847
[VLM Debug] Step 38 Reward: 0.2876
[VLM Debug] Step 22 Reward: 0.2820
[VLM Debug] Step 2 Reward: 0.2761
[VLM Debug] Step 116 Reward: 0.2866
[VLM Debug] Step 40 Reward: 0.2888
[VLM Debug] Step 24 Reward: 0.2791
[VLM Debug] Step 4 Reward: 0.2800
[VLM Debug] Step 118 Reward: 0.2903
[VLM Debug] Step 42 Reward: 0.2893
[VLM Debug] Step 26 Reward: 0.2764
[VLM Debug] Step 6 Reward: 0.2800
[VLM Debug] Step 120 Reward: 0.2876
[VLM Debug] Step 44 Reward: 0.2874
[VLM Debug] Step 28 Reward: 0.2815
[VLM Debug] Step 8 Reward: 0.2761
[VLM Debug] Step 122 Reward: 0.2942
[VLM Debug] Step 46 Reward: 0.2893
[VLM Debug] Step 30 Reward: 0.2825
[VLM Debug] Step 10 Reward: 0.2800
[VLM Debug] Step 124 Reward: 0.2908
[VLM Debug] Step 48 Reward: 0.2874
[VLM Debug] Step 32 Reward: 0.2876
[VLM Debug] Step 12 Reward: 0.2800
[VLM Debug] Step 126 Reward: 0.2834
[VLM Debug] Step 50 Reward: 0.2888
[VLM Debug] Step 34 Reward: 0.2856
[VLM Debug] Step 14 Reward: 0.2800
[VLM Debug] Step 128 Reward: 0.2886
[VLM Debug] Step 52 Reward: 0.2864
[VLM Debug] Step 36 Reward: 0.2876
[VLM Debug] Step 16 Reward: 0.2800
[VLM Debug] Step 130 Reward: 0.2886
[VLM Debug] Step 54 Reward: 0.2859
[VLM Debug] Step 38 Reward: 0.2881
[VLM Debug] Step 18 Reward: 0.2761
[VLM Debug] Step 132 Reward: 0.2888
[VLM Debug] Step 56 Reward: 0.2822
[VLM Debug] Step 40 Reward: 0.2874
[VLM Debug] Step 20 Reward: 0.2852
[VLM Debug] Step 134 Reward: 0.2852
[VLM Debug] Step 58 Reward: 0.2825
[VLM Debug] Step 42 Reward: 0.2837
[VLM Debug] Step 22 Reward: 0.2773
[VLM Debug] Step 136 Reward: 0.2847
[VLM Debug] Step 60 Reward: 0.2839
[VLM Debug] Step 44 Reward: 0.2791
[VLM Debug] Step 24 Reward: 0.2866
[VLM Debug] Step 138 Reward: 0.2852
[VLM Debug] Step 62 Reward: 0.2847
[VLM Debug] Step 46 Reward: 0.2900
[VLM Debug] Step 26 Reward: 0.2886
[VLM Debug] Step 140 Reward: 0.2849
[VLM Debug] Step 64 Reward: 0.2825
[VLM Debug] Step 48 Reward: 0.2898
[VLM Debug] Step 28 Reward: 0.2908
[VLM Debug] Step 142 Reward: 0.2891
[VLM Debug] Step 66 Reward: 0.2844
[VLM Debug] Step 50 Reward: 0.2944
[VLM Debug] Step 30 Reward: 0.2871
[VLM Debug] Step 144 Reward: 0.2837
[VLM Debug] Step 68 Reward: 0.2913
[VLM Debug] Step 52 Reward: 0.2957
[VLM Debug] Step 32 Reward: 0.2930
[VLM Debug] Step 146 Reward: 0.2871
[VLM Debug] Step 70 Reward: 0.2979
global_step=13808, episodic_return=19.871
[VLM Debug] Step 54 Reward: 0.2922
[VLM Debug] Reset Reward Calculated: 0.2815
[VLM Debug] Step 34 Reward: 0.2861
[VLM Debug] Step 148 Reward: 0.2866
[VLM Debug] Step 56 Reward: 0.2878
[VLM Debug] Step 2 Reward: 0.2798
[VLM Debug] Step 36 Reward: 0.2883
[VLM Debug] Step 150 Reward: 0.2937
SPS: 171
[VLM Debug] Step 58 Reward: 0.2976
[VLM Debug] Step 4 Reward: 0.2815
[VLM Debug] Step 38 Reward: 0.2864
[VLM Debug] Step 152 Reward: 0.2888
[VLM Debug] Step 60 Reward: 0.2927
[VLM Debug] Step 6 Reward: 0.2766
[VLM Debug] Step 40 Reward: 0.2888
[VLM Debug] Step 154 Reward: 0.2878
[VLM Debug] Step 62 Reward: 0.2925
[VLM Debug] Step 8 Reward: 0.2769
[VLM Debug] Step 42 Reward: 0.2866
[VLM Debug] Step 156 Reward: 0.2871
global_step=13844, episodic_return=11.900
[VLM Debug] Reset Reward Calculated: 0.2756
[VLM Debug] Step 64 Reward: 0.2986
[VLM Debug] Step 10 Reward: 0.2830
[VLM Debug] Step 158 Reward: 0.2900
global_step=13852, episodic_return=18.243
[VLM Debug] Reset Reward Calculated: 0.2817
[VLM Debug] Step 2 Reward: 0.2761
[VLM Debug] Step 12 Reward: 0.2742
[VLM Debug] Step 160 Reward: 0.2776
[VLM Debug] Step 2 Reward: 0.2805
[VLM Debug] Step 4 Reward: 0.2754
[VLM Debug] Step 14 Reward: 0.2761
[VLM Debug] Step 162 Reward: 0.2732
[VLM Debug] Step 4 Reward: 0.2825
[VLM Debug] Step 6 Reward: 0.2754
[VLM Debug] Step 16 Reward: 0.2781
[VLM Debug] Step 164 Reward: 0.2859
[VLM Debug] Step 6 Reward: 0.2805
[VLM Debug] Step 8 Reward: 0.2744
[VLM Debug] Step 18 Reward: 0.2781
[VLM Debug] Step 166 Reward: 0.2693
[VLM Debug] Step 8 Reward: 0.2817
[VLM Debug] Step 10 Reward: 0.2791
[VLM Debug] Step 20 Reward: 0.2832
[VLM Debug] Step 168 Reward: 0.2764
[VLM Debug] Step 10 Reward: 0.2817
[VLM Debug] Step 12 Reward: 0.2791
[VLM Debug] Step 22 Reward: 0.2761
[VLM Debug] Step 170 Reward: 0.2842
[VLM Debug] Step 12 Reward: 0.2827
[VLM Debug] Step 14 Reward: 0.2791
[VLM Debug] Step 24 Reward: 0.2812
[VLM Debug] Step 172 Reward: 0.2832
[VLM Debug] Step 14 Reward: 0.2805
[VLM Debug] Step 16 Reward: 0.2791
[VLM Debug] Step 26 Reward: 0.2834
[VLM Debug] Step 174 Reward: 0.2788
[VLM Debug] Step 16 Reward: 0.2810
[VLM Debug] Step 18 Reward: 0.2793
[VLM Debug] Step 28 Reward: 0.2834
[VLM Debug] Step 176 Reward: 0.2637
[VLM Debug] Step 18 Reward: 0.2817
[VLM Debug] Step 20 Reward: 0.2805
[VLM Debug] Step 30 Reward: 0.2854
[VLM Debug] Step 178 Reward: 0.2827
[VLM Debug] Step 20 Reward: 0.2822
[VLM Debug] Step 22 Reward: 0.2795
[VLM Debug] Step 32 Reward: 0.2869
[VLM Debug] Step 180 Reward: 0.2925
[VLM Debug] Step 22 Reward: 0.2812
[VLM Debug] Step 24 Reward: 0.2798
[VLM Debug] Step 34 Reward: 0.2783
[VLM Debug] Step 182 Reward: 0.2888
[VLM Debug] Step 24 Reward: 0.2849
[VLM Debug] Step 26 Reward: 0.2788
[VLM Debug] Step 36 Reward: 0.2859
[VLM Debug] Step 184 Reward: 0.2915
[VLM Debug] Step 26 Reward: 0.2856
[VLM Debug] Step 28 Reward: 0.2795
[VLM Debug] Step 38 Reward: 0.2849
[VLM Debug] Step 186 Reward: 0.2935
[VLM Debug] Step 28 Reward: 0.2864
[VLM Debug] Step 30 Reward: 0.2795
[VLM Debug] Step 40 Reward: 0.2803
[VLM Debug] Step 188 Reward: 0.2856
[VLM Debug] Step 30 Reward: 0.2861
[VLM Debug] Step 32 Reward: 0.2817
[VLM Debug] Step 42 Reward: 0.2852
[VLM Debug] Step 190 Reward: 0.2935
[VLM Debug] Step 32 Reward: 0.2849
[VLM Debug] Step 34 Reward: 0.2798
[VLM Debug] Step 44 Reward: 0.2925
[VLM Debug] Step 192 Reward: 0.2979
[VLM Debug] Step 34 Reward: 0.2903
[VLM Debug] Step 36 Reward: 0.2786
[VLM Debug] Step 46 Reward: 0.2981
[VLM Debug] Step 194 Reward: 0.2917
[VLM Debug] Step 36 Reward: 0.2854
[VLM Debug] Step 38 Reward: 0.2822
[VLM Debug] Step 48 Reward: 0.2920
[VLM Debug] Step 196 Reward: 0.2993
[VLM Debug] Step 38 Reward: 0.2795
[VLM Debug] Step 40 Reward: 0.2732
[VLM Debug] Step 50 Reward: 0.2886
[VLM Debug] Step 198 Reward: 0.2847
[VLM Debug] Step 40 Reward: 0.2773
[VLM Debug] Step 42 Reward: 0.2686
[VLM Debug] Step 52 Reward: 0.2952
[VLM Debug] Step 200 Reward: 0.2913
[VLM Debug] Step 42 Reward: 0.2891
[VLM Debug] Step 44 Reward: 0.2771
[VLM Debug] Step 54 Reward: 0.2913
[VLM Debug] Step 202 Reward: 0.2969
[VLM Debug] Step 44 Reward: 0.2917
[VLM Debug] Step 46 Reward: 0.2739
[VLM Debug] Step 56 Reward: 0.2971
[VLM Debug] Step 204 Reward: 0.2830
[VLM Debug] Step 46 Reward: 0.2937
[VLM Debug] Step 48 Reward: 0.2778
[VLM Debug] Step 58 Reward: 0.2947
[VLM Debug] Step 206 Reward: 0.2861
[VLM Debug] Step 48 Reward: 0.2937
[VLM Debug] Step 50 Reward: 0.2795
[VLM Debug] Step 60 Reward: 0.2983
[VLM Debug] Step 208 Reward: 0.2898
[VLM Debug] Step 50 Reward: 0.2949
[VLM Debug] Step 52 Reward: 0.2810
[VLM Debug] Step 62 Reward: 0.2976
[VLM Debug] Step 210 Reward: 0.2827
[VLM Debug] Step 52 Reward: 0.2939
[VLM Debug] Step 54 Reward: 0.2820
global_step=14064, episodic_return=17.969
[VLM Debug] Reset Reward Calculated: 0.2849
[VLM Debug] Step 212 Reward: 0.2891
[VLM Debug] Step 54 Reward: 0.2961
[VLM Debug] Step 56 Reward: 0.2781
[VLM Debug] Step 2 Reward: 0.2832
[VLM Debug] Step 214 Reward: 0.2649
[VLM Debug] Step 56 Reward: 0.2944
[VLM Debug] Step 58 Reward: 0.2852
[VLM Debug] Step 4 Reward: 0.2817
[VLM Debug] Step 216 Reward: 0.2493
global_step=14084, episodic_return=61.326
[VLM Debug] Step 58 Reward: 0.2930
[VLM Debug] Step 60 Reward: 0.2854
[VLM Debug] Reset Reward Calculated: 0.2800
[VLM Debug] Step 6 Reward: 0.2864
[VLM Debug] Step 60 Reward: 0.2903
[VLM Debug] Step 62 Reward: 0.2888
[VLM Debug] Step 2 Reward: 0.2800
[VLM Debug] Step 8 Reward: 0.2832
[VLM Debug] Step 62 Reward: 0.2944
[VLM Debug] Step 64 Reward: 0.2903
[VLM Debug] Step 4 Reward: 0.2854
[VLM Debug] Step 10 Reward: 0.2781
[VLM Debug] Step 64 Reward: 0.2976
[VLM Debug] Step 66 Reward: 0.2847
[VLM Debug] Step 6 Reward: 0.2832
[VLM Debug] Step 12 Reward: 0.2859
[VLM Debug] Step 66 Reward: 0.2959
[VLM Debug] Step 68 Reward: 0.2832
[VLM Debug] Step 8 Reward: 0.2820
[VLM Debug] Step 14 Reward: 0.2883
[VLM Debug] Step 68 Reward: 0.2891
[VLM Debug] Step 70 Reward: 0.2866
[VLM Debug] Step 10 Reward: 0.2856
[VLM Debug] Step 16 Reward: 0.2893
[VLM Debug] Step 70 Reward: 0.2900
[VLM Debug] Step 72 Reward: 0.2913
[VLM Debug] Step 12 Reward: 0.2859
[VLM Debug] Step 18 Reward: 0.2861
[VLM Debug] Step 72 Reward: 0.2949
[VLM Debug] Step 74 Reward: 0.2959
[VLM Debug] Step 14 Reward: 0.2839
[VLM Debug] Step 20 Reward: 0.2881
[VLM Debug] Step 74 Reward: 0.2900
[VLM Debug] Step 76 Reward: 0.2959
[VLM Debug] Step 16 Reward: 0.2864
[VLM Debug] Step 22 Reward: 0.2883
[VLM Debug] Step 76 Reward: 0.2891
[VLM Debug] Step 78 Reward: 0.2959
[VLM Debug] Step 18 Reward: 0.2910
[VLM Debug] Step 24 Reward: 0.2927
global_step=14164, episodic_return=5.407
[VLM Debug] Step 78 Reward: 0.2891
[VLM Debug] Step 80 Reward: 0.2900
[VLM Debug] Reset Reward Calculated: 0.2742
[VLM Debug] Step 26 Reward: 0.2849
[VLM Debug] Step 80 Reward: 0.2900
[VLM Debug] Step 82 Reward: 0.2888
[VLM Debug] Step 2 Reward: 0.2771
[VLM Debug] Step 28 Reward: 0.2812
global_step=14180, episodic_return=7.999
[VLM Debug] Step 82 Reward: 0.2927
[VLM Debug] Reset Reward Calculated: 0.2732
[VLM Debug] Step 84 Reward: 0.2913
[VLM Debug] Step 4 Reward: 0.2771
[VLM Debug] Step 84 Reward: 0.2930
[VLM Debug] Step 2 Reward: 0.2732
[VLM Debug] Step 86 Reward: 0.2974
[VLM Debug] Step 6 Reward: 0.2747
[VLM Debug] Step 86 Reward: 0.2927
[VLM Debug] Step 4 Reward: 0.2732
[VLM Debug] Step 88 Reward: 0.2944
[VLM Debug] Step 8 Reward: 0.2747
[VLM Debug] Step 88 Reward: 0.2927
[VLM Debug] Step 6 Reward: 0.2812
[VLM Debug] Step 90 Reward: 0.2952
[VLM Debug] Step 10 Reward: 0.2747
[VLM Debug] Step 90 Reward: 0.2935
[VLM Debug] Step 8 Reward: 0.2812
[VLM Debug] Step 92 Reward: 0.2947
[VLM Debug] Step 12 Reward: 0.2661
[VLM Debug] Step 92 Reward: 0.2896
[VLM Debug] Step 10 Reward: 0.2812
[VLM Debug] Step 94 Reward: 0.2939
[VLM Debug] Step 14 Reward: 0.2769
global_step=14228, episodic_return=26.909
[VLM Debug] Step 94 Reward: 0.2871
[VLM Debug] Step 12 Reward: 0.2856
[VLM Debug] Reset Reward Calculated: 0.2791
[VLM Debug] Step 16 Reward: 0.2769
[VLM Debug] Step 96 Reward: 0.2903
[VLM Debug] Step 14 Reward: 0.2856
[VLM Debug] Step 2 Reward: 0.2783
[VLM Debug] Step 18 Reward: 0.2754
[VLM Debug] Step 98 Reward: 0.2920
[VLM Debug] Step 16 Reward: 0.2854
[VLM Debug] Step 4 Reward: 0.2744
[VLM Debug] Step 20 Reward: 0.2754
[VLM Debug] Step 100 Reward: 0.2949
[VLM Debug] Step 18 Reward: 0.2842
[VLM Debug] Step 6 Reward: 0.2791
[VLM Debug] Step 22 Reward: 0.2754
[VLM Debug] Step 102 Reward: 0.2942
[VLM Debug] Step 20 Reward: 0.2795
[VLM Debug] Step 8 Reward: 0.2791
[VLM Debug] Step 24 Reward: 0.2844
[VLM Debug] Step 104 Reward: 0.2930
[VLM Debug] Step 22 Reward: 0.2827
[VLM Debug] Step 10 Reward: 0.2791
[VLM Debug] Step 26 Reward: 0.2844
[VLM Debug] Step 106 Reward: 0.2925
[VLM Debug] Step 24 Reward: 0.2815
[VLM Debug] Step 12 Reward: 0.2793
[VLM Debug] Step 28 Reward: 0.2844
[VLM Debug] Step 108 Reward: 0.2913
[VLM Debug] Step 26 Reward: 0.2798
[VLM Debug] Step 14 Reward: 0.2793
[VLM Debug] Step 30 Reward: 0.2773
[VLM Debug] Step 110 Reward: 0.2952
[VLM Debug] Step 28 Reward: 0.2822
[VLM Debug] Step 16 Reward: 0.2791
[VLM Debug] Step 32 Reward: 0.2773
[VLM Debug] Step 112 Reward: 0.2905
[VLM Debug] Step 30 Reward: 0.2825
[VLM Debug] Step 18 Reward: 0.2791
[VLM Debug] Step 34 Reward: 0.2773
[VLM Debug] Step 114 Reward: 0.2961
[VLM Debug] Step 32 Reward: 0.2786
[VLM Debug] Step 20 Reward: 0.2791
[VLM Debug] Step 36 Reward: 0.2773
[VLM Debug] Step 116 Reward: 0.2971
[VLM Debug] Step 34 Reward: 0.2837
[VLM Debug] Step 22 Reward: 0.2817
[VLM Debug] Step 38 Reward: 0.2773
[VLM Debug] Step 118 Reward: 0.2952
[VLM Debug] Step 36 Reward: 0.2778
[VLM Debug] Step 24 Reward: 0.2805
[VLM Debug] Step 40 Reward: 0.2798
[VLM Debug] Step 120 Reward: 0.2991
[VLM Debug] Step 38 Reward: 0.2827
[VLM Debug] Step 26 Reward: 0.2805
[VLM Debug] Step 42 Reward: 0.2847
SPS: 172
[VLM Debug] Step 122 Reward: 0.2964
[VLM Debug] Step 40 Reward: 0.2874
[VLM Debug] Step 28 Reward: 0.2805
[VLM Debug] Step 44 Reward: 0.2847
[VLM Debug] Step 124 Reward: 0.2898
[VLM Debug] Step 42 Reward: 0.2866
[VLM Debug] Step 30 Reward: 0.2805
[VLM Debug] Step 46 Reward: 0.2847
[VLM Debug] Step 126 Reward: 0.2822
[VLM Debug] Step 44 Reward: 0.2844
[VLM Debug] Step 32 Reward: 0.2795
[VLM Debug] Step 48 Reward: 0.2854
[VLM Debug] Step 128 Reward: 0.2744
[VLM Debug] Step 46 Reward: 0.2793
[VLM Debug] Step 34 Reward: 0.2793
[VLM Debug] Step 50 Reward: 0.2866
[VLM Debug] Step 130 Reward: 0.2837
[VLM Debug] Step 48 Reward: 0.2920
[VLM Debug] Step 36 Reward: 0.2793
[VLM Debug] Step 52 Reward: 0.2844
[VLM Debug] Step 132 Reward: 0.2820
[VLM Debug] Step 50 Reward: 0.2898
[VLM Debug] Step 38 Reward: 0.2749
[VLM Debug] Step 54 Reward: 0.2837
[VLM Debug] Step 134 Reward: 0.2849
[VLM Debug] Step 52 Reward: 0.2947
[VLM Debug] Step 40 Reward: 0.2773
[VLM Debug] Step 56 Reward: 0.2832
[VLM Debug] Step 136 Reward: 0.2815
[VLM Debug] Step 54 Reward: 0.2949
[VLM Debug] Step 42 Reward: 0.2793
[VLM Debug] Step 58 Reward: 0.2795
[VLM Debug] Step 138 Reward: 0.2871
[VLM Debug] Step 56 Reward: 0.2944
[VLM Debug] Step 44 Reward: 0.2791
[VLM Debug] Step 60 Reward: 0.2788
[VLM Debug] Step 140 Reward: 0.2927
[VLM Debug] Step 58 Reward: 0.2915
[VLM Debug] Step 46 Reward: 0.2800
[VLM Debug] Step 62 Reward: 0.2849
[VLM Debug] Step 142 Reward: 0.2812
[VLM Debug] Step 60 Reward: 0.2981
[VLM Debug] Step 48 Reward: 0.2788
[VLM Debug] Step 64 Reward: 0.2886
global_step=14428, episodic_return=17.344
[VLM Debug] Step 144 Reward: 0.2871
[VLM Debug] Reset Reward Calculated: 0.2844
[VLM Debug] Step 50 Reward: 0.2805
[VLM Debug] Step 66 Reward: 0.2888
[VLM Debug] Step 146 Reward: 0.2954
[VLM Debug] Step 2 Reward: 0.2844
[VLM Debug] Step 52 Reward: 0.2810
[VLM Debug] Step 68 Reward: 0.2791
global_step=14440, episodic_return=42.165
[VLM Debug] Reset Reward Calculated: 0.2800
[VLM Debug] Step 4 Reward: 0.2844
[VLM Debug] Step 54 Reward: 0.2808
[VLM Debug] Step 70 Reward: 0.2817
[VLM Debug] Step 2 Reward: 0.2791
[VLM Debug] Step 6 Reward: 0.2844
[VLM Debug] Step 56 Reward: 0.2822
[VLM Debug] Step 72 Reward: 0.2854
[VLM Debug] Step 4 Reward: 0.2830
[VLM Debug] Step 8 Reward: 0.2844
[VLM Debug] Step 58 Reward: 0.2874
[VLM Debug] Step 74 Reward: 0.2839
[VLM Debug] Step 6 Reward: 0.2805
[VLM Debug] Step 10 Reward: 0.2832
[VLM Debug] Step 60 Reward: 0.2871
[VLM Debug] Step 76 Reward: 0.2859
[VLM Debug] Step 8 Reward: 0.2788
[VLM Debug] Step 12 Reward: 0.2820
[VLM Debug] Step 62 Reward: 0.2869
[VLM Debug] Step 78 Reward: 0.2854
[VLM Debug] Step 10 Reward: 0.2810
[VLM Debug] Step 14 Reward: 0.2820
[VLM Debug] Step 64 Reward: 0.2898
[VLM Debug] Step 80 Reward: 0.2876
[VLM Debug] Step 12 Reward: 0.2786
[VLM Debug] Step 16 Reward: 0.2825
[VLM Debug] Step 66 Reward: 0.2871
[VLM Debug] Step 82 Reward: 0.2903
[VLM Debug] Step 14 Reward: 0.2764
[VLM Debug] Step 18 Reward: 0.2825
[VLM Debug] Step 68 Reward: 0.2888
[VLM Debug] Step 84 Reward: 0.2920
[VLM Debug] Step 16 Reward: 0.2852
[VLM Debug] Step 20 Reward: 0.2825
[VLM Debug] Step 70 Reward: 0.2822
[VLM Debug] Step 86 Reward: 0.2932
[VLM Debug] Step 18 Reward: 0.2781
[VLM Debug] Step 22 Reward: 0.2866
[VLM Debug] Step 72 Reward: 0.2837
[VLM Debug] Step 88 Reward: 0.2905
[VLM Debug] Step 20 Reward: 0.2871
[VLM Debug] Step 24 Reward: 0.2861
[VLM Debug] Step 74 Reward: 0.2817
[VLM Debug] Step 90 Reward: 0.2876
[VLM Debug] Step 22 Reward: 0.2881
[VLM Debug] Step 26 Reward: 0.2861
[VLM Debug] Step 76 Reward: 0.2834
[VLM Debug] Step 92 Reward: 0.2878
[VLM Debug] Step 24 Reward: 0.2876
[VLM Debug] Step 28 Reward: 0.2861
[VLM Debug] Step 78 Reward: 0.2920
[VLM Debug] Step 94 Reward: 0.2947
[VLM Debug] Step 26 Reward: 0.2893
[VLM Debug] Step 30 Reward: 0.2888
[VLM Debug] Step 80 Reward: 0.2891
[VLM Debug] Step 96 Reward: 0.2961
[VLM Debug] Step 28 Reward: 0.2905
[VLM Debug] Step 32 Reward: 0.2908
[VLM Debug] Step 82 Reward: 0.2888
[VLM Debug] Step 98 Reward: 0.2900
[VLM Debug] Step 30 Reward: 0.2900
[VLM Debug] Step 34 Reward: 0.2910
[VLM Debug] Step 84 Reward: 0.2966
[VLM Debug] Step 100 Reward: 0.2871
[VLM Debug] Step 32 Reward: 0.2944
[VLM Debug] Step 36 Reward: 0.2859
[VLM Debug] Step 86 Reward: 0.2969
[VLM Debug] Step 102 Reward: 0.2847
[VLM Debug] Step 34 Reward: 0.2954
[VLM Debug] Step 38 Reward: 0.2747
[VLM Debug] Step 88 Reward: 0.2983
[VLM Debug] Step 104 Reward: 0.2900
[VLM Debug] Step 36 Reward: 0.2910
[VLM Debug] Step 40 Reward: 0.2781
[VLM Debug] Step 90 Reward: 0.2920
[VLM Debug] Step 106 Reward: 0.2896
[VLM Debug] Step 38 Reward: 0.2871
[VLM Debug] Step 42 Reward: 0.2849
[VLM Debug] Step 92 Reward: 0.2969
[VLM Debug] Step 108 Reward: 0.2930
[VLM Debug] Step 40 Reward: 0.2920
[VLM Debug] Step 44 Reward: 0.2896
[VLM Debug] Step 94 Reward: 0.2986
[VLM Debug] Step 110 Reward: 0.2922
[VLM Debug] Step 42 Reward: 0.2922
[VLM Debug] Step 46 Reward: 0.2891
[VLM Debug] Step 96 Reward: 0.2976
[VLM Debug] Step 112 Reward: 0.2810
global_step=14616, episodic_return=27.234
[VLM Debug] Step 44 Reward: 0.2864
[VLM Debug] Reset Reward Calculated: 0.2834
[VLM Debug] Step 48 Reward: 0.2893
[VLM Debug] Step 114 Reward: 0.2842
[VLM Debug] Step 46 Reward: 0.2898
[VLM Debug] Step 2 Reward: 0.2834
[VLM Debug] Step 50 Reward: 0.2881
[VLM Debug] Step 116 Reward: 0.2769
[VLM Debug] Step 48 Reward: 0.2866
[VLM Debug] Step 4 Reward: 0.2830
[VLM Debug] Step 52 Reward: 0.2861
[VLM Debug] Step 118 Reward: 0.2747
[VLM Debug] Step 50 Reward: 0.2917
[VLM Debug] Step 6 Reward: 0.2849
[VLM Debug] Step 54 Reward: 0.2903
[VLM Debug] Step 120 Reward: 0.2805
[VLM Debug] Step 52 Reward: 0.2886
[VLM Debug] Step 8 Reward: 0.2832
[VLM Debug] Step 56 Reward: 0.2942
[VLM Debug] Step 122 Reward: 0.2854
[VLM Debug] Step 54 Reward: 0.2908
[VLM Debug] Step 10 Reward: 0.2822
global_step=14660, episodic_return=15.468
[VLM Debug] Reset Reward Calculated: 0.2847
[VLM Debug] Step 58 Reward: 0.2944
[VLM Debug] Step 124 Reward: 0.2876
[VLM Debug] Step 12 Reward: 0.2861
[VLM Debug] Step 2 Reward: 0.2849
[VLM Debug] Step 60 Reward: 0.2915
[VLM Debug] Step 126 Reward: 0.2766
[VLM Debug] Step 14 Reward: 0.2849
[VLM Debug] Step 4 Reward: 0.2825
[VLM Debug] Step 62 Reward: 0.2874
[VLM Debug] Step 128 Reward: 0.2852
[VLM Debug] Step 16 Reward: 0.2854
[VLM Debug] Step 6 Reward: 0.2849
[VLM Debug] Step 64 Reward: 0.2878
[VLM Debug] Step 130 Reward: 0.2917
[VLM Debug] Step 18 Reward: 0.2886
[VLM Debug] Step 8 Reward: 0.2825
[VLM Debug] Step 66 Reward: 0.2896
[VLM Debug] Step 132 Reward: 0.2917
[VLM Debug] Step 20 Reward: 0.2917
[VLM Debug] Step 10 Reward: 0.2856
[VLM Debug] Step 68 Reward: 0.2856
[VLM Debug] Step 134 Reward: 0.2925
[VLM Debug] Step 22 Reward: 0.2949
[VLM Debug] Step 12 Reward: 0.2866
[VLM Debug] Step 70 Reward: 0.2878
[VLM Debug] Step 136 Reward: 0.2922
[VLM Debug] Step 24 Reward: 0.2925
[VLM Debug] Step 14 Reward: 0.2837
[VLM Debug] Step 72 Reward: 0.2869
[VLM Debug] Step 138 Reward: 0.2930
[VLM Debug] Step 26 Reward: 0.2883
[VLM Debug] Step 16 Reward: 0.2837
[VLM Debug] Step 74 Reward: 0.2942
[VLM Debug] Step 140 Reward: 0.2908
[VLM Debug] Step 28 Reward: 0.2930
[VLM Debug] Step 18 Reward: 0.2869
[VLM Debug] Step 76 Reward: 0.2869
[VLM Debug] Step 142 Reward: 0.2893
[VLM Debug] Step 30 Reward: 0.2908
[VLM Debug] Step 20 Reward: 0.2869
[VLM Debug] Step 78 Reward: 0.2866
[VLM Debug] Step 144 Reward: 0.2900
[VLM Debug] Step 32 Reward: 0.2812
[VLM Debug] Step 22 Reward: 0.2754
[VLM Debug] Step 80 Reward: 0.2883
[VLM Debug] Step 146 Reward: 0.2935
[VLM Debug] Step 34 Reward: 0.2893
[VLM Debug] Step 24 Reward: 0.2744
[VLM Debug] Step 82 Reward: 0.2822
[VLM Debug] Step 148 Reward: 0.2947
[VLM Debug] Step 36 Reward: 0.2966
[VLM Debug] Step 26 Reward: 0.2744
[VLM Debug] Step 84 Reward: 0.2832
[VLM Debug] Step 150 Reward: 0.2883
[VLM Debug] Step 38 Reward: 0.2935
[VLM Debug] Step 28 Reward: 0.2722
[VLM Debug] Step 86 Reward: 0.2876
[VLM Debug] Step 152 Reward: 0.2842
[VLM Debug] Step 40 Reward: 0.2891
[VLM Debug] Step 30 Reward: 0.2747
[VLM Debug] Step 88 Reward: 0.2842
[VLM Debug] Step 154 Reward: 0.2900
[VLM Debug] Step 42 Reward: 0.2949
[VLM Debug] Step 32 Reward: 0.2690
[VLM Debug] Step 90 Reward: 0.2856
[VLM Debug] Step 156 Reward: 0.2920
[VLM Debug] Step 44 Reward: 0.2930
[VLM Debug] Step 34 Reward: 0.2690
[VLM Debug] Step 92 Reward: 0.2703
[VLM Debug] Step 158 Reward: 0.2915
[VLM Debug] Step 46 Reward: 0.2952
[VLM Debug] Step 36 Reward: 0.2808
[VLM Debug] Step 94 Reward: 0.2798
[VLM Debug] Step 160 Reward: 0.2896
[VLM Debug] Step 48 Reward: 0.2920
[VLM Debug] Step 38 Reward: 0.2793
[VLM Debug] Step 96 Reward: 0.2761
[VLM Debug] Step 162 Reward: 0.2920
[VLM Debug] Step 50 Reward: 0.2917
[VLM Debug] Step 40 Reward: 0.2847
[VLM Debug] Step 98 Reward: 0.2817
[VLM Debug] Step 164 Reward: 0.2839
[VLM Debug] Step 52 Reward: 0.2942
[VLM Debug] Step 42 Reward: 0.2869
[VLM Debug] Step 100 Reward: 0.2834
[VLM Debug] Step 166 Reward: 0.2795
[VLM Debug] Step 54 Reward: 0.2935
[VLM Debug] Step 44 Reward: 0.2832
[VLM Debug] Step 102 Reward: 0.2739
[VLM Debug] Step 168 Reward: 0.2820
[VLM Debug] Step 56 Reward: 0.2905
[VLM Debug] Step 46 Reward: 0.2834
[VLM Debug] Step 104 Reward: 0.2903
[VLM Debug] Step 170 Reward: 0.2883
SPS: 172
[VLM Debug] Step 58 Reward: 0.2947
[VLM Debug] Step 48 Reward: 0.2881
[VLM Debug] Step 106 Reward: 0.2964
[VLM Debug] Step 172 Reward: 0.2856
[VLM Debug] Step 60 Reward: 0.2864
[VLM Debug] Step 50 Reward: 0.2874
[VLM Debug] Step 108 Reward: 0.2952
[VLM Debug] Step 174 Reward: 0.2913
[VLM Debug] Step 62 Reward: 0.2925
[VLM Debug] Step 52 Reward: 0.2849
[VLM Debug] Step 110 Reward: 0.2954
[VLM Debug] Step 176 Reward: 0.2932
[VLM Debug] Step 64 Reward: 0.2874
[VLM Debug] Step 54 Reward: 0.2847
[VLM Debug] Step 112 Reward: 0.2935
[VLM Debug] Step 178 Reward: 0.2961
[VLM Debug] Step 66 Reward: 0.2942
[VLM Debug] Step 56 Reward: 0.2903
[VLM Debug] Step 114 Reward: 0.2913
[VLM Debug] Step 180 Reward: 0.2898
[VLM Debug] Step 68 Reward: 0.2900
[VLM Debug] Step 58 Reward: 0.2876
[VLM Debug] Step 116 Reward: 0.2852
[VLM Debug] Step 182 Reward: 0.2910
[VLM Debug] Step 70 Reward: 0.2927
[VLM Debug] Step 60 Reward: 0.2861
[VLM Debug] Step 118 Reward: 0.2917
[VLM Debug] Step 184 Reward: 0.2961
[VLM Debug] Step 72 Reward: 0.2886
[VLM Debug] Step 62 Reward: 0.2903
[VLM Debug] Step 120 Reward: 0.2893
[VLM Debug] Step 186 Reward: 0.2937
[VLM Debug] Step 74 Reward: 0.2881
[VLM Debug] Step 64 Reward: 0.2927
[VLM Debug] Step 122 Reward: 0.2969
[VLM Debug] Step 188 Reward: 0.2969
[VLM Debug] Step 76 Reward: 0.2878
[VLM Debug] Step 66 Reward: 0.2976
[VLM Debug] Step 124 Reward: 0.2932
[VLM Debug] Step 190 Reward: 0.2937
[VLM Debug] Step 78 Reward: 0.2935
global_step=14932, episodic_return=35.827
[VLM Debug] Step 68 Reward: 0.2954
[VLM Debug] Reset Reward Calculated: 0.2834
[VLM Debug] Step 192 Reward: 0.2898
global_step=14936, episodic_return=54.824
[VLM Debug] Step 80 Reward: 0.2883
[VLM Debug] Reset Reward Calculated: 0.2805
[VLM Debug] Step 70 Reward: 0.2954
[VLM Debug] Step 2 Reward: 0.2810
[VLM Debug] Step 82 Reward: 0.2888
[VLM Debug] Step 2 Reward: 0.2791
[VLM Debug] Step 72 Reward: 0.2939
[VLM Debug] Step 4 Reward: 0.2839
[VLM Debug] Step 84 Reward: 0.2842
[VLM Debug] Step 4 Reward: 0.2805
[VLM Debug] Step 74 Reward: 0.2742
[VLM Debug] Step 6 Reward: 0.2837
[VLM Debug] Step 86 Reward: 0.2793
[VLM Debug] Step 6 Reward: 0.2827
[VLM Debug] Step 76 Reward: 0.2869
[VLM Debug] Step 8 Reward: 0.2856
[VLM Debug] Step 88 Reward: 0.2559
[VLM Debug] Step 8 Reward: 0.2827
[VLM Debug] Step 78 Reward: 0.2847
[VLM Debug] Step 10 Reward: 0.2866
[VLM Debug] Step 90 Reward: 0.2695
[VLM Debug] Step 10 Reward: 0.2854
[VLM Debug] Step 80 Reward: 0.2871
[VLM Debug] Step 12 Reward: 0.2805
[VLM Debug] Step 92 Reward: 0.2869
[VLM Debug] Step 12 Reward: 0.2837
[VLM Debug] Step 82 Reward: 0.2856
[VLM Debug] Step 14 Reward: 0.2847
[VLM Debug] Step 94 Reward: 0.2847
[VLM Debug] Step 14 Reward: 0.2874
[VLM Debug] Step 84 Reward: 0.2883
[VLM Debug] Step 16 Reward: 0.2903
[VLM Debug] Step 96 Reward: 0.2888
[VLM Debug] Step 16 Reward: 0.2878
[VLM Debug] Step 86 Reward: 0.2925
[VLM Debug] Step 18 Reward: 0.2856
[VLM Debug] Step 98 Reward: 0.2805
[VLM Debug] Step 18 Reward: 0.2830
[VLM Debug] Step 88 Reward: 0.2930
[VLM Debug] Step 20 Reward: 0.2827
[VLM Debug] Step 100 Reward: 0.2786
[VLM Debug] Step 20 Reward: 0.2881
[VLM Debug] Step 90 Reward: 0.2896
[VLM Debug] Step 22 Reward: 0.2939
[VLM Debug] Step 102 Reward: 0.2820
[VLM Debug] Step 22 Reward: 0.2903
[VLM Debug] Step 92 Reward: 0.2876
[VLM Debug] Step 24 Reward: 0.2915
[VLM Debug] Step 104 Reward: 0.2849
[VLM Debug] Step 24 Reward: 0.2900
[VLM Debug] Step 94 Reward: 0.2891
[VLM Debug] Step 26 Reward: 0.2925
[VLM Debug] Step 106 Reward: 0.2927
[VLM Debug] Step 26 Reward: 0.2886
[VLM Debug] Step 96 Reward: 0.2910
[VLM Debug] Step 28 Reward: 0.2900
[VLM Debug] Step 108 Reward: 0.2549
[VLM Debug] Step 28 Reward: 0.2905
global_step=15052, episodic_return=31.035
[VLM Debug] Step 98 Reward: 0.2844
[VLM Debug] Step 30 Reward: 0.2939
[VLM Debug] Reset Reward Calculated: 0.2686
[VLM Debug] Step 30 Reward: 0.2900
[VLM Debug] Step 100 Reward: 0.2849
[VLM Debug] Step 32 Reward: 0.2920
[VLM Debug] Step 2 Reward: 0.2686
[VLM Debug] Step 32 Reward: 0.2898
[VLM Debug] Step 102 Reward: 0.2805
[VLM Debug] Step 34 Reward: 0.2854
[VLM Debug] Step 4 Reward: 0.2732
[VLM Debug] Step 34 Reward: 0.2832
[VLM Debug] Step 104 Reward: 0.2854
[VLM Debug] Step 36 Reward: 0.2935
[VLM Debug] Step 6 Reward: 0.2771
[VLM Debug] Step 36 Reward: 0.2820
[VLM Debug] Step 106 Reward: 0.2856
[VLM Debug] Step 38 Reward: 0.2883
[VLM Debug] Step 8 Reward: 0.2771
[VLM Debug] Step 38 Reward: 0.2888
[VLM Debug] Step 108 Reward: 0.2844
[VLM Debug] Step 40 Reward: 0.2947
[VLM Debug] Step 10 Reward: 0.2783
[VLM Debug] Step 40 Reward: 0.2881
[VLM Debug] Step 110 Reward: 0.2842
[VLM Debug] Step 42 Reward: 0.2920
[VLM Debug] Step 12 Reward: 0.2756
[VLM Debug] Step 42 Reward: 0.2822
[VLM Debug] Step 112 Reward: 0.2849
[VLM Debug] Step 44 Reward: 0.2942
[VLM Debug] Step 14 Reward: 0.2739
global_step=15112, episodic_return=12.683
[VLM Debug] Reset Reward Calculated: 0.2820
[VLM Debug] Step 44 Reward: 0.2949
[VLM Debug] Step 114 Reward: 0.2883
[VLM Debug] Step 16 Reward: 0.2761
[VLM Debug] Step 2 Reward: 0.2820
[VLM Debug] Step 46 Reward: 0.2957
[VLM Debug] Step 116 Reward: 0.2883
[VLM Debug] Step 18 Reward: 0.2852
[VLM Debug] Step 4 Reward: 0.2808
[VLM Debug] Step 48 Reward: 0.2927
[VLM Debug] Step 118 Reward: 0.2903
[VLM Debug] Step 20 Reward: 0.2849
[VLM Debug] Step 6 Reward: 0.2834
[VLM Debug] Step 50 Reward: 0.2966
global_step=15140, episodic_return=14.352
[VLM Debug] Step 120 Reward: 0.2861
[VLM Debug] Step 22 Reward: 0.2832
[VLM Debug] Reset Reward Calculated: 0.2737
[VLM Debug] Step 8 Reward: 0.2837
[VLM Debug] Step 122 Reward: 0.2817
[VLM Debug] Step 24 Reward: 0.2827
[VLM Debug] Step 2 Reward: 0.2737
[VLM Debug] Step 10 Reward: 0.2837
[VLM Debug] Step 124 Reward: 0.2842
[VLM Debug] Step 26 Reward: 0.2822
[VLM Debug] Step 4 Reward: 0.2737
[VLM Debug] Step 12 Reward: 0.2847
[VLM Debug] Step 126 Reward: 0.2832
[VLM Debug] Step 28 Reward: 0.2832
[VLM Debug] Step 6 Reward: 0.2720
[VLM Debug] Step 14 Reward: 0.2847
[VLM Debug] Step 128 Reward: 0.2842
[VLM Debug] Step 30 Reward: 0.2827
[VLM Debug] Step 8 Reward: 0.2720
[VLM Debug] Step 16 Reward: 0.2791
[VLM Debug] Step 130 Reward: 0.2861
[VLM Debug] Step 32 Reward: 0.2852
[VLM Debug] Step 10 Reward: 0.2720
[VLM Debug] Step 18 Reward: 0.2805
[VLM Debug] Step 132 Reward: 0.2832
[VLM Debug] Step 34 Reward: 0.2898
[VLM Debug] Step 12 Reward: 0.2791
[VLM Debug] Step 20 Reward: 0.2800
[VLM Debug] Step 134 Reward: 0.2832
[VLM Debug] Step 36 Reward: 0.2888
[VLM Debug] Step 14 Reward: 0.2788
[VLM Debug] Step 22 Reward: 0.2832
[VLM Debug] Step 136 Reward: 0.2820
[VLM Debug] Step 38 Reward: 0.2886
[VLM Debug] Step 16 Reward: 0.2825
[VLM Debug] Step 24 Reward: 0.2852
[VLM Debug] Step 138 Reward: 0.2820
[VLM Debug] Step 40 Reward: 0.2871
[VLM Debug] Step 18 Reward: 0.2834
[VLM Debug] Step 26 Reward: 0.2847
[VLM Debug] Step 140 Reward: 0.2815
[VLM Debug] Step 42 Reward: 0.2908
[VLM Debug] Step 20 Reward: 0.2866
[VLM Debug] Step 28 Reward: 0.2820
[VLM Debug] Step 142 Reward: 0.2825
[VLM Debug] Step 44 Reward: 0.2900
[VLM Debug] Step 22 Reward: 0.2793
[VLM Debug] Step 30 Reward: 0.2825
[VLM Debug] Step 144 Reward: 0.2825
[VLM Debug] Step 46 Reward: 0.2966
[VLM Debug] Step 24 Reward: 0.2793
[VLM Debug] Step 32 Reward: 0.2866
[VLM Debug] Step 146 Reward: 0.2825
[VLM Debug] Step 48 Reward: 0.2893
[VLM Debug] Step 26 Reward: 0.2776
[VLM Debug] Step 34 Reward: 0.2861
[VLM Debug] Step 148 Reward: 0.2783
[VLM Debug] Step 50 Reward: 0.2983
[VLM Debug] Step 28 Reward: 0.2832
[VLM Debug] Step 36 Reward: 0.2874
global_step=15260, episodic_return=14.446
[VLM Debug] Step 150 Reward: 0.2783
[VLM Debug] Reset Reward Calculated: 0.2815
[VLM Debug] Step 30 Reward: 0.2839
[VLM Debug] Step 38 Reward: 0.2871
[VLM Debug] Step 152 Reward: 0.2847
[VLM Debug] Step 2 Reward: 0.2825
[VLM Debug] Step 32 Reward: 0.2817
[VLM Debug] Step 40 Reward: 0.2888
[VLM Debug] Step 154 Reward: 0.2810
[VLM Debug] Step 4 Reward: 0.2815
[VLM Debug] Step 34 Reward: 0.2849
[VLM Debug] Step 42 Reward: 0.2844
[VLM Debug] Step 156 Reward: 0.2832
[VLM Debug] Step 6 Reward: 0.2827
[VLM Debug] Step 36 Reward: 0.2844
[VLM Debug] Step 44 Reward: 0.2834
[VLM Debug] Step 158 Reward: 0.2864
[VLM Debug] Step 8 Reward: 0.2798
[VLM Debug] Step 38 Reward: 0.2849
[VLM Debug] Step 46 Reward: 0.2727
[VLM Debug] Step 160 Reward: 0.2864
[VLM Debug] Step 10 Reward: 0.2793
[VLM Debug] Step 40 Reward: 0.2874
[VLM Debug] Step 48 Reward: 0.2844
[VLM Debug] Step 162 Reward: 0.2878
[VLM Debug] Step 12 Reward: 0.2786
[VLM Debug] Step 42 Reward: 0.2891
[VLM Debug] Step 50 Reward: 0.2881
[VLM Debug] Step 164 Reward: 0.2832
[VLM Debug] Step 14 Reward: 0.2822
[VLM Debug] Step 44 Reward: 0.2920
[VLM Debug] Step 52 Reward: 0.2898
[VLM Debug] Step 166 Reward: 0.2827
[VLM Debug] Step 16 Reward: 0.2805
[VLM Debug] Step 46 Reward: 0.2893
[VLM Debug] Step 54 Reward: 0.2878
[VLM Debug] Step 168 Reward: 0.2795
[VLM Debug] Step 18 Reward: 0.2812
[VLM Debug] Step 48 Reward: 0.2830
[VLM Debug] Step 56 Reward: 0.2896
[VLM Debug] Step 170 Reward: 0.2913
[VLM Debug] Step 20 Reward: 0.2788
[VLM Debug] Step 50 Reward: 0.2812
[VLM Debug] Step 58 Reward: 0.2893
[VLM Debug] Step 172 Reward: 0.2900
[VLM Debug] Step 22 Reward: 0.2795
[VLM Debug] Step 52 Reward: 0.2898
[VLM Debug] Step 60 Reward: 0.2883
[VLM Debug] Step 174 Reward: 0.2908
[VLM Debug] Step 24 Reward: 0.2812
[VLM Debug] Step 54 Reward: 0.2844
SPS: 172
[VLM Debug] Step 62 Reward: 0.2878
[VLM Debug] Step 176 Reward: 0.2866
[VLM Debug] Step 26 Reward: 0.2781
[VLM Debug] Step 56 Reward: 0.2888
[VLM Debug] Step 64 Reward: 0.2920
[VLM Debug] Step 178 Reward: 0.2866
[VLM Debug] Step 28 Reward: 0.2888
[VLM Debug] Step 58 Reward: 0.2979
[VLM Debug] Step 66 Reward: 0.2930
[VLM Debug] Step 180 Reward: 0.2866
[VLM Debug] Step 30 Reward: 0.2864
[VLM Debug] Step 60 Reward: 0.2949
[VLM Debug] Step 68 Reward: 0.2886
[VLM Debug] Step 182 Reward: 0.2900
[VLM Debug] Step 32 Reward: 0.2876
[VLM Debug] Step 62 Reward: 0.2891
[VLM Debug] Step 70 Reward: 0.2686
[VLM Debug] Step 184 Reward: 0.2888
[VLM Debug] Step 34 Reward: 0.2827
[VLM Debug] Step 64 Reward: 0.2864
[VLM Debug] Step 72 Reward: 0.2720
[VLM Debug] Step 186 Reward: 0.2888
[VLM Debug] Step 36 Reward: 0.2837
[VLM Debug] Step 66 Reward: 0.2898
[VLM Debug] Step 74 Reward: 0.2842
[VLM Debug] Step 188 Reward: 0.2820
[VLM Debug] Step 38 Reward: 0.2778
[VLM Debug] Step 68 Reward: 0.2866
[VLM Debug] Step 76 Reward: 0.2866
[VLM Debug] Step 190 Reward: 0.2820
[VLM Debug] Step 40 Reward: 0.2900
[VLM Debug] Step 70 Reward: 0.2925
[VLM Debug] Step 78 Reward: 0.2888
[VLM Debug] Step 192 Reward: 0.2795
[VLM Debug] Step 42 Reward: 0.2891
[VLM Debug] Step 72 Reward: 0.2903
[VLM Debug] Step 80 Reward: 0.2759
[VLM Debug] Step 194 Reward: 0.2793
[VLM Debug] Step 44 Reward: 0.2939
[VLM Debug] Step 74 Reward: 0.2930
[VLM Debug] Step 82 Reward: 0.2812
[VLM Debug] Step 196 Reward: 0.2793
[VLM Debug] Step 46 Reward: 0.2981
[VLM Debug] Step 76 Reward: 0.2932
[VLM Debug] Step 84 Reward: 0.2839
[VLM Debug] Step 198 Reward: 0.2825
[VLM Debug] Step 48 Reward: 0.2969
[VLM Debug] Step 78 Reward: 0.2932
[VLM Debug] Step 86 Reward: 0.2935
[VLM Debug] Step 200 Reward: 0.2861
[VLM Debug] Step 50 Reward: 0.2939
[VLM Debug] Step 80 Reward: 0.2876
[VLM Debug] Step 88 Reward: 0.2896
[VLM Debug] Step 202 Reward: 0.2832
[VLM Debug] Step 52 Reward: 0.2930
[VLM Debug] Step 82 Reward: 0.2881
[VLM Debug] Step 90 Reward: 0.2932
[VLM Debug] Step 204 Reward: 0.2817
[VLM Debug] Step 54 Reward: 0.2964
[VLM Debug] Step 84 Reward: 0.2844
[VLM Debug] Step 92 Reward: 0.2917
global_step=15484, episodic_return=15.690
[VLM Debug] Step 206 Reward: 0.2891
[VLM Debug] Reset Reward Calculated: 0.2776
[VLM Debug] Step 86 Reward: 0.2830
[VLM Debug] Step 94 Reward: 0.2925
[VLM Debug] Step 208 Reward: 0.2913
[VLM Debug] Step 2 Reward: 0.2776
[VLM Debug] Step 88 Reward: 0.2847
[VLM Debug] Step 96 Reward: 0.2849
[VLM Debug] Step 210 Reward: 0.2903
[VLM Debug] Step 4 Reward: 0.2800
[VLM Debug] Step 90 Reward: 0.2864
[VLM Debug] Step 98 Reward: 0.2881
[VLM Debug] Step 212 Reward: 0.2886
[VLM Debug] Step 6 Reward: 0.2773
[VLM Debug] Step 92 Reward: 0.2930
[VLM Debug] Step 100 Reward: 0.2847
[VLM Debug] Step 214 Reward: 0.2876
[VLM Debug] Step 8 Reward: 0.2839
[VLM Debug] Step 94 Reward: 0.2837
[VLM Debug] Step 102 Reward: 0.2842
[VLM Debug] Step 216 Reward: 0.2874
[VLM Debug] Step 10 Reward: 0.2820
[VLM Debug] Step 96 Reward: 0.2859
[VLM Debug] Step 104 Reward: 0.2900
[VLM Debug] Step 218 Reward: 0.2903
[VLM Debug] Step 12 Reward: 0.2820
[VLM Debug] Step 98 Reward: 0.2900
[VLM Debug] Step 106 Reward: 0.2944
[VLM Debug] Step 220 Reward: 0.2903
[VLM Debug] Step 14 Reward: 0.2812
[VLM Debug] Step 100 Reward: 0.2939
[VLM Debug] Step 108 Reward: 0.2927
[VLM Debug] Step 222 Reward: 0.2903
[VLM Debug] Step 16 Reward: 0.2822
[VLM Debug] Step 102 Reward: 0.2920
global_step=15552, episodic_return=31.114
[VLM Debug] Reset Reward Calculated: 0.2800
[VLM Debug] Step 224 Reward: 0.2891
[VLM Debug] Step 18 Reward: 0.2830
[VLM Debug] Step 104 Reward: 0.2905
[VLM Debug] Step 2 Reward: 0.2732
[VLM Debug] Step 226 Reward: 0.2817
[VLM Debug] Step 20 Reward: 0.2852
[VLM Debug] Step 106 Reward: 0.2883
[VLM Debug] Step 4 Reward: 0.2732
[VLM Debug] Step 228 Reward: 0.2847
[VLM Debug] Step 22 Reward: 0.2834
[VLM Debug] Step 108 Reward: 0.2927
[VLM Debug] Step 6 Reward: 0.2793
[VLM Debug] Step 230 Reward: 0.2861
[VLM Debug] Step 24 Reward: 0.2852
[VLM Debug] Step 110 Reward: 0.2952
[VLM Debug] Step 8 Reward: 0.2793
[VLM Debug] Step 232 Reward: 0.2825
[VLM Debug] Step 26 Reward: 0.2798
[VLM Debug] Step 112 Reward: 0.2932
[VLM Debug] Step 10 Reward: 0.2788
[VLM Debug] Step 234 Reward: 0.2812
[VLM Debug] Step 28 Reward: 0.2798
[VLM Debug] Step 114 Reward: 0.2908
[VLM Debug] Step 12 Reward: 0.2791
[VLM Debug] Step 236 Reward: 0.2827
[VLM Debug] Step 30 Reward: 0.2795
[VLM Debug] Step 116 Reward: 0.2839
[VLM Debug] Step 14 Reward: 0.2793
[VLM Debug] Step 238 Reward: 0.2766
[VLM Debug] Step 32 Reward: 0.2751
[VLM Debug] Step 118 Reward: 0.2878
[VLM Debug] Step 16 Reward: 0.2793
[VLM Debug] Step 240 Reward: 0.2888
[VLM Debug] Step 34 Reward: 0.2791
[VLM Debug] Step 120 Reward: 0.2754
[VLM Debug] Step 18 Reward: 0.2759
[VLM Debug] Step 242 Reward: 0.2900
[VLM Debug] Step 36 Reward: 0.2800
[VLM Debug] Step 122 Reward: 0.2871
[VLM Debug] Step 20 Reward: 0.2793
[VLM Debug] Step 244 Reward: 0.2898
[VLM Debug] Step 38 Reward: 0.2844
[VLM Debug] Step 124 Reward: 0.2898
[VLM Debug] Step 22 Reward: 0.2732
[VLM Debug] Step 246 Reward: 0.2883
[VLM Debug] Step 40 Reward: 0.2910
[VLM Debug] Step 126 Reward: 0.2839
[VLM Debug] Step 24 Reward: 0.2759
[VLM Debug] Step 248 Reward: 0.2876
[VLM Debug] Step 42 Reward: 0.2886
[VLM Debug] Step 128 Reward: 0.2988
[VLM Debug] Step 26 Reward: 0.2798
[VLM Debug] Step 250 Reward: 0.2864
[VLM Debug] Step 44 Reward: 0.2827
[VLM Debug] Step 130 Reward: 0.2942
[VLM Debug] Step 28 Reward: 0.2798
[VLM Debug] Step 252 Reward: 0.2837
[VLM Debug] Step 46 Reward: 0.2817
[VLM Debug] Step 132 Reward: 0.2954
[VLM Debug] Step 30 Reward: 0.2776
global_step=15676, episodic_return=38.083
[VLM Debug] Step 254 Reward: 0.2883
[VLM Debug] Step 48 Reward: 0.2878
[VLM Debug] Reset Reward Calculated: 0.2766
[VLM Debug] Step 32 Reward: 0.2825
[VLM Debug] Step 256 Reward: 0.2883
[VLM Debug] Step 50 Reward: 0.2896
[VLM Debug] Step 2 Reward: 0.2793
[VLM Debug] Step 34 Reward: 0.2803
[VLM Debug] Step 258 Reward: 0.2893
[VLM Debug] Step 52 Reward: 0.2935
[VLM Debug] Step 4 Reward: 0.2793
[VLM Debug] Step 36 Reward: 0.2822
[VLM Debug] Step 260 Reward: 0.2910
[VLM Debug] Step 54 Reward: 0.2937
[VLM Debug] Step 6 Reward: 0.2744
[VLM Debug] Step 38 Reward: 0.2861
[VLM Debug] Step 262 Reward: 0.2847
[VLM Debug] Step 56 Reward: 0.2886
[VLM Debug] Step 8 Reward: 0.2744
[VLM Debug] Step 40 Reward: 0.2944
[VLM Debug] Step 264 Reward: 0.2903
[VLM Debug] Step 58 Reward: 0.2949
[VLM Debug] Step 10 Reward: 0.2805
[VLM Debug] Step 42 Reward: 0.2891
[VLM Debug] Step 266 Reward: 0.2915
[VLM Debug] Step 60 Reward: 0.2935
[VLM Debug] Step 12 Reward: 0.2808
[VLM Debug] Step 44 Reward: 0.2888
[VLM Debug] Step 268 Reward: 0.2915
[VLM Debug] Step 62 Reward: 0.2900
[VLM Debug] Step 14 Reward: 0.2812
[VLM Debug] Step 46 Reward: 0.2908
[VLM Debug] Step 270 Reward: 0.2891
[VLM Debug] Step 64 Reward: 0.2971
[VLM Debug] Step 16 Reward: 0.2812
[VLM Debug] Step 48 Reward: 0.2896
[VLM Debug] Step 272 Reward: 0.2793
[VLM Debug] Step 66 Reward: 0.2959
[VLM Debug] Step 18 Reward: 0.2842
[VLM Debug] Step 50 Reward: 0.2900
global_step=15756, episodic_return=19.096
[VLM Debug] Step 274 Reward: 0.2861
[VLM Debug] Reset Reward Calculated: 0.2827
[VLM Debug] Step 20 Reward: 0.2834
[VLM Debug] Step 52 Reward: 0.2917
[VLM Debug] Step 276 Reward: 0.2893
[VLM Debug] Step 2 Reward: 0.2810
[VLM Debug] Step 22 Reward: 0.2842
global_step=15768, episodic_return=14.937
[VLM Debug] Reset Reward Calculated: 0.2808
[VLM Debug] Step 278 Reward: 0.2859
[VLM Debug] Step 4 Reward: 0.2854
[VLM Debug] Step 24 Reward: 0.2834
[VLM Debug] Step 2 Reward: 0.2795
[VLM Debug] Step 280 Reward: 0.2876
[VLM Debug] Step 6 Reward: 0.2817
[VLM Debug] Step 26 Reward: 0.2839
[VLM Debug] Step 4 Reward: 0.2888
[VLM Debug] Step 282 Reward: 0.2903
[VLM Debug] Step 8 Reward: 0.2817
[VLM Debug] Step 28 Reward: 0.2869
[VLM Debug] Step 6 Reward: 0.2888
[VLM Debug] Step 284 Reward: 0.2866
[VLM Debug] Step 10 Reward: 0.2815
[VLM Debug] Step 30 Reward: 0.2871
[VLM Debug] Step 8 Reward: 0.2832
[VLM Debug] Step 286 Reward: 0.2769
[VLM Debug] Step 12 Reward: 0.2869
[VLM Debug] Step 32 Reward: 0.2898
[VLM Debug] Step 10 Reward: 0.2754
[VLM Debug] Step 288 Reward: 0.2812
[VLM Debug] Step 14 Reward: 0.2849
[VLM Debug] Step 34 Reward: 0.2827
[VLM Debug] Step 12 Reward: 0.2754
[VLM Debug] Step 290 Reward: 0.2898
[VLM Debug] Step 16 Reward: 0.2898
[VLM Debug] Step 36 Reward: 0.2903
[VLM Debug] Step 14 Reward: 0.2769
[VLM Debug] Step 292 Reward: 0.2910
[VLM Debug] Step 18 Reward: 0.2869
[VLM Debug] Step 38 Reward: 0.2915
[VLM Debug] Step 16 Reward: 0.2754
[VLM Debug] Step 294 Reward: 0.2935
[VLM Debug] Step 20 Reward: 0.2913
[VLM Debug] Step 40 Reward: 0.2844
[VLM Debug] Step 18 Reward: 0.2864
[VLM Debug] Step 296 Reward: 0.2952
[VLM Debug] Step 22 Reward: 0.2891
[VLM Debug] Step 42 Reward: 0.2920
[VLM Debug] Step 20 Reward: 0.2888
[VLM Debug] Step 298 Reward: 0.2993
[VLM Debug] Step 24 Reward: 0.2881
[VLM Debug] Step 44 Reward: 0.2883
[VLM Debug] Step 22 Reward: 0.2844
[VLM Debug] Step 300 Reward: 0.2954
[VLM Debug] Step 26 Reward: 0.2837
[VLM Debug] Step 46 Reward: 0.2957
global_step=15864, episodic_return=85.686
--> New best model saved with return: 85.69
[VLM Debug] Reset Reward Calculated: 0.2793
[VLM Debug] Step 24 Reward: 0.2769
[VLM Debug] Step 28 Reward: 0.2854
[VLM Debug] Step 48 Reward: 0.2900
SPS: 172
[VLM Debug] Step 2 Reward: 0.2793
[VLM Debug] Step 26 Reward: 0.2769
[VLM Debug] Step 30 Reward: 0.2913
[VLM Debug] Step 50 Reward: 0.2861
[VLM Debug] Step 4 Reward: 0.2812
[VLM Debug] Step 28 Reward: 0.2766
[VLM Debug] Step 32 Reward: 0.2856
[VLM Debug] Step 52 Reward: 0.2932
[VLM Debug] Step 6 Reward: 0.2812
[VLM Debug] Step 30 Reward: 0.2808
[VLM Debug] Step 34 Reward: 0.2913
[VLM Debug] Step 54 Reward: 0.2881
[VLM Debug] Step 8 Reward: 0.2817
[VLM Debug] Step 32 Reward: 0.2832
[VLM Debug] Step 36 Reward: 0.2925
[VLM Debug] Step 56 Reward: 0.2932
[VLM Debug] Step 10 Reward: 0.2817
[VLM Debug] Step 34 Reward: 0.2830
[VLM Debug] Step 38 Reward: 0.2974
[VLM Debug] Step 58 Reward: 0.2954
[VLM Debug] Step 12 Reward: 0.2856
[VLM Debug] Step 36 Reward: 0.2888
global_step=15916, episodic_return=16.847
[VLM Debug] Step 40 Reward: 0.2925
[VLM Debug] Reset Reward Calculated: 0.2800
[VLM Debug] Step 14 Reward: 0.2856
[VLM Debug] Step 38 Reward: 0.2847
global_step=15924, episodic_return=11.778
[VLM Debug] Reset Reward Calculated: 0.2803
[VLM Debug] Step 2 Reward: 0.2788
[VLM Debug] Step 16 Reward: 0.2842
[VLM Debug] Step 40 Reward: 0.2915
[VLM Debug] Step 2 Reward: 0.2791
[VLM Debug] Step 4 Reward: 0.2739
[VLM Debug] Step 18 Reward: 0.2798
[VLM Debug] Step 42 Reward: 0.2798
[VLM Debug] Step 4 Reward: 0.2791
[VLM Debug] Step 6 Reward: 0.2778
[VLM Debug] Step 20 Reward: 0.2793
[VLM Debug] Step 44 Reward: 0.2886
[VLM Debug] Step 6 Reward: 0.2791
[VLM Debug] Step 8 Reward: 0.2778
[VLM Debug] Step 22 Reward: 0.2749
[VLM Debug] Step 46 Reward: 0.2881
[VLM Debug] Step 8 Reward: 0.2805
[VLM Debug] Step 10 Reward: 0.2778
[VLM Debug] Step 24 Reward: 0.2646
[VLM Debug] Step 48 Reward: 0.2925
[VLM Debug] Step 10 Reward: 0.2798
[VLM Debug] Step 12 Reward: 0.2800
[VLM Debug] Step 26 Reward: 0.2737
[VLM Debug] Step 50 Reward: 0.2900
[VLM Debug] Step 12 Reward: 0.2805
[VLM Debug] Step 14 Reward: 0.2800
[VLM Debug] Step 28 Reward: 0.2737
[VLM Debug] Step 52 Reward: 0.2874
[VLM Debug] Step 14 Reward: 0.2805
[VLM Debug] Step 16 Reward: 0.2849
[VLM Debug] Step 30 Reward: 0.2661
[VLM Debug] Step 54 Reward: 0.2869
[VLM Debug] Step 16 Reward: 0.2793
[VLM Debug] Step 18 Reward: 0.2783
[VLM Debug] Step 32 Reward: 0.2761
[VLM Debug] Step 56 Reward: 0.2917
[VLM Debug] Step 18 Reward: 0.2793
[VLM Debug] Step 20 Reward: 0.2761
[VLM Debug] Step 34 Reward: 0.2783
[VLM Debug] Step 58 Reward: 0.2925
[VLM Debug] Step 20 Reward: 0.2793
[VLM Debug] Step 22 Reward: 0.2761
[VLM Debug] Step 36 Reward: 0.2781
[VLM Debug] Step 60 Reward: 0.2991
[VLM Debug] Step 22 Reward: 0.2786
[VLM Debug] Step 24 Reward: 0.2781
[VLM Debug] Step 38 Reward: 0.2842
[VLM Debug] Step 62 Reward: 0.2986
global_step=16020, episodic_return=17.663
[VLM Debug] Reset Reward Calculated: 0.2808
[VLM Debug] Step 24 Reward: 0.2805
[VLM Debug] Step 26 Reward: 0.2859
[VLM Debug] Step 40 Reward: 0.2820
[VLM Debug] Step 2 Reward: 0.2808
[VLM Debug] Step 26 Reward: 0.2786
[VLM Debug] Step 28 Reward: 0.2839
[VLM Debug] Step 42 Reward: 0.2854
[VLM Debug] Step 4 Reward: 0.2720
[VLM Debug] Step 28 Reward: 0.2798
[VLM Debug] Step 30 Reward: 0.2878
[VLM Debug] Step 44 Reward: 0.2827
[VLM Debug] Step 6 Reward: 0.2710
[VLM Debug] Step 30 Reward: 0.2805
[VLM Debug] Step 32 Reward: 0.2834
[VLM Debug] Step 46 Reward: 0.2852
[VLM Debug] Step 8 Reward: 0.2744
[VLM Debug] Step 32 Reward: 0.2805
[VLM Debug] Step 34 Reward: 0.2847
[VLM Debug] Step 48 Reward: 0.2866
[VLM Debug] Step 10 Reward: 0.2747
[VLM Debug] Step 34 Reward: 0.2810
[VLM Debug] Step 36 Reward: 0.2864
[VLM Debug] Step 50 Reward: 0.2883
[VLM Debug] Step 12 Reward: 0.2747
[VLM Debug] Step 36 Reward: 0.2808
[VLM Debug] Step 38 Reward: 0.2871
[VLM Debug] Step 52 Reward: 0.2883
[VLM Debug] Step 14 Reward: 0.2793
[VLM Debug] Step 38 Reward: 0.2832
[VLM Debug] Step 40 Reward: 0.2859
[VLM Debug] Step 54 Reward: 0.2900
[VLM Debug] Step 16 Reward: 0.2793
[VLM Debug] Step 40 Reward: 0.2825
[VLM Debug] Step 42 Reward: 0.2852
[VLM Debug] Step 56 Reward: 0.2905
[VLM Debug] Step 18 Reward: 0.2773
[VLM Debug] Step 42 Reward: 0.2874
[VLM Debug] Step 44 Reward: 0.2852
[VLM Debug] Step 58 Reward: 0.2866
[VLM Debug] Step 20 Reward: 0.2773
[VLM Debug] Step 44 Reward: 0.2878
[VLM Debug] Step 46 Reward: 0.2832
[VLM Debug] Step 60 Reward: 0.2837
[VLM Debug] Step 22 Reward: 0.2793
[VLM Debug] Step 46 Reward: 0.2886
[VLM Debug] Step 48 Reward: 0.2859
[VLM Debug] Step 62 Reward: 0.2771
[VLM Debug] Step 24 Reward: 0.2793
[VLM Debug] Step 48 Reward: 0.2908
[VLM Debug] Step 50 Reward: 0.2822
[VLM Debug] Step 64 Reward: 0.2900
[VLM Debug] Step 26 Reward: 0.2810
[VLM Debug] Step 50 Reward: 0.2830
[VLM Debug] Step 52 Reward: 0.2898
[VLM Debug] Step 66 Reward: 0.2896
[VLM Debug] Step 28 Reward: 0.2820
[VLM Debug] Step 52 Reward: 0.2778
[VLM Debug] Step 54 Reward: 0.2881
[VLM Debug] Step 68 Reward: 0.2971
[VLM Debug] Step 30 Reward: 0.2837
[VLM Debug] Step 54 Reward: 0.2891
[VLM Debug] Step 56 Reward: 0.2874
[VLM Debug] Step 70 Reward: 0.2922
[VLM Debug] Step 32 Reward: 0.2849
[VLM Debug] Step 56 Reward: 0.2952
[VLM Debug] Step 58 Reward: 0.2930
[VLM Debug] Step 72 Reward: 0.2932
[VLM Debug] Step 34 Reward: 0.2839
[VLM Debug] Step 58 Reward: 0.2974
[VLM Debug] Step 60 Reward: 0.2854
[VLM Debug] Step 74 Reward: 0.2925
[VLM Debug] Step 36 Reward: 0.2869
[VLM Debug] Step 60 Reward: 0.2979
[VLM Debug] Step 62 Reward: 0.2957
[VLM Debug] Step 76 Reward: 0.2981
[VLM Debug] Step 38 Reward: 0.2864
[VLM Debug] Step 62 Reward: 0.2964
[VLM Debug] Step 64 Reward: 0.2898
global_step=16176, episodic_return=21.817
[VLM Debug] Reset Reward Calculated: 0.2788
[VLM Debug] Step 40 Reward: 0.2881
[VLM Debug] Step 64 Reward: 0.2905
[VLM Debug] Step 66 Reward: 0.2939
[VLM Debug] Step 2 Reward: 0.2739
[VLM Debug] Step 42 Reward: 0.2864
[VLM Debug] Step 66 Reward: 0.2959
[VLM Debug] Step 68 Reward: 0.2913
global_step=16192, episodic_return=18.744
[VLM Debug] Step 4 Reward: 0.2739
[VLM Debug] Reset Reward Calculated: 0.2761
[VLM Debug] Step 44 Reward: 0.2932
[VLM Debug] Step 70 Reward: 0.2957
[VLM Debug] Step 6 Reward: 0.2778
[VLM Debug] Step 2 Reward: 0.2761
[VLM Debug] Step 46 Reward: 0.2888
[VLM Debug] Step 72 Reward: 0.2957
[VLM Debug] Step 8 Reward: 0.2778
[VLM Debug] Step 4 Reward: 0.2739
[VLM Debug] Step 48 Reward: 0.2876
[VLM Debug] Step 74 Reward: 0.2864
[VLM Debug] Step 10 Reward: 0.2795
[VLM Debug] Step 6 Reward: 0.2766
[VLM Debug] Step 50 Reward: 0.2935
[VLM Debug] Step 76 Reward: 0.2896
[VLM Debug] Step 12 Reward: 0.2810
[VLM Debug] Step 8 Reward: 0.2778
[VLM Debug] Step 52 Reward: 0.2910
[VLM Debug] Step 78 Reward: 0.2996
[VLM Debug] Step 14 Reward: 0.2773
[VLM Debug] Step 10 Reward: 0.2778
[VLM Debug] Step 54 Reward: 0.2854
[VLM Debug] Step 80 Reward: 0.2966
[VLM Debug] Step 16 Reward: 0.2810
[VLM Debug] Step 12 Reward: 0.2820
[VLM Debug] Step 56 Reward: 0.2844
[VLM Debug] Step 82 Reward: 0.2944
[VLM Debug] Step 18 Reward: 0.2852
[VLM Debug] Step 14 Reward: 0.2756
[VLM Debug] Step 58 Reward: 0.2939
[VLM Debug] Step 84 Reward: 0.2935
[VLM Debug] Step 20 Reward: 0.2847
[VLM Debug] Step 16 Reward: 0.2810
[VLM Debug] Step 60 Reward: 0.2944
[VLM Debug] Step 86 Reward: 0.2952
[VLM Debug] Step 22 Reward: 0.2754
[VLM Debug] Step 18 Reward: 0.2810
[VLM Debug] Step 62 Reward: 0.2952
[VLM Debug] Step 88 Reward: 0.2896
[VLM Debug] Step 24 Reward: 0.2876
[VLM Debug] Step 20 Reward: 0.2808
[VLM Debug] Step 64 Reward: 0.2908
[VLM Debug] Step 90 Reward: 0.2905
[VLM Debug] Step 26 Reward: 0.2893
[VLM Debug] Step 22 Reward: 0.2864
[VLM Debug] Step 66 Reward: 0.2908
[VLM Debug] Step 92 Reward: 0.2861
[VLM Debug] Step 28 Reward: 0.2864
[VLM Debug] Step 24 Reward: 0.2812
global_step=16292, episodic_return=19.024
[VLM Debug] Reset Reward Calculated: 0.2793
[VLM Debug] Step 94 Reward: 0.2981
global_step=16296, episodic_return=26.925
[VLM Debug] Step 30 Reward: 0.2888
[VLM Debug] Step 26 Reward: 0.2781
[VLM Debug] Reset Reward Calculated: 0.2820
[VLM Debug] Step 2 Reward: 0.2817
[VLM Debug] Step 32 Reward: 0.2898
[VLM Debug] Step 28 Reward: 0.2805
[VLM Debug] Step 2 Reward: 0.2803
[VLM Debug] Step 4 Reward: 0.2795
[VLM Debug] Step 34 Reward: 0.2839
[VLM Debug] Step 30 Reward: 0.2834
[VLM Debug] Step 4 Reward: 0.2791
[VLM Debug] Step 6 Reward: 0.2815
[VLM Debug] Step 36 Reward: 0.2849
[VLM Debug] Step 32 Reward: 0.2854
[VLM Debug] Step 6 Reward: 0.2805
[VLM Debug] Step 8 Reward: 0.2815
[VLM Debug] Step 38 Reward: 0.2786
[VLM Debug] Step 34 Reward: 0.2893
[VLM Debug] Step 8 Reward: 0.2805
[VLM Debug] Step 10 Reward: 0.2795
[VLM Debug] Step 40 Reward: 0.2834
[VLM Debug] Step 36 Reward: 0.2866
[VLM Debug] Step 10 Reward: 0.2839
[VLM Debug] Step 12 Reward: 0.2822
[VLM Debug] Step 42 Reward: 0.2925
[VLM Debug] Step 38 Reward: 0.2842
[VLM Debug] Step 12 Reward: 0.2839
[VLM Debug] Step 14 Reward: 0.2771
[VLM Debug] Step 44 Reward: 0.2930
[VLM Debug] Step 40 Reward: 0.2842
[VLM Debug] Step 14 Reward: 0.2798
[VLM Debug] Step 16 Reward: 0.2742
[VLM Debug] Step 46 Reward: 0.2966
[VLM Debug] Step 42 Reward: 0.2842
[VLM Debug] Step 16 Reward: 0.2798
[VLM Debug] Step 18 Reward: 0.2739
[VLM Debug] Step 48 Reward: 0.2886
[VLM Debug] Step 44 Reward: 0.2859
[VLM Debug] Step 18 Reward: 0.2803
[VLM Debug] Step 20 Reward: 0.2844
[VLM Debug] Step 50 Reward: 0.2915
[VLM Debug] Step 46 Reward: 0.2837
[VLM Debug] Step 20 Reward: 0.2803
[VLM Debug] Step 22 Reward: 0.2842
SPS: 172
[VLM Debug] Step 52 Reward: 0.2939
[VLM Debug] Step 48 Reward: 0.2847
[VLM Debug] Step 22 Reward: 0.2791
[VLM Debug] Step 24 Reward: 0.2827
[VLM Debug] Step 54 Reward: 0.2988
[VLM Debug] Step 50 Reward: 0.2917
[VLM Debug] Step 24 Reward: 0.2791
[VLM Debug] Step 26 Reward: 0.2864
[VLM Debug] Step 56 Reward: 0.3005
[VLM Debug] Step 52 Reward: 0.2959
[VLM Debug] Step 26 Reward: 0.2834
global_step=16404, episodic_return=15.970
[VLM Debug] Reset Reward Calculated: 0.2773
[VLM Debug] Step 28 Reward: 0.2769
[VLM Debug] Step 54 Reward: 0.2925
[VLM Debug] Step 28 Reward: 0.2834
[VLM Debug] Step 2 Reward: 0.2773
[VLM Debug] Step 30 Reward: 0.2832
[VLM Debug] Step 56 Reward: 0.2969
[VLM Debug] Step 30 Reward: 0.2834
[VLM Debug] Step 4 Reward: 0.2773
[VLM Debug] Step 32 Reward: 0.2854
[VLM Debug] Step 58 Reward: 0.2976
[VLM Debug] Step 32 Reward: 0.2791
[VLM Debug] Step 6 Reward: 0.2793
[VLM Debug] Step 34 Reward: 0.2869
global_step=16432, episodic_return=16.746
[VLM Debug] Reset Reward Calculated: 0.2803
[VLM Debug] Step 34 Reward: 0.2812
[VLM Debug] Step 8 Reward: 0.2773
[VLM Debug] Step 36 Reward: 0.2859
[VLM Debug] Step 2 Reward: 0.2805
[VLM Debug] Step 36 Reward: 0.2825
[VLM Debug] Step 10 Reward: 0.2773
[VLM Debug] Step 38 Reward: 0.2881
[VLM Debug] Step 4 Reward: 0.2803
[VLM Debug] Step 38 Reward: 0.2791
[VLM Debug] Step 12 Reward: 0.2742
[VLM Debug] Step 40 Reward: 0.2874
[VLM Debug] Step 6 Reward: 0.2803
[VLM Debug] Step 40 Reward: 0.2791
[VLM Debug] Step 14 Reward: 0.2761
[VLM Debug] Step 42 Reward: 0.2808
[VLM Debug] Step 8 Reward: 0.2808
[VLM Debug] Step 42 Reward: 0.2800
[VLM Debug] Step 16 Reward: 0.2800
[VLM Debug] Step 44 Reward: 0.2800
[VLM Debug] Step 10 Reward: 0.2808
[VLM Debug] Step 44 Reward: 0.2791
[VLM Debug] Step 18 Reward: 0.2761
[VLM Debug] Step 46 Reward: 0.2791
[VLM Debug] Step 12 Reward: 0.2751
[VLM Debug] Step 46 Reward: 0.2800
[VLM Debug] Step 20 Reward: 0.2849
[VLM Debug] Step 48 Reward: 0.2903
[VLM Debug] Step 14 Reward: 0.2659
[VLM Debug] Step 48 Reward: 0.2800
[VLM Debug] Step 22 Reward: 0.2832
[VLM Debug] Step 50 Reward: 0.2954
[VLM Debug] Step 16 Reward: 0.2659
[VLM Debug] Step 50 Reward: 0.2812
[VLM Debug] Step 24 Reward: 0.2761
[VLM Debug] Step 52 Reward: 0.2869
[VLM Debug] Step 18 Reward: 0.2659
[VLM Debug] Step 52 Reward: 0.2812
[VLM Debug] Step 26 Reward: 0.2761
[VLM Debug] Step 54 Reward: 0.2922
[VLM Debug] Step 20 Reward: 0.2737
[VLM Debug] Step 54 Reward: 0.2812
[VLM Debug] Step 28 Reward: 0.2820
[VLM Debug] Step 56 Reward: 0.2949
[VLM Debug] Step 22 Reward: 0.2751
[VLM Debug] Step 56 Reward: 0.2815
[VLM Debug] Step 30 Reward: 0.2769
[VLM Debug] Step 58 Reward: 0.2935
[VLM Debug] Step 24 Reward: 0.2751
[VLM Debug] Step 58 Reward: 0.2837
[VLM Debug] Step 32 Reward: 0.2805
[VLM Debug] Step 60 Reward: 0.2949
[VLM Debug] Step 26 Reward: 0.2749
[VLM Debug] Step 60 Reward: 0.2805
[VLM Debug] Step 34 Reward: 0.2834
[VLM Debug] Step 62 Reward: 0.2949
[VLM Debug] Step 28 Reward: 0.2646
[VLM Debug] Step 62 Reward: 0.2854
[VLM Debug] Step 36 Reward: 0.2859
[VLM Debug] Step 64 Reward: 0.2942
[VLM Debug] Step 30 Reward: 0.2646
[VLM Debug] Step 64 Reward: 0.2854
[VLM Debug] Step 38 Reward: 0.2891
[VLM Debug] Step 66 Reward: 0.2949
[VLM Debug] Step 32 Reward: 0.2798
[VLM Debug] Step 66 Reward: 0.2854
[VLM Debug] Step 40 Reward: 0.2869
[VLM Debug] Step 68 Reward: 0.2979
[VLM Debug] Step 34 Reward: 0.2744
[VLM Debug] Step 68 Reward: 0.2822
[VLM Debug] Step 42 Reward: 0.2783
[VLM Debug] Step 70 Reward: 0.2930
[VLM Debug] Step 36 Reward: 0.2744
[VLM Debug] Step 70 Reward: 0.2861
[VLM Debug] Step 44 Reward: 0.2888
[VLM Debug] Step 72 Reward: 0.2964
[VLM Debug] Step 38 Reward: 0.2744
[VLM Debug] Step 72 Reward: 0.2754
[VLM Debug] Step 46 Reward: 0.2849
[VLM Debug] Step 74 Reward: 0.2891
global_step=16592, episodic_return=21.172
[VLM Debug] Reset Reward Calculated: 0.2810
[VLM Debug] Step 40 Reward: 0.2744
[VLM Debug] Step 74 Reward: 0.2869
[VLM Debug] Step 48 Reward: 0.2827
[VLM Debug] Step 2 Reward: 0.2834
[VLM Debug] Step 42 Reward: 0.2744
[VLM Debug] Step 76 Reward: 0.2893
[VLM Debug] Step 50 Reward: 0.2825
[VLM Debug] Step 4 Reward: 0.2842
[VLM Debug] Step 44 Reward: 0.2783
[VLM Debug] Step 78 Reward: 0.2893
[VLM Debug] Step 52 Reward: 0.2854
[VLM Debug] Step 6 Reward: 0.2810
[VLM Debug] Step 46 Reward: 0.2783
[VLM Debug] Step 80 Reward: 0.2896
[VLM Debug] Step 54 Reward: 0.2830
[VLM Debug] Step 8 Reward: 0.2773
[VLM Debug] Step 48 Reward: 0.2783
[VLM Debug] Step 82 Reward: 0.2893
[VLM Debug] Step 56 Reward: 0.2864
[VLM Debug] Step 10 Reward: 0.2812
[VLM Debug] Step 50 Reward: 0.2800
[VLM Debug] Step 84 Reward: 0.2891
[VLM Debug] Step 58 Reward: 0.2932
[VLM Debug] Step 12 Reward: 0.2859
[VLM Debug] Step 52 Reward: 0.2798
[VLM Debug] Step 86 Reward: 0.2825
[VLM Debug] Step 60 Reward: 0.2905
[VLM Debug] Step 14 Reward: 0.2839
[VLM Debug] Step 54 Reward: 0.2808
[VLM Debug] Step 88 Reward: 0.2739
[VLM Debug] Step 62 Reward: 0.2932
[VLM Debug] Step 16 Reward: 0.2839
[VLM Debug] Step 56 Reward: 0.2808
[VLM Debug] Step 90 Reward: 0.2881
[VLM Debug] Step 64 Reward: 0.2954
[VLM Debug] Step 18 Reward: 0.2788
[VLM Debug] Step 58 Reward: 0.2847
[VLM Debug] Step 92 Reward: 0.2883
[VLM Debug] Step 66 Reward: 0.2981
[VLM Debug] Step 20 Reward: 0.2822
[VLM Debug] Step 60 Reward: 0.2847
[VLM Debug] Step 94 Reward: 0.2893
[VLM Debug] Step 68 Reward: 0.2947
[VLM Debug] Step 22 Reward: 0.2888
[VLM Debug] Step 62 Reward: 0.2903
[VLM Debug] Step 96 Reward: 0.2878
[VLM Debug] Step 70 Reward: 0.2976
[VLM Debug] Step 24 Reward: 0.2910
[VLM Debug] Step 64 Reward: 0.2878
[VLM Debug] Step 98 Reward: 0.2896
global_step=16692, episodic_return=20.147
[VLM Debug] Reset Reward Calculated: 0.2783
[VLM Debug] Step 26 Reward: 0.2888
[VLM Debug] Step 66 Reward: 0.2881
[VLM Debug] Step 100 Reward: 0.2795
[VLM Debug] Step 2 Reward: 0.2800
[VLM Debug] Step 28 Reward: 0.2903
[VLM Debug] Step 68 Reward: 0.2871
[VLM Debug] Step 102 Reward: 0.2827
[VLM Debug] Step 4 Reward: 0.2791
[VLM Debug] Step 30 Reward: 0.2927
[VLM Debug] Step 70 Reward: 0.2844
[VLM Debug] Step 104 Reward: 0.2808
[VLM Debug] Step 6 Reward: 0.2812
[VLM Debug] Step 32 Reward: 0.2896
[VLM Debug] Step 72 Reward: 0.2971
[VLM Debug] Step 106 Reward: 0.2842
[VLM Debug] Step 8 Reward: 0.2856
[VLM Debug] Step 34 Reward: 0.2844
[VLM Debug] Step 74 Reward: 0.2942
[VLM Debug] Step 108 Reward: 0.2893
[VLM Debug] Step 10 Reward: 0.2830
[VLM Debug] Step 36 Reward: 0.2871
[VLM Debug] Step 76 Reward: 0.2937
[VLM Debug] Step 110 Reward: 0.2944
[VLM Debug] Step 12 Reward: 0.2832
[VLM Debug] Step 38 Reward: 0.2939
[VLM Debug] Step 78 Reward: 0.2966
[VLM Debug] Step 112 Reward: 0.2871
[VLM Debug] Step 14 Reward: 0.2869
[VLM Debug] Step 40 Reward: 0.2869
[VLM Debug] Step 80 Reward: 0.2979
[VLM Debug] Step 114 Reward: 0.2876
[VLM Debug] Step 16 Reward: 0.2861
[VLM Debug] Step 42 Reward: 0.2866
[VLM Debug] Step 82 Reward: 0.2927
[VLM Debug] Step 116 Reward: 0.2825
[VLM Debug] Step 18 Reward: 0.2869
[VLM Debug] Step 44 Reward: 0.2871
[VLM Debug] Step 84 Reward: 0.2893
[VLM Debug] Step 118 Reward: 0.2866
[VLM Debug] Step 20 Reward: 0.2864
[VLM Debug] Step 46 Reward: 0.2920
[VLM Debug] Step 86 Reward: 0.2886
[VLM Debug] Step 120 Reward: 0.2827
global_step=16780, episodic_return=24.129
[VLM Debug] Step 22 Reward: 0.2832
[VLM Debug] Reset Reward Calculated: 0.2798
[VLM Debug] Step 48 Reward: 0.2930
[VLM Debug] Step 122 Reward: 0.2888
[VLM Debug] Step 24 Reward: 0.2830
[VLM Debug] Step 2 Reward: 0.2759
[VLM Debug] Step 50 Reward: 0.2913
[VLM Debug] Step 124 Reward: 0.2893
[VLM Debug] Step 26 Reward: 0.2786
[VLM Debug] Step 4 Reward: 0.2800
global_step=16800, episodic_return=14.612
[VLM Debug] Reset Reward Calculated: 0.2817
[VLM Debug] Step 126 Reward: 0.2908
[VLM Debug] Step 28 Reward: 0.2832
[VLM Debug] Step 6 Reward: 0.2771
[VLM Debug] Step 2 Reward: 0.2815
[VLM Debug] Step 128 Reward: 0.2910
[VLM Debug] Step 30 Reward: 0.2776
[VLM Debug] Step 8 Reward: 0.2800
[VLM Debug] Step 4 Reward: 0.2815
[VLM Debug] Step 130 Reward: 0.2927
[VLM Debug] Step 32 Reward: 0.2808
[VLM Debug] Step 10 Reward: 0.2773
[VLM Debug] Step 6 Reward: 0.2815
[VLM Debug] Step 132 Reward: 0.2935
[VLM Debug] Step 34 Reward: 0.2861
[VLM Debug] Step 12 Reward: 0.2773
[VLM Debug] Step 8 Reward: 0.2798
[VLM Debug] Step 134 Reward: 0.2937
[VLM Debug] Step 36 Reward: 0.2903
[VLM Debug] Step 14 Reward: 0.2825
[VLM Debug] Step 10 Reward: 0.2786
[VLM Debug] Step 136 Reward: 0.2900
[VLM Debug] Step 38 Reward: 0.2856
[VLM Debug] Step 16 Reward: 0.2847
[VLM Debug] Step 12 Reward: 0.2800
[VLM Debug] Step 138 Reward: 0.2878
[VLM Debug] Step 40 Reward: 0.2898
[VLM Debug] Step 18 Reward: 0.2764
[VLM Debug] Step 14 Reward: 0.2798
[VLM Debug] Step 140 Reward: 0.2939
[VLM Debug] Step 42 Reward: 0.2881
[VLM Debug] Step 20 Reward: 0.2798
[VLM Debug] Step 16 Reward: 0.2788
[VLM Debug] Step 142 Reward: 0.2937
[VLM Debug] Step 44 Reward: 0.2825
[VLM Debug] Step 22 Reward: 0.2815
[VLM Debug] Step 18 Reward: 0.2773
[VLM Debug] Step 144 Reward: 0.2944
[VLM Debug] Step 46 Reward: 0.2896
[VLM Debug] Step 24 Reward: 0.2803
[VLM Debug] Step 20 Reward: 0.2764
[VLM Debug] Step 146 Reward: 0.2942
[VLM Debug] Step 48 Reward: 0.2891
[VLM Debug] Step 26 Reward: 0.2803
[VLM Debug] Step 22 Reward: 0.2854
[VLM Debug] Step 148 Reward: 0.2937
[VLM Debug] Step 50 Reward: 0.2898
[VLM Debug] Step 28 Reward: 0.2812
SPS: 171
[VLM Debug] Step 24 Reward: 0.2842
[VLM Debug] Step 150 Reward: 0.2903
[VLM Debug] Step 52 Reward: 0.2935
[VLM Debug] Step 30 Reward: 0.2812
[VLM Debug] Step 26 Reward: 0.2852
[VLM Debug] Step 152 Reward: 0.2957
[VLM Debug] Step 54 Reward: 0.2903
[VLM Debug] Step 32 Reward: 0.2812
[VLM Debug] Step 28 Reward: 0.2881
[VLM Debug] Step 154 Reward: 0.2974
[VLM Debug] Step 56 Reward: 0.2952
[VLM Debug] Step 34 Reward: 0.2812
[VLM Debug] Step 30 Reward: 0.2898
[VLM Debug] Step 156 Reward: 0.2964
[VLM Debug] Step 58 Reward: 0.2947
[VLM Debug] Step 36 Reward: 0.2871
[VLM Debug] Step 32 Reward: 0.2871
[VLM Debug] Step 158 Reward: 0.2888
[VLM Debug] Step 60 Reward: 0.2859
[VLM Debug] Step 38 Reward: 0.2839
global_step=16936, episodic_return=17.142
[VLM Debug] Reset Reward Calculated: 0.2812
[VLM Debug] Step 34 Reward: 0.2827
[VLM Debug] Step 160 Reward: 0.2727
[VLM Debug] Step 40 Reward: 0.2859
[VLM Debug] Step 2 Reward: 0.2844
[VLM Debug] Step 36 Reward: 0.2808
[VLM Debug] Step 162 Reward: 0.2837
[VLM Debug] Step 42 Reward: 0.2881
[VLM Debug] Step 4 Reward: 0.2842
[VLM Debug] Step 38 Reward: 0.2825
[VLM Debug] Step 164 Reward: 0.2791
[VLM Debug] Step 44 Reward: 0.2883
[VLM Debug] Step 6 Reward: 0.2844
[VLM Debug] Step 40 Reward: 0.2832
[VLM Debug] Step 166 Reward: 0.2793
[VLM Debug] Step 46 Reward: 0.2849
[VLM Debug] Step 8 Reward: 0.2832
[VLM Debug] Step 42 Reward: 0.2888
[VLM Debug] Step 168 Reward: 0.2817
[VLM Debug] Step 48 Reward: 0.2891
[VLM Debug] Step 10 Reward: 0.2815
[VLM Debug] Step 44 Reward: 0.2930
[VLM Debug] Step 170 Reward: 0.2837
[VLM Debug] Step 50 Reward: 0.2893
[VLM Debug] Step 12 Reward: 0.2827
[VLM Debug] Step 46 Reward: 0.2981
[VLM Debug] Step 172 Reward: 0.2922
[VLM Debug] Step 52 Reward: 0.2859
[VLM Debug] Step 14 Reward: 0.2786
[VLM Debug] Step 48 Reward: 0.2910
[VLM Debug] Step 174 Reward: 0.2881
[VLM Debug] Step 54 Reward: 0.2886
[VLM Debug] Step 16 Reward: 0.2810
[VLM Debug] Step 50 Reward: 0.2983
[VLM Debug] Step 176 Reward: 0.2891
[VLM Debug] Step 56 Reward: 0.2871
global_step=17008, episodic_return=50.487
[VLM Debug] Step 18 Reward: 0.2808
[VLM Debug] Step 52 Reward: 0.2925
[VLM Debug] Reset Reward Calculated: 0.2771
[VLM Debug] Step 58 Reward: 0.2866
[VLM Debug] Step 20 Reward: 0.2751
[VLM Debug] Step 54 Reward: 0.2891
[VLM Debug] Step 2 Reward: 0.2800
[VLM Debug] Step 60 Reward: 0.2871
[VLM Debug] Step 22 Reward: 0.2859
[VLM Debug] Step 56 Reward: 0.2937
[VLM Debug] Step 4 Reward: 0.2773
global_step=17028, episodic_return=15.965
[VLM Debug] Reset Reward Calculated: 0.2810
[VLM Debug] Step 62 Reward: 0.2800
[VLM Debug] Step 24 Reward: 0.2832
[VLM Debug] Step 6 Reward: 0.2825
[VLM Debug] Step 2 Reward: 0.2800
[VLM Debug] Step 64 Reward: 0.2864
[VLM Debug] Step 26 Reward: 0.2800
[VLM Debug] Step 8 Reward: 0.2773
[VLM Debug] Step 4 Reward: 0.2764
[VLM Debug] Step 66 Reward: 0.2878
[VLM Debug] Step 28 Reward: 0.2883
[VLM Debug] Step 10 Reward: 0.2825
[VLM Debug] Step 6 Reward: 0.2764
[VLM Debug] Step 68 Reward: 0.2896
[VLM Debug] Step 30 Reward: 0.2891
[VLM Debug] Step 12 Reward: 0.2764
[VLM Debug] Step 8 Reward: 0.2791
[VLM Debug] Step 70 Reward: 0.2927
[VLM Debug] Step 32 Reward: 0.2891
[VLM Debug] Step 14 Reward: 0.2764
[VLM Debug] Step 10 Reward: 0.2803
[VLM Debug] Step 72 Reward: 0.2844
[VLM Debug] Step 34 Reward: 0.2834
[VLM Debug] Step 16 Reward: 0.2803
[VLM Debug] Step 12 Reward: 0.2837
[VLM Debug] Step 74 Reward: 0.2908
[VLM Debug] Step 36 Reward: 0.2815
[VLM Debug] Step 18 Reward: 0.2834
[VLM Debug] Step 14 Reward: 0.2800
[VLM Debug] Step 76 Reward: 0.2830
[VLM Debug] Step 38 Reward: 0.2827
[VLM Debug] Step 20 Reward: 0.2830
[VLM Debug] Step 16 Reward: 0.2812
[VLM Debug] Step 78 Reward: 0.2891
[VLM Debug] Step 40 Reward: 0.2852
[VLM Debug] Step 22 Reward: 0.2844
[VLM Debug] Step 18 Reward: 0.2800
[VLM Debug] Step 80 Reward: 0.2898
[VLM Debug] Step 42 Reward: 0.2930
[VLM Debug] Step 24 Reward: 0.2864
[VLM Debug] Step 20 Reward: 0.2927
[VLM Debug] Step 82 Reward: 0.2881
global_step=17112, episodic_return=23.295
[VLM Debug] Step 44 Reward: 0.2881
[VLM Debug] Reset Reward Calculated: 0.2732
[VLM Debug] Step 26 Reward: 0.2869
[VLM Debug] Step 22 Reward: 0.2883
[VLM Debug] Step 46 Reward: 0.2893
[VLM Debug] Step 2 Reward: 0.2793
[VLM Debug] Step 28 Reward: 0.2883
[VLM Debug] Step 24 Reward: 0.2886
[VLM Debug] Step 48 Reward: 0.2925
[VLM Debug] Step 4 Reward: 0.2793
[VLM Debug] Step 30 Reward: 0.2842
[VLM Debug] Step 26 Reward: 0.2898
[VLM Debug] Step 50 Reward: 0.2959
[VLM Debug] Step 6 Reward: 0.2793
[VLM Debug] Step 32 Reward: 0.2883
[VLM Debug] Step 28 Reward: 0.2837
[VLM Debug] Step 52 Reward: 0.2954
[VLM Debug] Step 8 Reward: 0.2808
[VLM Debug] Step 34 Reward: 0.2881
[VLM Debug] Step 30 Reward: 0.2844
[VLM Debug] Step 54 Reward: 0.2896
[VLM Debug] Step 10 Reward: 0.2798
[VLM Debug] Step 36 Reward: 0.2854
[VLM Debug] Step 32 Reward: 0.2808
[VLM Debug] Step 56 Reward: 0.2947
[VLM Debug] Step 12 Reward: 0.2798
[VLM Debug] Step 38 Reward: 0.2920
[VLM Debug] Step 34 Reward: 0.2876
[VLM Debug] Step 58 Reward: 0.2913
[VLM Debug] Step 14 Reward: 0.2815
[VLM Debug] Step 40 Reward: 0.2886
[VLM Debug] Step 36 Reward: 0.2932
[VLM Debug] Step 60 Reward: 0.2937
[VLM Debug] Step 16 Reward: 0.2815
[VLM Debug] Step 42 Reward: 0.2893
global_step=17180, episodic_return=17.163
[VLM Debug] Reset Reward Calculated: 0.2737
[VLM Debug] Step 38 Reward: 0.2910
[VLM Debug] Step 18 Reward: 0.2734
[VLM Debug] Step 44 Reward: 0.2861
[VLM Debug] Step 2 Reward: 0.2832
[VLM Debug] Step 40 Reward: 0.2861
[VLM Debug] Step 20 Reward: 0.2676
[VLM Debug] Step 46 Reward: 0.2876
[VLM Debug] Step 4 Reward: 0.2737
[VLM Debug] Step 42 Reward: 0.2920
[VLM Debug] Step 22 Reward: 0.2747
[VLM Debug] Step 48 Reward: 0.2871
[VLM Debug] Step 6 Reward: 0.2737
[VLM Debug] Step 44 Reward: 0.2971
[VLM Debug] Step 24 Reward: 0.2769
[VLM Debug] Step 50 Reward: 0.2878
[VLM Debug] Step 8 Reward: 0.2832
[VLM Debug] Step 46 Reward: 0.2927
[VLM Debug] Step 26 Reward: 0.2788
[VLM Debug] Step 52 Reward: 0.2920
global_step=17220, episodic_return=13.411
[VLM Debug] Step 10 Reward: 0.2861
[VLM Debug] Reset Reward Calculated: 0.2822
[VLM Debug] Step 28 Reward: 0.2800
[VLM Debug] Step 54 Reward: 0.2976
[VLM Debug] Step 12 Reward: 0.2888
[VLM Debug] Step 2 Reward: 0.2800
[VLM Debug] Step 30 Reward: 0.2820
[VLM Debug] Step 56 Reward: 0.2959
[VLM Debug] Step 14 Reward: 0.2832
[VLM Debug] Step 4 Reward: 0.2798
[VLM Debug] Step 32 Reward: 0.2827
[VLM Debug] Step 58 Reward: 0.2939
[VLM Debug] Step 16 Reward: 0.2842
[VLM Debug] Step 6 Reward: 0.2827
[VLM Debug] Step 34 Reward: 0.2827
[VLM Debug] Step 60 Reward: 0.2856
[VLM Debug] Step 18 Reward: 0.2827
[VLM Debug] Step 8 Reward: 0.2795
[VLM Debug] Step 36 Reward: 0.2852
[VLM Debug] Step 62 Reward: 0.2854
[VLM Debug] Step 20 Reward: 0.2883
[VLM Debug] Step 10 Reward: 0.2798
[VLM Debug] Step 38 Reward: 0.2866
[VLM Debug] Step 64 Reward: 0.2839
[VLM Debug] Step 22 Reward: 0.2905
[VLM Debug] Step 12 Reward: 0.2805
[VLM Debug] Step 40 Reward: 0.2886
[VLM Debug] Step 66 Reward: 0.2773
[VLM Debug] Step 24 Reward: 0.2856
[VLM Debug] Step 14 Reward: 0.2800
[VLM Debug] Step 42 Reward: 0.2898
[VLM Debug] Step 68 Reward: 0.2832
[VLM Debug] Step 26 Reward: 0.2903
[VLM Debug] Step 16 Reward: 0.2791
[VLM Debug] Step 44 Reward: 0.2913
[VLM Debug] Step 70 Reward: 0.2864
[VLM Debug] Step 28 Reward: 0.2930
[VLM Debug] Step 18 Reward: 0.2800
[VLM Debug] Step 46 Reward: 0.2888
[VLM Debug] Step 72 Reward: 0.2927
[VLM Debug] Step 30 Reward: 0.2922
[VLM Debug] Step 20 Reward: 0.2805
[VLM Debug] Step 48 Reward: 0.2908
[VLM Debug] Step 74 Reward: 0.2903
[VLM Debug] Step 32 Reward: 0.2896
[VLM Debug] Step 22 Reward: 0.2825
[VLM Debug] Step 50 Reward: 0.2925
[VLM Debug] Step 76 Reward: 0.2883
[VLM Debug] Step 34 Reward: 0.2847
[VLM Debug] Step 24 Reward: 0.2786
[VLM Debug] Step 52 Reward: 0.2915
[VLM Debug] Step 78 Reward: 0.2812
[VLM Debug] Step 36 Reward: 0.2920
[VLM Debug] Step 26 Reward: 0.2808
[VLM Debug] Step 54 Reward: 0.2847
[VLM Debug] Step 80 Reward: 0.2859
[VLM Debug] Step 38 Reward: 0.2917
[VLM Debug] Step 28 Reward: 0.2888
[VLM Debug] Step 56 Reward: 0.2947
[VLM Debug] Step 82 Reward: 0.2849
[VLM Debug] Step 40 Reward: 0.2878
[VLM Debug] Step 30 Reward: 0.2861
[VLM Debug] Step 58 Reward: 0.2935
[VLM Debug] Step 84 Reward: 0.2881
[VLM Debug] Step 42 Reward: 0.2954
[VLM Debug] Step 32 Reward: 0.2852
[VLM Debug] Step 60 Reward: 0.2708
[VLM Debug] Step 86 Reward: 0.2803
[VLM Debug] Step 44 Reward: 0.2913
[VLM Debug] Step 34 Reward: 0.2864
[VLM Debug] Step 62 Reward: 0.2913
[VLM Debug] Step 88 Reward: 0.2739
[VLM Debug] Step 46 Reward: 0.2896
[VLM Debug] Step 36 Reward: 0.2905
[VLM Debug] Step 64 Reward: 0.2913
[VLM Debug] Step 90 Reward: 0.2734
[VLM Debug] Step 48 Reward: 0.2932
[VLM Debug] Step 38 Reward: 0.2893
[VLM Debug] Step 66 Reward: 0.2957
[VLM Debug] Step 92 Reward: 0.2844
[VLM Debug] Step 50 Reward: 0.2939
[VLM Debug] Step 40 Reward: 0.2825
[VLM Debug] Step 68 Reward: 0.2859
[VLM Debug] Step 94 Reward: 0.2878
[VLM Debug] Step 52 Reward: 0.2952
[VLM Debug] Step 42 Reward: 0.2852
global_step=17392, episodic_return=19.578
[VLM Debug] Reset Reward Calculated: 0.2791
[VLM Debug] Step 96 Reward: 0.2766
[VLM Debug] Step 54 Reward: 0.2915
[VLM Debug] Step 44 Reward: 0.2893
[VLM Debug] Step 2 Reward: 0.2832
[VLM Debug] Step 98 Reward: 0.2825
[VLM Debug] Step 56 Reward: 0.2959
[VLM Debug] Step 46 Reward: 0.2891
SPS: 172
[VLM Debug] Step 4 Reward: 0.2849
[VLM Debug] Step 100 Reward: 0.2959
[VLM Debug] Step 58 Reward: 0.2903
[VLM Debug] Step 48 Reward: 0.2935
[VLM Debug] Step 6 Reward: 0.2839
[VLM Debug] Step 102 Reward: 0.2942
[VLM Debug] Step 60 Reward: 0.2910
[VLM Debug] Step 50 Reward: 0.2952
[VLM Debug] Step 8 Reward: 0.2854
[VLM Debug] Step 104 Reward: 0.2930
[VLM Debug] Step 62 Reward: 0.2954
[VLM Debug] Step 52 Reward: 0.2979
[VLM Debug] Step 10 Reward: 0.2859
[VLM Debug] Step 106 Reward: 0.2922
[VLM Debug] Step 64 Reward: 0.2878
[VLM Debug] Step 54 Reward: 0.2910
global_step=17440, episodic_return=18.456
global_step=17440, episodic_return=15.378
[VLM Debug] Reset Reward Calculated: 0.2793
[VLM Debug] Reset Reward Calculated: 0.2825
[VLM Debug] Step 12 Reward: 0.2871
[VLM Debug] Step 108 Reward: 0.2920
[VLM Debug] Step 2 Reward: 0.2788
[VLM Debug] Step 2 Reward: 0.2812
[VLM Debug] Step 14 Reward: 0.2861
[VLM Debug] Step 110 Reward: 0.2922
[VLM Debug] Step 4 Reward: 0.2778
[VLM Debug] Step 4 Reward: 0.2791
[VLM Debug] Step 16 Reward: 0.2898
[VLM Debug] Step 112 Reward: 0.2903
[VLM Debug] Step 6 Reward: 0.2812
[VLM Debug] Step 6 Reward: 0.2795
[VLM Debug] Step 18 Reward: 0.2839
[VLM Debug] Step 114 Reward: 0.2942
[VLM Debug] Step 8 Reward: 0.2849
[VLM Debug] Step 8 Reward: 0.2800
[VLM Debug] Step 20 Reward: 0.2910
[VLM Debug] Step 116 Reward: 0.2957
[VLM Debug] Step 10 Reward: 0.2859
[VLM Debug] Step 10 Reward: 0.2822
[VLM Debug] Step 22 Reward: 0.2917
[VLM Debug] Step 118 Reward: 0.2969
[VLM Debug] Step 12 Reward: 0.2849
[VLM Debug] Step 12 Reward: 0.2859
[VLM Debug] Step 24 Reward: 0.2917
[VLM Debug] Step 120 Reward: 0.2964
[VLM Debug] Step 14 Reward: 0.2871
[VLM Debug] Step 14 Reward: 0.2810
[VLM Debug] Step 26 Reward: 0.2896
[VLM Debug] Step 122 Reward: 0.2874
[VLM Debug] Step 16 Reward: 0.2849
[VLM Debug] Step 16 Reward: 0.2854
[VLM Debug] Step 28 Reward: 0.2908
[VLM Debug] Step 124 Reward: 0.2922
[VLM Debug] Step 18 Reward: 0.2830
[VLM Debug] Step 18 Reward: 0.2854
[VLM Debug] Step 30 Reward: 0.2932
[VLM Debug] Step 126 Reward: 0.2917
[VLM Debug] Step 20 Reward: 0.2839
[VLM Debug] Step 20 Reward: 0.2803
[VLM Debug] Step 32 Reward: 0.2952
[VLM Debug] Step 128 Reward: 0.2874
[VLM Debug] Step 22 Reward: 0.2830
[VLM Debug] Step 22 Reward: 0.2844
[VLM Debug] Step 34 Reward: 0.2917
[VLM Debug] Step 130 Reward: 0.2893
[VLM Debug] Step 24 Reward: 0.2822
[VLM Debug] Step 24 Reward: 0.2830
[VLM Debug] Step 36 Reward: 0.2908
[VLM Debug] Step 132 Reward: 0.2893
[VLM Debug] Step 26 Reward: 0.2832
[VLM Debug] Step 26 Reward: 0.2822
[VLM Debug] Step 38 Reward: 0.2874
[VLM Debug] Step 134 Reward: 0.2944
[VLM Debug] Step 28 Reward: 0.2773
[VLM Debug] Step 28 Reward: 0.2849
[VLM Debug] Step 40 Reward: 0.2939
[VLM Debug] Step 136 Reward: 0.2944
[VLM Debug] Step 30 Reward: 0.2808
[VLM Debug] Step 30 Reward: 0.2849
[VLM Debug] Step 42 Reward: 0.2976
[VLM Debug] Step 138 Reward: 0.2922
[VLM Debug] Step 32 Reward: 0.2834
[VLM Debug] Step 32 Reward: 0.2847
[VLM Debug] Step 44 Reward: 0.2947
[VLM Debug] Step 140 Reward: 0.2942
[VLM Debug] Step 34 Reward: 0.2839
[VLM Debug] Step 34 Reward: 0.2834
[VLM Debug] Step 46 Reward: 0.2966
[VLM Debug] Step 142 Reward: 0.2971
[VLM Debug] Step 36 Reward: 0.2888
[VLM Debug] Step 36 Reward: 0.2834
[VLM Debug] Step 48 Reward: 0.2905
[VLM Debug] Step 144 Reward: 0.2898
[VLM Debug] Step 38 Reward: 0.2883
[VLM Debug] Step 38 Reward: 0.2834
[VLM Debug] Step 50 Reward: 0.2932
[VLM Debug] Step 146 Reward: 0.2908
[VLM Debug] Step 40 Reward: 0.2822
[VLM Debug] Step 40 Reward: 0.2810
[VLM Debug] Step 52 Reward: 0.2910
[VLM Debug] Step 148 Reward: 0.2859
[VLM Debug] Step 42 Reward: 0.2771
[VLM Debug] Step 42 Reward: 0.2830
[VLM Debug] Step 54 Reward: 0.2852
[VLM Debug] Step 150 Reward: 0.2869
[VLM Debug] Step 44 Reward: 0.2891
[VLM Debug] Step 44 Reward: 0.2866
[VLM Debug] Step 56 Reward: 0.2874
[VLM Debug] Step 152 Reward: 0.2803
[VLM Debug] Step 46 Reward: 0.2966
[VLM Debug] Step 46 Reward: 0.2842
[VLM Debug] Step 58 Reward: 0.2891
[VLM Debug] Step 154 Reward: 0.2888
[VLM Debug] Step 48 Reward: 0.2981
[VLM Debug] Step 48 Reward: 0.2798
[VLM Debug] Step 60 Reward: 0.2861
[VLM Debug] Step 156 Reward: 0.2891
[VLM Debug] Step 50 Reward: 0.2898
[VLM Debug] Step 50 Reward: 0.2903
[VLM Debug] Step 62 Reward: 0.2910
[VLM Debug] Step 158 Reward: 0.2817
[VLM Debug] Step 52 Reward: 0.3003
[VLM Debug] Step 52 Reward: 0.2869
[VLM Debug] Step 64 Reward: 0.2925
[VLM Debug] Step 160 Reward: 0.2869
global_step=17652, episodic_return=14.812
[VLM Debug] Reset Reward Calculated: 0.2817
[VLM Debug] Step 54 Reward: 0.2847
[VLM Debug] Step 66 Reward: 0.2866
[VLM Debug] Step 162 Reward: 0.2832
[VLM Debug] Step 2 Reward: 0.2812
[VLM Debug] Step 56 Reward: 0.2893
[VLM Debug] Step 68 Reward: 0.2961
[VLM Debug] Step 164 Reward: 0.2849
[VLM Debug] Step 4 Reward: 0.2817
[VLM Debug] Step 58 Reward: 0.2920
[VLM Debug] Step 70 Reward: 0.2930
[VLM Debug] Step 166 Reward: 0.2717
[VLM Debug] Step 6 Reward: 0.2817
[VLM Debug] Step 60 Reward: 0.2935
[VLM Debug] Step 72 Reward: 0.2925
[VLM Debug] Step 168 Reward: 0.2839
[VLM Debug] Step 8 Reward: 0.2844
[VLM Debug] Step 62 Reward: 0.2915
[VLM Debug] Step 74 Reward: 0.2925
[VLM Debug] Step 170 Reward: 0.2891
[VLM Debug] Step 10 Reward: 0.2856
[VLM Debug] Step 64 Reward: 0.2905
[VLM Debug] Step 76 Reward: 0.2898
[VLM Debug] Step 172 Reward: 0.2878
[VLM Debug] Step 12 Reward: 0.2830
[VLM Debug] Step 66 Reward: 0.2930
[VLM Debug] Step 78 Reward: 0.2876
[VLM Debug] Step 174 Reward: 0.2852
[VLM Debug] Step 14 Reward: 0.2876
[VLM Debug] Step 68 Reward: 0.2930
[VLM Debug] Step 80 Reward: 0.2930
[VLM Debug] Step 176 Reward: 0.2856
[VLM Debug] Step 16 Reward: 0.2866
[VLM Debug] Step 70 Reward: 0.2856
[VLM Debug] Step 82 Reward: 0.2861
[VLM Debug] Step 178 Reward: 0.2842
[VLM Debug] Step 18 Reward: 0.2839
[VLM Debug] Step 72 Reward: 0.2935
[VLM Debug] Step 84 Reward: 0.2900
[VLM Debug] Step 180 Reward: 0.2786
[VLM Debug] Step 20 Reward: 0.2834
[VLM Debug] Step 74 Reward: 0.2861
[VLM Debug] Step 86 Reward: 0.2847
[VLM Debug] Step 182 Reward: 0.2822
[VLM Debug] Step 22 Reward: 0.2869
[VLM Debug] Step 76 Reward: 0.2922
[VLM Debug] Step 88 Reward: 0.2869
[VLM Debug] Step 184 Reward: 0.2810
[VLM Debug] Step 24 Reward: 0.2786
[VLM Debug] Step 78 Reward: 0.2952
[VLM Debug] Step 90 Reward: 0.2900
[VLM Debug] Step 186 Reward: 0.2903
[VLM Debug] Step 26 Reward: 0.2808
[VLM Debug] Step 80 Reward: 0.2981
[VLM Debug] Step 92 Reward: 0.2747
[VLM Debug] Step 188 Reward: 0.2891
[VLM Debug] Step 28 Reward: 0.2778
[VLM Debug] Step 82 Reward: 0.2937
[VLM Debug] Step 94 Reward: 0.2766
[VLM Debug] Step 190 Reward: 0.2922
[VLM Debug] Step 30 Reward: 0.2832
[VLM Debug] Step 84 Reward: 0.2935
[VLM Debug] Step 96 Reward: 0.2771
[VLM Debug] Step 192 Reward: 0.2935
[VLM Debug] Step 32 Reward: 0.2891
[VLM Debug] Step 86 Reward: 0.2939
[VLM Debug] Step 98 Reward: 0.2759
[VLM Debug] Step 194 Reward: 0.2842
[VLM Debug] Step 34 Reward: 0.2903
[VLM Debug] Step 88 Reward: 0.2908
[VLM Debug] Step 100 Reward: 0.2634
[VLM Debug] Step 196 Reward: 0.2915
[VLM Debug] Step 36 Reward: 0.2866
[VLM Debug] Step 90 Reward: 0.2927
[VLM Debug] Step 102 Reward: 0.2791
[VLM Debug] Step 198 Reward: 0.2891
[VLM Debug] Step 38 Reward: 0.2795
[VLM Debug] Step 92 Reward: 0.2883
[VLM Debug] Step 104 Reward: 0.2825
[VLM Debug] Step 200 Reward: 0.2898
[VLM Debug] Step 40 Reward: 0.2886
[VLM Debug] Step 94 Reward: 0.2869
[VLM Debug] Step 106 Reward: 0.2981
[VLM Debug] Step 202 Reward: 0.2949
[VLM Debug] Step 42 Reward: 0.2891
[VLM Debug] Step 96 Reward: 0.2937
[VLM Debug] Step 108 Reward: 0.2766
[VLM Debug] Step 204 Reward: 0.2959
global_step=17828, episodic_return=31.092
[VLM Debug] Step 44 Reward: 0.2881
[VLM Debug] Reset Reward Calculated: 0.2771
[VLM Debug] Step 98 Reward: 0.2874
[VLM Debug] Step 206 Reward: 0.2908
[VLM Debug] Step 46 Reward: 0.2961
[VLM Debug] Step 2 Reward: 0.2793
[VLM Debug] Step 100 Reward: 0.2920
[VLM Debug] Step 208 Reward: 0.2910
[VLM Debug] Step 48 Reward: 0.2944
[VLM Debug] Step 4 Reward: 0.2842
[VLM Debug] Step 102 Reward: 0.2961
[VLM Debug] Step 210 Reward: 0.2883
[VLM Debug] Step 50 Reward: 0.2959
[VLM Debug] Step 6 Reward: 0.2832
[VLM Debug] Step 104 Reward: 0.2959
[VLM Debug] Step 212 Reward: 0.2898
global_step=17860, episodic_return=14.570
[VLM Debug] Reset Reward Calculated: 0.2781
[VLM Debug] Step 8 Reward: 0.2861
[VLM Debug] Step 106 Reward: 0.2949
[VLM Debug] Step 214 Reward: 0.2935
[VLM Debug] Step 2 Reward: 0.2781
[VLM Debug] Step 10 Reward: 0.2861
[VLM Debug] Step 108 Reward: 0.2896
[VLM Debug] Step 216 Reward: 0.2952
[VLM Debug] Step 4 Reward: 0.2808
[VLM Debug] Step 12 Reward: 0.2861
[VLM Debug] Step 110 Reward: 0.2881
[VLM Debug] Step 218 Reward: 0.2852
[VLM Debug] Step 6 Reward: 0.2781
[VLM Debug] Step 14 Reward: 0.2825
[VLM Debug] Step 112 Reward: 0.2871
[VLM Debug] Step 220 Reward: 0.2886
[VLM Debug] Step 8 Reward: 0.2781
[VLM Debug] Step 16 Reward: 0.2834
[VLM Debug] Step 114 Reward: 0.2881
[VLM Debug] Step 222 Reward: 0.2786
[VLM Debug] Step 10 Reward: 0.2808
[VLM Debug] Step 18 Reward: 0.2903
[VLM Debug] Step 116 Reward: 0.2883
[VLM Debug] Step 224 Reward: 0.2783
[VLM Debug] Step 12 Reward: 0.2842
[VLM Debug] Step 20 Reward: 0.2893
[VLM Debug] Step 118 Reward: 0.2935
[VLM Debug] Step 226 Reward: 0.2825
[VLM Debug] Step 14 Reward: 0.2842
[VLM Debug] Step 22 Reward: 0.2869
SPS: 172
[VLM Debug] Step 120 Reward: 0.2915
[VLM Debug] Step 228 Reward: 0.2839
[VLM Debug] Step 16 Reward: 0.2834
[VLM Debug] Step 24 Reward: 0.2810
[VLM Debug] Step 122 Reward: 0.2852
[VLM Debug] Step 230 Reward: 0.2864
[VLM Debug] Step 18 Reward: 0.2810
[VLM Debug] Step 26 Reward: 0.2881
[VLM Debug] Step 124 Reward: 0.3000
[VLM Debug] Step 232 Reward: 0.2773
[VLM Debug] Step 20 Reward: 0.2808
[VLM Debug] Step 28 Reward: 0.2869
[VLM Debug] Step 126 Reward: 0.2898
[VLM Debug] Step 234 Reward: 0.2832
[VLM Debug] Step 22 Reward: 0.2827
[VLM Debug] Step 30 Reward: 0.2781
[VLM Debug] Step 128 Reward: 0.2898
[VLM Debug] Step 236 Reward: 0.2891
[VLM Debug] Step 24 Reward: 0.2822
[VLM Debug] Step 32 Reward: 0.2810
[VLM Debug] Step 130 Reward: 0.2542
[VLM Debug] Step 238 Reward: 0.2866
[VLM Debug] Step 26 Reward: 0.2827
[VLM Debug] Step 34 Reward: 0.2822
[VLM Debug] Step 132 Reward: 0.2383
[VLM Debug] Step 240 Reward: 0.2842
[VLM Debug] Step 28 Reward: 0.2808
[VLM Debug] Step 36 Reward: 0.2913
[VLM Debug] Step 134 Reward: 0.2695
[VLM Debug] Step 242 Reward: 0.2776
[VLM Debug] Step 30 Reward: 0.2876
[VLM Debug] Step 38 Reward: 0.2886
[VLM Debug] Step 136 Reward: 0.2908
[VLM Debug] Step 244 Reward: 0.2856
[VLM Debug] Step 32 Reward: 0.2917
[VLM Debug] Step 40 Reward: 0.2876
global_step=17992, episodic_return=39.258
[VLM Debug] Reset Reward Calculated: 0.2852
[VLM Debug] Step 246 Reward: 0.2947
[VLM Debug] Step 34 Reward: 0.2893
[VLM Debug] Step 42 Reward: 0.2847
[VLM Debug] Step 2 Reward: 0.2808
[VLM Debug] Step 248 Reward: 0.2915
[VLM Debug] Step 36 Reward: 0.2881
[VLM Debug] Step 44 Reward: 0.2886
[VLM Debug] Step 4 Reward: 0.2800
[VLM Debug] Step 250 Reward: 0.2871
[VLM Debug] Step 38 Reward: 0.2871
[VLM Debug] Step 46 Reward: 0.2930
[VLM Debug] Step 6 Reward: 0.2800
[VLM Debug] Step 252 Reward: 0.2922
[VLM Debug] Step 40 Reward: 0.2891
[VLM Debug] Step 48 Reward: 0.2900
[VLM Debug] Step 8 Reward: 0.2866
[VLM Debug] Step 254 Reward: 0.2898
[VLM Debug] Step 42 Reward: 0.2905
[VLM Debug] Step 50 Reward: 0.2915
[VLM Debug] Step 10 Reward: 0.2805
[VLM Debug] Step 256 Reward: 0.2944
[VLM Debug] Step 44 Reward: 0.2856
[VLM Debug] Step 52 Reward: 0.2971
[VLM Debug] Step 12 Reward: 0.2859
[VLM Debug] Step 258 Reward: 0.2986
[VLM Debug] Step 46 Reward: 0.2827
[VLM Debug] Step 54 Reward: 0.2913
[VLM Debug] Step 14 Reward: 0.2854
[VLM Debug] Step 260 Reward: 0.2908
global_step=18052, episodic_return=74.680
[VLM Debug] Step 48 Reward: 0.2827
[VLM Debug] Step 56 Reward: 0.2908
[VLM Debug] Reset Reward Calculated: 0.2852
global_step=18056, episodic_return=16.044
[VLM Debug] Step 16 Reward: 0.2891
[VLM Debug] Reset Reward Calculated: 0.2720
[VLM Debug] Step 50 Reward: 0.2886
[VLM Debug] Step 2 Reward: 0.2744
[VLM Debug] Step 18 Reward: 0.2847
[VLM Debug] Step 2 Reward: 0.2754
[VLM Debug] Step 52 Reward: 0.2878
[VLM Debug] Step 4 Reward: 0.2773
[VLM Debug] Step 20 Reward: 0.2871
[VLM Debug] Step 4 Reward: 0.2808
[VLM Debug] Step 54 Reward: 0.2917
[VLM Debug] Step 6 Reward: 0.2810
[VLM Debug] Step 22 Reward: 0.2908
[VLM Debug] Step 6 Reward: 0.2803
[VLM Debug] Step 56 Reward: 0.2920
[VLM Debug] Step 8 Reward: 0.2793
[VLM Debug] Step 24 Reward: 0.2898
[VLM Debug] Step 8 Reward: 0.2795
[VLM Debug] Step 58 Reward: 0.2959
[VLM Debug] Step 10 Reward: 0.2786
[VLM Debug] Step 26 Reward: 0.2827
[VLM Debug] Step 10 Reward: 0.2808
[VLM Debug] Step 60 Reward: 0.2961
[VLM Debug] Step 12 Reward: 0.2788
[VLM Debug] Step 28 Reward: 0.2844
[VLM Debug] Step 12 Reward: 0.2808
[VLM Debug] Step 62 Reward: 0.2925
[VLM Debug] Step 14 Reward: 0.2798
[VLM Debug] Step 30 Reward: 0.2837
[VLM Debug] Step 14 Reward: 0.2808
[VLM Debug] Step 64 Reward: 0.2957
[VLM Debug] Step 16 Reward: 0.2793
[VLM Debug] Step 32 Reward: 0.2817
[VLM Debug] Step 16 Reward: 0.2744
[VLM Debug] Step 66 Reward: 0.2966
[VLM Debug] Step 18 Reward: 0.2825
[VLM Debug] Step 34 Reward: 0.2778
[VLM Debug] Step 18 Reward: 0.2751
[VLM Debug] Step 68 Reward: 0.2971
[VLM Debug] Step 20 Reward: 0.2830
[VLM Debug] Step 36 Reward: 0.2773
[VLM Debug] Step 20 Reward: 0.2751
[VLM Debug] Step 70 Reward: 0.2974
[VLM Debug] Step 22 Reward: 0.2842
[VLM Debug] Step 38 Reward: 0.2900
[VLM Debug] Step 22 Reward: 0.2751
[VLM Debug] Step 72 Reward: 0.2932
[VLM Debug] Step 24 Reward: 0.2839
[VLM Debug] Step 40 Reward: 0.2896
[VLM Debug] Step 24 Reward: 0.2659
[VLM Debug] Step 74 Reward: 0.2893
[VLM Debug] Step 26 Reward: 0.2842
global_step=18160, episodic_return=21.241
[VLM Debug] Reset Reward Calculated: 0.2803
[VLM Debug] Step 42 Reward: 0.2925
[VLM Debug] Step 26 Reward: 0.2659
[VLM Debug] Step 28 Reward: 0.2859
[VLM Debug] Step 2 Reward: 0.2800
[VLM Debug] Step 44 Reward: 0.2864
[VLM Debug] Step 28 Reward: 0.2659
[VLM Debug] Step 30 Reward: 0.2861
[VLM Debug] Step 4 Reward: 0.2822
[VLM Debug] Step 46 Reward: 0.2820
[VLM Debug] Step 30 Reward: 0.2693
[VLM Debug] Step 32 Reward: 0.2891
[VLM Debug] Step 6 Reward: 0.2827
[VLM Debug] Step 48 Reward: 0.2878
[VLM Debug] Step 32 Reward: 0.2751
[VLM Debug] Step 34 Reward: 0.2920
[VLM Debug] Step 8 Reward: 0.2788
[VLM Debug] Step 50 Reward: 0.2861
[VLM Debug] Step 34 Reward: 0.2751
[VLM Debug] Step 36 Reward: 0.2903
[VLM Debug] Step 10 Reward: 0.2788
[VLM Debug] Step 52 Reward: 0.2837
[VLM Debug] Step 36 Reward: 0.2761
[VLM Debug] Step 38 Reward: 0.2927
[VLM Debug] Step 12 Reward: 0.2805
[VLM Debug] Step 54 Reward: 0.2922
[VLM Debug] Step 38 Reward: 0.2761
[VLM Debug] Step 40 Reward: 0.2849
[VLM Debug] Step 14 Reward: 0.2764
[VLM Debug] Step 56 Reward: 0.2920
[VLM Debug] Step 40 Reward: 0.2756
[VLM Debug] Step 42 Reward: 0.2886
[VLM Debug] Step 16 Reward: 0.2791
[VLM Debug] Step 58 Reward: 0.2896
[VLM Debug] Step 42 Reward: 0.2791
[VLM Debug] Step 44 Reward: 0.2852
[VLM Debug] Step 18 Reward: 0.2812
[VLM Debug] Step 60 Reward: 0.2888
[VLM Debug] Step 44 Reward: 0.2808
[VLM Debug] Step 46 Reward: 0.2903
[VLM Debug] Step 20 Reward: 0.2832
[VLM Debug] Step 62 Reward: 0.2891
[VLM Debug] Step 46 Reward: 0.2852
[VLM Debug] Step 48 Reward: 0.2969
[VLM Debug] Step 22 Reward: 0.2795
[VLM Debug] Step 64 Reward: 0.2837
[VLM Debug] Step 48 Reward: 0.2849
[VLM Debug] Step 50 Reward: 0.2976
[VLM Debug] Step 24 Reward: 0.2832
[VLM Debug] Step 66 Reward: 0.2910
[VLM Debug] Step 50 Reward: 0.2871
[VLM Debug] Step 52 Reward: 0.2915
[VLM Debug] Step 26 Reward: 0.2886
[VLM Debug] Step 68 Reward: 0.2900
[VLM Debug] Step 52 Reward: 0.2871
[VLM Debug] Step 54 Reward: 0.2859
[VLM Debug] Step 28 Reward: 0.2883
[VLM Debug] Step 70 Reward: 0.2939
[VLM Debug] Step 54 Reward: 0.2861
[VLM Debug] Step 56 Reward: 0.2832
[VLM Debug] Step 30 Reward: 0.2888
[VLM Debug] Step 72 Reward: 0.2893
[VLM Debug] Step 56 Reward: 0.2869
[VLM Debug] Step 58 Reward: 0.2893
[VLM Debug] Step 32 Reward: 0.2822
[VLM Debug] Step 74 Reward: 0.2917
[VLM Debug] Step 58 Reward: 0.2874
[VLM Debug] Step 60 Reward: 0.2900
[VLM Debug] Step 34 Reward: 0.2822
[VLM Debug] Step 76 Reward: 0.2964
[VLM Debug] Step 60 Reward: 0.2886
[VLM Debug] Step 62 Reward: 0.2898
[VLM Debug] Step 36 Reward: 0.2942
[VLM Debug] Step 78 Reward: 0.2976
[VLM Debug] Step 62 Reward: 0.2805
[VLM Debug] Step 64 Reward: 0.2837
[VLM Debug] Step 38 Reward: 0.2888
[VLM Debug] Step 80 Reward: 0.2981
[VLM Debug] Step 64 Reward: 0.2883
[VLM Debug] Step 66 Reward: 0.2805
global_step=18320, episodic_return=23.265
[VLM Debug] Step 40 Reward: 0.2947
[VLM Debug] Reset Reward Calculated: 0.2646
[VLM Debug] Step 66 Reward: 0.2832
[VLM Debug] Step 68 Reward: 0.2847
[VLM Debug] Step 42 Reward: 0.2915
[VLM Debug] Step 2 Reward: 0.2749
[VLM Debug] Step 68 Reward: 0.2849
[VLM Debug] Step 70 Reward: 0.2883
[VLM Debug] Step 44 Reward: 0.2966
[VLM Debug] Step 4 Reward: 0.2773
[VLM Debug] Step 70 Reward: 0.2822
[VLM Debug] Step 72 Reward: 0.2876
[VLM Debug] Step 46 Reward: 0.2930
[VLM Debug] Step 6 Reward: 0.2773
[VLM Debug] Step 72 Reward: 0.2852
[VLM Debug] Step 74 Reward: 0.2861
[VLM Debug] Step 48 Reward: 0.2908
[VLM Debug] Step 8 Reward: 0.2800
[VLM Debug] Step 74 Reward: 0.2930
[VLM Debug] Step 76 Reward: 0.2820
[VLM Debug] Step 50 Reward: 0.2949
[VLM Debug] Step 10 Reward: 0.2800
[VLM Debug] Step 76 Reward: 0.2874
[VLM Debug] Step 78 Reward: 0.2817
[VLM Debug] Step 52 Reward: 0.2932
[VLM Debug] Step 12 Reward: 0.2769
[VLM Debug] Step 78 Reward: 0.2957
[VLM Debug] Step 80 Reward: 0.2891
[VLM Debug] Step 54 Reward: 0.2913
[VLM Debug] Step 14 Reward: 0.2830
[VLM Debug] Step 80 Reward: 0.2886
[VLM Debug] Step 82 Reward: 0.2859
[VLM Debug] Step 56 Reward: 0.2981
[VLM Debug] Step 16 Reward: 0.2822
[VLM Debug] Step 82 Reward: 0.2842
[VLM Debug] Step 84 Reward: 0.2847
[VLM Debug] Step 58 Reward: 0.2954
[VLM Debug] Step 18 Reward: 0.2837
[VLM Debug] Step 84 Reward: 0.2847
global_step=18396, episodic_return=16.622
[VLM Debug] Reset Reward Calculated: 0.2793
[VLM Debug] Step 86 Reward: 0.2852
[VLM Debug] Step 20 Reward: 0.2766
[VLM Debug] Step 86 Reward: 0.2866
[VLM Debug] Step 2 Reward: 0.2812
[VLM Debug] Step 88 Reward: 0.2869
[VLM Debug] Step 22 Reward: 0.2776
[VLM Debug] Step 88 Reward: 0.2917
[VLM Debug] Step 4 Reward: 0.2812
[VLM Debug] Step 90 Reward: 0.2881
[VLM Debug] Step 24 Reward: 0.2839
[VLM Debug] Step 90 Reward: 0.2905
[VLM Debug] Step 6 Reward: 0.2852
[VLM Debug] Step 92 Reward: 0.2976
[VLM Debug] Step 26 Reward: 0.2849
[VLM Debug] Step 92 Reward: 0.2856
global_step=18428, episodic_return=25.883
[VLM Debug] Step 8 Reward: 0.2852
[VLM Debug] Reset Reward Calculated: 0.2771
[VLM Debug] Step 94 Reward: 0.2949
SPS: 171
[VLM Debug] Step 28 Reward: 0.2861
[VLM Debug] Step 10 Reward: 0.2842
[VLM Debug] Step 2 Reward: 0.2771
[VLM Debug] Step 96 Reward: 0.2964
[VLM Debug] Step 30 Reward: 0.2869
[VLM Debug] Step 12 Reward: 0.2822
[VLM Debug] Step 4 Reward: 0.2759
[VLM Debug] Step 98 Reward: 0.2913
[VLM Debug] Step 32 Reward: 0.2903
global_step=18452, episodic_return=28.345
[VLM Debug] Step 14 Reward: 0.2834
[VLM Debug] Step 6 Reward: 0.2803
[VLM Debug] Reset Reward Calculated: 0.2773
[VLM Debug] Step 34 Reward: 0.2893
[VLM Debug] Step 16 Reward: 0.2852
[VLM Debug] Step 8 Reward: 0.2759
[VLM Debug] Step 2 Reward: 0.2844
[VLM Debug] Step 36 Reward: 0.2905
[VLM Debug] Step 18 Reward: 0.2798
[VLM Debug] Step 10 Reward: 0.2759
[VLM Debug] Step 4 Reward: 0.2761
[VLM Debug] Step 38 Reward: 0.2888
[VLM Debug] Step 20 Reward: 0.2786
[VLM Debug] Step 12 Reward: 0.2803
[VLM Debug] Step 6 Reward: 0.2800
[VLM Debug] Step 40 Reward: 0.2827
[VLM Debug] Step 22 Reward: 0.2822
[VLM Debug] Step 14 Reward: 0.2759
[VLM Debug] Step 8 Reward: 0.2800
[VLM Debug] Step 42 Reward: 0.2935
[VLM Debug] Step 24 Reward: 0.2788
[VLM Debug] Step 16 Reward: 0.2798
[VLM Debug] Step 10 Reward: 0.2800
[VLM Debug] Step 44 Reward: 0.2925
[VLM Debug] Step 26 Reward: 0.2834
[VLM Debug] Step 18 Reward: 0.2808
[VLM Debug] Step 12 Reward: 0.2800
[VLM Debug] Step 46 Reward: 0.2927
[VLM Debug] Step 28 Reward: 0.2849
[VLM Debug] Step 20 Reward: 0.2798
[VLM Debug] Step 14 Reward: 0.2795
[VLM Debug] Step 48 Reward: 0.2827
[VLM Debug] Step 30 Reward: 0.2874
[VLM Debug] Step 22 Reward: 0.2798
[VLM Debug] Step 16 Reward: 0.2776
[VLM Debug] Step 50 Reward: 0.2903
[VLM Debug] Step 32 Reward: 0.2893
[VLM Debug] Step 24 Reward: 0.2793
[VLM Debug] Step 18 Reward: 0.2842
[VLM Debug] Step 52 Reward: 0.2913
[VLM Debug] Step 34 Reward: 0.2905
[VLM Debug] Step 26 Reward: 0.2800
[VLM Debug] Step 20 Reward: 0.2805
[VLM Debug] Step 54 Reward: 0.2915
[VLM Debug] Step 36 Reward: 0.2908
[VLM Debug] Step 28 Reward: 0.2791
[VLM Debug] Step 22 Reward: 0.2817
[VLM Debug] Step 56 Reward: 0.2888
[VLM Debug] Step 38 Reward: 0.2927
[VLM Debug] Step 30 Reward: 0.2791
[VLM Debug] Step 24 Reward: 0.2861
[VLM Debug] Step 58 Reward: 0.2874
global_step=18556, episodic_return=16.505
[VLM Debug] Step 40 Reward: 0.2920
[VLM Debug] Reset Reward Calculated: 0.2793
[VLM Debug] Step 32 Reward: 0.2820
[VLM Debug] Step 26 Reward: 0.2888
[VLM Debug] Step 42 Reward: 0.2844
[VLM Debug] Step 2 Reward: 0.2778
[VLM Debug] Step 34 Reward: 0.2827
[VLM Debug] Step 28 Reward: 0.2852
[VLM Debug] Step 44 Reward: 0.2886
[VLM Debug] Step 4 Reward: 0.2888
[VLM Debug] Step 36 Reward: 0.2847
[VLM Debug] Step 30 Reward: 0.2896
[VLM Debug] Step 46 Reward: 0.2964
[VLM Debug] Step 6 Reward: 0.2866
[VLM Debug] Step 38 Reward: 0.2864
[VLM Debug] Step 32 Reward: 0.2903
[VLM Debug] Step 48 Reward: 0.2881
[VLM Debug] Step 8 Reward: 0.2852
[VLM Debug] Step 40 Reward: 0.2864
[VLM Debug] Step 34 Reward: 0.2969
[VLM Debug] Step 50 Reward: 0.2756
[VLM Debug] Step 10 Reward: 0.2803
[VLM Debug] Step 42 Reward: 0.2876
[VLM Debug] Step 36 Reward: 0.2913
[VLM Debug] Step 52 Reward: 0.2881
[VLM Debug] Step 12 Reward: 0.2881
[VLM Debug] Step 44 Reward: 0.2859
[VLM Debug] Step 38 Reward: 0.2927
[VLM Debug] Step 54 Reward: 0.2900
[VLM Debug] Step 14 Reward: 0.2800
[VLM Debug] Step 46 Reward: 0.2854
[VLM Debug] Step 40 Reward: 0.2932
[VLM Debug] Step 56 Reward: 0.2944
[VLM Debug] Step 16 Reward: 0.2825
[VLM Debug] Step 48 Reward: 0.2883
[VLM Debug] Step 42 Reward: 0.2856
[VLM Debug] Step 58 Reward: 0.2910
[VLM Debug] Step 18 Reward: 0.2861
[VLM Debug] Step 50 Reward: 0.2842
[VLM Debug] Step 44 Reward: 0.2939
[VLM Debug] Step 60 Reward: 0.2913
[VLM Debug] Step 20 Reward: 0.2791
[VLM Debug] Step 52 Reward: 0.2908
[VLM Debug] Step 46 Reward: 0.2878
global_step=18644, episodic_return=17.452
[VLM Debug] Reset Reward Calculated: 0.2788
[VLM Debug] Step 22 Reward: 0.2854
[VLM Debug] Step 54 Reward: 0.2917
[VLM Debug] Step 48 Reward: 0.2854
[VLM Debug] Step 2 Reward: 0.2776
[VLM Debug] Step 24 Reward: 0.2864
[VLM Debug] Step 56 Reward: 0.2888
[VLM Debug] Step 50 Reward: 0.2839
[VLM Debug] Step 4 Reward: 0.2793
[VLM Debug] Step 26 Reward: 0.2874
[VLM Debug] Step 58 Reward: 0.2932
[VLM Debug] Step 52 Reward: 0.2927
[VLM Debug] Step 6 Reward: 0.2793
[VLM Debug] Step 28 Reward: 0.2903
[VLM Debug] Step 60 Reward: 0.2876
[VLM Debug] Step 54 Reward: 0.2908
[VLM Debug] Step 8 Reward: 0.2808
[VLM Debug] Step 30 Reward: 0.2832
[VLM Debug] Step 62 Reward: 0.2898
[VLM Debug] Step 56 Reward: 0.2937
[VLM Debug] Step 10 Reward: 0.2810
[VLM Debug] Step 32 Reward: 0.2727
[VLM Debug] Step 64 Reward: 0.2844
[VLM Debug] Step 58 Reward: 0.2947
global_step=18692, episodic_return=16.891
[VLM Debug] Step 12 Reward: 0.2793
[VLM Debug] Step 34 Reward: 0.2837
[VLM Debug] Step 66 Reward: 0.2856
[VLM Debug] Reset Reward Calculated: 0.2793
[VLM Debug] Step 14 Reward: 0.2839
[VLM Debug] Step 36 Reward: 0.2893
[VLM Debug] Step 68 Reward: 0.2920
[VLM Debug] Step 2 Reward: 0.2771
[VLM Debug] Step 16 Reward: 0.2837
[VLM Debug] Step 38 Reward: 0.2800
[VLM Debug] Step 70 Reward: 0.2939
[VLM Debug] Step 4 Reward: 0.2773
[VLM Debug] Step 18 Reward: 0.2849
[VLM Debug] Step 40 Reward: 0.2759
[VLM Debug] Step 72 Reward: 0.2903
[VLM Debug] Step 6 Reward: 0.2771
[VLM Debug] Step 20 Reward: 0.2812
[VLM Debug] Step 42 Reward: 0.2859
[VLM Debug] Step 74 Reward: 0.2961
[VLM Debug] Step 8 Reward: 0.2786
[VLM Debug] Step 22 Reward: 0.2856
[VLM Debug] Step 44 Reward: 0.2893
[VLM Debug] Step 76 Reward: 0.2927
[VLM Debug] Step 10 Reward: 0.2786
[VLM Debug] Step 24 Reward: 0.2849
[VLM Debug] Step 46 Reward: 0.2930
[VLM Debug] Step 78 Reward: 0.2952
[VLM Debug] Step 12 Reward: 0.2788
[VLM Debug] Step 26 Reward: 0.2866
[VLM Debug] Step 48 Reward: 0.2981
[VLM Debug] Step 80 Reward: 0.2952
[VLM Debug] Step 14 Reward: 0.2798
[VLM Debug] Step 28 Reward: 0.2874
[VLM Debug] Step 50 Reward: 0.2922
[VLM Debug] Step 82 Reward: 0.2971
[VLM Debug] Step 16 Reward: 0.2776
[VLM Debug] Step 30 Reward: 0.2888
[VLM Debug] Step 52 Reward: 0.2925
[VLM Debug] Step 84 Reward: 0.2954
[VLM Debug] Step 18 Reward: 0.2793
[VLM Debug] Step 32 Reward: 0.2881
[VLM Debug] Step 54 Reward: 0.2925
[VLM Debug] Step 86 Reward: 0.2981
[VLM Debug] Step 20 Reward: 0.2817
[VLM Debug] Step 34 Reward: 0.2842
[VLM Debug] Step 56 Reward: 0.2922
[VLM Debug] Step 88 Reward: 0.2915
[VLM Debug] Step 22 Reward: 0.2793
[VLM Debug] Step 36 Reward: 0.2825
[VLM Debug] Step 58 Reward: 0.2891
[VLM Debug] Step 90 Reward: 0.2935
[VLM Debug] Step 24 Reward: 0.2820
[VLM Debug] Step 38 Reward: 0.2852
[VLM Debug] Step 60 Reward: 0.2947
[VLM Debug] Step 92 Reward: 0.2900
[VLM Debug] Step 26 Reward: 0.2820
[VLM Debug] Step 40 Reward: 0.2876
[VLM Debug] Step 62 Reward: 0.2891
[VLM Debug] Step 94 Reward: 0.2881
[VLM Debug] Step 28 Reward: 0.2791
[VLM Debug] Step 42 Reward: 0.2866
[VLM Debug] Step 64 Reward: 0.2947
[VLM Debug] Step 96 Reward: 0.2856
[VLM Debug] Step 30 Reward: 0.2827
[VLM Debug] Step 44 Reward: 0.2896
[VLM Debug] Step 66 Reward: 0.2910
[VLM Debug] Step 98 Reward: 0.2908
[VLM Debug] Step 32 Reward: 0.2822
[VLM Debug] Step 46 Reward: 0.2803
[VLM Debug] Step 68 Reward: 0.2944
[VLM Debug] Step 100 Reward: 0.2876
[VLM Debug] Step 34 Reward: 0.2876
[VLM Debug] Step 48 Reward: 0.2842
[VLM Debug] Step 70 Reward: 0.2893
[VLM Debug] Step 102 Reward: 0.2866
[VLM Debug] Step 36 Reward: 0.2861
[VLM Debug] Step 50 Reward: 0.2944
[VLM Debug] Step 72 Reward: 0.2883
[VLM Debug] Step 104 Reward: 0.2759
[VLM Debug] Step 38 Reward: 0.2883
[VLM Debug] Step 52 Reward: 0.2927
[VLM Debug] Step 74 Reward: 0.2908
[VLM Debug] Step 106 Reward: 0.2715
[VLM Debug] Step 40 Reward: 0.2834
[VLM Debug] Step 54 Reward: 0.2786
[VLM Debug] Step 76 Reward: 0.2810
[VLM Debug] Step 108 Reward: 0.2920
[VLM Debug] Step 42 Reward: 0.2793
[VLM Debug] Step 56 Reward: 0.2776
[VLM Debug] Step 78 Reward: 0.2842
[VLM Debug] Step 110 Reward: 0.2891
[VLM Debug] Step 44 Reward: 0.2756
[VLM Debug] Step 58 Reward: 0.2852
[VLM Debug] Step 80 Reward: 0.2859
[VLM Debug] Step 112 Reward: 0.2842
[VLM Debug] Step 46 Reward: 0.2815
[VLM Debug] Step 60 Reward: 0.2900
[VLM Debug] Step 82 Reward: 0.2891
[VLM Debug] Step 114 Reward: 0.2854
[VLM Debug] Step 48 Reward: 0.2815
[VLM Debug] Step 62 Reward: 0.2815
[VLM Debug] Step 84 Reward: 0.2825
[VLM Debug] Step 116 Reward: 0.2896
[VLM Debug] Step 50 Reward: 0.2825
[VLM Debug] Step 64 Reward: 0.2898
[VLM Debug] Step 86 Reward: 0.2869
[VLM Debug] Step 118 Reward: 0.2849
[VLM Debug] Step 52 Reward: 0.2825
[VLM Debug] Step 66 Reward: 0.2837
[VLM Debug] Step 88 Reward: 0.2886
[VLM Debug] Step 120 Reward: 0.2849
[VLM Debug] Step 54 Reward: 0.2793
[VLM Debug] Step 68 Reward: 0.2837
[VLM Debug] Step 90 Reward: 0.2922
[VLM Debug] Step 122 Reward: 0.2864
[VLM Debug] Step 56 Reward: 0.2837
[VLM Debug] Step 70 Reward: 0.2908
[VLM Debug] Step 92 Reward: 0.2854
[VLM Debug] Step 124 Reward: 0.2939
[VLM Debug] Step 58 Reward: 0.2837
[VLM Debug] Step 72 Reward: 0.2898
[VLM Debug] Step 94 Reward: 0.2886
[VLM Debug] Step 126 Reward: 0.2944
[VLM Debug] Step 60 Reward: 0.2822
[VLM Debug] Step 74 Reward: 0.2939
[VLM Debug] Step 96 Reward: 0.2830
[VLM Debug] Step 128 Reward: 0.2891
[VLM Debug] Step 62 Reward: 0.2822
SPS: 172
[VLM Debug] Step 76 Reward: 0.2944
[VLM Debug] Step 98 Reward: 0.2864
[VLM Debug] Step 130 Reward: 0.2952
[VLM Debug] Step 64 Reward: 0.2822
[VLM Debug] Step 78 Reward: 0.2886
[VLM Debug] Step 100 Reward: 0.2815
[VLM Debug] Step 132 Reward: 0.3020
[VLM Debug] Step 66 Reward: 0.2822
[VLM Debug] Step 80 Reward: 0.2927
[VLM Debug] Step 102 Reward: 0.2800
[VLM Debug] Step 134 Reward: 0.2937
[VLM Debug] Step 68 Reward: 0.2827
[VLM Debug] Step 82 Reward: 0.2917
[VLM Debug] Step 104 Reward: 0.2896
[VLM Debug] Step 136 Reward: 0.2959
[VLM Debug] Step 70 Reward: 0.2830
global_step=18976, episodic_return=39.005
[VLM Debug] Reset Reward Calculated: 0.2798
[VLM Debug] Step 84 Reward: 0.2869
[VLM Debug] Step 106 Reward: 0.2822
[VLM Debug] Step 72 Reward: 0.2825
[VLM Debug] Step 2 Reward: 0.2817
[VLM Debug] Step 86 Reward: 0.2842
[VLM Debug] Step 108 Reward: 0.2878
[VLM Debug] Step 74 Reward: 0.2805
[VLM Debug] Step 4 Reward: 0.2825
[VLM Debug] Step 88 Reward: 0.2827
[VLM Debug] Step 110 Reward: 0.2896
[VLM Debug] Step 76 Reward: 0.2788
[VLM Debug] Step 6 Reward: 0.2825
[VLM Debug] Step 90 Reward: 0.2832
[VLM Debug] Step 112 Reward: 0.2898
[VLM Debug] Step 78 Reward: 0.2788
[VLM Debug] Step 8 Reward: 0.2844
[VLM Debug] Step 92 Reward: 0.2832
[VLM Debug] Step 114 Reward: 0.2949
[VLM Debug] Step 80 Reward: 0.2756
[VLM Debug] Step 10 Reward: 0.2842
[VLM Debug] Step 94 Reward: 0.2883
[VLM Debug] Step 116 Reward: 0.2998
[VLM Debug] Step 82 Reward: 0.2834
[VLM Debug] Step 12 Reward: 0.2898
global_step=19028, episodic_return=33.588
[VLM Debug] Step 96 Reward: 0.2925
[VLM Debug] Reset Reward Calculated: 0.2783
[VLM Debug] Step 84 Reward: 0.2825
[VLM Debug] Step 14 Reward: 0.2891
[VLM Debug] Step 98 Reward: 0.2900
[VLM Debug] Step 2 Reward: 0.2783
[VLM Debug] Step 86 Reward: 0.2812
[VLM Debug] Step 16 Reward: 0.2859
[VLM Debug] Step 100 Reward: 0.2915
[VLM Debug] Step 4 Reward: 0.2800
[VLM Debug] Step 88 Reward: 0.2888
[VLM Debug] Step 18 Reward: 0.2844
[VLM Debug] Step 102 Reward: 0.2915
[VLM Debug] Step 6 Reward: 0.2800
[VLM Debug] Step 90 Reward: 0.2869
[VLM Debug] Step 20 Reward: 0.2822
[VLM Debug] Step 104 Reward: 0.2903
[VLM Debug] Step 8 Reward: 0.2732
[VLM Debug] Step 92 Reward: 0.2837
[VLM Debug] Step 22 Reward: 0.2827
[VLM Debug] Step 106 Reward: 0.2913
[VLM Debug] Step 10 Reward: 0.2812
[VLM Debug] Step 94 Reward: 0.2859
[VLM Debug] Step 24 Reward: 0.2786
[VLM Debug] Step 108 Reward: 0.2866
[VLM Debug] Step 12 Reward: 0.2817
[VLM Debug] Step 96 Reward: 0.2842
[VLM Debug] Step 26 Reward: 0.2820
[VLM Debug] Step 110 Reward: 0.2881
[VLM Debug] Step 14 Reward: 0.2856
[VLM Debug] Step 98 Reward: 0.2822
[VLM Debug] Step 28 Reward: 0.2805
[VLM Debug] Step 112 Reward: 0.2900
[VLM Debug] Step 16 Reward: 0.2856
[VLM Debug] Step 100 Reward: 0.2842
[VLM Debug] Step 30 Reward: 0.2803
[VLM Debug] Step 114 Reward: 0.2886
[VLM Debug] Step 18 Reward: 0.2832
[VLM Debug] Step 102 Reward: 0.2815
[VLM Debug] Step 32 Reward: 0.2825
[VLM Debug] Step 116 Reward: 0.2903
[VLM Debug] Step 20 Reward: 0.2842
[VLM Debug] Step 104 Reward: 0.2798
[VLM Debug] Step 34 Reward: 0.2917
[VLM Debug] Step 118 Reward: 0.2881
[VLM Debug] Step 22 Reward: 0.2852
[VLM Debug] Step 106 Reward: 0.2805
[VLM Debug] Step 36 Reward: 0.2886
[VLM Debug] Step 120 Reward: 0.2830
[VLM Debug] Step 24 Reward: 0.2842
[VLM Debug] Step 108 Reward: 0.2764
[VLM Debug] Step 38 Reward: 0.2900
[VLM Debug] Step 122 Reward: 0.2876
[VLM Debug] Step 26 Reward: 0.2812
[VLM Debug] Step 110 Reward: 0.2830
[VLM Debug] Step 40 Reward: 0.2803
[VLM Debug] Step 124 Reward: 0.2878
[VLM Debug] Step 28 Reward: 0.2815
[VLM Debug] Step 112 Reward: 0.2903
[VLM Debug] Step 42 Reward: 0.2822
[VLM Debug] Step 126 Reward: 0.2893
[VLM Debug] Step 30 Reward: 0.2769
[VLM Debug] Step 114 Reward: 0.2878
[VLM Debug] Step 44 Reward: 0.2888
[VLM Debug] Step 128 Reward: 0.2932
[VLM Debug] Step 32 Reward: 0.2800
[VLM Debug] Step 116 Reward: 0.2900
[VLM Debug] Step 46 Reward: 0.2952
[VLM Debug] Step 130 Reward: 0.2871
[VLM Debug] Step 34 Reward: 0.2827
[VLM Debug] Step 118 Reward: 0.2825
[VLM Debug] Step 48 Reward: 0.2971
[VLM Debug] Step 132 Reward: 0.2900
[VLM Debug] Step 36 Reward: 0.2791
[VLM Debug] Step 120 Reward: 0.2791
[VLM Debug] Step 50 Reward: 0.2974
[VLM Debug] Step 134 Reward: 0.2888
[VLM Debug] Step 38 Reward: 0.2808
[VLM Debug] Step 122 Reward: 0.2913
[VLM Debug] Step 52 Reward: 0.2979
[VLM Debug] Step 136 Reward: 0.2756
[VLM Debug] Step 40 Reward: 0.2852
[VLM Debug] Step 124 Reward: 0.2852
[VLM Debug] Step 54 Reward: 0.2932
[VLM Debug] Step 138 Reward: 0.2869
[VLM Debug] Step 42 Reward: 0.2861
[VLM Debug] Step 126 Reward: 0.2935
[VLM Debug] Step 56 Reward: 0.2925
[VLM Debug] Step 140 Reward: 0.2825
[VLM Debug] Step 44 Reward: 0.2844
[VLM Debug] Step 128 Reward: 0.2922
[VLM Debug] Step 58 Reward: 0.2947
[VLM Debug] Step 142 Reward: 0.2864
[VLM Debug] Step 46 Reward: 0.2869
[VLM Debug] Step 130 Reward: 0.2905
global_step=19216, episodic_return=16.925
[VLM Debug] Reset Reward Calculated: 0.2815
[VLM Debug] Step 144 Reward: 0.2878
[VLM Debug] Step 48 Reward: 0.2859
[VLM Debug] Step 132 Reward: 0.2952
[VLM Debug] Step 2 Reward: 0.2815
[VLM Debug] Step 146 Reward: 0.2878
[VLM Debug] Step 50 Reward: 0.2803
[VLM Debug] Step 134 Reward: 0.2959
[VLM Debug] Step 4 Reward: 0.2817
[VLM Debug] Step 148 Reward: 0.2844
[VLM Debug] Step 52 Reward: 0.2830
[VLM Debug] Step 136 Reward: 0.2942
[VLM Debug] Step 6 Reward: 0.2852
global_step=19244, episodic_return=42.673
[VLM Debug] Reset Reward Calculated: 0.2847
[VLM Debug] Step 54 Reward: 0.2908
[VLM Debug] Step 138 Reward: 0.2930
[VLM Debug] Step 8 Reward: 0.2830
[VLM Debug] Step 2 Reward: 0.2825
[VLM Debug] Step 56 Reward: 0.2910
[VLM Debug] Step 140 Reward: 0.2910
[VLM Debug] Step 10 Reward: 0.2839
global_step=19260, episodic_return=39.949
[VLM Debug] Step 4 Reward: 0.2839
[VLM Debug] Step 58 Reward: 0.2961
[VLM Debug] Reset Reward Calculated: 0.2791
[VLM Debug] Step 12 Reward: 0.2837
[VLM Debug] Step 6 Reward: 0.2759
[VLM Debug] Step 60 Reward: 0.2917
[VLM Debug] Step 2 Reward: 0.2795
[VLM Debug] Step 14 Reward: 0.2883
[VLM Debug] Step 8 Reward: 0.2759
[VLM Debug] Step 62 Reward: 0.2932
[VLM Debug] Step 4 Reward: 0.2825
[VLM Debug] Step 16 Reward: 0.2832
[VLM Debug] Step 10 Reward: 0.2800
[VLM Debug] Step 64 Reward: 0.2974
[VLM Debug] Step 6 Reward: 0.2847
[VLM Debug] Step 18 Reward: 0.2861
[VLM Debug] Step 12 Reward: 0.2805
[VLM Debug] Step 66 Reward: 0.2979
[VLM Debug] Step 8 Reward: 0.2825
[VLM Debug] Step 20 Reward: 0.2883
[VLM Debug] Step 14 Reward: 0.2805
[VLM Debug] Step 68 Reward: 0.2908
[VLM Debug] Step 10 Reward: 0.2844
[VLM Debug] Step 22 Reward: 0.2812
[VLM Debug] Step 16 Reward: 0.2788
[VLM Debug] Step 70 Reward: 0.2959
[VLM Debug] Step 12 Reward: 0.2844
[VLM Debug] Step 24 Reward: 0.2922
[VLM Debug] Step 18 Reward: 0.2788
[VLM Debug] Step 72 Reward: 0.2891
[VLM Debug] Step 14 Reward: 0.2891
global_step=19320, episodic_return=20.530
[VLM Debug] Reset Reward Calculated: 0.2830
[VLM Debug] Step 26 Reward: 0.2864
[VLM Debug] Step 20 Reward: 0.2827
[VLM Debug] Step 16 Reward: 0.2844
[VLM Debug] Step 2 Reward: 0.2812
[VLM Debug] Step 28 Reward: 0.2878
[VLM Debug] Step 22 Reward: 0.2788
[VLM Debug] Step 18 Reward: 0.2837
[VLM Debug] Step 4 Reward: 0.2812
[VLM Debug] Step 30 Reward: 0.2920
[VLM Debug] Step 24 Reward: 0.2822
[VLM Debug] Step 20 Reward: 0.2832
[VLM Debug] Step 6 Reward: 0.2812
[VLM Debug] Step 32 Reward: 0.2920
[VLM Debug] Step 26 Reward: 0.2844
[VLM Debug] Step 22 Reward: 0.2822
[VLM Debug] Step 8 Reward: 0.2803
[VLM Debug] Step 34 Reward: 0.2917
[VLM Debug] Step 28 Reward: 0.2844
[VLM Debug] Step 24 Reward: 0.2822
[VLM Debug] Step 10 Reward: 0.2803
[VLM Debug] Step 36 Reward: 0.2883
[VLM Debug] Step 30 Reward: 0.2859
[VLM Debug] Step 26 Reward: 0.2856
[VLM Debug] Step 12 Reward: 0.2798
[VLM Debug] Step 38 Reward: 0.2925
[VLM Debug] Step 32 Reward: 0.2869
[VLM Debug] Step 28 Reward: 0.2842
[VLM Debug] Step 14 Reward: 0.2815
[VLM Debug] Step 40 Reward: 0.2861
[VLM Debug] Step 34 Reward: 0.2854
[VLM Debug] Step 30 Reward: 0.2812
[VLM Debug] Step 16 Reward: 0.2805
[VLM Debug] Step 42 Reward: 0.2866
[VLM Debug] Step 36 Reward: 0.2825
[VLM Debug] Step 32 Reward: 0.2795
[VLM Debug] Step 18 Reward: 0.2805
[VLM Debug] Step 44 Reward: 0.2917
[VLM Debug] Step 38 Reward: 0.2864
[VLM Debug] Step 34 Reward: 0.2800
[VLM Debug] Step 20 Reward: 0.2791
[VLM Debug] Step 46 Reward: 0.2905
[VLM Debug] Step 40 Reward: 0.2866
[VLM Debug] Step 36 Reward: 0.2817
[VLM Debug] Step 22 Reward: 0.2788
[VLM Debug] Step 48 Reward: 0.2891
[VLM Debug] Step 42 Reward: 0.2869
[VLM Debug] Step 38 Reward: 0.2795
global_step=19416, episodic_return=14.068
[VLM Debug] Step 24 Reward: 0.2791
[VLM Debug] Reset Reward Calculated: 0.2808
[VLM Debug] Step 44 Reward: 0.2903
[VLM Debug] Step 40 Reward: 0.2803
[VLM Debug] Step 26 Reward: 0.2776
[VLM Debug] Step 2 Reward: 0.2808
global_step=19428, episodic_return=12.725
[VLM Debug] Reset Reward Calculated: 0.2837
[VLM Debug] Step 42 Reward: 0.2834
[VLM Debug] Step 28 Reward: 0.2842
[VLM Debug] Step 4 Reward: 0.2751
[VLM Debug] Step 2 Reward: 0.2847
[VLM Debug] Step 44 Reward: 0.2820
[VLM Debug] Step 30 Reward: 0.2788
[VLM Debug] Step 6 Reward: 0.2751
[VLM Debug] Step 4 Reward: 0.2847
[VLM Debug] Step 46 Reward: 0.2874
[VLM Debug] Step 32 Reward: 0.2852
[VLM Debug] Step 8 Reward: 0.2751
[VLM Debug] Step 6 Reward: 0.2812
[VLM Debug] Step 48 Reward: 0.2878
SPS: 172
[VLM Debug] Step 34 Reward: 0.2856
[VLM Debug] Step 10 Reward: 0.2747
[VLM Debug] Step 8 Reward: 0.2834
[VLM Debug] Step 50 Reward: 0.2900
[VLM Debug] Step 36 Reward: 0.2878
[VLM Debug] Step 12 Reward: 0.2659
[VLM Debug] Step 10 Reward: 0.2847
[VLM Debug] Step 52 Reward: 0.2854
[VLM Debug] Step 38 Reward: 0.2927
[VLM Debug] Step 14 Reward: 0.2659
[VLM Debug] Step 12 Reward: 0.2844
[VLM Debug] Step 54 Reward: 0.2825
[VLM Debug] Step 40 Reward: 0.2925
[VLM Debug] Step 16 Reward: 0.2737
[VLM Debug] Step 14 Reward: 0.2844
[VLM Debug] Step 56 Reward: 0.2834
[VLM Debug] Step 42 Reward: 0.2925
[VLM Debug] Step 18 Reward: 0.2737
[VLM Debug] Step 16 Reward: 0.2849
[VLM Debug] Step 58 Reward: 0.2864
[VLM Debug] Step 44 Reward: 0.2910
[VLM Debug] Step 20 Reward: 0.2737
[VLM Debug] Step 18 Reward: 0.2874
[VLM Debug] Step 60 Reward: 0.2947
[VLM Debug] Step 46 Reward: 0.2849
[VLM Debug] Step 22 Reward: 0.2676
[VLM Debug] Step 20 Reward: 0.2881
[VLM Debug] Step 62 Reward: 0.2898
[VLM Debug] Step 48 Reward: 0.2932
[VLM Debug] Step 24 Reward: 0.2646
[VLM Debug] Step 22 Reward: 0.2893
[VLM Debug] Step 64 Reward: 0.2935
[VLM Debug] Step 50 Reward: 0.2710
[VLM Debug] Step 26 Reward: 0.2751
[VLM Debug] Step 24 Reward: 0.2917
[VLM Debug] Step 66 Reward: 0.2988
[VLM Debug] Step 52 Reward: 0.2900
[VLM Debug] Step 28 Reward: 0.2747
[VLM Debug] Step 26 Reward: 0.2917
[VLM Debug] Step 68 Reward: 0.2976
global_step=19536, episodic_return=19.377
[VLM Debug] Step 54 Reward: 0.2939
[VLM Debug] Step 30 Reward: 0.2747
[VLM Debug] Reset Reward Calculated: 0.2805
[VLM Debug] Step 28 Reward: 0.2874
[VLM Debug] Step 56 Reward: 0.2891
[VLM Debug] Step 32 Reward: 0.2776
[VLM Debug] Step 2 Reward: 0.2820
global_step=19548, episodic_return=15.901
[VLM Debug] Step 30 Reward: 0.2900
[VLM Debug] Reset Reward Calculated: 0.2771
[VLM Debug] Step 34 Reward: 0.2793
[VLM Debug] Step 4 Reward: 0.2776
[VLM Debug] Step 32 Reward: 0.2893
[VLM Debug] Step 2 Reward: 0.2800
[VLM Debug] Step 36 Reward: 0.2771
[VLM Debug] Step 6 Reward: 0.2776
[VLM Debug] Step 34 Reward: 0.2859
[VLM Debug] Step 4 Reward: 0.2803
[VLM Debug] Step 38 Reward: 0.2771
[VLM Debug] Step 8 Reward: 0.2795
[VLM Debug] Step 36 Reward: 0.2842
[VLM Debug] Step 6 Reward: 0.2771
[VLM Debug] Step 40 Reward: 0.2783
[VLM Debug] Step 10 Reward: 0.2800
[VLM Debug] Step 38 Reward: 0.2915
[VLM Debug] Step 8 Reward: 0.2793
[VLM Debug] Step 42 Reward: 0.2783
[VLM Debug] Step 12 Reward: 0.2800
[VLM Debug] Step 40 Reward: 0.2949
[VLM Debug] Step 10 Reward: 0.2793
[VLM Debug] Step 44 Reward: 0.2776
[VLM Debug] Step 14 Reward: 0.2773
[VLM Debug] Step 42 Reward: 0.2959
[VLM Debug] Step 12 Reward: 0.2842
[VLM Debug] Step 46 Reward: 0.2798
[VLM Debug] Step 16 Reward: 0.2773
[VLM Debug] Step 44 Reward: 0.2903
[VLM Debug] Step 14 Reward: 0.2842
[VLM Debug] Step 48 Reward: 0.2798
[VLM Debug] Step 18 Reward: 0.2773
[VLM Debug] Step 46 Reward: 0.2896
[VLM Debug] Step 16 Reward: 0.2793
[VLM Debug] Step 50 Reward: 0.2793
[VLM Debug] Step 20 Reward: 0.2773
[VLM Debug] Step 48 Reward: 0.2876
[VLM Debug] Step 18 Reward: 0.2800
[VLM Debug] Step 52 Reward: 0.2834
[VLM Debug] Step 22 Reward: 0.2773
[VLM Debug] Step 50 Reward: 0.2898
[VLM Debug] Step 20 Reward: 0.2771
[VLM Debug] Step 54 Reward: 0.2852
[VLM Debug] Step 24 Reward: 0.2825
[VLM Debug] Step 52 Reward: 0.2878
[VLM Debug] Step 22 Reward: 0.2798
[VLM Debug] Step 56 Reward: 0.2849
[VLM Debug] Step 26 Reward: 0.2825
[VLM Debug] Step 54 Reward: 0.2903
[VLM Debug] Step 24 Reward: 0.2798
[VLM Debug] Step 58 Reward: 0.2847
[VLM Debug] Step 28 Reward: 0.2842
[VLM Debug] Step 56 Reward: 0.2893
[VLM Debug] Step 26 Reward: 0.2771
[VLM Debug] Step 60 Reward: 0.2847
[VLM Debug] Step 30 Reward: 0.2842
[VLM Debug] Step 58 Reward: 0.2920
[VLM Debug] Step 28 Reward: 0.2803
[VLM Debug] Step 62 Reward: 0.2825
[VLM Debug] Step 32 Reward: 0.2842
[VLM Debug] Step 60 Reward: 0.2793
[VLM Debug] Step 30 Reward: 0.2793
[VLM Debug] Step 64 Reward: 0.2866
[VLM Debug] Step 34 Reward: 0.2837
[VLM Debug] Step 62 Reward: 0.2810
[VLM Debug] Step 32 Reward: 0.2820
[VLM Debug] Step 66 Reward: 0.2876
[VLM Debug] Step 36 Reward: 0.2825
[VLM Debug] Step 64 Reward: 0.2761
[VLM Debug] Step 34 Reward: 0.2842
[VLM Debug] Step 68 Reward: 0.2869
[VLM Debug] Step 38 Reward: 0.2859
[VLM Debug] Step 66 Reward: 0.2759
[VLM Debug] Step 36 Reward: 0.2812
[VLM Debug] Step 70 Reward: 0.2764
[VLM Debug] Step 40 Reward: 0.2859
[VLM Debug] Step 68 Reward: 0.2776
[VLM Debug] Step 38 Reward: 0.2812
[VLM Debug] Step 72 Reward: 0.2690
[VLM Debug] Step 42 Reward: 0.2849
[VLM Debug] Step 70 Reward: 0.2844
[VLM Debug] Step 40 Reward: 0.2805
[VLM Debug] Step 74 Reward: 0.2751
[VLM Debug] Step 44 Reward: 0.2852
[VLM Debug] Step 72 Reward: 0.2844
[VLM Debug] Step 42 Reward: 0.2839
[VLM Debug] Step 76 Reward: 0.2822
[VLM Debug] Step 46 Reward: 0.2852
[VLM Debug] Step 74 Reward: 0.2761
[VLM Debug] Step 44 Reward: 0.2839
[VLM Debug] Step 78 Reward: 0.2881
[VLM Debug] Step 48 Reward: 0.2798
[VLM Debug] Step 76 Reward: 0.2900
[VLM Debug] Step 46 Reward: 0.2854
[VLM Debug] Step 80 Reward: 0.2898
[VLM Debug] Step 50 Reward: 0.2798
[VLM Debug] Step 78 Reward: 0.2937
[VLM Debug] Step 48 Reward: 0.2834
[VLM Debug] Step 82 Reward: 0.2888
[VLM Debug] Step 52 Reward: 0.2820
[VLM Debug] Step 80 Reward: 0.2971
[VLM Debug] Step 50 Reward: 0.2852
[VLM Debug] Step 84 Reward: 0.2905
[VLM Debug] Step 54 Reward: 0.2786
[VLM Debug] Step 82 Reward: 0.2888
[VLM Debug] Step 52 Reward: 0.2769
[VLM Debug] Step 86 Reward: 0.2878
[VLM Debug] Step 56 Reward: 0.2810
[VLM Debug] Step 84 Reward: 0.2925
[VLM Debug] Step 54 Reward: 0.2798
[VLM Debug] Step 88 Reward: 0.2922
[VLM Debug] Step 58 Reward: 0.2798
[VLM Debug] Step 86 Reward: 0.2954
[VLM Debug] Step 56 Reward: 0.2820
[VLM Debug] Step 90 Reward: 0.2905
[VLM Debug] Step 60 Reward: 0.2825
[VLM Debug] Step 88 Reward: 0.2952
[VLM Debug] Step 58 Reward: 0.2749
[VLM Debug] Step 92 Reward: 0.2905
[VLM Debug] Step 62 Reward: 0.2856
[VLM Debug] Step 90 Reward: 0.2930
[VLM Debug] Step 60 Reward: 0.2803
[VLM Debug] Step 94 Reward: 0.2964
[VLM Debug] Step 64 Reward: 0.2913
global_step=19796, episodic_return=26.158
[VLM Debug] Reset Reward Calculated: 0.2847
[VLM Debug] Step 62 Reward: 0.2832
[VLM Debug] Step 96 Reward: 0.2937
[VLM Debug] Step 66 Reward: 0.2903
[VLM Debug] Step 2 Reward: 0.2847
[VLM Debug] Step 64 Reward: 0.2815
[VLM Debug] Step 98 Reward: 0.2749
[VLM Debug] Step 68 Reward: 0.2844
[VLM Debug] Step 4 Reward: 0.2842
[VLM Debug] Step 66 Reward: 0.2888
[VLM Debug] Step 100 Reward: 0.2881
[VLM Debug] Step 70 Reward: 0.2834
[VLM Debug] Step 6 Reward: 0.2832
[VLM Debug] Step 68 Reward: 0.2883
[VLM Debug] Step 102 Reward: 0.2908
[VLM Debug] Step 72 Reward: 0.2932
[VLM Debug] Step 8 Reward: 0.2837
[VLM Debug] Step 70 Reward: 0.2827
[VLM Debug] Step 104 Reward: 0.2866
[VLM Debug] Step 74 Reward: 0.2898
[VLM Debug] Step 10 Reward: 0.2859
[VLM Debug] Step 72 Reward: 0.2793
[VLM Debug] Step 106 Reward: 0.2854
[VLM Debug] Step 76 Reward: 0.2935
[VLM Debug] Step 12 Reward: 0.2898
[VLM Debug] Step 74 Reward: 0.2822
[VLM Debug] Step 108 Reward: 0.2900
[VLM Debug] Step 78 Reward: 0.2988
[VLM Debug] Step 14 Reward: 0.2893
[VLM Debug] Step 76 Reward: 0.2898
[VLM Debug] Step 110 Reward: 0.2891
[VLM Debug] Step 80 Reward: 0.2930
global_step=19860, episodic_return=22.669
[VLM Debug] Step 16 Reward: 0.2925
[VLM Debug] Step 78 Reward: 0.2939
[VLM Debug] Reset Reward Calculated: 0.2825
[VLM Debug] Step 112 Reward: 0.2925
[VLM Debug] Step 18 Reward: 0.2849
[VLM Debug] Step 80 Reward: 0.2910
[VLM Debug] Step 2 Reward: 0.2791
[VLM Debug] Step 114 Reward: 0.2910
[VLM Debug] Step 20 Reward: 0.2883
[VLM Debug] Step 82 Reward: 0.2915
[VLM Debug] Step 4 Reward: 0.2812
[VLM Debug] Step 116 Reward: 0.2866
[VLM Debug] Step 22 Reward: 0.2847
[VLM Debug] Step 84 Reward: 0.2971
[VLM Debug] Step 6 Reward: 0.2791
[VLM Debug] Step 118 Reward: 0.2883
global_step=19892, episodic_return=24.020
[VLM Debug] Step 24 Reward: 0.2847
[VLM Debug] Reset Reward Calculated: 0.2798
[VLM Debug] Step 8 Reward: 0.2800
[VLM Debug] Step 120 Reward: 0.2800
[VLM Debug] Step 26 Reward: 0.2883
[VLM Debug] Step 2 Reward: 0.2759
[VLM Debug] Step 10 Reward: 0.2800
[VLM Debug] Step 122 Reward: 0.2861
[VLM Debug] Step 28 Reward: 0.2876
[VLM Debug] Step 4 Reward: 0.2759
[VLM Debug] Step 12 Reward: 0.2812
[VLM Debug] Step 124 Reward: 0.2876
[VLM Debug] Step 30 Reward: 0.2913
[VLM Debug] Step 6 Reward: 0.2788
[VLM Debug] Step 14 Reward: 0.2812
[VLM Debug] Step 126 Reward: 0.2808
[VLM Debug] Step 32 Reward: 0.2898
[VLM Debug] Step 8 Reward: 0.2793
[VLM Debug] Step 16 Reward: 0.2822
[VLM Debug] Step 128 Reward: 0.2837
[VLM Debug] Step 34 Reward: 0.2861
[VLM Debug] Step 10 Reward: 0.2791
[VLM Debug] Step 18 Reward: 0.2822
[VLM Debug] Step 130 Reward: 0.2769
[VLM Debug] Step 36 Reward: 0.2830
[VLM Debug] Step 12 Reward: 0.2793
[VLM Debug] Step 20 Reward: 0.2844
[VLM Debug] Step 132 Reward: 0.2830
[VLM Debug] Step 38 Reward: 0.2949
[VLM Debug] Step 14 Reward: 0.2793
[VLM Debug] Step 22 Reward: 0.2825
[VLM Debug] Step 134 Reward: 0.2820
[VLM Debug] Step 40 Reward: 0.2930
[VLM Debug] Step 16 Reward: 0.2812
[VLM Debug] Step 24 Reward: 0.2876
[VLM Debug] Step 136 Reward: 0.2883
[VLM Debug] Step 42 Reward: 0.2974
[VLM Debug] Step 18 Reward: 0.2808
[VLM Debug] Step 26 Reward: 0.2883
SPS: 172
[VLM Debug] Step 138 Reward: 0.2795
[VLM Debug] Step 44 Reward: 0.3003
[VLM Debug] Step 20 Reward: 0.2803
[VLM Debug] Step 28 Reward: 0.2883
[VLM Debug] Step 140 Reward: 0.2815
global_step=19980, episodic_return=12.979
[VLM Debug] Reset Reward Calculated: 0.2839
[VLM Debug] Step 22 Reward: 0.2798
[VLM Debug] Step 30 Reward: 0.2888
[VLM Debug] Step 142 Reward: 0.2893
[VLM Debug] Step 2 Reward: 0.2820
[VLM Debug] Step 24 Reward: 0.2817
[VLM Debug] Step 32 Reward: 0.2888
[VLM Debug] Step 144 Reward: 0.2947
[VLM Debug] Step 4 Reward: 0.2805
[VLM Debug] Step 26 Reward: 0.2798
[VLM Debug] Step 34 Reward: 0.2888
[VLM Debug] Step 146 Reward: 0.2937
[VLM Debug] Step 6 Reward: 0.2822
[VLM Debug] Step 28 Reward: 0.2793
[VLM Debug] Step 36 Reward: 0.2869
[VLM Debug] Step 148 Reward: 0.2927
[VLM Debug] Step 8 Reward: 0.2856
[VLM Debug] Step 30 Reward: 0.2798
[VLM Debug] Step 38 Reward: 0.2859
global_step=20016, episodic_return=42.071
[VLM Debug] Reset Reward Calculated: 0.2803
[VLM Debug] Step 10 Reward: 0.2856
[VLM Debug] Step 32 Reward: 0.2825
[VLM Debug] Step 40 Reward: 0.2859
[VLM Debug] Step 2 Reward: 0.2803
[VLM Debug] Step 12 Reward: 0.2810
[VLM Debug] Step 34 Reward: 0.2778
[VLM Debug] Step 42 Reward: 0.2869
[VLM Debug] Step 4 Reward: 0.2815
[VLM Debug] Step 14 Reward: 0.2798
[VLM Debug] Step 36 Reward: 0.2800
[VLM Debug] Step 44 Reward: 0.2869
[VLM Debug] Step 6 Reward: 0.2815
[VLM Debug] Step 16 Reward: 0.2815
[VLM Debug] Step 38 Reward: 0.2854
[VLM Debug] Step 46 Reward: 0.2874
[VLM Debug] Step 8 Reward: 0.2859
[VLM Debug] Step 18 Reward: 0.2805
[VLM Debug] Step 40 Reward: 0.2842
[VLM Debug] Step 48 Reward: 0.2869
[VLM Debug] Step 10 Reward: 0.2891
[VLM Debug] Step 20 Reward: 0.2825
[VLM Debug] Step 42 Reward: 0.2852
[VLM Debug] Step 50 Reward: 0.2881
[VLM Debug] Step 12 Reward: 0.2861
[VLM Debug] Step 22 Reward: 0.2791
[VLM Debug] Step 44 Reward: 0.2898
[VLM Debug] Step 52 Reward: 0.2849
[VLM Debug] Step 14 Reward: 0.2825
[VLM Debug] Step 24 Reward: 0.2800
[VLM Debug] Step 46 Reward: 0.2864
[VLM Debug] Step 54 Reward: 0.2844
[VLM Debug] Step 16 Reward: 0.2812
[VLM Debug] Step 26 Reward: 0.2815
[VLM Debug] Step 48 Reward: 0.2908
[VLM Debug] Step 56 Reward: 0.2832
[VLM Debug] Step 18 Reward: 0.2839
[VLM Debug] Step 28 Reward: 0.2854
[VLM Debug] Step 50 Reward: 0.2874
[VLM Debug] Step 58 Reward: 0.2854
[VLM Debug] Step 20 Reward: 0.2852
[VLM Debug] Step 30 Reward: 0.2817
[VLM Debug] Step 52 Reward: 0.2837
[VLM Debug] Step 60 Reward: 0.2827
[VLM Debug] Step 22 Reward: 0.2832
[VLM Debug] Step 32 Reward: 0.2832
[VLM Debug] Step 54 Reward: 0.2837
[VLM Debug] Step 62 Reward: 0.2798
[VLM Debug] Step 24 Reward: 0.2827
[VLM Debug] Step 34 Reward: 0.2886
[VLM Debug] Step 56 Reward: 0.2834
[VLM Debug] Step 64 Reward: 0.2788
[VLM Debug] Step 26 Reward: 0.2822
[VLM Debug] Step 36 Reward: 0.2886
[VLM Debug] Step 58 Reward: 0.2920
[VLM Debug] Step 66 Reward: 0.2773
[VLM Debug] Step 28 Reward: 0.2827
[VLM Debug] Step 38 Reward: 0.2891
[VLM Debug] Step 60 Reward: 0.2949
[VLM Debug] Step 68 Reward: 0.2842
[VLM Debug] Step 30 Reward: 0.2788
[VLM Debug] Step 40 Reward: 0.2847
[VLM Debug] Step 62 Reward: 0.2949
[VLM Debug] Step 70 Reward: 0.2871
[VLM Debug] Step 32 Reward: 0.2817
[VLM Debug] Step 42 Reward: 0.2827
[VLM Debug] Step 64 Reward: 0.2888
[VLM Debug] Step 72 Reward: 0.2886
[VLM Debug] Step 34 Reward: 0.2788
[VLM Debug] Step 44 Reward: 0.2844
[VLM Debug] Step 66 Reward: 0.2913
[VLM Debug] Step 74 Reward: 0.2891
[VLM Debug] Step 36 Reward: 0.2825
[VLM Debug] Step 46 Reward: 0.2952
[VLM Debug] Step 68 Reward: 0.2986
[VLM Debug] Step 76 Reward: 0.2817
[VLM Debug] Step 38 Reward: 0.2896
[VLM Debug] Step 48 Reward: 0.2903
[VLM Debug] Step 70 Reward: 0.2979
[VLM Debug] Step 78 Reward: 0.2825
[VLM Debug] Step 40 Reward: 0.2908
[VLM Debug] Step 50 Reward: 0.2893
[VLM Debug] Step 72 Reward: 0.2983
[VLM Debug] Step 80 Reward: 0.2834
[VLM Debug] Step 42 Reward: 0.2927
[VLM Debug] Step 52 Reward: 0.2903
[VLM Debug] Step 74 Reward: 0.2988
[VLM Debug] Step 82 Reward: 0.2864
[VLM Debug] Step 44 Reward: 0.2852
[VLM Debug] Step 54 Reward: 0.2959
[VLM Debug] Step 76 Reward: 0.2981
[VLM Debug] Step 84 Reward: 0.2927
[VLM Debug] Step 46 Reward: 0.2830
[VLM Debug] Step 56 Reward: 0.2896
[VLM Debug] Step 78 Reward: 0.2954
[VLM Debug] Step 86 Reward: 0.2966
[VLM Debug] Step 48 Reward: 0.2935
global_step=20212, episodic_return=22.559
[VLM Debug] Step 58 Reward: 0.2898
[VLM Debug] Reset Reward Calculated: 0.2830
[VLM Debug] Step 88 Reward: 0.2986
[VLM Debug] Step 50 Reward: 0.2898
global_step=20220, episodic_return=16.825
[VLM Debug] Reset Reward Calculated: 0.2820
[VLM Debug] Step 2 Reward: 0.2800
[VLM Debug] Step 90 Reward: 0.2991
[VLM Debug] Step 52 Reward: 0.2891
[VLM Debug] Step 2 Reward: 0.2810
[VLM Debug] Step 4 Reward: 0.2800
[VLM Debug] Step 92 Reward: 0.2988
global_step=20232, episodic_return=26.272
[VLM Debug] Step 54 Reward: 0.2849
[VLM Debug] Reset Reward Calculated: 0.2773
[VLM Debug] Step 4 Reward: 0.2815
[VLM Debug] Step 6 Reward: 0.2822
[VLM Debug] Step 56 Reward: 0.2871
[VLM Debug] Step 2 Reward: 0.2773
[VLM Debug] Step 6 Reward: 0.2815
[VLM Debug] Step 8 Reward: 0.2791
[VLM Debug] Step 58 Reward: 0.2891
[VLM Debug] Step 4 Reward: 0.2686
[VLM Debug] Step 8 Reward: 0.2844
[VLM Debug] Step 10 Reward: 0.2791
[VLM Debug] Step 60 Reward: 0.2908
[VLM Debug] Step 6 Reward: 0.2776
[VLM Debug] Step 10 Reward: 0.2827
[VLM Debug] Step 12 Reward: 0.2817
[VLM Debug] Step 62 Reward: 0.2847
[VLM Debug] Step 8 Reward: 0.2771
[VLM Debug] Step 12 Reward: 0.2830
[VLM Debug] Step 14 Reward: 0.2800
[VLM Debug] Step 64 Reward: 0.2859
[VLM Debug] Step 10 Reward: 0.2742
global_step=20276, episodic_return=18.246
[VLM Debug] Step 14 Reward: 0.2781
[VLM Debug] Step 16 Reward: 0.2778
[VLM Debug] Reset Reward Calculated: 0.2832
[VLM Debug] Step 12 Reward: 0.2756
[VLM Debug] Step 16 Reward: 0.2820
[VLM Debug] Step 18 Reward: 0.2805
[VLM Debug] Step 2 Reward: 0.2798
[VLM Debug] Step 14 Reward: 0.2739
[VLM Debug] Step 18 Reward: 0.2886
[VLM Debug] Step 20 Reward: 0.2771
[VLM Debug] Step 4 Reward: 0.2798
[VLM Debug] Step 16 Reward: 0.2781
[VLM Debug] Step 20 Reward: 0.2922
[VLM Debug] Step 22 Reward: 0.2852
[VLM Debug] Step 6 Reward: 0.2771
[VLM Debug] Step 18 Reward: 0.2842
[VLM Debug] Step 22 Reward: 0.2888
[VLM Debug] Step 24 Reward: 0.2837
[VLM Debug] Step 8 Reward: 0.2771
[VLM Debug] Step 20 Reward: 0.2781
[VLM Debug] Step 24 Reward: 0.2883
[VLM Debug] Step 26 Reward: 0.2800
[VLM Debug] Step 10 Reward: 0.2800
[VLM Debug] Step 22 Reward: 0.2791
[VLM Debug] Step 26 Reward: 0.2881
[VLM Debug] Step 28 Reward: 0.2900
[VLM Debug] Step 12 Reward: 0.2800
[VLM Debug] Step 24 Reward: 0.2781
[VLM Debug] Step 28 Reward: 0.2898
[VLM Debug] Step 30 Reward: 0.2886
[VLM Debug] Step 14 Reward: 0.2791
[VLM Debug] Step 26 Reward: 0.2803
[VLM Debug] Step 30 Reward: 0.2874
[VLM Debug] Step 32 Reward: 0.2871
[VLM Debug] Step 16 Reward: 0.2805
[VLM Debug] Step 28 Reward: 0.2803
[VLM Debug] Step 32 Reward: 0.2871
[VLM Debug] Step 34 Reward: 0.2903
[VLM Debug] Step 18 Reward: 0.2764
[VLM Debug] Step 30 Reward: 0.2805
[VLM Debug] Step 34 Reward: 0.2783
[VLM Debug] Step 36 Reward: 0.2881
[VLM Debug] Step 20 Reward: 0.2798
[VLM Debug] Step 32 Reward: 0.2805
[VLM Debug] Step 36 Reward: 0.2886
[VLM Debug] Step 38 Reward: 0.2859
[VLM Debug] Step 22 Reward: 0.2798
[VLM Debug] Step 34 Reward: 0.2834
[VLM Debug] Step 38 Reward: 0.2820
[VLM Debug] Step 40 Reward: 0.2837
[VLM Debug] Step 24 Reward: 0.2759
[VLM Debug] Step 36 Reward: 0.2859
[VLM Debug] Step 40 Reward: 0.2917
[VLM Debug] Step 42 Reward: 0.2834
[VLM Debug] Step 26 Reward: 0.2800
[VLM Debug] Step 38 Reward: 0.2891
[VLM Debug] Step 42 Reward: 0.2881
[VLM Debug] Step 44 Reward: 0.2898
[VLM Debug] Step 28 Reward: 0.2805
[VLM Debug] Step 40 Reward: 0.2876
[VLM Debug] Step 44 Reward: 0.2969
[VLM Debug] Step 46 Reward: 0.2861
[VLM Debug] Step 30 Reward: 0.2805
[VLM Debug] Step 42 Reward: 0.2871
[VLM Debug] Step 46 Reward: 0.2917
[VLM Debug] Step 48 Reward: 0.2920
[VLM Debug] Step 32 Reward: 0.2800
[VLM Debug] Step 44 Reward: 0.2908
[VLM Debug] Step 48 Reward: 0.2981
[VLM Debug] Step 50 Reward: 0.2878
[VLM Debug] Step 34 Reward: 0.2800
[VLM Debug] Step 46 Reward: 0.2908
[VLM Debug] Step 50 Reward: 0.2991
[VLM Debug] Step 52 Reward: 0.2900
[VLM Debug] Step 36 Reward: 0.2852
[VLM Debug] Step 48 Reward: 0.2905
global_step=20428, episodic_return=14.640
[VLM Debug] Reset Reward Calculated: 0.2761
[VLM Debug] Step 54 Reward: 0.2959
[VLM Debug] Step 38 Reward: 0.2847
[VLM Debug] Step 50 Reward: 0.2881
[VLM Debug] Step 2 Reward: 0.2742
[VLM Debug] Step 56 Reward: 0.2927
[VLM Debug] Step 40 Reward: 0.2847
[VLM Debug] Step 52 Reward: 0.2856
[VLM Debug] Step 4 Reward: 0.2742
[VLM Debug] Step 58 Reward: 0.2949
[VLM Debug] Step 42 Reward: 0.2825
[VLM Debug] Step 54 Reward: 0.2871
[VLM Debug] Step 6 Reward: 0.2771
[VLM Debug] Step 60 Reward: 0.2896
[VLM Debug] Step 44 Reward: 0.2847
[VLM Debug] Step 56 Reward: 0.2874
[VLM Debug] Step 8 Reward: 0.2771
[VLM Debug] Step 62 Reward: 0.2871
[VLM Debug] Step 46 Reward: 0.2861
global_step=20464, episodic_return=17.695
[VLM Debug] Reset Reward Calculated: 0.2812
[VLM Debug] Step 58 Reward: 0.2812
[VLM Debug] Step 10 Reward: 0.2773
[VLM Debug] Step 48 Reward: 0.2874
[VLM Debug] Step 2 Reward: 0.2820
[VLM Debug] Step 60 Reward: 0.2844
[VLM Debug] Step 12 Reward: 0.2810
[VLM Debug] Step 50 Reward: 0.2888
SPS: 172
[VLM Debug] Step 4 Reward: 0.2842
[VLM Debug] Step 62 Reward: 0.2915
[VLM Debug] Step 14 Reward: 0.2805
[VLM Debug] Step 52 Reward: 0.2891
[VLM Debug] Step 6 Reward: 0.2825
[VLM Debug] Step 64 Reward: 0.2927
[VLM Debug] Step 16 Reward: 0.2827
[VLM Debug] Step 54 Reward: 0.2925
[VLM Debug] Step 8 Reward: 0.2891
[VLM Debug] Step 66 Reward: 0.2905
[VLM Debug] Step 18 Reward: 0.2808
[VLM Debug] Step 56 Reward: 0.2864
[VLM Debug] Step 10 Reward: 0.2876
[VLM Debug] Step 68 Reward: 0.2903
[VLM Debug] Step 20 Reward: 0.2825
[VLM Debug] Step 58 Reward: 0.2905
[VLM Debug] Step 12 Reward: 0.2876
[VLM Debug] Step 70 Reward: 0.2913
[VLM Debug] Step 22 Reward: 0.2751
[VLM Debug] Step 60 Reward: 0.2920
[VLM Debug] Step 14 Reward: 0.2837
[VLM Debug] Step 72 Reward: 0.2908
[VLM Debug] Step 24 Reward: 0.2834
[VLM Debug] Step 62 Reward: 0.2891
[VLM Debug] Step 16 Reward: 0.2908
[VLM Debug] Step 74 Reward: 0.2849
[VLM Debug] Step 26 Reward: 0.2810
[VLM Debug] Step 64 Reward: 0.2854
[VLM Debug] Step 18 Reward: 0.2900
[VLM Debug] Step 76 Reward: 0.2864
[VLM Debug] Step 28 Reward: 0.2852
[VLM Debug] Step 66 Reward: 0.2876
[VLM Debug] Step 20 Reward: 0.2883
[VLM Debug] Step 78 Reward: 0.2913
[VLM Debug] Step 30 Reward: 0.2876
[VLM Debug] Step 68 Reward: 0.2854
[VLM Debug] Step 22 Reward: 0.2832
[VLM Debug] Step 80 Reward: 0.2935
[VLM Debug] Step 32 Reward: 0.2886
[VLM Debug] Step 70 Reward: 0.2891
[VLM Debug] Step 24 Reward: 0.2878
[VLM Debug] Step 82 Reward: 0.2959
[VLM Debug] Step 34 Reward: 0.2905
[VLM Debug] Step 72 Reward: 0.2969
[VLM Debug] Step 26 Reward: 0.2861
[VLM Debug] Step 84 Reward: 0.2910
[VLM Debug] Step 36 Reward: 0.2898
[VLM Debug] Step 74 Reward: 0.2947
[VLM Debug] Step 28 Reward: 0.2856
[VLM Debug] Step 86 Reward: 0.2957
[VLM Debug] Step 38 Reward: 0.2908
[VLM Debug] Step 76 Reward: 0.2893
[VLM Debug] Step 30 Reward: 0.2798
[VLM Debug] Step 88 Reward: 0.2893
[VLM Debug] Step 40 Reward: 0.2834
[VLM Debug] Step 78 Reward: 0.2881
global_step=20592, episodic_return=25.352
[VLM Debug] Step 32 Reward: 0.2842
[VLM Debug] Reset Reward Calculated: 0.2837
[VLM Debug] Step 42 Reward: 0.2852
[VLM Debug] Step 80 Reward: 0.2898
[VLM Debug] Step 34 Reward: 0.2896
[VLM Debug] Step 2 Reward: 0.2837
[VLM Debug] Step 44 Reward: 0.2878
[VLM Debug] Step 82 Reward: 0.2915
[VLM Debug] Step 36 Reward: 0.2908
[VLM Debug] Step 4 Reward: 0.2847
[VLM Debug] Step 46 Reward: 0.2917
[VLM Debug] Step 84 Reward: 0.2900
[VLM Debug] Step 38 Reward: 0.2852
[VLM Debug] Step 6 Reward: 0.2847
[VLM Debug] Step 48 Reward: 0.2893
[VLM Debug] Step 86 Reward: 0.2905
[VLM Debug] Step 40 Reward: 0.2822
[VLM Debug] Step 8 Reward: 0.2866
[VLM Debug] Step 50 Reward: 0.2957
[VLM Debug] Step 88 Reward: 0.2915
[VLM Debug] Step 42 Reward: 0.2854
[VLM Debug] Step 10 Reward: 0.2812
[VLM Debug] Step 52 Reward: 0.2969
[VLM Debug] Step 90 Reward: 0.2876
[VLM Debug] Step 44 Reward: 0.2859
[VLM Debug] Step 12 Reward: 0.2812
[VLM Debug] Step 54 Reward: 0.2905
[VLM Debug] Step 92 Reward: 0.2834
[VLM Debug] Step 46 Reward: 0.2888
[VLM Debug] Step 14 Reward: 0.2864
[VLM Debug] Step 56 Reward: 0.2886
[VLM Debug] Step 94 Reward: 0.2859
[VLM Debug] Step 48 Reward: 0.2915
[VLM Debug] Step 16 Reward: 0.2832
global_step=20660, episodic_return=16.213
[VLM Debug] Reset Reward Calculated: 0.2747
[VLM Debug] Step 96 Reward: 0.2903
[VLM Debug] Step 50 Reward: 0.2852
[VLM Debug] Step 18 Reward: 0.2844
[VLM Debug] Step 2 Reward: 0.2747
[VLM Debug] Step 98 Reward: 0.2856
[VLM Debug] Step 52 Reward: 0.2913
[VLM Debug] Step 20 Reward: 0.2859
[VLM Debug] Step 4 Reward: 0.2761
[VLM Debug] Step 100 Reward: 0.2747
[VLM Debug] Step 54 Reward: 0.2927
[VLM Debug] Step 22 Reward: 0.2864
[VLM Debug] Step 6 Reward: 0.2771
[VLM Debug] Step 102 Reward: 0.2859
[VLM Debug] Step 56 Reward: 0.2837
[VLM Debug] Step 24 Reward: 0.2854
[VLM Debug] Step 8 Reward: 0.2793
[VLM Debug] Step 104 Reward: 0.2866
[VLM Debug] Step 58 Reward: 0.2876
[VLM Debug] Step 26 Reward: 0.2861
global_step=20700, episodic_return=16.618
[VLM Debug] Step 10 Reward: 0.2788
[VLM Debug] Reset Reward Calculated: 0.2646
[VLM Debug] Step 106 Reward: 0.2871
[VLM Debug] Step 28 Reward: 0.2871
[VLM Debug] Step 12 Reward: 0.2773
[VLM Debug] Step 2 Reward: 0.2749
[VLM Debug] Step 108 Reward: 0.2815
[VLM Debug] Step 30 Reward: 0.2893
[VLM Debug] Step 14 Reward: 0.2773
[VLM Debug] Step 4 Reward: 0.2773
[VLM Debug] Step 110 Reward: 0.2903
[VLM Debug] Step 32 Reward: 0.2832
[VLM Debug] Step 16 Reward: 0.2776
[VLM Debug] Step 6 Reward: 0.2786
[VLM Debug] Step 112 Reward: 0.2805
[VLM Debug] Step 34 Reward: 0.2834
[VLM Debug] Step 18 Reward: 0.2808
[VLM Debug] Step 8 Reward: 0.2773
[VLM Debug] Step 114 Reward: 0.2881
[VLM Debug] Step 36 Reward: 0.2773
[VLM Debug] Step 20 Reward: 0.2798
[VLM Debug] Step 10 Reward: 0.2793
[VLM Debug] Step 116 Reward: 0.2593
[VLM Debug] Step 38 Reward: 0.2842
[VLM Debug] Step 22 Reward: 0.2793
[VLM Debug] Step 12 Reward: 0.2771
[VLM Debug] Step 118 Reward: 0.2910
[VLM Debug] Step 40 Reward: 0.2871
[VLM Debug] Step 24 Reward: 0.2803
[VLM Debug] Step 14 Reward: 0.2732
[VLM Debug] Step 120 Reward: 0.2815
[VLM Debug] Step 42 Reward: 0.2883
[VLM Debug] Step 26 Reward: 0.2837
[VLM Debug] Step 16 Reward: 0.2722
[VLM Debug] Step 122 Reward: 0.2913
[VLM Debug] Step 44 Reward: 0.2878
[VLM Debug] Step 28 Reward: 0.2876
[VLM Debug] Step 18 Reward: 0.2747
[VLM Debug] Step 124 Reward: 0.2925
[VLM Debug] Step 46 Reward: 0.2886
[VLM Debug] Step 30 Reward: 0.2842
[VLM Debug] Step 20 Reward: 0.2661
[VLM Debug] Step 126 Reward: 0.2837
[VLM Debug] Step 48 Reward: 0.2925
[VLM Debug] Step 32 Reward: 0.2859
[VLM Debug] Step 22 Reward: 0.2754
[VLM Debug] Step 128 Reward: 0.2932
[VLM Debug] Step 50 Reward: 0.2935
[VLM Debug] Step 34 Reward: 0.2849
[VLM Debug] Step 24 Reward: 0.2844
[VLM Debug] Step 130 Reward: 0.2927
[VLM Debug] Step 52 Reward: 0.2905
[VLM Debug] Step 36 Reward: 0.2881
[VLM Debug] Step 26 Reward: 0.2773
[VLM Debug] Step 132 Reward: 0.2905
[VLM Debug] Step 54 Reward: 0.2905
[VLM Debug] Step 38 Reward: 0.2854
[VLM Debug] Step 28 Reward: 0.2773
[VLM Debug] Step 134 Reward: 0.2893
[VLM Debug] Step 56 Reward: 0.2942
[VLM Debug] Step 40 Reward: 0.2932
[VLM Debug] Step 30 Reward: 0.2837
[VLM Debug] Step 136 Reward: 0.2891
[VLM Debug] Step 58 Reward: 0.2896
[VLM Debug] Step 42 Reward: 0.2898
[VLM Debug] Step 32 Reward: 0.2791
[VLM Debug] Step 138 Reward: 0.2759
[VLM Debug] Step 60 Reward: 0.2869
global_step=20836, episodic_return=39.637
[VLM Debug] Step 44 Reward: 0.2825
[VLM Debug] Step 34 Reward: 0.2788
[VLM Debug] Reset Reward Calculated: 0.2820
[VLM Debug] Step 62 Reward: 0.2864
[VLM Debug] Step 46 Reward: 0.2812
[VLM Debug] Step 36 Reward: 0.2781
[VLM Debug] Step 2 Reward: 0.2827
[VLM Debug] Step 64 Reward: 0.2810
[VLM Debug] Step 48 Reward: 0.2864
[VLM Debug] Step 38 Reward: 0.2781
[VLM Debug] Step 4 Reward: 0.2822
[VLM Debug] Step 66 Reward: 0.2761
[VLM Debug] Step 50 Reward: 0.2896
[VLM Debug] Step 40 Reward: 0.2822
[VLM Debug] Step 6 Reward: 0.2827
[VLM Debug] Step 68 Reward: 0.2871
[VLM Debug] Step 52 Reward: 0.2847
[VLM Debug] Step 42 Reward: 0.2803
[VLM Debug] Step 8 Reward: 0.2827
[VLM Debug] Step 70 Reward: 0.2869
[VLM Debug] Step 54 Reward: 0.2896
[VLM Debug] Step 44 Reward: 0.2859
[VLM Debug] Step 10 Reward: 0.2827
[VLM Debug] Step 72 Reward: 0.2908
[VLM Debug] Step 56 Reward: 0.2971
[VLM Debug] Step 46 Reward: 0.2803
[VLM Debug] Step 12 Reward: 0.2852
[VLM Debug] Step 74 Reward: 0.2896
[VLM Debug] Step 58 Reward: 0.2954
[VLM Debug] Step 48 Reward: 0.2837
[VLM Debug] Step 14 Reward: 0.2800
[VLM Debug] Step 76 Reward: 0.2820
[VLM Debug] Step 60 Reward: 0.2939
[VLM Debug] Step 50 Reward: 0.2769
[VLM Debug] Step 16 Reward: 0.2874
[VLM Debug] Step 78 Reward: 0.2808
[VLM Debug] Step 62 Reward: 0.2876
[VLM Debug] Step 52 Reward: 0.2805
[VLM Debug] Step 18 Reward: 0.2922
[VLM Debug] Step 80 Reward: 0.2864
[VLM Debug] Step 64 Reward: 0.2859
[VLM Debug] Step 54 Reward: 0.2834
[VLM Debug] Step 20 Reward: 0.2910
[VLM Debug] Step 82 Reward: 0.2844
[VLM Debug] Step 66 Reward: 0.2852
[VLM Debug] Step 56 Reward: 0.2805
[VLM Debug] Step 22 Reward: 0.2871
[VLM Debug] Step 84 Reward: 0.2852
[VLM Debug] Step 68 Reward: 0.2903
[VLM Debug] Step 58 Reward: 0.2805
[VLM Debug] Step 24 Reward: 0.2876
[VLM Debug] Step 86 Reward: 0.2856
[VLM Debug] Step 70 Reward: 0.2891
[VLM Debug] Step 60 Reward: 0.2842
[VLM Debug] Step 26 Reward: 0.2886
[VLM Debug] Step 88 Reward: 0.2795
[VLM Debug] Step 72 Reward: 0.2893
[VLM Debug] Step 62 Reward: 0.2810
[VLM Debug] Step 28 Reward: 0.2891
[VLM Debug] Step 90 Reward: 0.2817
[VLM Debug] Step 74 Reward: 0.2864
[VLM Debug] Step 64 Reward: 0.2810
[VLM Debug] Step 30 Reward: 0.2893
[VLM Debug] Step 92 Reward: 0.2783
[VLM Debug] Step 76 Reward: 0.2896
[VLM Debug] Step 66 Reward: 0.2854
[VLM Debug] Step 32 Reward: 0.2878
[VLM Debug] Step 94 Reward: 0.2849
[VLM Debug] Step 78 Reward: 0.2795
[VLM Debug] Step 68 Reward: 0.2891
[VLM Debug] Step 34 Reward: 0.2808
[VLM Debug] Step 96 Reward: 0.2815
[VLM Debug] Step 80 Reward: 0.2820
[VLM Debug] Step 70 Reward: 0.2869
[VLM Debug] Step 36 Reward: 0.2825
[VLM Debug] Step 98 Reward: 0.2820
[VLM Debug] Step 82 Reward: 0.2876
[VLM Debug] Step 72 Reward: 0.2869
[VLM Debug] Step 38 Reward: 0.2883
SPS: 172
[VLM Debug] Step 100 Reward: 0.2800
[VLM Debug] Step 84 Reward: 0.2825
[VLM Debug] Step 74 Reward: 0.2869
[VLM Debug] Step 40 Reward: 0.2903
[VLM Debug] Step 102 Reward: 0.2861
[VLM Debug] Step 86 Reward: 0.2837
[VLM Debug] Step 76 Reward: 0.2869
[VLM Debug] Step 42 Reward: 0.2932
[VLM Debug] Step 104 Reward: 0.2920
[VLM Debug] Step 88 Reward: 0.2700
[VLM Debug] Step 78 Reward: 0.2871
[VLM Debug] Step 44 Reward: 0.2925
[VLM Debug] Step 106 Reward: 0.2793
[VLM Debug] Step 90 Reward: 0.2793
[VLM Debug] Step 80 Reward: 0.2900
[VLM Debug] Step 46 Reward: 0.2861
[VLM Debug] Step 108 Reward: 0.2864
[VLM Debug] Step 92 Reward: 0.2869
[VLM Debug] Step 82 Reward: 0.2886
[VLM Debug] Step 48 Reward: 0.2776
[VLM Debug] Step 110 Reward: 0.2825
[VLM Debug] Step 94 Reward: 0.2886
[VLM Debug] Step 84 Reward: 0.2827
[VLM Debug] Step 50 Reward: 0.2773
[VLM Debug] Step 112 Reward: 0.2869
[VLM Debug] Step 96 Reward: 0.2817
[VLM Debug] Step 86 Reward: 0.2817
[VLM Debug] Step 52 Reward: 0.2778
[VLM Debug] Step 114 Reward: 0.2827
[VLM Debug] Step 98 Reward: 0.2820
[VLM Debug] Step 88 Reward: 0.2854
[VLM Debug] Step 54 Reward: 0.2842
[VLM Debug] Step 116 Reward: 0.2903
[VLM Debug] Step 100 Reward: 0.2942
[VLM Debug] Step 90 Reward: 0.2834
[VLM Debug] Step 56 Reward: 0.2925
[VLM Debug] Step 118 Reward: 0.2942
[VLM Debug] Step 102 Reward: 0.2949
[VLM Debug] Step 92 Reward: 0.2864
[VLM Debug] Step 58 Reward: 0.2937
[VLM Debug] Step 120 Reward: 0.2949
[VLM Debug] Step 104 Reward: 0.3005
[VLM Debug] Step 94 Reward: 0.2839
[VLM Debug] Step 60 Reward: 0.2886
[VLM Debug] Step 122 Reward: 0.2900
[VLM Debug] Step 106 Reward: 0.2976
[VLM Debug] Step 96 Reward: 0.2886
[VLM Debug] Step 62 Reward: 0.2856
[VLM Debug] Step 124 Reward: 0.2917
[VLM Debug] Step 108 Reward: 0.2903
[VLM Debug] Step 98 Reward: 0.2893
[VLM Debug] Step 64 Reward: 0.2917
[VLM Debug] Step 126 Reward: 0.2866
[VLM Debug] Step 110 Reward: 0.2939
[VLM Debug] Step 100 Reward: 0.2844
[VLM Debug] Step 66 Reward: 0.2925
[VLM Debug] Step 128 Reward: 0.2893
[VLM Debug] Step 112 Reward: 0.2949
[VLM Debug] Step 102 Reward: 0.2852
[VLM Debug] Step 68 Reward: 0.2957
[VLM Debug] Step 130 Reward: 0.2998
[VLM Debug] Step 114 Reward: 0.2937
[VLM Debug] Step 104 Reward: 0.2886
[VLM Debug] Step 70 Reward: 0.2988
global_step=21120, episodic_return=37.478
[VLM Debug] Reset Reward Calculated: 0.2739
global_step=21124, episodic_return=20.378
[VLM Debug] Step 116 Reward: 0.2964
[VLM Debug] Step 106 Reward: 0.2874
[VLM Debug] Reset Reward Calculated: 0.2793
[VLM Debug] Step 2 Reward: 0.2739
[VLM Debug] Step 118 Reward: 0.2959
[VLM Debug] Step 108 Reward: 0.2871
[VLM Debug] Step 2 Reward: 0.2798
global_step=21136, episodic_return=33.740
[VLM Debug] Reset Reward Calculated: 0.2832
[VLM Debug] Step 4 Reward: 0.2756
[VLM Debug] Step 110 Reward: 0.2937
[VLM Debug] Step 4 Reward: 0.2771
[VLM Debug] Step 2 Reward: 0.2791
[VLM Debug] Step 6 Reward: 0.2756
[VLM Debug] Step 112 Reward: 0.2939
[VLM Debug] Step 6 Reward: 0.2771
[VLM Debug] Step 4 Reward: 0.2800
[VLM Debug] Step 8 Reward: 0.2791
[VLM Debug] Step 114 Reward: 0.2891
[VLM Debug] Step 8 Reward: 0.2759
[VLM Debug] Step 6 Reward: 0.2800
[VLM Debug] Step 10 Reward: 0.2805
[VLM Debug] Step 116 Reward: 0.2915
[VLM Debug] Step 10 Reward: 0.2803
[VLM Debug] Step 8 Reward: 0.2791
[VLM Debug] Step 12 Reward: 0.2805
[VLM Debug] Step 118 Reward: 0.2915
[VLM Debug] Step 12 Reward: 0.2803
[VLM Debug] Step 10 Reward: 0.2800
[VLM Debug] Step 14 Reward: 0.2778
[VLM Debug] Step 120 Reward: 0.2769
[VLM Debug] Step 14 Reward: 0.2803
[VLM Debug] Step 12 Reward: 0.2800
[VLM Debug] Step 16 Reward: 0.2764
[VLM Debug] Step 122 Reward: 0.2883
[VLM Debug] Step 16 Reward: 0.2771
[VLM Debug] Step 14 Reward: 0.2800
[VLM Debug] Step 18 Reward: 0.2812
[VLM Debug] Step 124 Reward: 0.2815
[VLM Debug] Step 18 Reward: 0.2771
[VLM Debug] Step 16 Reward: 0.2854
[VLM Debug] Step 20 Reward: 0.2812
[VLM Debug] Step 126 Reward: 0.2871
[VLM Debug] Step 20 Reward: 0.2771
[VLM Debug] Step 18 Reward: 0.2852
[VLM Debug] Step 22 Reward: 0.2800
[VLM Debug] Step 128 Reward: 0.2876
[VLM Debug] Step 22 Reward: 0.2793
[VLM Debug] Step 20 Reward: 0.2847
[VLM Debug] Step 24 Reward: 0.2854
[VLM Debug] Step 130 Reward: 0.2886
[VLM Debug] Step 24 Reward: 0.2778
[VLM Debug] Step 22 Reward: 0.2847
[VLM Debug] Step 26 Reward: 0.2830
[VLM Debug] Step 132 Reward: 0.2915
[VLM Debug] Step 26 Reward: 0.2812
[VLM Debug] Step 24 Reward: 0.2859
[VLM Debug] Step 28 Reward: 0.2864
[VLM Debug] Step 134 Reward: 0.2993
[VLM Debug] Step 28 Reward: 0.2820
[VLM Debug] Step 26 Reward: 0.2825
[VLM Debug] Step 30 Reward: 0.2920
[VLM Debug] Step 136 Reward: 0.2954
[VLM Debug] Step 30 Reward: 0.2822
[VLM Debug] Step 28 Reward: 0.2847
[VLM Debug] Step 32 Reward: 0.2903
global_step=21252, episodic_return=38.827
[VLM Debug] Reset Reward Calculated: 0.2844
[VLM Debug] Step 32 Reward: 0.2832
[VLM Debug] Step 30 Reward: 0.2847
[VLM Debug] Step 34 Reward: 0.2903
[VLM Debug] Step 2 Reward: 0.2847
[VLM Debug] Step 34 Reward: 0.2832
[VLM Debug] Step 32 Reward: 0.2861
[VLM Debug] Step 36 Reward: 0.2944
[VLM Debug] Step 4 Reward: 0.2820
[VLM Debug] Step 36 Reward: 0.2842
[VLM Debug] Step 34 Reward: 0.2842
[VLM Debug] Step 38 Reward: 0.2891
[VLM Debug] Step 6 Reward: 0.2815
[VLM Debug] Step 38 Reward: 0.2852
[VLM Debug] Step 36 Reward: 0.2888
[VLM Debug] Step 40 Reward: 0.2834
[VLM Debug] Step 8 Reward: 0.2815
[VLM Debug] Step 40 Reward: 0.2798
[VLM Debug] Step 38 Reward: 0.2891
[VLM Debug] Step 42 Reward: 0.2871
[VLM Debug] Step 10 Reward: 0.2856
[VLM Debug] Step 42 Reward: 0.2815
[VLM Debug] Step 40 Reward: 0.2896
[VLM Debug] Step 44 Reward: 0.2988
[VLM Debug] Step 12 Reward: 0.2837
[VLM Debug] Step 44 Reward: 0.2800
[VLM Debug] Step 42 Reward: 0.2859
[VLM Debug] Step 46 Reward: 0.2903
[VLM Debug] Step 14 Reward: 0.2854
[VLM Debug] Step 46 Reward: 0.2791
[VLM Debug] Step 44 Reward: 0.2881
[VLM Debug] Step 48 Reward: 0.2820
[VLM Debug] Step 16 Reward: 0.2854
[VLM Debug] Step 48 Reward: 0.2791
[VLM Debug] Step 46 Reward: 0.2837
[VLM Debug] Step 50 Reward: 0.2854
[VLM Debug] Step 18 Reward: 0.2825
[VLM Debug] Step 50 Reward: 0.2795
[VLM Debug] Step 48 Reward: 0.2834
[VLM Debug] Step 52 Reward: 0.2764
[VLM Debug] Step 20 Reward: 0.2852
[VLM Debug] Step 52 Reward: 0.2820
[VLM Debug] Step 50 Reward: 0.2822
[VLM Debug] Step 54 Reward: 0.2910
[VLM Debug] Step 22 Reward: 0.2866
[VLM Debug] Step 54 Reward: 0.2827
[VLM Debug] Step 52 Reward: 0.2852
[VLM Debug] Step 56 Reward: 0.2913
[VLM Debug] Step 24 Reward: 0.2849
[VLM Debug] Step 56 Reward: 0.2852
[VLM Debug] Step 54 Reward: 0.2866
[VLM Debug] Step 58 Reward: 0.2866
[VLM Debug] Step 26 Reward: 0.2742
[VLM Debug] Step 58 Reward: 0.2871
[VLM Debug] Step 56 Reward: 0.2847
[VLM Debug] Step 60 Reward: 0.2847
[VLM Debug] Step 28 Reward: 0.2720
[VLM Debug] Step 60 Reward: 0.2886
[VLM Debug] Step 58 Reward: 0.2839
[VLM Debug] Step 62 Reward: 0.2942
[VLM Debug] Step 30 Reward: 0.2720
[VLM Debug] Step 62 Reward: 0.2886
[VLM Debug] Step 60 Reward: 0.2935
[VLM Debug] Step 64 Reward: 0.2947
[VLM Debug] Step 32 Reward: 0.2788
[VLM Debug] Step 64 Reward: 0.2908
[VLM Debug] Step 62 Reward: 0.2927
[VLM Debug] Step 66 Reward: 0.2954
global_step=21388, episodic_return=18.807
[VLM Debug] Step 34 Reward: 0.2788
[VLM Debug] Step 66 Reward: 0.2834
[VLM Debug] Reset Reward Calculated: 0.2817
[VLM Debug] Step 64 Reward: 0.2927
[VLM Debug] Step 36 Reward: 0.2817
[VLM Debug] Step 68 Reward: 0.2830
[VLM Debug] Step 2 Reward: 0.2793
[VLM Debug] Step 66 Reward: 0.2793
[VLM Debug] Step 38 Reward: 0.2832
[VLM Debug] Step 70 Reward: 0.2827
[VLM Debug] Step 4 Reward: 0.2793
[VLM Debug] Step 68 Reward: 0.2815
[VLM Debug] Step 40 Reward: 0.2827
[VLM Debug] Step 72 Reward: 0.2869
[VLM Debug] Step 6 Reward: 0.2786
[VLM Debug] Step 70 Reward: 0.2817
[VLM Debug] Step 42 Reward: 0.2871
[VLM Debug] Step 74 Reward: 0.2920
[VLM Debug] Step 8 Reward: 0.2786
[VLM Debug] Step 72 Reward: 0.2896
[VLM Debug] Step 44 Reward: 0.2871
[VLM Debug] Step 76 Reward: 0.2859
[VLM Debug] Step 10 Reward: 0.2786
[VLM Debug] Step 74 Reward: 0.2832
[VLM Debug] Step 46 Reward: 0.2866
[VLM Debug] Step 78 Reward: 0.2903
[VLM Debug] Step 12 Reward: 0.2788
[VLM Debug] Step 76 Reward: 0.2847
[VLM Debug] Step 48 Reward: 0.2869
[VLM Debug] Step 80 Reward: 0.2930
[VLM Debug] Step 14 Reward: 0.2788
[VLM Debug] Step 78 Reward: 0.2886
[VLM Debug] Step 50 Reward: 0.2874
[VLM Debug] Step 82 Reward: 0.2881
[VLM Debug] Step 16 Reward: 0.2776
[VLM Debug] Step 80 Reward: 0.2898
[VLM Debug] Step 52 Reward: 0.2908
[VLM Debug] Step 84 Reward: 0.2744
[VLM Debug] Step 18 Reward: 0.2776
[VLM Debug] Step 82 Reward: 0.2876
[VLM Debug] Step 54 Reward: 0.2883
[VLM Debug] Step 86 Reward: 0.2854
[VLM Debug] Step 20 Reward: 0.2793
[VLM Debug] Step 84 Reward: 0.2900
[VLM Debug] Step 56 Reward: 0.2891
[VLM Debug] Step 88 Reward: 0.2827
[VLM Debug] Step 22 Reward: 0.2808
[VLM Debug] Step 86 Reward: 0.2844
[VLM Debug] Step 58 Reward: 0.2861
[VLM Debug] Step 90 Reward: 0.2893
[VLM Debug] Step 24 Reward: 0.2810
[VLM Debug] Step 88 Reward: 0.2820
[VLM Debug] Step 60 Reward: 0.2871
[VLM Debug] Step 92 Reward: 0.2944
[VLM Debug] Step 26 Reward: 0.2805
[VLM Debug] Step 90 Reward: 0.2876
[VLM Debug] Step 62 Reward: 0.2861
[VLM Debug] Step 94 Reward: 0.2949
[VLM Debug] Step 28 Reward: 0.2834
SPS: 172
[VLM Debug] Step 92 Reward: 0.2883
[VLM Debug] Step 64 Reward: 0.2849
[VLM Debug] Step 96 Reward: 0.2920
[VLM Debug] Step 30 Reward: 0.2849
[VLM Debug] Step 94 Reward: 0.2893
[VLM Debug] Step 66 Reward: 0.2886
[VLM Debug] Step 98 Reward: 0.2881
[VLM Debug] Step 32 Reward: 0.2812
[VLM Debug] Step 96 Reward: 0.2903
[VLM Debug] Step 68 Reward: 0.2908
[VLM Debug] Step 100 Reward: 0.2837
[VLM Debug] Step 34 Reward: 0.2856
[VLM Debug] Step 98 Reward: 0.2910
[VLM Debug] Step 70 Reward: 0.2949
[VLM Debug] Step 102 Reward: 0.2922
[VLM Debug] Step 36 Reward: 0.2825
[VLM Debug] Step 100 Reward: 0.2930
[VLM Debug] Step 72 Reward: 0.2939
[VLM Debug] Step 104 Reward: 0.2925
[VLM Debug] Step 38 Reward: 0.2866
[VLM Debug] Step 102 Reward: 0.2913
[VLM Debug] Step 74 Reward: 0.2869
[VLM Debug] Step 106 Reward: 0.2947
[VLM Debug] Step 40 Reward: 0.2876
global_step=21552, episodic_return=30.092
[VLM Debug] Step 104 Reward: 0.2900
[VLM Debug] Reset Reward Calculated: 0.2800
[VLM Debug] Step 76 Reward: 0.2947
[VLM Debug] Step 42 Reward: 0.2874
[VLM Debug] Step 106 Reward: 0.2866
[VLM Debug] Step 2 Reward: 0.2810
[VLM Debug] Step 78 Reward: 0.2915
[VLM Debug] Step 44 Reward: 0.2898
[VLM Debug] Step 108 Reward: 0.2827
[VLM Debug] Step 4 Reward: 0.2842
[VLM Debug] Step 80 Reward: 0.2947
[VLM Debug] Step 46 Reward: 0.2893
[VLM Debug] Step 110 Reward: 0.2820
[VLM Debug] Step 6 Reward: 0.2810
[VLM Debug] Step 82 Reward: 0.2966
[VLM Debug] Step 48 Reward: 0.2825
[VLM Debug] Step 112 Reward: 0.2896
[VLM Debug] Step 8 Reward: 0.2808
[VLM Debug] Step 84 Reward: 0.2812
[VLM Debug] Step 50 Reward: 0.2834
[VLM Debug] Step 114 Reward: 0.2874
[VLM Debug] Step 10 Reward: 0.2827
[VLM Debug] Step 86 Reward: 0.2832
[VLM Debug] Step 52 Reward: 0.2891
[VLM Debug] Step 116 Reward: 0.2898
[VLM Debug] Step 12 Reward: 0.2864
global_step=21604, episodic_return=33.148
[VLM Debug] Reset Reward Calculated: 0.2771
[VLM Debug] Step 88 Reward: 0.2856
[VLM Debug] Step 54 Reward: 0.2888
[VLM Debug] Step 14 Reward: 0.2817
[VLM Debug] Step 2 Reward: 0.2756
[VLM Debug] Step 90 Reward: 0.2905
[VLM Debug] Step 56 Reward: 0.2896
[VLM Debug] Step 16 Reward: 0.2832
[VLM Debug] Step 4 Reward: 0.2756
[VLM Debug] Step 92 Reward: 0.2922
[VLM Debug] Step 58 Reward: 0.2827
[VLM Debug] Step 18 Reward: 0.2817
[VLM Debug] Step 6 Reward: 0.2771
[VLM Debug] Step 94 Reward: 0.2881
[VLM Debug] Step 60 Reward: 0.2839
[VLM Debug] Step 20 Reward: 0.2820
[VLM Debug] Step 8 Reward: 0.2805
[VLM Debug] Step 96 Reward: 0.2974
[VLM Debug] Step 62 Reward: 0.2891
[VLM Debug] Step 22 Reward: 0.2852
global_step=21644, episodic_return=27.746
[VLM Debug] Step 10 Reward: 0.2805
[VLM Debug] Reset Reward Calculated: 0.2800
[VLM Debug] Step 64 Reward: 0.2856
[VLM Debug] Step 24 Reward: 0.2805
[VLM Debug] Step 12 Reward: 0.2764
[VLM Debug] Step 2 Reward: 0.2798
[VLM Debug] Step 66 Reward: 0.2866
[VLM Debug] Step 26 Reward: 0.2854
[VLM Debug] Step 14 Reward: 0.2812
[VLM Debug] Step 4 Reward: 0.2803
[VLM Debug] Step 68 Reward: 0.2632
[VLM Debug] Step 28 Reward: 0.2891
[VLM Debug] Step 16 Reward: 0.2812
[VLM Debug] Step 6 Reward: 0.2803
[VLM Debug] Step 70 Reward: 0.2778
[VLM Debug] Step 30 Reward: 0.2876
[VLM Debug] Step 18 Reward: 0.2842
[VLM Debug] Step 8 Reward: 0.2812
[VLM Debug] Step 72 Reward: 0.2781
[VLM Debug] Step 32 Reward: 0.2871
[VLM Debug] Step 20 Reward: 0.2817
[VLM Debug] Step 10 Reward: 0.2815
[VLM Debug] Step 74 Reward: 0.2822
[VLM Debug] Step 34 Reward: 0.2900
[VLM Debug] Step 22 Reward: 0.2825
[VLM Debug] Step 12 Reward: 0.2815
[VLM Debug] Step 76 Reward: 0.2751
[VLM Debug] Step 36 Reward: 0.2898
[VLM Debug] Step 24 Reward: 0.2913
[VLM Debug] Step 14 Reward: 0.2839
[VLM Debug] Step 78 Reward: 0.2671
[VLM Debug] Step 38 Reward: 0.2891
[VLM Debug] Step 26 Reward: 0.2898
[VLM Debug] Step 16 Reward: 0.2815
[VLM Debug] Step 80 Reward: 0.2893
[VLM Debug] Step 40 Reward: 0.2920
[VLM Debug] Step 28 Reward: 0.2905
[VLM Debug] Step 18 Reward: 0.2842
[VLM Debug] Step 82 Reward: 0.2908
[VLM Debug] Step 42 Reward: 0.2964
[VLM Debug] Step 30 Reward: 0.2898
[VLM Debug] Step 20 Reward: 0.2842
[VLM Debug] Step 84 Reward: 0.2900
[VLM Debug] Step 44 Reward: 0.2944
[VLM Debug] Step 32 Reward: 0.2891
[VLM Debug] Step 22 Reward: 0.2842
[VLM Debug] Step 86 Reward: 0.2876
[VLM Debug] Step 46 Reward: 0.2937
[VLM Debug] Step 34 Reward: 0.2888
[VLM Debug] Step 24 Reward: 0.2793
[VLM Debug] Step 88 Reward: 0.2898
[VLM Debug] Step 48 Reward: 0.2903
[VLM Debug] Step 36 Reward: 0.2822
[VLM Debug] Step 26 Reward: 0.2778
[VLM Debug] Step 90 Reward: 0.2893
[VLM Debug] Step 50 Reward: 0.2883
[VLM Debug] Step 38 Reward: 0.2883
[VLM Debug] Step 28 Reward: 0.2812
[VLM Debug] Step 92 Reward: 0.2834
[VLM Debug] Step 52 Reward: 0.2891
[VLM Debug] Step 40 Reward: 0.2937
[VLM Debug] Step 30 Reward: 0.2812
[VLM Debug] Step 94 Reward: 0.2810
[VLM Debug] Step 54 Reward: 0.2920
[VLM Debug] Step 42 Reward: 0.2922
[VLM Debug] Step 32 Reward: 0.2798
[VLM Debug] Step 96 Reward: 0.2842
[VLM Debug] Step 56 Reward: 0.2971
[VLM Debug] Step 44 Reward: 0.2905
[VLM Debug] Step 34 Reward: 0.2815
[VLM Debug] Step 98 Reward: 0.2864
[VLM Debug] Step 58 Reward: 0.2954
[VLM Debug] Step 46 Reward: 0.2878
[VLM Debug] Step 36 Reward: 0.2798
[VLM Debug] Step 100 Reward: 0.2910
[VLM Debug] Step 60 Reward: 0.2920
[VLM Debug] Step 48 Reward: 0.2893
[VLM Debug] Step 38 Reward: 0.2800
[VLM Debug] Step 102 Reward: 0.2886
[VLM Debug] Step 62 Reward: 0.2947
[VLM Debug] Step 50 Reward: 0.2837
[VLM Debug] Step 40 Reward: 0.2805
[VLM Debug] Step 104 Reward: 0.2920
[VLM Debug] Step 64 Reward: 0.2937
[VLM Debug] Step 52 Reward: 0.2886
[VLM Debug] Step 42 Reward: 0.2825
[VLM Debug] Step 106 Reward: 0.2881
[VLM Debug] Step 66 Reward: 0.2830
[VLM Debug] Step 54 Reward: 0.2815
[VLM Debug] Step 44 Reward: 0.2786
[VLM Debug] Step 108 Reward: 0.2917
[VLM Debug] Step 68 Reward: 0.2881
[VLM Debug] Step 56 Reward: 0.2891
[VLM Debug] Step 46 Reward: 0.2803
[VLM Debug] Step 110 Reward: 0.2886
[VLM Debug] Step 70 Reward: 0.2812
[VLM Debug] Step 58 Reward: 0.2886
[VLM Debug] Step 48 Reward: 0.2825
[VLM Debug] Step 112 Reward: 0.2881
[VLM Debug] Step 72 Reward: 0.2886
[VLM Debug] Step 60 Reward: 0.2886
[VLM Debug] Step 50 Reward: 0.2876
[VLM Debug] Step 114 Reward: 0.2908
[VLM Debug] Step 74 Reward: 0.2864
[VLM Debug] Step 62 Reward: 0.2939
[VLM Debug] Step 52 Reward: 0.2893
[VLM Debug] Step 116 Reward: 0.2852
[VLM Debug] Step 76 Reward: 0.2942
[VLM Debug] Step 64 Reward: 0.2979
[VLM Debug] Step 54 Reward: 0.2874
[VLM Debug] Step 118 Reward: 0.2866
[VLM Debug] Step 78 Reward: 0.2898
[VLM Debug] Step 66 Reward: 0.2898
[VLM Debug] Step 56 Reward: 0.2903
[VLM Debug] Step 120 Reward: 0.2900
[VLM Debug] Step 80 Reward: 0.2881
[VLM Debug] Step 68 Reward: 0.2927
[VLM Debug] Step 58 Reward: 0.2881
[VLM Debug] Step 122 Reward: 0.2893
[VLM Debug] Step 82 Reward: 0.2896
global_step=21884, episodic_return=23.603
[VLM Debug] Step 70 Reward: 0.2944
[VLM Debug] Step 60 Reward: 0.2839
[VLM Debug] Reset Reward Calculated: 0.2842
[VLM Debug] Step 124 Reward: 0.2922
global_step=21888, episodic_return=20.040
[VLM Debug] Reset Reward Calculated: 0.2864
[VLM Debug] Step 62 Reward: 0.2893
[VLM Debug] Step 2 Reward: 0.2842
[VLM Debug] Step 126 Reward: 0.2949
[VLM Debug] Step 2 Reward: 0.2820
[VLM Debug] Step 64 Reward: 0.2820
[VLM Debug] Step 4 Reward: 0.2805
[VLM Debug] Step 128 Reward: 0.2900
[VLM Debug] Step 4 Reward: 0.2820
[VLM Debug] Step 66 Reward: 0.2856
[VLM Debug] Step 6 Reward: 0.2812
[VLM Debug] Step 130 Reward: 0.2876
[VLM Debug] Step 6 Reward: 0.2827
[VLM Debug] Step 68 Reward: 0.2920
[VLM Debug] Step 8 Reward: 0.2839
[VLM Debug] Step 132 Reward: 0.2888
[VLM Debug] Step 8 Reward: 0.2827
[VLM Debug] Step 70 Reward: 0.2961
[VLM Debug] Step 10 Reward: 0.2839
[VLM Debug] Step 134 Reward: 0.2893
[VLM Debug] Step 10 Reward: 0.2839
[VLM Debug] Step 72 Reward: 0.2922
[VLM Debug] Step 12 Reward: 0.2842
[VLM Debug] Step 136 Reward: 0.2952
[VLM Debug] Step 12 Reward: 0.2800
[VLM Debug] Step 74 Reward: 0.2903
[VLM Debug] Step 14 Reward: 0.2812
[VLM Debug] Step 138 Reward: 0.2893
[VLM Debug] Step 14 Reward: 0.2842
[VLM Debug] Step 76 Reward: 0.2908
[VLM Debug] Step 16 Reward: 0.2815
[VLM Debug] Step 140 Reward: 0.2864
[VLM Debug] Step 16 Reward: 0.2795
[VLM Debug] Step 78 Reward: 0.2893
[VLM Debug] Step 18 Reward: 0.2786
[VLM Debug] Step 142 Reward: 0.2864
[VLM Debug] Step 18 Reward: 0.2886
[VLM Debug] Step 80 Reward: 0.2935
[VLM Debug] Step 20 Reward: 0.2798
[VLM Debug] Step 144 Reward: 0.2932
[VLM Debug] Step 20 Reward: 0.2917
[VLM Debug] Step 82 Reward: 0.2961
[VLM Debug] Step 22 Reward: 0.2791
[VLM Debug] Step 146 Reward: 0.2922
[VLM Debug] Step 22 Reward: 0.2903
[VLM Debug] Step 84 Reward: 0.2925
[VLM Debug] Step 24 Reward: 0.2764
[VLM Debug] Step 148 Reward: 0.2896
[VLM Debug] Step 24 Reward: 0.2883
[VLM Debug] Step 86 Reward: 0.2876
[VLM Debug] Step 26 Reward: 0.2812
[VLM Debug] Step 150 Reward: 0.2952
[VLM Debug] Step 26 Reward: 0.2908
[VLM Debug] Step 88 Reward: 0.2734
[VLM Debug] Step 28 Reward: 0.2825
[VLM Debug] Step 152 Reward: 0.2881
[VLM Debug] Step 28 Reward: 0.2898
[VLM Debug] Step 90 Reward: 0.2832
[VLM Debug] Step 30 Reward: 0.2815
[VLM Debug] Step 154 Reward: 0.2969
[VLM Debug] Step 30 Reward: 0.2871
[VLM Debug] Step 92 Reward: 0.2910
[VLM Debug] Step 32 Reward: 0.2896
[VLM Debug] Step 156 Reward: 0.2991
SPS: 172
[VLM Debug] Step 32 Reward: 0.2893
[VLM Debug] Step 94 Reward: 0.2939
[VLM Debug] Step 34 Reward: 0.2898
[VLM Debug] Step 158 Reward: 0.2881
[VLM Debug] Step 34 Reward: 0.2869
[VLM Debug] Step 96 Reward: 0.2888
[VLM Debug] Step 36 Reward: 0.2908
[VLM Debug] Step 160 Reward: 0.2805
[VLM Debug] Step 36 Reward: 0.2844
[VLM Debug] Step 98 Reward: 0.2856
[VLM Debug] Step 38 Reward: 0.2927
[VLM Debug] Step 162 Reward: 0.2881
[VLM Debug] Step 38 Reward: 0.2878
[VLM Debug] Step 100 Reward: 0.2959
[VLM Debug] Step 40 Reward: 0.2922
[VLM Debug] Step 164 Reward: 0.2815
[VLM Debug] Step 40 Reward: 0.2935
[VLM Debug] Step 102 Reward: 0.2954
[VLM Debug] Step 42 Reward: 0.2830
[VLM Debug] Step 166 Reward: 0.2815
global_step=22056, episodic_return=29.102
[VLM Debug] Step 42 Reward: 0.2913
[VLM Debug] Reset Reward Calculated: 0.2832
[VLM Debug] Step 44 Reward: 0.2864
[VLM Debug] Step 168 Reward: 0.2891
[VLM Debug] Step 44 Reward: 0.2920
[VLM Debug] Step 2 Reward: 0.2854
[VLM Debug] Step 46 Reward: 0.2949
[VLM Debug] Step 170 Reward: 0.2861
[VLM Debug] Step 46 Reward: 0.2908
[VLM Debug] Step 4 Reward: 0.2864
[VLM Debug] Step 48 Reward: 0.2932
[VLM Debug] Step 172 Reward: 0.2898
[VLM Debug] Step 48 Reward: 0.2795
[VLM Debug] Step 6 Reward: 0.2854
[VLM Debug] Step 50 Reward: 0.2849
[VLM Debug] Step 174 Reward: 0.2908
[VLM Debug] Step 50 Reward: 0.2869
[VLM Debug] Step 8 Reward: 0.2827
[VLM Debug] Step 52 Reward: 0.2913
[VLM Debug] Step 176 Reward: 0.2815
[VLM Debug] Step 52 Reward: 0.2817
[VLM Debug] Step 10 Reward: 0.2830
[VLM Debug] Step 54 Reward: 0.2773
[VLM Debug] Step 178 Reward: 0.2861
[VLM Debug] Step 54 Reward: 0.2761
[VLM Debug] Step 12 Reward: 0.2827
[VLM Debug] Step 56 Reward: 0.2917
[VLM Debug] Step 180 Reward: 0.2952
[VLM Debug] Step 56 Reward: 0.2944
[VLM Debug] Step 14 Reward: 0.2781
[VLM Debug] Step 58 Reward: 0.2844
[VLM Debug] Step 182 Reward: 0.2888
[VLM Debug] Step 58 Reward: 0.2898
[VLM Debug] Step 16 Reward: 0.2781
[VLM Debug] Step 60 Reward: 0.2878
[VLM Debug] Step 184 Reward: 0.2935
[VLM Debug] Step 60 Reward: 0.2922
[VLM Debug] Step 18 Reward: 0.2820
[VLM Debug] Step 62 Reward: 0.2864
[VLM Debug] Step 186 Reward: 0.2917
global_step=22136, episodic_return=53.191
[VLM Debug] Step 62 Reward: 0.2856
[VLM Debug] Step 20 Reward: 0.2822
[VLM Debug] Reset Reward Calculated: 0.2812
[VLM Debug] Step 64 Reward: 0.2886
[VLM Debug] Step 64 Reward: 0.2844
[VLM Debug] Step 22 Reward: 0.2815
[VLM Debug] Step 2 Reward: 0.2820
[VLM Debug] Step 66 Reward: 0.2935
[VLM Debug] Step 66 Reward: 0.2920
[VLM Debug] Step 24 Reward: 0.2927
[VLM Debug] Step 4 Reward: 0.2834
[VLM Debug] Step 68 Reward: 0.2886
[VLM Debug] Step 68 Reward: 0.2915
[VLM Debug] Step 26 Reward: 0.2913
[VLM Debug] Step 6 Reward: 0.2822
[VLM Debug] Step 70 Reward: 0.2910
[VLM Debug] Step 70 Reward: 0.2930
[VLM Debug] Step 28 Reward: 0.2898
[VLM Debug] Step 8 Reward: 0.2812
global_step=22172, episodic_return=20.280
[VLM Debug] Reset Reward Calculated: 0.2837
[VLM Debug] Step 72 Reward: 0.2983
[VLM Debug] Step 30 Reward: 0.2908
[VLM Debug] Step 10 Reward: 0.2832
[VLM Debug] Step 2 Reward: 0.2852
[VLM Debug] Step 74 Reward: 0.2917
[VLM Debug] Step 32 Reward: 0.2917
[VLM Debug] Step 12 Reward: 0.2832
global_step=22188, episodic_return=21.269
[VLM Debug] Reset Reward Calculated: 0.2686
[VLM Debug] Step 4 Reward: 0.2852
[VLM Debug] Step 34 Reward: 0.2932
[VLM Debug] Step 14 Reward: 0.2827
[VLM Debug] Step 2 Reward: 0.2686
[VLM Debug] Step 6 Reward: 0.2832
[VLM Debug] Step 36 Reward: 0.2913
[VLM Debug] Step 16 Reward: 0.2852
[VLM Debug] Step 4 Reward: 0.2742
[VLM Debug] Step 8 Reward: 0.2871
[VLM Debug] Step 38 Reward: 0.2874
[VLM Debug] Step 18 Reward: 0.2834
[VLM Debug] Step 6 Reward: 0.2756
[VLM Debug] Step 10 Reward: 0.2871
[VLM Debug] Step 40 Reward: 0.2900
[VLM Debug] Step 20 Reward: 0.2852
[VLM Debug] Step 8 Reward: 0.2756
[VLM Debug] Step 12 Reward: 0.2893
[VLM Debug] Step 42 Reward: 0.2854
[VLM Debug] Step 22 Reward: 0.2815
[VLM Debug] Step 10 Reward: 0.2778
[VLM Debug] Step 14 Reward: 0.2874
[VLM Debug] Step 44 Reward: 0.2874
[VLM Debug] Step 24 Reward: 0.2798
[VLM Debug] Step 12 Reward: 0.2795
[VLM Debug] Step 16 Reward: 0.2883
[VLM Debug] Step 46 Reward: 0.2974
[VLM Debug] Step 26 Reward: 0.2822
[VLM Debug] Step 14 Reward: 0.2810
[VLM Debug] Step 18 Reward: 0.2881
[VLM Debug] Step 48 Reward: 0.2891
[VLM Debug] Step 28 Reward: 0.2776
[VLM Debug] Step 16 Reward: 0.2820
[VLM Debug] Step 20 Reward: 0.2888
[VLM Debug] Step 50 Reward: 0.2891
[VLM Debug] Step 30 Reward: 0.2791
[VLM Debug] Step 18 Reward: 0.2827
[VLM Debug] Step 22 Reward: 0.2900
[VLM Debug] Step 52 Reward: 0.2917
[VLM Debug] Step 32 Reward: 0.2781
[VLM Debug] Step 20 Reward: 0.2827
[VLM Debug] Step 24 Reward: 0.2883
[VLM Debug] Step 54 Reward: 0.2834
[VLM Debug] Step 34 Reward: 0.2800
[VLM Debug] Step 22 Reward: 0.2808
[VLM Debug] Step 26 Reward: 0.2898
[VLM Debug] Step 56 Reward: 0.2917
[VLM Debug] Step 36 Reward: 0.2910
[VLM Debug] Step 24 Reward: 0.2815
[VLM Debug] Step 28 Reward: 0.2893
[VLM Debug] Step 58 Reward: 0.2910
[VLM Debug] Step 38 Reward: 0.2888
[VLM Debug] Step 26 Reward: 0.2922
[VLM Debug] Step 30 Reward: 0.2891
[VLM Debug] Step 60 Reward: 0.2815
[VLM Debug] Step 40 Reward: 0.2908
[VLM Debug] Step 28 Reward: 0.2900
[VLM Debug] Step 32 Reward: 0.2888
[VLM Debug] Step 62 Reward: 0.2871
[VLM Debug] Step 42 Reward: 0.2927
[VLM Debug] Step 30 Reward: 0.2903
[VLM Debug] Step 34 Reward: 0.2842
[VLM Debug] Step 64 Reward: 0.2847
[VLM Debug] Step 44 Reward: 0.2922
[VLM Debug] Step 32 Reward: 0.2903
[VLM Debug] Step 36 Reward: 0.2847
[VLM Debug] Step 66 Reward: 0.2920
[VLM Debug] Step 46 Reward: 0.2854
[VLM Debug] Step 34 Reward: 0.2903
[VLM Debug] Step 38 Reward: 0.2891
[VLM Debug] Step 68 Reward: 0.2903
[VLM Debug] Step 48 Reward: 0.2856
[VLM Debug] Step 36 Reward: 0.2852
[VLM Debug] Step 40 Reward: 0.2954
[VLM Debug] Step 70 Reward: 0.2915
[VLM Debug] Step 50 Reward: 0.2898
[VLM Debug] Step 38 Reward: 0.2871
[VLM Debug] Step 42 Reward: 0.2917
[VLM Debug] Step 72 Reward: 0.2917
[VLM Debug] Step 52 Reward: 0.2900
[VLM Debug] Step 40 Reward: 0.2842
[VLM Debug] Step 44 Reward: 0.2913
[VLM Debug] Step 74 Reward: 0.2905
[VLM Debug] Step 54 Reward: 0.2917
[VLM Debug] Step 42 Reward: 0.2871
[VLM Debug] Step 46 Reward: 0.2871
[VLM Debug] Step 76 Reward: 0.2942
[VLM Debug] Step 56 Reward: 0.2876
[VLM Debug] Step 44 Reward: 0.2947
[VLM Debug] Step 48 Reward: 0.2932
[VLM Debug] Step 78 Reward: 0.2878
[VLM Debug] Step 58 Reward: 0.2925
global_step=22372, episodic_return=22.442
[VLM Debug] Step 46 Reward: 0.2927
[VLM Debug] Reset Reward Calculated: 0.2808
[VLM Debug] Step 50 Reward: 0.2837
[VLM Debug] Step 60 Reward: 0.2922
[VLM Debug] Step 48 Reward: 0.2939
[VLM Debug] Step 2 Reward: 0.2808
[VLM Debug] Step 52 Reward: 0.2917
[VLM Debug] Step 62 Reward: 0.2903
[VLM Debug] Step 50 Reward: 0.2866
[VLM Debug] Step 4 Reward: 0.2751
[VLM Debug] Step 54 Reward: 0.2820
[VLM Debug] Step 64 Reward: 0.2791
[VLM Debug] Step 52 Reward: 0.2803
[VLM Debug] Step 6 Reward: 0.2659
[VLM Debug] Step 56 Reward: 0.2942
[VLM Debug] Step 66 Reward: 0.2832
[VLM Debug] Step 54 Reward: 0.2913
[VLM Debug] Step 8 Reward: 0.2659
[VLM Debug] Step 58 Reward: 0.2856
[VLM Debug] Step 68 Reward: 0.2881
[VLM Debug] Step 56 Reward: 0.2773
[VLM Debug] Step 10 Reward: 0.2737
[VLM Debug] Step 60 Reward: 0.2827
[VLM Debug] Step 70 Reward: 0.2878
[VLM Debug] Step 58 Reward: 0.2876
[VLM Debug] Step 12 Reward: 0.2737
[VLM Debug] Step 62 Reward: 0.2874
[VLM Debug] Step 72 Reward: 0.2881
[VLM Debug] Step 60 Reward: 0.2922
[VLM Debug] Step 14 Reward: 0.2646
[VLM Debug] Step 64 Reward: 0.2937
[VLM Debug] Step 74 Reward: 0.2932
[VLM Debug] Step 62 Reward: 0.2798
[VLM Debug] Step 16 Reward: 0.2646
[VLM Debug] Step 66 Reward: 0.2915
[VLM Debug] Step 76 Reward: 0.2878
[VLM Debug] Step 64 Reward: 0.2905
[VLM Debug] Step 18 Reward: 0.2749
[VLM Debug] Step 68 Reward: 0.2900
[VLM Debug] Step 78 Reward: 0.2942
[VLM Debug] Step 66 Reward: 0.2883
[VLM Debug] Step 20 Reward: 0.2798
[VLM Debug] Step 70 Reward: 0.2917
global_step=22456, episodic_return=22.586
[VLM Debug] Reset Reward Calculated: 0.2793
[VLM Debug] Step 68 Reward: 0.2800
[VLM Debug] Step 22 Reward: 0.2798
[VLM Debug] Step 72 Reward: 0.2910
[VLM Debug] Step 2 Reward: 0.2793
[VLM Debug] Step 70 Reward: 0.2891
[VLM Debug] Step 24 Reward: 0.2793
[VLM Debug] Step 74 Reward: 0.2922
[VLM Debug] Step 4 Reward: 0.2805
global_step=22476, episodic_return=21.642
[VLM Debug] Step 72 Reward: 0.2913
[VLM Debug] Step 26 Reward: 0.2776
[VLM Debug] Reset Reward Calculated: 0.2849
[VLM Debug] Step 6 Reward: 0.2788
[VLM Debug] Step 74 Reward: 0.2920
[VLM Debug] Step 28 Reward: 0.2795
[VLM Debug] Step 2 Reward: 0.2825
[VLM Debug] Step 8 Reward: 0.2798
[VLM Debug] Step 76 Reward: 0.2930
[VLM Debug] Step 30 Reward: 0.2798
[VLM Debug] Step 4 Reward: 0.2864
[VLM Debug] Step 10 Reward: 0.2798
[VLM Debug] Step 78 Reward: 0.2957
[VLM Debug] Step 32 Reward: 0.2798
[VLM Debug] Step 6 Reward: 0.2861
[VLM Debug] Step 12 Reward: 0.2788
[VLM Debug] Step 80 Reward: 0.2932
[VLM Debug] Step 34 Reward: 0.2803
[VLM Debug] Step 8 Reward: 0.2874
[VLM Debug] Step 14 Reward: 0.2795
[VLM Debug] Step 82 Reward: 0.2910
[VLM Debug] Step 36 Reward: 0.2812
[VLM Debug] Step 10 Reward: 0.2883
[VLM Debug] Step 16 Reward: 0.2815
[VLM Debug] Step 84 Reward: 0.2883
[VLM Debug] Step 38 Reward: 0.2795
[VLM Debug] Step 12 Reward: 0.2854
SPS: 172
[VLM Debug] Step 18 Reward: 0.2798
[VLM Debug] Step 86 Reward: 0.2920
[VLM Debug] Step 40 Reward: 0.2795
[VLM Debug] Step 14 Reward: 0.2869
[VLM Debug] Step 20 Reward: 0.2751
[VLM Debug] Step 88 Reward: 0.2832
[VLM Debug] Step 42 Reward: 0.2825
[VLM Debug] Step 16 Reward: 0.2910
[VLM Debug] Step 22 Reward: 0.2852
global_step=22548, episodic_return=25.434
[VLM Debug] Reset Reward Calculated: 0.2820
[VLM Debug] Step 44 Reward: 0.2795
[VLM Debug] Step 18 Reward: 0.2910
[VLM Debug] Step 24 Reward: 0.2788
[VLM Debug] Step 2 Reward: 0.2805
[VLM Debug] Step 46 Reward: 0.2786
[VLM Debug] Step 20 Reward: 0.2893
[VLM Debug] Step 26 Reward: 0.2803
[VLM Debug] Step 4 Reward: 0.2805
[VLM Debug] Step 48 Reward: 0.2795
[VLM Debug] Step 22 Reward: 0.2881
[VLM Debug] Step 28 Reward: 0.2795
[VLM Debug] Step 6 Reward: 0.2805
[VLM Debug] Step 50 Reward: 0.2805
[VLM Debug] Step 24 Reward: 0.2830
[VLM Debug] Step 30 Reward: 0.2795
[VLM Debug] Step 8 Reward: 0.2805
[VLM Debug] Step 52 Reward: 0.2776
[VLM Debug] Step 26 Reward: 0.2830
[VLM Debug] Step 32 Reward: 0.2832
[VLM Debug] Step 10 Reward: 0.2805
[VLM Debug] Step 54 Reward: 0.2795
[VLM Debug] Step 28 Reward: 0.2893
[VLM Debug] Step 34 Reward: 0.2832
[VLM Debug] Step 12 Reward: 0.2764
[VLM Debug] Step 56 Reward: 0.2817
[VLM Debug] Step 30 Reward: 0.2881
[VLM Debug] Step 36 Reward: 0.2795
[VLM Debug] Step 14 Reward: 0.2764
[VLM Debug] Step 58 Reward: 0.2778
[VLM Debug] Step 32 Reward: 0.2886
[VLM Debug] Step 38 Reward: 0.2795
[VLM Debug] Step 16 Reward: 0.2764
[VLM Debug] Step 60 Reward: 0.2830
[VLM Debug] Step 34 Reward: 0.2927
[VLM Debug] Step 40 Reward: 0.2888
[VLM Debug] Step 18 Reward: 0.2798
[VLM Debug] Step 62 Reward: 0.2869
[VLM Debug] Step 36 Reward: 0.2922
[VLM Debug] Step 42 Reward: 0.2737
[VLM Debug] Step 20 Reward: 0.2847
[VLM Debug] Step 64 Reward: 0.2903
[VLM Debug] Step 38 Reward: 0.2905
[VLM Debug] Step 44 Reward: 0.2808
[VLM Debug] Step 22 Reward: 0.2815
[VLM Debug] Step 66 Reward: 0.2891
[VLM Debug] Step 40 Reward: 0.2908
[VLM Debug] Step 46 Reward: 0.2751
[VLM Debug] Step 24 Reward: 0.2815
[VLM Debug] Step 68 Reward: 0.2910
[VLM Debug] Step 42 Reward: 0.2937
[VLM Debug] Step 48 Reward: 0.2751
[VLM Debug] Step 26 Reward: 0.2876
[VLM Debug] Step 70 Reward: 0.2888
[VLM Debug] Step 44 Reward: 0.2881
[VLM Debug] Step 50 Reward: 0.2659
[VLM Debug] Step 28 Reward: 0.2891
[VLM Debug] Step 72 Reward: 0.2837
[VLM Debug] Step 46 Reward: 0.2871
[VLM Debug] Step 52 Reward: 0.2751
[VLM Debug] Step 30 Reward: 0.2874
[VLM Debug] Step 74 Reward: 0.2859
[VLM Debug] Step 48 Reward: 0.2896
[VLM Debug] Step 54 Reward: 0.2751
[VLM Debug] Step 32 Reward: 0.2874
[VLM Debug] Step 76 Reward: 0.2993
[VLM Debug] Step 50 Reward: 0.2866
[VLM Debug] Step 56 Reward: 0.2646
[VLM Debug] Step 34 Reward: 0.2837
[VLM Debug] Step 78 Reward: 0.2903
[VLM Debug] Step 52 Reward: 0.2788
[VLM Debug] Step 58 Reward: 0.2646
[VLM Debug] Step 36 Reward: 0.2805
[VLM Debug] Step 80 Reward: 0.2854
[VLM Debug] Step 54 Reward: 0.2903
[VLM Debug] Step 60 Reward: 0.2744
[VLM Debug] Step 38 Reward: 0.2839
[VLM Debug] Step 82 Reward: 0.2871
[VLM Debug] Step 56 Reward: 0.2893
[VLM Debug] Step 62 Reward: 0.2791
[VLM Debug] Step 40 Reward: 0.2842
[VLM Debug] Step 84 Reward: 0.2773
[VLM Debug] Step 58 Reward: 0.2815
[VLM Debug] Step 64 Reward: 0.2791
[VLM Debug] Step 42 Reward: 0.2822
[VLM Debug] Step 86 Reward: 0.2910
[VLM Debug] Step 60 Reward: 0.2878
[VLM Debug] Step 66 Reward: 0.2791
[VLM Debug] Step 44 Reward: 0.2861
[VLM Debug] Step 88 Reward: 0.2881
[VLM Debug] Step 62 Reward: 0.2891
[VLM Debug] Step 68 Reward: 0.2817
[VLM Debug] Step 46 Reward: 0.2822
[VLM Debug] Step 90 Reward: 0.2861
[VLM Debug] Step 64 Reward: 0.2822
[VLM Debug] Step 70 Reward: 0.2793
[VLM Debug] Step 48 Reward: 0.2830
[VLM Debug] Step 92 Reward: 0.2861
[VLM Debug] Step 66 Reward: 0.2859
[VLM Debug] Step 72 Reward: 0.2788
[VLM Debug] Step 50 Reward: 0.2776
[VLM Debug] Step 94 Reward: 0.2864
[VLM Debug] Step 68 Reward: 0.2776
[VLM Debug] Step 74 Reward: 0.2788
[VLM Debug] Step 52 Reward: 0.2776
[VLM Debug] Step 96 Reward: 0.2910
[VLM Debug] Step 70 Reward: 0.2856
[VLM Debug] Step 76 Reward: 0.2778
[VLM Debug] Step 54 Reward: 0.2812
[VLM Debug] Step 98 Reward: 0.2896
[VLM Debug] Step 72 Reward: 0.2761
[VLM Debug] Step 78 Reward: 0.2820
[VLM Debug] Step 56 Reward: 0.2842
[VLM Debug] Step 100 Reward: 0.2903
[VLM Debug] Step 74 Reward: 0.2771
[VLM Debug] Step 80 Reward: 0.2820
[VLM Debug] Step 58 Reward: 0.2927
[VLM Debug] Step 102 Reward: 0.2908
[VLM Debug] Step 76 Reward: 0.2671
[VLM Debug] Step 82 Reward: 0.2842
[VLM Debug] Step 60 Reward: 0.2898
[VLM Debug] Step 104 Reward: 0.2886
[VLM Debug] Step 78 Reward: 0.2771
[VLM Debug] Step 84 Reward: 0.2832
[VLM Debug] Step 62 Reward: 0.2893
[VLM Debug] Step 106 Reward: 0.2905
[VLM Debug] Step 80 Reward: 0.2827
global_step=22800, episodic_return=29.889
[VLM Debug] Reset Reward Calculated: 0.2839
[VLM Debug] Step 86 Reward: 0.2812
[VLM Debug] Step 64 Reward: 0.2905
[VLM Debug] Step 82 Reward: 0.2854
[VLM Debug] Step 2 Reward: 0.2788
[VLM Debug] Step 88 Reward: 0.2812
[VLM Debug] Step 66 Reward: 0.2844
[VLM Debug] Step 84 Reward: 0.2883
[VLM Debug] Step 4 Reward: 0.2810
[VLM Debug] Step 90 Reward: 0.2805
[VLM Debug] Step 68 Reward: 0.2844
[VLM Debug] Step 86 Reward: 0.2761
[VLM Debug] Step 6 Reward: 0.2822
[VLM Debug] Step 92 Reward: 0.2822
[VLM Debug] Step 70 Reward: 0.2944
[VLM Debug] Step 88 Reward: 0.2861
[VLM Debug] Step 8 Reward: 0.2788
[VLM Debug] Step 94 Reward: 0.2839
[VLM Debug] Step 72 Reward: 0.2966
[VLM Debug] Step 90 Reward: 0.2944
[VLM Debug] Step 10 Reward: 0.2788
[VLM Debug] Step 96 Reward: 0.2854
[VLM Debug] Step 74 Reward: 0.2861
[VLM Debug] Step 92 Reward: 0.2949
[VLM Debug] Step 12 Reward: 0.2839
[VLM Debug] Step 98 Reward: 0.2827
[VLM Debug] Step 76 Reward: 0.2837
[VLM Debug] Step 94 Reward: 0.2971
[VLM Debug] Step 14 Reward: 0.2832
[VLM Debug] Step 100 Reward: 0.2852
[VLM Debug] Step 78 Reward: 0.2913
[VLM Debug] Step 96 Reward: 0.2952
[VLM Debug] Step 16 Reward: 0.2864
[VLM Debug] Step 102 Reward: 0.2815
[VLM Debug] Step 80 Reward: 0.2705
[VLM Debug] Step 98 Reward: 0.2883
[VLM Debug] Step 18 Reward: 0.2864
[VLM Debug] Step 104 Reward: 0.2800
[VLM Debug] Step 82 Reward: 0.2896
[VLM Debug] Step 100 Reward: 0.2939
[VLM Debug] Step 20 Reward: 0.2817
[VLM Debug] Step 106 Reward: 0.2827
[VLM Debug] Step 84 Reward: 0.2932
[VLM Debug] Step 102 Reward: 0.2976
[VLM Debug] Step 22 Reward: 0.2832
[VLM Debug] Step 108 Reward: 0.2751
[VLM Debug] Step 86 Reward: 0.2917
[VLM Debug] Step 104 Reward: 0.2937
[VLM Debug] Step 24 Reward: 0.2854
[VLM Debug] Step 110 Reward: 0.2859
[VLM Debug] Step 88 Reward: 0.2893
[VLM Debug] Step 106 Reward: 0.2966
global_step=22904, episodic_return=30.432
[VLM Debug] Step 26 Reward: 0.2805
[VLM Debug] Reset Reward Calculated: 0.2791
[VLM Debug] Step 112 Reward: 0.2793
[VLM Debug] Step 90 Reward: 0.2893
[VLM Debug] Step 28 Reward: 0.2800
[VLM Debug] Step 2 Reward: 0.2791
[VLM Debug] Step 114 Reward: 0.2844
[VLM Debug] Step 92 Reward: 0.2903
[VLM Debug] Step 30 Reward: 0.2815
[VLM Debug] Step 4 Reward: 0.2800
[VLM Debug] Step 116 Reward: 0.2927
[VLM Debug] Step 94 Reward: 0.2961
[VLM Debug] Step 32 Reward: 0.2891
[VLM Debug] Step 6 Reward: 0.2800
[VLM Debug] Step 118 Reward: 0.2903
[VLM Debug] Step 96 Reward: 0.2917
[VLM Debug] Step 34 Reward: 0.2927
[VLM Debug] Step 8 Reward: 0.2803
[VLM Debug] Step 120 Reward: 0.2888
[VLM Debug] Step 98 Reward: 0.2915
[VLM Debug] Step 36 Reward: 0.2913
[VLM Debug] Step 10 Reward: 0.2778
[VLM Debug] Step 122 Reward: 0.2893
[VLM Debug] Step 100 Reward: 0.2913
[VLM Debug] Step 38 Reward: 0.2908
[VLM Debug] Step 12 Reward: 0.2778
[VLM Debug] Step 124 Reward: 0.2832
global_step=22956, episodic_return=28.812
[VLM Debug] Reset Reward Calculated: 0.2825
[VLM Debug] Step 40 Reward: 0.2903
[VLM Debug] Step 14 Reward: 0.2856
[VLM Debug] Step 126 Reward: 0.2825
[VLM Debug] Step 2 Reward: 0.2847
[VLM Debug] Step 42 Reward: 0.2903
[VLM Debug] Step 16 Reward: 0.2830
[VLM Debug] Step 128 Reward: 0.2859
[VLM Debug] Step 4 Reward: 0.2825
[VLM Debug] Step 44 Reward: 0.2910
[VLM Debug] Step 18 Reward: 0.2856
[VLM Debug] Step 130 Reward: 0.2966
[VLM Debug] Step 6 Reward: 0.2825
[VLM Debug] Step 46 Reward: 0.2920
[VLM Debug] Step 20 Reward: 0.2803
[VLM Debug] Step 132 Reward: 0.2939
[VLM Debug] Step 8 Reward: 0.2815
[VLM Debug] Step 48 Reward: 0.2903
[VLM Debug] Step 22 Reward: 0.2817
[VLM Debug] Step 134 Reward: 0.2876
[VLM Debug] Step 10 Reward: 0.2876
[VLM Debug] Step 50 Reward: 0.2849
[VLM Debug] Step 24 Reward: 0.2798
[VLM Debug] Step 136 Reward: 0.2864
[VLM Debug] Step 12 Reward: 0.2844
[VLM Debug] Step 52 Reward: 0.2905
[VLM Debug] Step 26 Reward: 0.2800
[VLM Debug] Step 138 Reward: 0.2815
[VLM Debug] Step 14 Reward: 0.2844
[VLM Debug] Step 54 Reward: 0.2942
[VLM Debug] Step 28 Reward: 0.2825
[VLM Debug] Step 140 Reward: 0.2800
[VLM Debug] Step 16 Reward: 0.2842
[VLM Debug] Step 56 Reward: 0.2891
[VLM Debug] Step 30 Reward: 0.2788
[VLM Debug] Step 142 Reward: 0.2886
[VLM Debug] Step 18 Reward: 0.2842
[VLM Debug] Step 58 Reward: 0.2915
[VLM Debug] Step 32 Reward: 0.2751
[VLM Debug] Step 144 Reward: 0.2839
[VLM Debug] Step 20 Reward: 0.2842
SPS: 173
[VLM Debug] Step 60 Reward: 0.2939
[VLM Debug] Step 34 Reward: 0.2832
[VLM Debug] Step 146 Reward: 0.2881
[VLM Debug] Step 22 Reward: 0.2812
[VLM Debug] Step 62 Reward: 0.2925
[VLM Debug] Step 36 Reward: 0.2793
[VLM Debug] Step 148 Reward: 0.2883
[VLM Debug] Step 24 Reward: 0.2817
[VLM Debug] Step 64 Reward: 0.2849
[VLM Debug] Step 38 Reward: 0.2817
[VLM Debug] Step 150 Reward: 0.2927
[VLM Debug] Step 26 Reward: 0.2856
[VLM Debug] Step 66 Reward: 0.2969
[VLM Debug] Step 40 Reward: 0.2864
[VLM Debug] Step 152 Reward: 0.2917
[VLM Debug] Step 28 Reward: 0.2834
[VLM Debug] Step 68 Reward: 0.2908
[VLM Debug] Step 42 Reward: 0.2908
[VLM Debug] Step 154 Reward: 0.2969
[VLM Debug] Step 30 Reward: 0.2815
[VLM Debug] Step 70 Reward: 0.2908
[VLM Debug] Step 44 Reward: 0.2876
[VLM Debug] Step 156 Reward: 0.2886
[VLM Debug] Step 32 Reward: 0.2769
[VLM Debug] Step 72 Reward: 0.2739
[VLM Debug] Step 46 Reward: 0.2903
[VLM Debug] Step 158 Reward: 0.2893
[VLM Debug] Step 34 Reward: 0.2798
[VLM Debug] Step 74 Reward: 0.2849
[VLM Debug] Step 48 Reward: 0.2886
[VLM Debug] Step 160 Reward: 0.2925
[VLM Debug] Step 36 Reward: 0.2820
[VLM Debug] Step 76 Reward: 0.2871
[VLM Debug] Step 50 Reward: 0.2822
[VLM Debug] Step 162 Reward: 0.2949
[VLM Debug] Step 38 Reward: 0.2805
[VLM Debug] Step 78 Reward: 0.2871
[VLM Debug] Step 52 Reward: 0.2878
[VLM Debug] Step 164 Reward: 0.2920
[VLM Debug] Step 40 Reward: 0.2803
[VLM Debug] Step 80 Reward: 0.2886
[VLM Debug] Step 54 Reward: 0.2957
[VLM Debug] Step 166 Reward: 0.2939
[VLM Debug] Step 42 Reward: 0.2800
[VLM Debug] Step 82 Reward: 0.2910
[VLM Debug] Step 56 Reward: 0.2910
[VLM Debug] Step 168 Reward: 0.2910
[VLM Debug] Step 44 Reward: 0.2844
global_step=23136, episodic_return=47.765
[VLM Debug] Step 84 Reward: 0.2922
[VLM Debug] Step 58 Reward: 0.2783
[VLM Debug] Reset Reward Calculated: 0.2754
[VLM Debug] Step 46 Reward: 0.2925
[VLM Debug] Step 86 Reward: 0.2971
[VLM Debug] Step 60 Reward: 0.2859
[VLM Debug] Step 2 Reward: 0.2761
[VLM Debug] Step 48 Reward: 0.2893
[VLM Debug] Step 88 Reward: 0.2944
[VLM Debug] Step 62 Reward: 0.2842
[VLM Debug] Step 4 Reward: 0.2761
global_step=23156, episodic_return=25.281
[VLM Debug] Step 50 Reward: 0.2898
[VLM Debug] Reset Reward Calculated: 0.2815
[VLM Debug] Step 64 Reward: 0.2800
[VLM Debug] Step 6 Reward: 0.2800
[VLM Debug] Step 52 Reward: 0.2910
[VLM Debug] Step 2 Reward: 0.2815
[VLM Debug] Step 66 Reward: 0.2886
[VLM Debug] Step 8 Reward: 0.2800
[VLM Debug] Step 54 Reward: 0.2932
[VLM Debug] Step 4 Reward: 0.2817
[VLM Debug] Step 68 Reward: 0.2898
[VLM Debug] Step 10 Reward: 0.2810
[VLM Debug] Step 56 Reward: 0.2893
[VLM Debug] Step 6 Reward: 0.2815
[VLM Debug] Step 70 Reward: 0.2847
[VLM Debug] Step 12 Reward: 0.2810
[VLM Debug] Step 58 Reward: 0.2837
[VLM Debug] Step 8 Reward: 0.2815
[VLM Debug] Step 72 Reward: 0.2839
[VLM Debug] Step 14 Reward: 0.2820
[VLM Debug] Step 60 Reward: 0.2893
[VLM Debug] Step 10 Reward: 0.2815
[VLM Debug] Step 74 Reward: 0.2898
[VLM Debug] Step 16 Reward: 0.2808
[VLM Debug] Step 62 Reward: 0.2935
[VLM Debug] Step 12 Reward: 0.2793
[VLM Debug] Step 76 Reward: 0.2939
[VLM Debug] Step 18 Reward: 0.2839
[VLM Debug] Step 64 Reward: 0.2896
[VLM Debug] Step 14 Reward: 0.2793
[VLM Debug] Step 78 Reward: 0.2966
[VLM Debug] Step 20 Reward: 0.2827
[VLM Debug] Step 66 Reward: 0.2871
[VLM Debug] Step 16 Reward: 0.2800
[VLM Debug] Step 80 Reward: 0.2874
[VLM Debug] Step 22 Reward: 0.2852
[VLM Debug] Step 68 Reward: 0.2900
[VLM Debug] Step 18 Reward: 0.2798
[VLM Debug] Step 82 Reward: 0.2917
[VLM Debug] Step 24 Reward: 0.2876
[VLM Debug] Step 70 Reward: 0.2883
[VLM Debug] Step 20 Reward: 0.2805
[VLM Debug] Step 84 Reward: 0.2915
[VLM Debug] Step 26 Reward: 0.2898
[VLM Debug] Step 72 Reward: 0.2891
[VLM Debug] Step 22 Reward: 0.2830
global_step=23248, episodic_return=24.196
[VLM Debug] Reset Reward Calculated: 0.2817
[VLM Debug] Step 28 Reward: 0.2888
[VLM Debug] Step 74 Reward: 0.2866
[VLM Debug] Step 24 Reward: 0.2810
[VLM Debug] Step 2 Reward: 0.2812
[VLM Debug] Step 30 Reward: 0.2871
[VLM Debug] Step 76 Reward: 0.2847
[VLM Debug] Step 26 Reward: 0.2791
[VLM Debug] Step 4 Reward: 0.2832
[VLM Debug] Step 32 Reward: 0.2871
[VLM Debug] Step 78 Reward: 0.2871
[VLM Debug] Step 28 Reward: 0.2812
[VLM Debug] Step 6 Reward: 0.2839
[VLM Debug] Step 34 Reward: 0.2898
[VLM Debug] Step 80 Reward: 0.2891
[VLM Debug] Step 30 Reward: 0.2832
[VLM Debug] Step 8 Reward: 0.2820
[VLM Debug] Step 36 Reward: 0.2891
[VLM Debug] Step 82 Reward: 0.2888
[VLM Debug] Step 32 Reward: 0.2800
[VLM Debug] Step 10 Reward: 0.2808
[VLM Debug] Step 38 Reward: 0.2893
[VLM Debug] Step 84 Reward: 0.2856
[VLM Debug] Step 34 Reward: 0.2910
[VLM Debug] Step 12 Reward: 0.2827
[VLM Debug] Step 40 Reward: 0.2869
[VLM Debug] Step 86 Reward: 0.2917
[VLM Debug] Step 36 Reward: 0.2883
[VLM Debug] Step 14 Reward: 0.2788
[VLM Debug] Step 42 Reward: 0.2844
[VLM Debug] Step 88 Reward: 0.2905
[VLM Debug] Step 38 Reward: 0.2883
[VLM Debug] Step 16 Reward: 0.2788
[VLM Debug] Step 44 Reward: 0.2834
[VLM Debug] Step 90 Reward: 0.2881
[VLM Debug] Step 40 Reward: 0.2903
[VLM Debug] Step 18 Reward: 0.2820
[VLM Debug] Step 46 Reward: 0.2859
global_step=23324, episodic_return=26.013
[VLM Debug] Reset Reward Calculated: 0.2771
[VLM Debug] Step 42 Reward: 0.2896
[VLM Debug] Step 20 Reward: 0.2864
[VLM Debug] Step 48 Reward: 0.2937
[VLM Debug] Step 2 Reward: 0.2773
[VLM Debug] Step 44 Reward: 0.2920
[VLM Debug] Step 22 Reward: 0.2864
[VLM Debug] Step 50 Reward: 0.2930
[VLM Debug] Step 4 Reward: 0.2815
[VLM Debug] Step 46 Reward: 0.2898
[VLM Debug] Step 24 Reward: 0.2864
[VLM Debug] Step 52 Reward: 0.2905
[VLM Debug] Step 6 Reward: 0.2773
[VLM Debug] Step 48 Reward: 0.2871
[VLM Debug] Step 26 Reward: 0.2849
[VLM Debug] Step 54 Reward: 0.2810
[VLM Debug] Step 8 Reward: 0.2773
[VLM Debug] Step 50 Reward: 0.2930
[VLM Debug] Step 28 Reward: 0.2832
[VLM Debug] Step 56 Reward: 0.2852
[VLM Debug] Step 10 Reward: 0.2803
[VLM Debug] Step 52 Reward: 0.2917
[VLM Debug] Step 30 Reward: 0.2817
[VLM Debug] Step 58 Reward: 0.2830
[VLM Debug] Step 12 Reward: 0.2783
[VLM Debug] Step 54 Reward: 0.2959
[VLM Debug] Step 32 Reward: 0.2844
[VLM Debug] Step 60 Reward: 0.2598
[VLM Debug] Step 14 Reward: 0.2756
[VLM Debug] Step 56 Reward: 0.2954
[VLM Debug] Step 34 Reward: 0.2864
[VLM Debug] Step 62 Reward: 0.2896
[VLM Debug] Step 16 Reward: 0.2778
[VLM Debug] Step 58 Reward: 0.2935
[VLM Debug] Step 36 Reward: 0.2898
[VLM Debug] Step 64 Reward: 0.2898
[VLM Debug] Step 18 Reward: 0.2795
[VLM Debug] Step 60 Reward: 0.2927
[VLM Debug] Step 38 Reward: 0.2893
[VLM Debug] Step 66 Reward: 0.2947
[VLM Debug] Step 20 Reward: 0.2783
[VLM Debug] Step 62 Reward: 0.2974
[VLM Debug] Step 40 Reward: 0.2888
[VLM Debug] Step 68 Reward: 0.2878
[VLM Debug] Step 22 Reward: 0.2815
[VLM Debug] Step 64 Reward: 0.2925
[VLM Debug] Step 42 Reward: 0.2886
[VLM Debug] Step 70 Reward: 0.2839
[VLM Debug] Step 24 Reward: 0.2812
[VLM Debug] Step 66 Reward: 0.2849
[VLM Debug] Step 44 Reward: 0.2908
[VLM Debug] Step 72 Reward: 0.2891
[VLM Debug] Step 26 Reward: 0.2832
[VLM Debug] Step 68 Reward: 0.2854
[VLM Debug] Step 46 Reward: 0.2874
[VLM Debug] Step 74 Reward: 0.2891
[VLM Debug] Step 28 Reward: 0.2795
[VLM Debug] Step 70 Reward: 0.2876
[VLM Debug] Step 48 Reward: 0.2898
[VLM Debug] Step 76 Reward: 0.2944
[VLM Debug] Step 30 Reward: 0.2874
[VLM Debug] Step 72 Reward: 0.2893
[VLM Debug] Step 50 Reward: 0.2927
[VLM Debug] Step 78 Reward: 0.2937
[VLM Debug] Step 32 Reward: 0.2903
[VLM Debug] Step 74 Reward: 0.2942
[VLM Debug] Step 52 Reward: 0.2920
[VLM Debug] Step 80 Reward: 0.2900
[VLM Debug] Step 34 Reward: 0.2883
[VLM Debug] Step 76 Reward: 0.2881
[VLM Debug] Step 54 Reward: 0.2900
[VLM Debug] Step 82 Reward: 0.2908
[VLM Debug] Step 36 Reward: 0.2898
[VLM Debug] Step 78 Reward: 0.2937
[VLM Debug] Step 56 Reward: 0.2834
[VLM Debug] Step 84 Reward: 0.2898
[VLM Debug] Step 38 Reward: 0.2898
[VLM Debug] Step 80 Reward: 0.2910
global_step=23480, episodic_return=22.944
[VLM Debug] Reset Reward Calculated: 0.2849
[VLM Debug] Step 58 Reward: 0.2849
[VLM Debug] Step 86 Reward: 0.2957
global_step=23484, episodic_return=24.585
[VLM Debug] Step 40 Reward: 0.2915
[VLM Debug] Reset Reward Calculated: 0.2852
[VLM Debug] Step 2 Reward: 0.2822
[VLM Debug] Step 60 Reward: 0.2888
[VLM Debug] Step 42 Reward: 0.2886
[VLM Debug] Step 2 Reward: 0.2849
[VLM Debug] Step 4 Reward: 0.2847
[VLM Debug] Step 62 Reward: 0.2979
[VLM Debug] Step 44 Reward: 0.2844
[VLM Debug] Step 4 Reward: 0.2781
[VLM Debug] Step 6 Reward: 0.2825
[VLM Debug] Step 64 Reward: 0.2905
[VLM Debug] Step 46 Reward: 0.2856
[VLM Debug] Step 6 Reward: 0.2788
[VLM Debug] Step 8 Reward: 0.2822
[VLM Debug] Step 66 Reward: 0.2886
[VLM Debug] Step 48 Reward: 0.2888
[VLM Debug] Step 8 Reward: 0.2832
[VLM Debug] Step 10 Reward: 0.2834
[VLM Debug] Step 68 Reward: 0.2939
[VLM Debug] Step 50 Reward: 0.2993
[VLM Debug] Step 10 Reward: 0.2820
[VLM Debug] Step 12 Reward: 0.2812
[VLM Debug] Step 70 Reward: 0.2893
[VLM Debug] Step 52 Reward: 0.2903
[VLM Debug] Step 12 Reward: 0.2864
[VLM Debug] Step 14 Reward: 0.2847
[VLM Debug] Step 72 Reward: 0.2852
[VLM Debug] Step 54 Reward: 0.2876
[VLM Debug] Step 14 Reward: 0.2859
[VLM Debug] Step 16 Reward: 0.2864
[VLM Debug] Step 74 Reward: 0.2908
[VLM Debug] Step 56 Reward: 0.2839
[VLM Debug] Step 16 Reward: 0.2854
SPS: 173
[VLM Debug] Step 18 Reward: 0.2844
[VLM Debug] Step 76 Reward: 0.2876
[VLM Debug] Step 58 Reward: 0.2903
[VLM Debug] Step 18 Reward: 0.2844
[VLM Debug] Step 20 Reward: 0.2856
[VLM Debug] Step 78 Reward: 0.2881
[VLM Debug] Step 60 Reward: 0.2727
[VLM Debug] Step 20 Reward: 0.2844
[VLM Debug] Step 22 Reward: 0.2859
[VLM Debug] Step 80 Reward: 0.2881
[VLM Debug] Step 62 Reward: 0.2947
[VLM Debug] Step 22 Reward: 0.2866
[VLM Debug] Step 24 Reward: 0.2864
[VLM Debug] Step 82 Reward: 0.2927
[VLM Debug] Step 64 Reward: 0.2815
[VLM Debug] Step 24 Reward: 0.2888
[VLM Debug] Step 26 Reward: 0.2854
[VLM Debug] Step 84 Reward: 0.2966
[VLM Debug] Step 66 Reward: 0.2878
[VLM Debug] Step 26 Reward: 0.2891
[VLM Debug] Step 28 Reward: 0.2842
[VLM Debug] Step 86 Reward: 0.2871
[VLM Debug] Step 68 Reward: 0.2874
[VLM Debug] Step 28 Reward: 0.2871
[VLM Debug] Step 30 Reward: 0.2874
[VLM Debug] Step 88 Reward: 0.2922
[VLM Debug] Step 70 Reward: 0.2874
[VLM Debug] Step 30 Reward: 0.2881
[VLM Debug] Step 32 Reward: 0.2893
[VLM Debug] Step 90 Reward: 0.2942
global_step=23612, episodic_return=25.852
[VLM Debug] Step 72 Reward: 0.2903
[VLM Debug] Reset Reward Calculated: 0.2798
[VLM Debug] Step 32 Reward: 0.2898
[VLM Debug] Step 34 Reward: 0.2893
[VLM Debug] Step 74 Reward: 0.2954
[VLM Debug] Step 2 Reward: 0.2803
[VLM Debug] Step 34 Reward: 0.2891
[VLM Debug] Step 36 Reward: 0.2876
[VLM Debug] Step 76 Reward: 0.2898
[VLM Debug] Step 4 Reward: 0.2759
[VLM Debug] Step 36 Reward: 0.2839
[VLM Debug] Step 38 Reward: 0.2830
[VLM Debug] Step 78 Reward: 0.2905
[VLM Debug] Step 6 Reward: 0.2803
[VLM Debug] Step 38 Reward: 0.2878
[VLM Debug] Step 40 Reward: 0.2834
[VLM Debug] Step 80 Reward: 0.2896
[VLM Debug] Step 8 Reward: 0.2803
[VLM Debug] Step 40 Reward: 0.2844
[VLM Debug] Step 42 Reward: 0.2876
[VLM Debug] Step 82 Reward: 0.2944
[VLM Debug] Step 10 Reward: 0.2773
[VLM Debug] Step 42 Reward: 0.2827
[VLM Debug] Step 44 Reward: 0.2871
[VLM Debug] Step 84 Reward: 0.2954
[VLM Debug] Step 12 Reward: 0.2825
[VLM Debug] Step 44 Reward: 0.2866
[VLM Debug] Step 46 Reward: 0.2869
global_step=23668, episodic_return=24.281
[VLM Debug] Reset Reward Calculated: 0.2800
[VLM Debug] Step 14 Reward: 0.2847
[VLM Debug] Step 46 Reward: 0.2959
[VLM Debug] Step 48 Reward: 0.2917
[VLM Debug] Step 2 Reward: 0.2800
[VLM Debug] Step 16 Reward: 0.2825
[VLM Debug] Step 48 Reward: 0.2908
[VLM Debug] Step 50 Reward: 0.2910
[VLM Debug] Step 4 Reward: 0.2732
[VLM Debug] Step 18 Reward: 0.2839
[VLM Debug] Step 50 Reward: 0.2869
[VLM Debug] Step 52 Reward: 0.2954
[VLM Debug] Step 6 Reward: 0.2791
[VLM Debug] Step 20 Reward: 0.2856
[VLM Debug] Step 52 Reward: 0.2773
[VLM Debug] Step 54 Reward: 0.2949
[VLM Debug] Step 8 Reward: 0.2793
[VLM Debug] Step 22 Reward: 0.2881
[VLM Debug] Step 54 Reward: 0.2891
[VLM Debug] Step 56 Reward: 0.2930
[VLM Debug] Step 10 Reward: 0.2793
[VLM Debug] Step 24 Reward: 0.2881
[VLM Debug] Step 56 Reward: 0.2910
[VLM Debug] Step 58 Reward: 0.2925
[VLM Debug] Step 12 Reward: 0.2812
[VLM Debug] Step 26 Reward: 0.2881
[VLM Debug] Step 58 Reward: 0.2883
[VLM Debug] Step 60 Reward: 0.2891
[VLM Debug] Step 14 Reward: 0.2808
[VLM Debug] Step 28 Reward: 0.2881
[VLM Debug] Step 60 Reward: 0.2896
[VLM Debug] Step 62 Reward: 0.2866
[VLM Debug] Step 16 Reward: 0.2812
[VLM Debug] Step 30 Reward: 0.2849
[VLM Debug] Step 62 Reward: 0.2935
[VLM Debug] Step 64 Reward: 0.2903
[VLM Debug] Step 18 Reward: 0.2808
[VLM Debug] Step 32 Reward: 0.2891
[VLM Debug] Step 64 Reward: 0.2925
[VLM Debug] Step 66 Reward: 0.2900
[VLM Debug] Step 20 Reward: 0.2808
[VLM Debug] Step 34 Reward: 0.2876
[VLM Debug] Step 66 Reward: 0.2966
[VLM Debug] Step 68 Reward: 0.2915
[VLM Debug] Step 22 Reward: 0.2795
[VLM Debug] Step 36 Reward: 0.2876
[VLM Debug] Step 68 Reward: 0.2954
[VLM Debug] Step 70 Reward: 0.2930
[VLM Debug] Step 24 Reward: 0.2795
[VLM Debug] Step 38 Reward: 0.2861
[VLM Debug] Step 70 Reward: 0.2900
[VLM Debug] Step 72 Reward: 0.2883
[VLM Debug] Step 26 Reward: 0.2793
[VLM Debug] Step 40 Reward: 0.2832
[VLM Debug] Step 72 Reward: 0.2871
[VLM Debug] Step 74 Reward: 0.2917
[VLM Debug] Step 28 Reward: 0.2786
[VLM Debug] Step 42 Reward: 0.2817
[VLM Debug] Step 74 Reward: 0.2866
[VLM Debug] Step 76 Reward: 0.2827
[VLM Debug] Step 30 Reward: 0.2793
[VLM Debug] Step 44 Reward: 0.2847
[VLM Debug] Step 76 Reward: 0.2903
[VLM Debug] Step 78 Reward: 0.2886
[VLM Debug] Step 32 Reward: 0.2793
[VLM Debug] Step 46 Reward: 0.2815
[VLM Debug] Step 78 Reward: 0.2878
[VLM Debug] Step 80 Reward: 0.2861
[VLM Debug] Step 34 Reward: 0.2771
[VLM Debug] Step 48 Reward: 0.2795
[VLM Debug] Step 80 Reward: 0.2852
[VLM Debug] Step 82 Reward: 0.2869
[VLM Debug] Step 36 Reward: 0.2756
[VLM Debug] Step 50 Reward: 0.2817
[VLM Debug] Step 82 Reward: 0.2834
[VLM Debug] Step 84 Reward: 0.2778
[VLM Debug] Step 38 Reward: 0.2783
[VLM Debug] Step 52 Reward: 0.2842
[VLM Debug] Step 84 Reward: 0.2881
[VLM Debug] Step 86 Reward: 0.2788
[VLM Debug] Step 40 Reward: 0.2773
[VLM Debug] Step 54 Reward: 0.2910
[VLM Debug] Step 86 Reward: 0.2883
[VLM Debug] Step 88 Reward: 0.2839
[VLM Debug] Step 42 Reward: 0.2854
[VLM Debug] Step 56 Reward: 0.2903
[VLM Debug] Step 88 Reward: 0.2903
[VLM Debug] Step 90 Reward: 0.2842
[VLM Debug] Step 44 Reward: 0.2837
[VLM Debug] Step 58 Reward: 0.2896
[VLM Debug] Step 90 Reward: 0.2898
[VLM Debug] Step 92 Reward: 0.2747
[VLM Debug] Step 46 Reward: 0.2756
[VLM Debug] Step 60 Reward: 0.2869
[VLM Debug] Step 92 Reward: 0.2866
[VLM Debug] Step 94 Reward: 0.2825
[VLM Debug] Step 48 Reward: 0.2888
[VLM Debug] Step 62 Reward: 0.2830
[VLM Debug] Step 94 Reward: 0.2866
[VLM Debug] Step 96 Reward: 0.2749
[VLM Debug] Step 50 Reward: 0.2878
[VLM Debug] Step 64 Reward: 0.2859
[VLM Debug] Step 96 Reward: 0.2949
[VLM Debug] Step 98 Reward: 0.2896
[VLM Debug] Step 52 Reward: 0.2874
[VLM Debug] Step 66 Reward: 0.2966
[VLM Debug] Step 98 Reward: 0.2896
[VLM Debug] Step 100 Reward: 0.2881
[VLM Debug] Step 54 Reward: 0.2891
[VLM Debug] Step 68 Reward: 0.2939
[VLM Debug] Step 100 Reward: 0.2947
[VLM Debug] Step 102 Reward: 0.2842
[VLM Debug] Step 56 Reward: 0.2891
[VLM Debug] Step 70 Reward: 0.2810
[VLM Debug] Step 102 Reward: 0.3003
global_step=23896, episodic_return=29.353
[VLM Debug] Step 104 Reward: 0.2900
[VLM Debug] Reset Reward Calculated: 0.2837
[VLM Debug] Step 58 Reward: 0.2847
[VLM Debug] Step 72 Reward: 0.2900
[VLM Debug] Step 106 Reward: 0.2837
[VLM Debug] Step 2 Reward: 0.2852
[VLM Debug] Step 60 Reward: 0.2874
[VLM Debug] Step 74 Reward: 0.2795
[VLM Debug] Step 108 Reward: 0.2908
[VLM Debug] Step 4 Reward: 0.2756
[VLM Debug] Step 62 Reward: 0.2849
[VLM Debug] Step 76 Reward: 0.2881
[VLM Debug] Step 110 Reward: 0.2983
[VLM Debug] Step 6 Reward: 0.2852
[VLM Debug] Step 64 Reward: 0.2852
[VLM Debug] Step 78 Reward: 0.2927
[VLM Debug] Step 112 Reward: 0.2883
[VLM Debug] Step 8 Reward: 0.2852
[VLM Debug] Step 66 Reward: 0.2937
[VLM Debug] Step 80 Reward: 0.2876
[VLM Debug] Step 114 Reward: 0.2849
[VLM Debug] Step 10 Reward: 0.2864
[VLM Debug] Step 68 Reward: 0.2927
[VLM Debug] Step 82 Reward: 0.2886
[VLM Debug] Step 116 Reward: 0.2937
[VLM Debug] Step 12 Reward: 0.2871
[VLM Debug] Step 70 Reward: 0.2910
[VLM Debug] Step 84 Reward: 0.2903
[VLM Debug] Step 118 Reward: 0.2913
[VLM Debug] Step 14 Reward: 0.2917
[VLM Debug] Step 72 Reward: 0.2827
[VLM Debug] Step 86 Reward: 0.2939
[VLM Debug] Step 120 Reward: 0.2910
[VLM Debug] Step 16 Reward: 0.2900
[VLM Debug] Step 74 Reward: 0.2805
[VLM Debug] Step 88 Reward: 0.2966
[VLM Debug] Step 122 Reward: 0.2966
[VLM Debug] Step 18 Reward: 0.2888
[VLM Debug] Step 76 Reward: 0.2773
[VLM Debug] Step 90 Reward: 0.2908
[VLM Debug] Step 124 Reward: 0.2900
[VLM Debug] Step 20 Reward: 0.2883
[VLM Debug] Step 78 Reward: 0.2776
[VLM Debug] Step 92 Reward: 0.2910
global_step=23984, episodic_return=35.888
[VLM Debug] Reset Reward Calculated: 0.2864
[VLM Debug] Step 22 Reward: 0.2903
[VLM Debug] Step 80 Reward: 0.2908
[VLM Debug] Step 94 Reward: 0.2932
global_step=23992, episodic_return=26.903
[VLM Debug] Step 2 Reward: 0.2827
[VLM Debug] Reset Reward Calculated: 0.2808
[VLM Debug] Step 24 Reward: 0.2898
[VLM Debug] Step 82 Reward: 0.2952
[VLM Debug] Step 4 Reward: 0.2827
[VLM Debug] Step 2 Reward: 0.2798
[VLM Debug] Step 26 Reward: 0.2893
[VLM Debug] Step 84 Reward: 0.2937
[VLM Debug] Step 6 Reward: 0.2756
[VLM Debug] Step 4 Reward: 0.2800
[VLM Debug] Step 28 Reward: 0.2908
[VLM Debug] Step 86 Reward: 0.2878
[VLM Debug] Step 8 Reward: 0.2756
[VLM Debug] Step 6 Reward: 0.2771
[VLM Debug] Step 30 Reward: 0.2893
[VLM Debug] Step 88 Reward: 0.2874
[VLM Debug] Step 10 Reward: 0.2876
[VLM Debug] Step 8 Reward: 0.2791
[VLM Debug] Step 32 Reward: 0.2861
[VLM Debug] Step 90 Reward: 0.2920
[VLM Debug] Step 12 Reward: 0.2864
[VLM Debug] Step 10 Reward: 0.2791
[VLM Debug] Step 34 Reward: 0.2847
[VLM Debug] Step 92 Reward: 0.2939
[VLM Debug] Step 14 Reward: 0.2898
[VLM Debug] Step 12 Reward: 0.2805
[VLM Debug] Step 36 Reward: 0.2847
[VLM Debug] Step 94 Reward: 0.2925
[VLM Debug] Step 16 Reward: 0.2878
[VLM Debug] Step 14 Reward: 0.2759
[VLM Debug] Step 38 Reward: 0.2900
[VLM Debug] Step 96 Reward: 0.2949
[VLM Debug] Step 18 Reward: 0.2883
[VLM Debug] Step 16 Reward: 0.2759
[VLM Debug] Step 40 Reward: 0.2942
[VLM Debug] Step 98 Reward: 0.2998
SPS: 173
[VLM Debug] Step 20 Reward: 0.2903
[VLM Debug] Step 18 Reward: 0.2805
[VLM Debug] Step 42 Reward: 0.2881
[VLM Debug] Step 100 Reward: 0.2939
[VLM Debug] Step 22 Reward: 0.2874
[VLM Debug] Step 20 Reward: 0.2788
[VLM Debug] Step 44 Reward: 0.2922
[VLM Debug] Step 102 Reward: 0.2971
[VLM Debug] Step 24 Reward: 0.2888
[VLM Debug] Step 22 Reward: 0.2788
[VLM Debug] Step 46 Reward: 0.2974
[VLM Debug] Step 104 Reward: 0.2932
[VLM Debug] Step 26 Reward: 0.2893
[VLM Debug] Step 24 Reward: 0.2812
[VLM Debug] Step 48 Reward: 0.2876
[VLM Debug] Step 106 Reward: 0.2959
[VLM Debug] Step 28 Reward: 0.2896
[VLM Debug] Step 26 Reward: 0.2822
[VLM Debug] Step 50 Reward: 0.2903
[VLM Debug] Step 108 Reward: 0.2981
global_step=24104, episodic_return=30.803
[VLM Debug] Reset Reward Calculated: 0.2722
[VLM Debug] Step 30 Reward: 0.2883
[VLM Debug] Step 28 Reward: 0.2822
[VLM Debug] Step 52 Reward: 0.2974
[VLM Debug] Step 2 Reward: 0.2732
[VLM Debug] Step 32 Reward: 0.2842
[VLM Debug] Step 30 Reward: 0.2825
[VLM Debug] Step 54 Reward: 0.2913
[VLM Debug] Step 4 Reward: 0.2793
[VLM Debug] Step 34 Reward: 0.2837
[VLM Debug] Step 32 Reward: 0.2878
[VLM Debug] Step 56 Reward: 0.2856
[VLM Debug] Step 6 Reward: 0.2793
[VLM Debug] Step 36 Reward: 0.2859
[VLM Debug] Step 34 Reward: 0.2878
[VLM Debug] Step 58 Reward: 0.2810
[VLM Debug] Step 8 Reward: 0.2800
[VLM Debug] Step 38 Reward: 0.2954
[VLM Debug] Step 36 Reward: 0.2825
[VLM Debug] Step 60 Reward: 0.2737
[VLM Debug] Step 10 Reward: 0.2822
[VLM Debug] Step 40 Reward: 0.2925
[VLM Debug] Step 38 Reward: 0.2878
[VLM Debug] Step 62 Reward: 0.2864
[VLM Debug] Step 12 Reward: 0.2793
[VLM Debug] Step 42 Reward: 0.2905
[VLM Debug] Step 40 Reward: 0.2866
[VLM Debug] Step 64 Reward: 0.2878
[VLM Debug] Step 14 Reward: 0.2773
[VLM Debug] Step 44 Reward: 0.2876
[VLM Debug] Step 42 Reward: 0.2849
[VLM Debug] Step 66 Reward: 0.2905
[VLM Debug] Step 16 Reward: 0.2771
[VLM Debug] Step 46 Reward: 0.2922
[VLM Debug] Step 44 Reward: 0.2849
[VLM Debug] Step 68 Reward: 0.2856
[VLM Debug] Step 18 Reward: 0.2771
[VLM Debug] Step 48 Reward: 0.2773
[VLM Debug] Step 46 Reward: 0.2720
[VLM Debug] Step 70 Reward: 0.2854
[VLM Debug] Step 20 Reward: 0.2756
[VLM Debug] Step 50 Reward: 0.2847
[VLM Debug] Step 48 Reward: 0.2727
[VLM Debug] Step 72 Reward: 0.2954
[VLM Debug] Step 22 Reward: 0.2781
[VLM Debug] Step 52 Reward: 0.2908
[VLM Debug] Step 50 Reward: 0.2727
[VLM Debug] Step 74 Reward: 0.2930
global_step=24200, episodic_return=21.606
[VLM Debug] Step 24 Reward: 0.2781
[VLM Debug] Step 54 Reward: 0.2788
[VLM Debug] Step 52 Reward: 0.2788
[VLM Debug] Reset Reward Calculated: 0.2798
[VLM Debug] Step 26 Reward: 0.2764
[VLM Debug] Step 56 Reward: 0.2903
[VLM Debug] Step 54 Reward: 0.2830
[VLM Debug] Step 2 Reward: 0.2847
[VLM Debug] Step 28 Reward: 0.2812
[VLM Debug] Step 58 Reward: 0.2808
[VLM Debug] Step 56 Reward: 0.2827
[VLM Debug] Step 4 Reward: 0.2842
[VLM Debug] Step 30 Reward: 0.2812
[VLM Debug] Step 60 Reward: 0.2881
[VLM Debug] Step 58 Reward: 0.2837
[VLM Debug] Step 6 Reward: 0.2842
[VLM Debug] Step 32 Reward: 0.2832
[VLM Debug] Step 62 Reward: 0.2952
[VLM Debug] Step 60 Reward: 0.2847
[VLM Debug] Step 8 Reward: 0.2842
[VLM Debug] Step 34 Reward: 0.2820
[VLM Debug] Step 64 Reward: 0.2930
[VLM Debug] Step 62 Reward: 0.2844
[VLM Debug] Step 10 Reward: 0.2834
[VLM Debug] Step 36 Reward: 0.2917
[VLM Debug] Step 66 Reward: 0.2908
[VLM Debug] Step 64 Reward: 0.2825
[VLM Debug] Step 12 Reward: 0.2856
[VLM Debug] Step 38 Reward: 0.2888
[VLM Debug] Step 68 Reward: 0.2888
[VLM Debug] Step 66 Reward: 0.2825
[VLM Debug] Step 14 Reward: 0.2812
[VLM Debug] Step 40 Reward: 0.2883
[VLM Debug] Step 70 Reward: 0.2932
[VLM Debug] Step 68 Reward: 0.2803
[VLM Debug] Step 16 Reward: 0.2832
[VLM Debug] Step 42 Reward: 0.2874
[VLM Debug] Step 72 Reward: 0.2908
[VLM Debug] Step 70 Reward: 0.2844
[VLM Debug] Step 18 Reward: 0.2798
global_step=24280, episodic_return=20.976
[VLM Debug] Step 44 Reward: 0.2886
[VLM Debug] Reset Reward Calculated: 0.2856
[VLM Debug] Step 72 Reward: 0.2847
[VLM Debug] Step 20 Reward: 0.2815
[VLM Debug] Step 46 Reward: 0.2893
[VLM Debug] Step 2 Reward: 0.2856
[VLM Debug] Step 74 Reward: 0.2847
[VLM Debug] Step 22 Reward: 0.2830
[VLM Debug] Step 48 Reward: 0.2900
[VLM Debug] Step 4 Reward: 0.2817
[VLM Debug] Step 76 Reward: 0.2832
[VLM Debug] Step 24 Reward: 0.2800
[VLM Debug] Step 50 Reward: 0.2844
[VLM Debug] Step 6 Reward: 0.2856
[VLM Debug] Step 78 Reward: 0.2786
[VLM Debug] Step 26 Reward: 0.2776
[VLM Debug] Step 52 Reward: 0.2844
[VLM Debug] Step 8 Reward: 0.2803
[VLM Debug] Step 80 Reward: 0.2886
[VLM Debug] Step 28 Reward: 0.2786
[VLM Debug] Step 54 Reward: 0.2947
[VLM Debug] Step 10 Reward: 0.2798
[VLM Debug] Step 82 Reward: 0.2876
[VLM Debug] Step 30 Reward: 0.2815
[VLM Debug] Step 56 Reward: 0.2942
[VLM Debug] Step 12 Reward: 0.2815
[VLM Debug] Step 84 Reward: 0.2876
[VLM Debug] Step 32 Reward: 0.2825
[VLM Debug] Step 58 Reward: 0.2939
[VLM Debug] Step 14 Reward: 0.2805
[VLM Debug] Step 86 Reward: 0.2871
[VLM Debug] Step 34 Reward: 0.2800
[VLM Debug] Step 60 Reward: 0.2810
[VLM Debug] Step 16 Reward: 0.2830
[VLM Debug] Step 88 Reward: 0.2852
[VLM Debug] Step 36 Reward: 0.2900
[VLM Debug] Step 62 Reward: 0.2864
[VLM Debug] Step 18 Reward: 0.2800
[VLM Debug] Step 90 Reward: 0.2786
[VLM Debug] Step 38 Reward: 0.2883
[VLM Debug] Step 64 Reward: 0.2881
[VLM Debug] Step 20 Reward: 0.2805
[VLM Debug] Step 92 Reward: 0.2776
[VLM Debug] Step 40 Reward: 0.2903
[VLM Debug] Step 66 Reward: 0.2598
[VLM Debug] Step 22 Reward: 0.2764
[VLM Debug] Step 94 Reward: 0.2832
[VLM Debug] Step 42 Reward: 0.2896
[VLM Debug] Step 68 Reward: 0.2883
[VLM Debug] Step 24 Reward: 0.2815
[VLM Debug] Step 96 Reward: 0.2800
[VLM Debug] Step 44 Reward: 0.2847
[VLM Debug] Step 70 Reward: 0.2903
[VLM Debug] Step 26 Reward: 0.2825
[VLM Debug] Step 98 Reward: 0.2905
[VLM Debug] Step 46 Reward: 0.2844
[VLM Debug] Step 72 Reward: 0.2925
[VLM Debug] Step 28 Reward: 0.2815
[VLM Debug] Step 100 Reward: 0.2898
[VLM Debug] Step 48 Reward: 0.2817
[VLM Debug] Step 74 Reward: 0.2883
[VLM Debug] Step 30 Reward: 0.2903
[VLM Debug] Step 102 Reward: 0.2903
[VLM Debug] Step 50 Reward: 0.2878
[VLM Debug] Step 76 Reward: 0.2917
[VLM Debug] Step 32 Reward: 0.2883
[VLM Debug] Step 104 Reward: 0.2888
[VLM Debug] Step 52 Reward: 0.2920
[VLM Debug] Step 78 Reward: 0.2915
[VLM Debug] Step 34 Reward: 0.2903
[VLM Debug] Step 106 Reward: 0.2837
[VLM Debug] Step 54 Reward: 0.2939
[VLM Debug] Step 80 Reward: 0.2942
[VLM Debug] Step 36 Reward: 0.2896
[VLM Debug] Step 108 Reward: 0.2903
[VLM Debug] Step 56 Reward: 0.2864
[VLM Debug] Step 82 Reward: 0.2979
[VLM Debug] Step 38 Reward: 0.2847
[VLM Debug] Step 110 Reward: 0.2971
[VLM Debug] Step 58 Reward: 0.2859
[VLM Debug] Step 84 Reward: 0.2920
[VLM Debug] Step 40 Reward: 0.2832
[VLM Debug] Step 112 Reward: 0.2908
[VLM Debug] Step 60 Reward: 0.2881
[VLM Debug] Step 86 Reward: 0.2898
[VLM Debug] Step 42 Reward: 0.2817
[VLM Debug] Step 114 Reward: 0.2903
[VLM Debug] Step 62 Reward: 0.2598
[VLM Debug] Step 88 Reward: 0.2900
[VLM Debug] Step 44 Reward: 0.2878
[VLM Debug] Step 116 Reward: 0.2849
[VLM Debug] Step 64 Reward: 0.2883
[VLM Debug] Step 90 Reward: 0.2930
[VLM Debug] Step 46 Reward: 0.2915
[VLM Debug] Step 118 Reward: 0.2922
[VLM Debug] Step 66 Reward: 0.2903
global_step=24472, episodic_return=25.935
[VLM Debug] Reset Reward Calculated: 0.2793
[VLM Debug] Step 48 Reward: 0.2910
[VLM Debug] Step 120 Reward: 0.2878
[VLM Debug] Step 68 Reward: 0.2915
[VLM Debug] Step 2 Reward: 0.2812
[VLM Debug] Step 50 Reward: 0.2864
[VLM Debug] Step 122 Reward: 0.2825
[VLM Debug] Step 70 Reward: 0.2852
[VLM Debug] Step 4 Reward: 0.2812
[VLM Debug] Step 52 Reward: 0.2805
[VLM Debug] Step 124 Reward: 0.2742
[VLM Debug] Step 72 Reward: 0.2893
[VLM Debug] Step 6 Reward: 0.2812
[VLM Debug] Step 54 Reward: 0.2874
[VLM Debug] Step 126 Reward: 0.2881
[VLM Debug] Step 74 Reward: 0.2893
[VLM Debug] Step 8 Reward: 0.2856
[VLM Debug] Step 56 Reward: 0.2622
[VLM Debug] Step 128 Reward: 0.2883
[VLM Debug] Step 76 Reward: 0.2969
[VLM Debug] Step 10 Reward: 0.2842
[VLM Debug] Step 58 Reward: 0.2930
[VLM Debug] Step 130 Reward: 0.2898
[VLM Debug] Step 78 Reward: 0.2917
[VLM Debug] Step 12 Reward: 0.2834
[VLM Debug] Step 60 Reward: 0.2903
[VLM Debug] Step 132 Reward: 0.2949
[VLM Debug] Step 80 Reward: 0.2915
global_step=24524, episodic_return=22.812
[VLM Debug] Reset Reward Calculated: 0.2798
[VLM Debug] Step 14 Reward: 0.2795
[VLM Debug] Step 62 Reward: 0.2874
[VLM Debug] Step 134 Reward: 0.2844
[VLM Debug] Step 2 Reward: 0.2803
[VLM Debug] Step 16 Reward: 0.2815
[VLM Debug] Step 64 Reward: 0.2881
[VLM Debug] Step 136 Reward: 0.2949
[VLM Debug] Step 4 Reward: 0.2803
[VLM Debug] Step 18 Reward: 0.2793
[VLM Debug] Step 66 Reward: 0.2871
[VLM Debug] Step 138 Reward: 0.2964
global_step=24548, episodic_return=39.178
[VLM Debug] Reset Reward Calculated: 0.2800
[VLM Debug] Step 6 Reward: 0.2832
[VLM Debug] Step 20 Reward: 0.2800
[VLM Debug] Step 68 Reward: 0.2905
[VLM Debug] Step 2 Reward: 0.2800
[VLM Debug] Step 8 Reward: 0.2822
[VLM Debug] Step 22 Reward: 0.2803
[VLM Debug] Step 70 Reward: 0.2908
[VLM Debug] Step 4 Reward: 0.2800
[VLM Debug] Step 10 Reward: 0.2852
[VLM Debug] Step 24 Reward: 0.2791
[VLM Debug] Step 72 Reward: 0.2976
[VLM Debug] Step 6 Reward: 0.2791
[VLM Debug] Step 12 Reward: 0.2861
SPS: 173
[VLM Debug] Step 26 Reward: 0.2798
[VLM Debug] Step 74 Reward: 0.2888
[VLM Debug] Step 8 Reward: 0.2791
[VLM Debug] Step 14 Reward: 0.2815
[VLM Debug] Step 28 Reward: 0.2834
[VLM Debug] Step 76 Reward: 0.2910
[VLM Debug] Step 10 Reward: 0.2793
[VLM Debug] Step 16 Reward: 0.2798
[VLM Debug] Step 30 Reward: 0.2830
[VLM Debug] Step 78 Reward: 0.2913
[VLM Debug] Step 12 Reward: 0.2805
[VLM Debug] Step 18 Reward: 0.2795
[VLM Debug] Step 32 Reward: 0.2808
[VLM Debug] Step 80 Reward: 0.2925
[VLM Debug] Step 14 Reward: 0.2808
[VLM Debug] Step 20 Reward: 0.2791
[VLM Debug] Step 34 Reward: 0.2898
[VLM Debug] Step 82 Reward: 0.2932
global_step=24612, episodic_return=23.426
[VLM Debug] Reset Reward Calculated: 0.2791
[VLM Debug] Step 16 Reward: 0.2798
[VLM Debug] Step 22 Reward: 0.2773
[VLM Debug] Step 36 Reward: 0.2881
[VLM Debug] Step 2 Reward: 0.2793
[VLM Debug] Step 18 Reward: 0.2798
[VLM Debug] Step 24 Reward: 0.2834
[VLM Debug] Step 38 Reward: 0.2876
[VLM Debug] Step 4 Reward: 0.2791
[VLM Debug] Step 20 Reward: 0.2795
[VLM Debug] Step 26 Reward: 0.2849
[VLM Debug] Step 40 Reward: 0.2891
[VLM Debug] Step 6 Reward: 0.2793
[VLM Debug] Step 22 Reward: 0.2815
[VLM Debug] Step 28 Reward: 0.2825
[VLM Debug] Step 42 Reward: 0.2881
[VLM Debug] Step 8 Reward: 0.2793
[VLM Debug] Step 24 Reward: 0.2786
[VLM Debug] Step 30 Reward: 0.2856
[VLM Debug] Step 44 Reward: 0.2871
[VLM Debug] Step 10 Reward: 0.2793
[VLM Debug] Step 26 Reward: 0.2800
[VLM Debug] Step 32 Reward: 0.2910
[VLM Debug] Step 46 Reward: 0.2808
[VLM Debug] Step 12 Reward: 0.2798
[VLM Debug] Step 28 Reward: 0.2773
[VLM Debug] Step 34 Reward: 0.2900
[VLM Debug] Step 48 Reward: 0.2874
[VLM Debug] Step 14 Reward: 0.2786
[VLM Debug] Step 30 Reward: 0.2803
[VLM Debug] Step 36 Reward: 0.2900
[VLM Debug] Step 50 Reward: 0.2859
[VLM Debug] Step 16 Reward: 0.2793
[VLM Debug] Step 32 Reward: 0.2771
[VLM Debug] Step 38 Reward: 0.2878
[VLM Debug] Step 52 Reward: 0.2937
[VLM Debug] Step 18 Reward: 0.2793
[VLM Debug] Step 34 Reward: 0.2810
[VLM Debug] Step 40 Reward: 0.2849
[VLM Debug] Step 54 Reward: 0.2920
[VLM Debug] Step 20 Reward: 0.2771
[VLM Debug] Step 36 Reward: 0.2810
[VLM Debug] Step 42 Reward: 0.2874
[VLM Debug] Step 56 Reward: 0.2883
[VLM Debug] Step 22 Reward: 0.2771
[VLM Debug] Step 38 Reward: 0.2827
[VLM Debug] Step 44 Reward: 0.2974
[VLM Debug] Step 58 Reward: 0.2827
[VLM Debug] Step 24 Reward: 0.2739
[VLM Debug] Step 40 Reward: 0.2827
[VLM Debug] Step 46 Reward: 0.2913
[VLM Debug] Step 60 Reward: 0.2900
[VLM Debug] Step 26 Reward: 0.2781
[VLM Debug] Step 42 Reward: 0.2844
[VLM Debug] Step 48 Reward: 0.2861
[VLM Debug] Step 62 Reward: 0.2795
[VLM Debug] Step 28 Reward: 0.2842
[VLM Debug] Step 44 Reward: 0.2874
[VLM Debug] Step 50 Reward: 0.2908
[VLM Debug] Step 64 Reward: 0.2876
[VLM Debug] Step 30 Reward: 0.2820
[VLM Debug] Step 46 Reward: 0.2859
[VLM Debug] Step 52 Reward: 0.2878
[VLM Debug] Step 66 Reward: 0.2876
[VLM Debug] Step 32 Reward: 0.2839
[VLM Debug] Step 48 Reward: 0.2888
[VLM Debug] Step 54 Reward: 0.2947
[VLM Debug] Step 68 Reward: 0.2849
[VLM Debug] Step 34 Reward: 0.2781
[VLM Debug] Step 50 Reward: 0.2903
[VLM Debug] Step 56 Reward: 0.2827
[VLM Debug] Step 70 Reward: 0.2861
[VLM Debug] Step 36 Reward: 0.2800
[VLM Debug] Step 52 Reward: 0.2874
[VLM Debug] Step 58 Reward: 0.2830
[VLM Debug] Step 72 Reward: 0.2847
[VLM Debug] Step 38 Reward: 0.2893
[VLM Debug] Step 54 Reward: 0.2859
[VLM Debug] Step 60 Reward: 0.2805
[VLM Debug] Step 74 Reward: 0.2893
[VLM Debug] Step 40 Reward: 0.2874
[VLM Debug] Step 56 Reward: 0.2861
[VLM Debug] Step 62 Reward: 0.2886
[VLM Debug] Step 76 Reward: 0.2915
[VLM Debug] Step 42 Reward: 0.2871
[VLM Debug] Step 58 Reward: 0.2837
[VLM Debug] Step 64 Reward: 0.2891
[VLM Debug] Step 78 Reward: 0.2993
[VLM Debug] Step 44 Reward: 0.2898
[VLM Debug] Step 60 Reward: 0.2854
[VLM Debug] Step 66 Reward: 0.2927
[VLM Debug] Step 80 Reward: 0.2930
[VLM Debug] Step 46 Reward: 0.2903
[VLM Debug] Step 62 Reward: 0.2935
[VLM Debug] Step 68 Reward: 0.2947
[VLM Debug] Step 82 Reward: 0.2866
[VLM Debug] Step 48 Reward: 0.2849
[VLM Debug] Step 64 Reward: 0.2913
[VLM Debug] Step 70 Reward: 0.2832
[VLM Debug] Step 84 Reward: 0.2939
global_step=24812, episodic_return=23.982
global_step=24812, episodic_return=20.289
[VLM Debug] Reset Reward Calculated: 0.2822
[VLM Debug] Step 50 Reward: 0.2876
[VLM Debug] Step 66 Reward: 0.2920
[VLM Debug] Reset Reward Calculated: 0.2820
[VLM Debug] Step 2 Reward: 0.2822
[VLM Debug] Step 52 Reward: 0.2830
[VLM Debug] Step 68 Reward: 0.2896
[VLM Debug] Step 2 Reward: 0.2832
[VLM Debug] Step 4 Reward: 0.2812
[VLM Debug] Step 54 Reward: 0.2878
[VLM Debug] Step 70 Reward: 0.2795
[VLM Debug] Step 4 Reward: 0.2842
[VLM Debug] Step 6 Reward: 0.2844
[VLM Debug] Step 56 Reward: 0.2952
[VLM Debug] Step 72 Reward: 0.2869
[VLM Debug] Step 6 Reward: 0.2844
[VLM Debug] Step 8 Reward: 0.2825
[VLM Debug] Step 58 Reward: 0.2937
[VLM Debug] Step 74 Reward: 0.2817
[VLM Debug] Step 8 Reward: 0.2854
[VLM Debug] Step 10 Reward: 0.2817
[VLM Debug] Step 60 Reward: 0.2903
[VLM Debug] Step 76 Reward: 0.2854
[VLM Debug] Step 10 Reward: 0.2874
[VLM Debug] Step 12 Reward: 0.2817
[VLM Debug] Step 62 Reward: 0.2866
[VLM Debug] Step 78 Reward: 0.2954
[VLM Debug] Step 12 Reward: 0.2874
[VLM Debug] Step 14 Reward: 0.2832
[VLM Debug] Step 64 Reward: 0.2864
[VLM Debug] Step 80 Reward: 0.2937
[VLM Debug] Step 14 Reward: 0.2854
[VLM Debug] Step 16 Reward: 0.2832
[VLM Debug] Step 66 Reward: 0.2830
[VLM Debug] Step 82 Reward: 0.2981
[VLM Debug] Step 16 Reward: 0.2837
[VLM Debug] Step 18 Reward: 0.2842
[VLM Debug] Step 68 Reward: 0.2727
[VLM Debug] Step 84 Reward: 0.2839
[VLM Debug] Step 18 Reward: 0.2812
[VLM Debug] Step 20 Reward: 0.2800
[VLM Debug] Step 70 Reward: 0.2856
[VLM Debug] Step 86 Reward: 0.2854
[VLM Debug] Step 20 Reward: 0.2805
[VLM Debug] Step 22 Reward: 0.2854
[VLM Debug] Step 72 Reward: 0.2815
[VLM Debug] Step 88 Reward: 0.2920
[VLM Debug] Step 22 Reward: 0.2827
[VLM Debug] Step 24 Reward: 0.2815
[VLM Debug] Step 74 Reward: 0.2908
[VLM Debug] Step 90 Reward: 0.2905
[VLM Debug] Step 24 Reward: 0.2852
[VLM Debug] Step 26 Reward: 0.2847
[VLM Debug] Step 76 Reward: 0.2864
[VLM Debug] Step 92 Reward: 0.2913
[VLM Debug] Step 26 Reward: 0.2822
[VLM Debug] Step 28 Reward: 0.2812
[VLM Debug] Step 78 Reward: 0.2898
[VLM Debug] Step 94 Reward: 0.2930
[VLM Debug] Step 28 Reward: 0.2827
[VLM Debug] Step 30 Reward: 0.2786
[VLM Debug] Step 80 Reward: 0.2898
[VLM Debug] Step 96 Reward: 0.2944
[VLM Debug] Step 30 Reward: 0.2786
[VLM Debug] Step 32 Reward: 0.2830
[VLM Debug] Step 82 Reward: 0.2961
[VLM Debug] Step 98 Reward: 0.2969
[VLM Debug] Step 32 Reward: 0.2805
global_step=24948, episodic_return=28.240
[VLM Debug] Step 34 Reward: 0.2849
[VLM Debug] Step 84 Reward: 0.2917
[VLM Debug] Reset Reward Calculated: 0.2732
[VLM Debug] Step 34 Reward: 0.2791
[VLM Debug] Step 36 Reward: 0.2881
[VLM Debug] Step 86 Reward: 0.2915
[VLM Debug] Step 2 Reward: 0.2732
[VLM Debug] Step 36 Reward: 0.2808
[VLM Debug] Step 38 Reward: 0.2866
[VLM Debug] Step 88 Reward: 0.2913
[VLM Debug] Step 4 Reward: 0.2791
[VLM Debug] Step 38 Reward: 0.2812
[VLM Debug] Step 40 Reward: 0.2898
[VLM Debug] Step 90 Reward: 0.2900
[VLM Debug] Step 6 Reward: 0.2815
[VLM Debug] Step 40 Reward: 0.2820
global_step=24976, episodic_return=25.603
[VLM Debug] Reset Reward Calculated: 0.2864
[VLM Debug] Step 42 Reward: 0.2935
[VLM Debug] Step 8 Reward: 0.2773
[VLM Debug] Step 42 Reward: 0.2888
[VLM Debug] Step 2 Reward: 0.2832
[VLM Debug] Step 44 Reward: 0.2922
[VLM Debug] Step 10 Reward: 0.2773
[VLM Debug] Step 44 Reward: 0.2871
[VLM Debug] Step 4 Reward: 0.2795
[VLM Debug] Step 46 Reward: 0.2834
[VLM Debug] Step 12 Reward: 0.2756
[VLM Debug] Step 46 Reward: 0.2891
[VLM Debug] Step 6 Reward: 0.2800
[VLM Debug] Step 48 Reward: 0.2883
[VLM Debug] Step 14 Reward: 0.2756
[VLM Debug] Step 48 Reward: 0.2881
[VLM Debug] Step 8 Reward: 0.2800
[VLM Debug] Step 50 Reward: 0.2959
[VLM Debug] Step 16 Reward: 0.2778
[VLM Debug] Step 50 Reward: 0.2859
[VLM Debug] Step 10 Reward: 0.2830
[VLM Debug] Step 52 Reward: 0.2888
[VLM Debug] Step 18 Reward: 0.2781
[VLM Debug] Step 52 Reward: 0.2849
[VLM Debug] Step 12 Reward: 0.2830
[VLM Debug] Step 54 Reward: 0.2891
[VLM Debug] Step 20 Reward: 0.2810
[VLM Debug] Step 54 Reward: 0.2869
[VLM Debug] Step 14 Reward: 0.2827
[VLM Debug] Step 56 Reward: 0.2900
[VLM Debug] Step 22 Reward: 0.2810
[VLM Debug] Step 56 Reward: 0.2959
[VLM Debug] Step 16 Reward: 0.2827
[VLM Debug] Step 58 Reward: 0.2759
[VLM Debug] Step 24 Reward: 0.2854
[VLM Debug] Step 58 Reward: 0.2930
[VLM Debug] Step 18 Reward: 0.2820
[VLM Debug] Step 60 Reward: 0.2883
[VLM Debug] Step 26 Reward: 0.2832
[VLM Debug] Step 60 Reward: 0.2915
[VLM Debug] Step 20 Reward: 0.2820
[VLM Debug] Step 62 Reward: 0.2791
[VLM Debug] Step 28 Reward: 0.2820
[VLM Debug] Step 62 Reward: 0.2700
[VLM Debug] Step 22 Reward: 0.2788
[VLM Debug] Step 64 Reward: 0.2903
[VLM Debug] Step 30 Reward: 0.2922
[VLM Debug] Step 64 Reward: 0.2864
[VLM Debug] Step 24 Reward: 0.2788
[VLM Debug] Step 66 Reward: 0.2822
[VLM Debug] Step 32 Reward: 0.2888
[VLM Debug] Step 66 Reward: 0.2861
[VLM Debug] Step 26 Reward: 0.2881
[VLM Debug] Step 68 Reward: 0.2910
[VLM Debug] Step 34 Reward: 0.2903
[VLM Debug] Step 68 Reward: 0.2898
SPS: 173
[VLM Debug] Step 28 Reward: 0.2881
[VLM Debug] Step 70 Reward: 0.2932
[VLM Debug] Step 36 Reward: 0.2903
[VLM Debug] Step 70 Reward: 0.2917
[VLM Debug] Step 30 Reward: 0.2881
[VLM Debug] Step 72 Reward: 0.2939
[VLM Debug] Step 38 Reward: 0.2891
[VLM Debug] Step 72 Reward: 0.2927
[VLM Debug] Step 32 Reward: 0.2837
[VLM Debug] Step 74 Reward: 0.2949
[VLM Debug] Step 40 Reward: 0.2839
[VLM Debug] Step 74 Reward: 0.2910
[VLM Debug] Step 34 Reward: 0.2844
[VLM Debug] Step 76 Reward: 0.2917
[VLM Debug] Step 42 Reward: 0.2871
[VLM Debug] Step 76 Reward: 0.2869
global_step=25120, episodic_return=21.731
[VLM Debug] Reset Reward Calculated: 0.2852
[VLM Debug] Step 36 Reward: 0.2871
[VLM Debug] Step 44 Reward: 0.2849
[VLM Debug] Step 78 Reward: 0.2844
[VLM Debug] Step 2 Reward: 0.2832
[VLM Debug] Step 38 Reward: 0.2859
[VLM Debug] Step 46 Reward: 0.2852
[VLM Debug] Step 80 Reward: 0.2949
[VLM Debug] Step 4 Reward: 0.2832
[VLM Debug] Step 40 Reward: 0.2815
[VLM Debug] Step 48 Reward: 0.2939
[VLM Debug] Step 82 Reward: 0.2915
[VLM Debug] Step 6 Reward: 0.2812
[VLM Debug] Step 42 Reward: 0.2844
[VLM Debug] Step 50 Reward: 0.2932
[VLM Debug] Step 84 Reward: 0.2932
[VLM Debug] Step 8 Reward: 0.2822
[VLM Debug] Step 44 Reward: 0.2842
[VLM Debug] Step 52 Reward: 0.2920
[VLM Debug] Step 86 Reward: 0.2937
[VLM Debug] Step 10 Reward: 0.2822
[VLM Debug] Step 46 Reward: 0.2822
[VLM Debug] Step 54 Reward: 0.2864
[VLM Debug] Step 88 Reward: 0.2937
[VLM Debug] Step 12 Reward: 0.2805
[VLM Debug] Step 48 Reward: 0.2827
[VLM Debug] Step 56 Reward: 0.2827
[VLM Debug] Step 90 Reward: 0.2969
global_step=25176, episodic_return=25.769
[VLM Debug] Step 14 Reward: 0.2878
[VLM Debug] Step 50 Reward: 0.2852
[VLM Debug] Reset Reward Calculated: 0.2815
[VLM Debug] Step 58 Reward: 0.2913
[VLM Debug] Step 16 Reward: 0.2878
[VLM Debug] Step 52 Reward: 0.2832
[VLM Debug] Step 2 Reward: 0.2805
[VLM Debug] Step 60 Reward: 0.2622
[VLM Debug] Step 18 Reward: 0.2861
[VLM Debug] Step 54 Reward: 0.2786
[VLM Debug] Step 4 Reward: 0.2798
[VLM Debug] Step 62 Reward: 0.2898
[VLM Debug] Step 20 Reward: 0.2891
[VLM Debug] Step 56 Reward: 0.2805
[VLM Debug] Step 6 Reward: 0.2795
[VLM Debug] Step 64 Reward: 0.2876
[VLM Debug] Step 22 Reward: 0.2864
[VLM Debug] Step 58 Reward: 0.2810
[VLM Debug] Step 8 Reward: 0.2786
[VLM Debug] Step 66 Reward: 0.2839
[VLM Debug] Step 24 Reward: 0.2852
[VLM Debug] Step 60 Reward: 0.2764
[VLM Debug] Step 10 Reward: 0.2798
[VLM Debug] Step 68 Reward: 0.2891
[VLM Debug] Step 26 Reward: 0.2834
[VLM Debug] Step 62 Reward: 0.2815
[VLM Debug] Step 12 Reward: 0.2825
[VLM Debug] Step 70 Reward: 0.2861
[VLM Debug] Step 28 Reward: 0.2834
[VLM Debug] Step 64 Reward: 0.2817
[VLM Debug] Step 14 Reward: 0.2788
[VLM Debug] Step 72 Reward: 0.2830
[VLM Debug] Step 30 Reward: 0.2834
[VLM Debug] Step 66 Reward: 0.2922
[VLM Debug] Step 16 Reward: 0.2810
[VLM Debug] Step 74 Reward: 0.2874
[VLM Debug] Step 32 Reward: 0.2866
[VLM Debug] Step 68 Reward: 0.2883
[VLM Debug] Step 18 Reward: 0.2786
[VLM Debug] Step 76 Reward: 0.2925
[VLM Debug] Step 34 Reward: 0.2866
[VLM Debug] Step 70 Reward: 0.2891
[VLM Debug] Step 20 Reward: 0.2808
[VLM Debug] Step 78 Reward: 0.2944
[VLM Debug] Step 36 Reward: 0.2830
[VLM Debug] Step 72 Reward: 0.2881
[VLM Debug] Step 22 Reward: 0.2781
[VLM Debug] Step 80 Reward: 0.2920
[VLM Debug] Step 38 Reward: 0.2825
[VLM Debug] Step 74 Reward: 0.2869
[VLM Debug] Step 24 Reward: 0.2810
[VLM Debug] Step 82 Reward: 0.2915
[VLM Debug] Step 40 Reward: 0.2825
[VLM Debug] Step 76 Reward: 0.2844
[VLM Debug] Step 26 Reward: 0.2842
[VLM Debug] Step 84 Reward: 0.2917
[VLM Debug] Step 42 Reward: 0.2808
[VLM Debug] Step 78 Reward: 0.2876
[VLM Debug] Step 28 Reward: 0.2905
global_step=25292, episodic_return=24.215
[VLM Debug] Reset Reward Calculated: 0.2791
[VLM Debug] Step 44 Reward: 0.2793
[VLM Debug] Step 80 Reward: 0.2974
[VLM Debug] Step 30 Reward: 0.2903
[VLM Debug] Step 2 Reward: 0.2744
[VLM Debug] Step 46 Reward: 0.2800
[VLM Debug] Step 82 Reward: 0.2920
[VLM Debug] Step 32 Reward: 0.2878
[VLM Debug] Step 4 Reward: 0.2747
[VLM Debug] Step 48 Reward: 0.2803
[VLM Debug] Step 84 Reward: 0.2861
[VLM Debug] Step 34 Reward: 0.2908
[VLM Debug] Step 6 Reward: 0.2771
[VLM Debug] Step 50 Reward: 0.2881
[VLM Debug] Step 86 Reward: 0.2791
[VLM Debug] Step 36 Reward: 0.2881
[VLM Debug] Step 8 Reward: 0.2793
[VLM Debug] Step 52 Reward: 0.2869
[VLM Debug] Step 88 Reward: 0.2913
[VLM Debug] Step 38 Reward: 0.2910
[VLM Debug] Step 10 Reward: 0.2773
[VLM Debug] Step 54 Reward: 0.2881
[VLM Debug] Step 90 Reward: 0.2622
[VLM Debug] Step 40 Reward: 0.2847
[VLM Debug] Step 12 Reward: 0.2773
[VLM Debug] Step 56 Reward: 0.2825
[VLM Debug] Step 92 Reward: 0.2930
[VLM Debug] Step 42 Reward: 0.2874
[VLM Debug] Step 14 Reward: 0.2776
[VLM Debug] Step 58 Reward: 0.2849
[VLM Debug] Step 94 Reward: 0.2869
[VLM Debug] Step 44 Reward: 0.2986
[VLM Debug] Step 16 Reward: 0.2832
[VLM Debug] Step 60 Reward: 0.2800
[VLM Debug] Step 96 Reward: 0.2920
[VLM Debug] Step 46 Reward: 0.2888
[VLM Debug] Step 18 Reward: 0.2798
[VLM Debug] Step 62 Reward: 0.2769
[VLM Debug] Step 98 Reward: 0.2864
[VLM Debug] Step 48 Reward: 0.2849
[VLM Debug] Step 20 Reward: 0.2776
[VLM Debug] Step 64 Reward: 0.2805
[VLM Debug] Step 100 Reward: 0.2927
[VLM Debug] Step 50 Reward: 0.2888
[VLM Debug] Step 22 Reward: 0.2803
[VLM Debug] Step 66 Reward: 0.2786
[VLM Debug] Step 102 Reward: 0.2891
[VLM Debug] Step 52 Reward: 0.2825
[VLM Debug] Step 24 Reward: 0.2847
[VLM Debug] Step 68 Reward: 0.2812
[VLM Debug] Step 104 Reward: 0.2949
[VLM Debug] Step 54 Reward: 0.2886
[VLM Debug] Step 26 Reward: 0.2834
[VLM Debug] Step 70 Reward: 0.2800
[VLM Debug] Step 106 Reward: 0.2944
[VLM Debug] Step 56 Reward: 0.2881
[VLM Debug] Step 28 Reward: 0.2844
[VLM Debug] Step 72 Reward: 0.2888
[VLM Debug] Step 108 Reward: 0.2932
[VLM Debug] Step 58 Reward: 0.2861
[VLM Debug] Step 30 Reward: 0.2859
[VLM Debug] Step 74 Reward: 0.2881
[VLM Debug] Step 110 Reward: 0.2900
[VLM Debug] Step 60 Reward: 0.2861
global_step=25420, episodic_return=31.359
[VLM Debug] Reset Reward Calculated: 0.2808
[VLM Debug] Step 32 Reward: 0.2847
[VLM Debug] Step 76 Reward: 0.2896
[VLM Debug] Step 62 Reward: 0.2864
[VLM Debug] Step 2 Reward: 0.2808
[VLM Debug] Step 34 Reward: 0.2876
[VLM Debug] Step 78 Reward: 0.2869
[VLM Debug] Step 64 Reward: 0.2935
[VLM Debug] Step 4 Reward: 0.2798
[VLM Debug] Step 36 Reward: 0.2849
[VLM Debug] Step 80 Reward: 0.2839
[VLM Debug] Step 66 Reward: 0.2932
[VLM Debug] Step 6 Reward: 0.2798
[VLM Debug] Step 38 Reward: 0.2881
[VLM Debug] Step 82 Reward: 0.2883
[VLM Debug] Step 68 Reward: 0.2891
[VLM Debug] Step 8 Reward: 0.2771
[VLM Debug] Step 40 Reward: 0.2844
[VLM Debug] Step 84 Reward: 0.2913
[VLM Debug] Step 70 Reward: 0.2927
[VLM Debug] Step 10 Reward: 0.2771
[VLM Debug] Step 42 Reward: 0.2791
[VLM Debug] Step 86 Reward: 0.2939
[VLM Debug] Step 72 Reward: 0.2939
[VLM Debug] Step 12 Reward: 0.2771
[VLM Debug] Step 44 Reward: 0.2739
global_step=25472, episodic_return=20.871
[VLM Debug] Step 88 Reward: 0.2803
[VLM Debug] Reset Reward Calculated: 0.2888
[VLM Debug] Step 14 Reward: 0.2791
[VLM Debug] Step 46 Reward: 0.2881
[VLM Debug] Step 90 Reward: 0.2849
[VLM Debug] Step 2 Reward: 0.2832
[VLM Debug] Step 16 Reward: 0.2791
[VLM Debug] Step 48 Reward: 0.2856
[VLM Debug] Step 92 Reward: 0.2793
[VLM Debug] Step 4 Reward: 0.2888
[VLM Debug] Step 18 Reward: 0.2805
[VLM Debug] Step 50 Reward: 0.2896
[VLM Debug] Step 94 Reward: 0.2876
[VLM Debug] Step 6 Reward: 0.2888
[VLM Debug] Step 20 Reward: 0.2839
[VLM Debug] Step 52 Reward: 0.2886
[VLM Debug] Step 96 Reward: 0.2893
[VLM Debug] Step 8 Reward: 0.2888
[VLM Debug] Step 22 Reward: 0.2839
[VLM Debug] Step 54 Reward: 0.2920
[VLM Debug] Step 98 Reward: 0.2874
[VLM Debug] Step 10 Reward: 0.2737
[VLM Debug] Step 24 Reward: 0.2791
[VLM Debug] Step 56 Reward: 0.2935
[VLM Debug] Step 100 Reward: 0.2866
[VLM Debug] Step 12 Reward: 0.2754
[VLM Debug] Step 26 Reward: 0.2791
[VLM Debug] Step 58 Reward: 0.2957
[VLM Debug] Step 102 Reward: 0.2893
[VLM Debug] Step 14 Reward: 0.2754
[VLM Debug] Step 28 Reward: 0.2795
[VLM Debug] Step 60 Reward: 0.2898
[VLM Debug] Step 104 Reward: 0.2883
[VLM Debug] Step 16 Reward: 0.2769
[VLM Debug] Step 30 Reward: 0.2800
[VLM Debug] Step 62 Reward: 0.2864
[VLM Debug] Step 106 Reward: 0.2949
[VLM Debug] Step 18 Reward: 0.2761
[VLM Debug] Step 32 Reward: 0.2852
[VLM Debug] Step 64 Reward: 0.2822
[VLM Debug] Step 108 Reward: 0.2886
[VLM Debug] Step 20 Reward: 0.2761
[VLM Debug] Step 34 Reward: 0.2812
[VLM Debug] Step 66 Reward: 0.2861
[VLM Debug] Step 110 Reward: 0.2927
[VLM Debug] Step 22 Reward: 0.2781
[VLM Debug] Step 36 Reward: 0.2815
[VLM Debug] Step 68 Reward: 0.2883
[VLM Debug] Step 112 Reward: 0.2942
[VLM Debug] Step 24 Reward: 0.2742
global_step=25572, episodic_return=31.928
[VLM Debug] Reset Reward Calculated: 0.2847
[VLM Debug] Step 38 Reward: 0.2837
[VLM Debug] Step 70 Reward: 0.2859
[VLM Debug] Step 26 Reward: 0.2739
[VLM Debug] Step 2 Reward: 0.2847
[VLM Debug] Step 40 Reward: 0.2864
[VLM Debug] Step 72 Reward: 0.2847
[VLM Debug] Step 28 Reward: 0.2766
[VLM Debug] Step 4 Reward: 0.2847
[VLM Debug] Step 42 Reward: 0.2876
[VLM Debug] Step 74 Reward: 0.2920
[VLM Debug] Step 30 Reward: 0.2756
[VLM Debug] Step 6 Reward: 0.2825
[VLM Debug] Step 44 Reward: 0.2864
[VLM Debug] Step 76 Reward: 0.2935
SPS: 173
[VLM Debug] Step 32 Reward: 0.2778
[VLM Debug] Step 8 Reward: 0.2825
[VLM Debug] Step 46 Reward: 0.2878
[VLM Debug] Step 78 Reward: 0.2932
[VLM Debug] Step 34 Reward: 0.2773
[VLM Debug] Step 10 Reward: 0.2791
[VLM Debug] Step 48 Reward: 0.2861
[VLM Debug] Step 80 Reward: 0.2937
[VLM Debug] Step 36 Reward: 0.2795
[VLM Debug] Step 12 Reward: 0.2793
[VLM Debug] Step 50 Reward: 0.2839
[VLM Debug] Step 82 Reward: 0.2900
[VLM Debug] Step 38 Reward: 0.2773
[VLM Debug] Step 14 Reward: 0.2800
[VLM Debug] Step 52 Reward: 0.2776
[VLM Debug] Step 84 Reward: 0.2812
[VLM Debug] Step 40 Reward: 0.2810
[VLM Debug] Step 16 Reward: 0.2800
[VLM Debug] Step 54 Reward: 0.2747
[VLM Debug] Step 86 Reward: 0.2834
[VLM Debug] Step 42 Reward: 0.2854
[VLM Debug] Step 18 Reward: 0.2832
[VLM Debug] Step 56 Reward: 0.2793
[VLM Debug] Step 88 Reward: 0.2896
[VLM Debug] Step 44 Reward: 0.2820
[VLM Debug] Step 20 Reward: 0.2852
[VLM Debug] Step 58 Reward: 0.2832
[VLM Debug] Step 90 Reward: 0.2869
[VLM Debug] Step 46 Reward: 0.2781
[VLM Debug] Step 22 Reward: 0.2820
[VLM Debug] Step 60 Reward: 0.2888
[VLM Debug] Step 92 Reward: 0.2803
[VLM Debug] Step 48 Reward: 0.2815
[VLM Debug] Step 24 Reward: 0.2825
[VLM Debug] Step 62 Reward: 0.2883
[VLM Debug] Step 94 Reward: 0.2832
[VLM Debug] Step 50 Reward: 0.2891
[VLM Debug] Step 26 Reward: 0.2837
[VLM Debug] Step 64 Reward: 0.2844
[VLM Debug] Step 96 Reward: 0.2800
[VLM Debug] Step 52 Reward: 0.2883
[VLM Debug] Step 28 Reward: 0.2866
[VLM Debug] Step 66 Reward: 0.2844
[VLM Debug] Step 98 Reward: 0.2798
[VLM Debug] Step 54 Reward: 0.2888
[VLM Debug] Step 30 Reward: 0.2876
[VLM Debug] Step 68 Reward: 0.2800
[VLM Debug] Step 100 Reward: 0.2839
[VLM Debug] Step 56 Reward: 0.2883
[VLM Debug] Step 32 Reward: 0.2874
[VLM Debug] Step 70 Reward: 0.2815
[VLM Debug] Step 102 Reward: 0.2805
[VLM Debug] Step 58 Reward: 0.2898
[VLM Debug] Step 34 Reward: 0.2874
[VLM Debug] Step 72 Reward: 0.2759
[VLM Debug] Step 104 Reward: 0.2710
[VLM Debug] Step 60 Reward: 0.2891
[VLM Debug] Step 36 Reward: 0.2891
[VLM Debug] Step 74 Reward: 0.2817
[VLM Debug] Step 106 Reward: 0.2800
[VLM Debug] Step 62 Reward: 0.2913
[VLM Debug] Step 38 Reward: 0.2896
[VLM Debug] Step 76 Reward: 0.2866
[VLM Debug] Step 108 Reward: 0.2893
[VLM Debug] Step 64 Reward: 0.2822
[VLM Debug] Step 40 Reward: 0.2834
[VLM Debug] Step 78 Reward: 0.2905
[VLM Debug] Step 110 Reward: 0.2791
[VLM Debug] Step 66 Reward: 0.2886
[VLM Debug] Step 42 Reward: 0.2791
[VLM Debug] Step 80 Reward: 0.2944
[VLM Debug] Step 112 Reward: 0.2896
[VLM Debug] Step 68 Reward: 0.2932
[VLM Debug] Step 44 Reward: 0.2781
[VLM Debug] Step 82 Reward: 0.2976
[VLM Debug] Step 114 Reward: 0.2959
[VLM Debug] Step 70 Reward: 0.2915
[VLM Debug] Step 46 Reward: 0.2849
[VLM Debug] Step 84 Reward: 0.2944
[VLM Debug] Step 116 Reward: 0.2791
[VLM Debug] Step 72 Reward: 0.2876
[VLM Debug] Step 48 Reward: 0.2888
[VLM Debug] Step 86 Reward: 0.2896
[VLM Debug] Step 118 Reward: 0.2888
[VLM Debug] Step 74 Reward: 0.2820
[VLM Debug] Step 50 Reward: 0.2891
[VLM Debug] Step 88 Reward: 0.2876
[VLM Debug] Step 120 Reward: 0.2903
[VLM Debug] Step 76 Reward: 0.2871
[VLM Debug] Step 52 Reward: 0.2898
[VLM Debug] Step 90 Reward: 0.2798
[VLM Debug] Step 122 Reward: 0.2866
[VLM Debug] Step 78 Reward: 0.2830
[VLM Debug] Step 54 Reward: 0.2903
[VLM Debug] Step 92 Reward: 0.2842
[VLM Debug] Step 124 Reward: 0.2908
[VLM Debug] Step 80 Reward: 0.2808
[VLM Debug] Step 56 Reward: 0.2920
[VLM Debug] Step 94 Reward: 0.2883
[VLM Debug] Step 126 Reward: 0.2927
[VLM Debug] Step 82 Reward: 0.2883
[VLM Debug] Step 58 Reward: 0.2886
[VLM Debug] Step 96 Reward: 0.2905
[VLM Debug] Step 128 Reward: 0.2930
[VLM Debug] Step 84 Reward: 0.2839
[VLM Debug] Step 60 Reward: 0.2893
[VLM Debug] Step 98 Reward: 0.2925
[VLM Debug] Step 130 Reward: 0.2856
[VLM Debug] Step 86 Reward: 0.2881
[VLM Debug] Step 62 Reward: 0.2905
[VLM Debug] Step 100 Reward: 0.2915
[VLM Debug] Step 132 Reward: 0.2905
[VLM Debug] Step 88 Reward: 0.2871
[VLM Debug] Step 64 Reward: 0.2898
[VLM Debug] Step 102 Reward: 0.2935
[VLM Debug] Step 134 Reward: 0.2908
[VLM Debug] Step 90 Reward: 0.2898
[VLM Debug] Step 66 Reward: 0.2920
[VLM Debug] Step 104 Reward: 0.2927
[VLM Debug] Step 136 Reward: 0.2910
[VLM Debug] Step 92 Reward: 0.2939
[VLM Debug] Step 68 Reward: 0.2812
[VLM Debug] Step 106 Reward: 0.2947
[VLM Debug] Step 138 Reward: 0.2917
[VLM Debug] Step 94 Reward: 0.2979
[VLM Debug] Step 70 Reward: 0.2820
[VLM Debug] Step 108 Reward: 0.2935
[VLM Debug] Step 140 Reward: 0.2952
[VLM Debug] Step 96 Reward: 0.2937
[VLM Debug] Step 72 Reward: 0.2854
[VLM Debug] Step 110 Reward: 0.2944
[VLM Debug] Step 142 Reward: 0.2905
[VLM Debug] Step 98 Reward: 0.2917
[VLM Debug] Step 74 Reward: 0.2896
[VLM Debug] Step 112 Reward: 0.2939
[VLM Debug] Step 144 Reward: 0.2966
global_step=25872, episodic_return=28.122
[VLM Debug] Reset Reward Calculated: 0.2803
[VLM Debug] Step 76 Reward: 0.2778
[VLM Debug] Step 114 Reward: 0.2917
[VLM Debug] Step 146 Reward: 0.2903
[VLM Debug] Step 2 Reward: 0.2803
[VLM Debug] Step 78 Reward: 0.2600
[VLM Debug] Step 116 Reward: 0.2939
[VLM Debug] Step 148 Reward: 0.2959
[VLM Debug] Step 4 Reward: 0.2820
[VLM Debug] Step 80 Reward: 0.2832
[VLM Debug] Step 118 Reward: 0.2905
[VLM Debug] Step 150 Reward: 0.2900
[VLM Debug] Step 6 Reward: 0.2820
[VLM Debug] Step 82 Reward: 0.2874
[VLM Debug] Step 120 Reward: 0.2917
[VLM Debug] Step 152 Reward: 0.2949
[VLM Debug] Step 8 Reward: 0.2839
global_step=25908, episodic_return=43.752
[VLM Debug] Step 84 Reward: 0.2871
[VLM Debug] Step 122 Reward: 0.2957
[VLM Debug] Reset Reward Calculated: 0.2815
[VLM Debug] Step 10 Reward: 0.2825
[VLM Debug] Step 86 Reward: 0.2832
[VLM Debug] Step 124 Reward: 0.2954
[VLM Debug] Step 2 Reward: 0.2815
[VLM Debug] Step 12 Reward: 0.2791
[VLM Debug] Step 88 Reward: 0.2847
[VLM Debug] Step 126 Reward: 0.2983
[VLM Debug] Step 4 Reward: 0.2815
[VLM Debug] Step 14 Reward: 0.2791
[VLM Debug] Step 90 Reward: 0.2878
[VLM Debug] Step 128 Reward: 0.2991
[VLM Debug] Step 6 Reward: 0.2815
[VLM Debug] Step 16 Reward: 0.2795
[VLM Debug] Step 92 Reward: 0.2803
[VLM Debug] Step 130 Reward: 0.2966
[VLM Debug] Step 8 Reward: 0.2825
[VLM Debug] Step 18 Reward: 0.2800
[VLM Debug] Step 94 Reward: 0.2812
[VLM Debug] Step 132 Reward: 0.2881
[VLM Debug] Step 10 Reward: 0.2798
[VLM Debug] Step 20 Reward: 0.2852
[VLM Debug] Step 96 Reward: 0.2861
[VLM Debug] Step 134 Reward: 0.2832
[VLM Debug] Step 12 Reward: 0.2798
[VLM Debug] Step 22 Reward: 0.2820
[VLM Debug] Step 98 Reward: 0.2842
[VLM Debug] Step 136 Reward: 0.2859
[VLM Debug] Step 14 Reward: 0.2800
[VLM Debug] Step 24 Reward: 0.2820
[VLM Debug] Step 100 Reward: 0.2856
[VLM Debug] Step 138 Reward: 0.2891
[VLM Debug] Step 16 Reward: 0.2798
[VLM Debug] Step 26 Reward: 0.2837
[VLM Debug] Step 102 Reward: 0.2842
[VLM Debug] Step 140 Reward: 0.2859
[VLM Debug] Step 18 Reward: 0.2825
[VLM Debug] Step 28 Reward: 0.2866
[VLM Debug] Step 104 Reward: 0.2883
[VLM Debug] Step 142 Reward: 0.2815
[VLM Debug] Step 20 Reward: 0.2788
[VLM Debug] Step 30 Reward: 0.2876
[VLM Debug] Step 106 Reward: 0.2878
[VLM Debug] Step 144 Reward: 0.2751
[VLM Debug] Step 22 Reward: 0.2751
[VLM Debug] Step 32 Reward: 0.2874
[VLM Debug] Step 108 Reward: 0.2825
[VLM Debug] Step 146 Reward: 0.2817
[VLM Debug] Step 24 Reward: 0.2791
[VLM Debug] Step 34 Reward: 0.2878
[VLM Debug] Step 110 Reward: 0.2830
[VLM Debug] Step 148 Reward: 0.2886
[VLM Debug] Step 26 Reward: 0.2812
[VLM Debug] Step 36 Reward: 0.2805
[VLM Debug] Step 112 Reward: 0.2847
[VLM Debug] Step 150 Reward: 0.2871
[VLM Debug] Step 28 Reward: 0.2832
[VLM Debug] Step 38 Reward: 0.2810
[VLM Debug] Step 114 Reward: 0.2830
[VLM Debug] Step 152 Reward: 0.2859
[VLM Debug] Step 30 Reward: 0.2827
[VLM Debug] Step 40 Reward: 0.2776
[VLM Debug] Step 116 Reward: 0.2832
[VLM Debug] Step 154 Reward: 0.2854
[VLM Debug] Step 32 Reward: 0.2927
[VLM Debug] Step 42 Reward: 0.2751
[VLM Debug] Step 118 Reward: 0.2888
[VLM Debug] Step 156 Reward: 0.2925
[VLM Debug] Step 34 Reward: 0.2883
[VLM Debug] Step 44 Reward: 0.2808
[VLM Debug] Step 120 Reward: 0.2866
[VLM Debug] Step 158 Reward: 0.2881
[VLM Debug] Step 36 Reward: 0.2883
[VLM Debug] Step 46 Reward: 0.2822
[VLM Debug] Step 122 Reward: 0.2903
[VLM Debug] Step 160 Reward: 0.2791
[VLM Debug] Step 38 Reward: 0.2903
[VLM Debug] Step 48 Reward: 0.2874
[VLM Debug] Step 124 Reward: 0.2856
[VLM Debug] Step 162 Reward: 0.2764
[VLM Debug] Step 40 Reward: 0.2849
[VLM Debug] Step 50 Reward: 0.2900
[VLM Debug] Step 126 Reward: 0.2878
[VLM Debug] Step 164 Reward: 0.2944
[VLM Debug] Step 42 Reward: 0.2893
[VLM Debug] Step 52 Reward: 0.2844
[VLM Debug] Step 128 Reward: 0.2898
[VLM Debug] Step 166 Reward: 0.2937
[VLM Debug] Step 44 Reward: 0.2839
[VLM Debug] Step 54 Reward: 0.2800
[VLM Debug] Step 130 Reward: 0.2883
[VLM Debug] Step 168 Reward: 0.2854
[VLM Debug] Step 46 Reward: 0.2859
[VLM Debug] Step 56 Reward: 0.2749
[VLM Debug] Step 132 Reward: 0.2898
[VLM Debug] Step 170 Reward: 0.2905
[VLM Debug] Step 48 Reward: 0.2939
[VLM Debug] Step 58 Reward: 0.2759
[VLM Debug] Step 134 Reward: 0.2910
[VLM Debug] Step 172 Reward: 0.2930
[VLM Debug] Step 50 Reward: 0.2954
SPS: 173
[VLM Debug] Step 60 Reward: 0.2817
[VLM Debug] Step 136 Reward: 0.2915
[VLM Debug] Step 174 Reward: 0.2925
[VLM Debug] Step 52 Reward: 0.2891
[VLM Debug] Step 62 Reward: 0.2859
[VLM Debug] Step 138 Reward: 0.2869
[VLM Debug] Step 176 Reward: 0.2917
[VLM Debug] Step 54 Reward: 0.2839
[VLM Debug] Step 64 Reward: 0.2905
global_step=26132, episodic_return=50.688
[VLM Debug] Step 140 Reward: 0.2837
[VLM Debug] Reset Reward Calculated: 0.2798
[VLM Debug] Step 56 Reward: 0.2905
[VLM Debug] Step 66 Reward: 0.2944
[VLM Debug] Step 142 Reward: 0.2878
[VLM Debug] Step 2 Reward: 0.2798
[VLM Debug] Step 58 Reward: 0.2727
[VLM Debug] Step 68 Reward: 0.2939
[VLM Debug] Step 144 Reward: 0.2871
[VLM Debug] Step 4 Reward: 0.2798
[VLM Debug] Step 60 Reward: 0.2849
[VLM Debug] Step 70 Reward: 0.2896
[VLM Debug] Step 146 Reward: 0.2942
[VLM Debug] Step 6 Reward: 0.2759
[VLM Debug] Step 62 Reward: 0.2815
[VLM Debug] Step 72 Reward: 0.2871
[VLM Debug] Step 148 Reward: 0.2937
[VLM Debug] Step 8 Reward: 0.2732
[VLM Debug] Step 64 Reward: 0.2878
[VLM Debug] Step 74 Reward: 0.2732
[VLM Debug] Step 150 Reward: 0.2908
[VLM Debug] Step 10 Reward: 0.2732
[VLM Debug] Step 66 Reward: 0.2874
[VLM Debug] Step 76 Reward: 0.2825
[VLM Debug] Step 152 Reward: 0.2898
[VLM Debug] Step 12 Reward: 0.2793
[VLM Debug] Step 68 Reward: 0.2864
[VLM Debug] Step 78 Reward: 0.2878
[VLM Debug] Step 154 Reward: 0.2910
[VLM Debug] Step 14 Reward: 0.2793
[VLM Debug] Step 70 Reward: 0.2915
[VLM Debug] Step 80 Reward: 0.2883
[VLM Debug] Step 156 Reward: 0.2942
[VLM Debug] Step 16 Reward: 0.2793
[VLM Debug] Step 72 Reward: 0.2915
[VLM Debug] Step 82 Reward: 0.2869
[VLM Debug] Step 158 Reward: 0.2898
[VLM Debug] Step 18 Reward: 0.2788
[VLM Debug] Step 74 Reward: 0.2913
[VLM Debug] Step 84 Reward: 0.2876
[VLM Debug] Step 160 Reward: 0.2856
[VLM Debug] Step 20 Reward: 0.2778
[VLM Debug] Step 76 Reward: 0.2910
[VLM Debug] Step 86 Reward: 0.2876
[VLM Debug] Step 162 Reward: 0.2949
[VLM Debug] Step 22 Reward: 0.2778
[VLM Debug] Step 78 Reward: 0.2932
[VLM Debug] Step 88 Reward: 0.2891
[VLM Debug] Step 164 Reward: 0.2888
[VLM Debug] Step 24 Reward: 0.2812
[VLM Debug] Step 80 Reward: 0.2947
global_step=26232, episodic_return=22.826
[VLM Debug] Reset Reward Calculated: 0.2771
[VLM Debug] Step 90 Reward: 0.2876
[VLM Debug] Step 166 Reward: 0.2966
[VLM Debug] Step 26 Reward: 0.2856
[VLM Debug] Step 2 Reward: 0.2773
[VLM Debug] Step 92 Reward: 0.2883
[VLM Debug] Step 168 Reward: 0.2935
[VLM Debug] Step 28 Reward: 0.2856
[VLM Debug] Step 4 Reward: 0.2817
[VLM Debug] Step 94 Reward: 0.2876
[VLM Debug] Step 170 Reward: 0.2969
[VLM Debug] Step 30 Reward: 0.2830
[VLM Debug] Step 6 Reward: 0.2800
[VLM Debug] Step 96 Reward: 0.2866
[VLM Debug] Step 172 Reward: 0.2844
[VLM Debug] Step 32 Reward: 0.2849
[VLM Debug] Step 8 Reward: 0.2800
[VLM Debug] Step 98 Reward: 0.2903
[VLM Debug] Step 174 Reward: 0.2854
[VLM Debug] Step 34 Reward: 0.2842
[VLM Debug] Step 10 Reward: 0.2803
[VLM Debug] Step 100 Reward: 0.2900
[VLM Debug] Step 176 Reward: 0.2832
[VLM Debug] Step 36 Reward: 0.2842
[VLM Debug] Step 12 Reward: 0.2803
[VLM Debug] Step 102 Reward: 0.2915
[VLM Debug] Step 178 Reward: 0.2861
[VLM Debug] Step 38 Reward: 0.2795
[VLM Debug] Step 14 Reward: 0.2771
[VLM Debug] Step 104 Reward: 0.2898
[VLM Debug] Step 180 Reward: 0.2932
[VLM Debug] Step 40 Reward: 0.2827
[VLM Debug] Step 16 Reward: 0.2778
[VLM Debug] Step 106 Reward: 0.2893
[VLM Debug] Step 182 Reward: 0.2864
[VLM Debug] Step 42 Reward: 0.2786
[VLM Debug] Step 18 Reward: 0.2795
[VLM Debug] Step 108 Reward: 0.2917
[VLM Debug] Step 184 Reward: 0.2881
[VLM Debug] Step 44 Reward: 0.2795
[VLM Debug] Step 20 Reward: 0.2771
[VLM Debug] Step 110 Reward: 0.2905
[VLM Debug] Step 186 Reward: 0.2905
[VLM Debug] Step 46 Reward: 0.2805
[VLM Debug] Step 22 Reward: 0.2769
[VLM Debug] Step 112 Reward: 0.2927
[VLM Debug] Step 188 Reward: 0.2908
[VLM Debug] Step 48 Reward: 0.2786
[VLM Debug] Step 24 Reward: 0.2854
[VLM Debug] Step 114 Reward: 0.2944
[VLM Debug] Step 190 Reward: 0.2883
[VLM Debug] Step 50 Reward: 0.2803
[VLM Debug] Step 26 Reward: 0.2781
[VLM Debug] Step 116 Reward: 0.2942
[VLM Debug] Step 192 Reward: 0.2891
[VLM Debug] Step 52 Reward: 0.2832
[VLM Debug] Step 28 Reward: 0.2852
[VLM Debug] Step 118 Reward: 0.2949
[VLM Debug] Step 194 Reward: 0.2896
[VLM Debug] Step 54 Reward: 0.2820
[VLM Debug] Step 30 Reward: 0.2893
[VLM Debug] Step 120 Reward: 0.2991
[VLM Debug] Step 196 Reward: 0.2913
[VLM Debug] Step 56 Reward: 0.2922
[VLM Debug] Step 32 Reward: 0.2874
[VLM Debug] Step 122 Reward: 0.2974
[VLM Debug] Step 198 Reward: 0.2903
[VLM Debug] Step 58 Reward: 0.2898
[VLM Debug] Step 34 Reward: 0.2903
[VLM Debug] Step 124 Reward: 0.2949
global_step=26372, episodic_return=57.040
[VLM Debug] Reset Reward Calculated: 0.2786
[VLM Debug] Step 60 Reward: 0.2883
[VLM Debug] Step 36 Reward: 0.2903
[VLM Debug] Step 126 Reward: 0.2881
[VLM Debug] Step 2 Reward: 0.2786
[VLM Debug] Step 62 Reward: 0.2903
[VLM Debug] Step 38 Reward: 0.2886
[VLM Debug] Step 128 Reward: 0.2832
[VLM Debug] Step 4 Reward: 0.2786
[VLM Debug] Step 64 Reward: 0.2849
[VLM Debug] Step 40 Reward: 0.2839
[VLM Debug] Step 130 Reward: 0.2839
[VLM Debug] Step 6 Reward: 0.2788
[VLM Debug] Step 66 Reward: 0.2866
[VLM Debug] Step 42 Reward: 0.2876
[VLM Debug] Step 132 Reward: 0.2886
[VLM Debug] Step 8 Reward: 0.2788
[VLM Debug] Step 68 Reward: 0.2852
[VLM Debug] Step 44 Reward: 0.2822
[VLM Debug] Step 134 Reward: 0.2891
[VLM Debug] Step 10 Reward: 0.2788
[VLM Debug] Step 70 Reward: 0.2859
[VLM Debug] Step 46 Reward: 0.2847
[VLM Debug] Step 136 Reward: 0.2852
[VLM Debug] Step 12 Reward: 0.2773
[VLM Debug] Step 72 Reward: 0.2964
[VLM Debug] Step 48 Reward: 0.2949
[VLM Debug] Step 138 Reward: 0.2808
[VLM Debug] Step 14 Reward: 0.2773
[VLM Debug] Step 74 Reward: 0.2966
[VLM Debug] Step 50 Reward: 0.2942
[VLM Debug] Step 140 Reward: 0.2812
[VLM Debug] Step 16 Reward: 0.2776
[VLM Debug] Step 76 Reward: 0.2859
[VLM Debug] Step 52 Reward: 0.2932
[VLM Debug] Step 142 Reward: 0.2922
[VLM Debug] Step 18 Reward: 0.2776
[VLM Debug] Step 78 Reward: 0.2856
[VLM Debug] Step 54 Reward: 0.2842
[VLM Debug] Step 144 Reward: 0.2903
[VLM Debug] Step 20 Reward: 0.2808
[VLM Debug] Step 80 Reward: 0.2927
[VLM Debug] Step 56 Reward: 0.2854
[VLM Debug] Step 146 Reward: 0.2847
[VLM Debug] Step 22 Reward: 0.2808
[VLM Debug] Step 82 Reward: 0.2773
[VLM Debug] Step 58 Reward: 0.2896
[VLM Debug] Step 148 Reward: 0.2827
[VLM Debug] Step 24 Reward: 0.2810
[VLM Debug] Step 84 Reward: 0.2922
[VLM Debug] Step 60 Reward: 0.2871
[VLM Debug] Step 150 Reward: 0.2937
[VLM Debug] Step 26 Reward: 0.2805
[VLM Debug] Step 86 Reward: 0.2791
[VLM Debug] Step 62 Reward: 0.2952
[VLM Debug] Step 152 Reward: 0.2920
[VLM Debug] Step 28 Reward: 0.2834
[VLM Debug] Step 88 Reward: 0.2888
[VLM Debug] Step 64 Reward: 0.2881
[VLM Debug] Step 154 Reward: 0.2820
[VLM Debug] Step 30 Reward: 0.2849
[VLM Debug] Step 90 Reward: 0.2854
[VLM Debug] Step 66 Reward: 0.2737
[VLM Debug] Step 156 Reward: 0.2874
[VLM Debug] Step 32 Reward: 0.2822
[VLM Debug] Step 92 Reward: 0.2891
[VLM Debug] Step 68 Reward: 0.2871
[VLM Debug] Step 158 Reward: 0.2737
[VLM Debug] Step 34 Reward: 0.2847
[VLM Debug] Step 94 Reward: 0.2888
[VLM Debug] Step 70 Reward: 0.2712
[VLM Debug] Step 160 Reward: 0.2935
[VLM Debug] Step 36 Reward: 0.2856
[VLM Debug] Step 96 Reward: 0.2866
[VLM Debug] Step 72 Reward: 0.2920
[VLM Debug] Step 162 Reward: 0.2915
[VLM Debug] Step 38 Reward: 0.2864
[VLM Debug] Step 98 Reward: 0.2900
[VLM Debug] Step 74 Reward: 0.2908
[VLM Debug] Step 164 Reward: 0.2830
[VLM Debug] Step 40 Reward: 0.2861
[VLM Debug] Step 100 Reward: 0.2917
[VLM Debug] Step 76 Reward: 0.2905
[VLM Debug] Step 166 Reward: 0.2915
[VLM Debug] Step 42 Reward: 0.2888
[VLM Debug] Step 102 Reward: 0.2905
[VLM Debug] Step 78 Reward: 0.2937
[VLM Debug] Step 168 Reward: 0.2925
global_step=26548, episodic_return=29.256
[VLM Debug] Step 44 Reward: 0.2891
[VLM Debug] Reset Reward Calculated: 0.2805
[VLM Debug] Step 80 Reward: 0.2903
[VLM Debug] Step 170 Reward: 0.2920
[VLM Debug] Step 46 Reward: 0.2891
[VLM Debug] Step 2 Reward: 0.2764
[VLM Debug] Step 82 Reward: 0.2903
[VLM Debug] Step 172 Reward: 0.2920
global_step=26564, episodic_return=49.252
[VLM Debug] Step 48 Reward: 0.2876
[VLM Debug] Step 4 Reward: 0.2764
[VLM Debug] Reset Reward Calculated: 0.2808
global_step=26568, episodic_return=23.662
[VLM Debug] Reset Reward Calculated: 0.2720
[VLM Debug] Step 50 Reward: 0.2793
[VLM Debug] Step 6 Reward: 0.2798
[VLM Debug] Step 2 Reward: 0.2808
[VLM Debug] Step 2 Reward: 0.2693
[VLM Debug] Step 52 Reward: 0.2881
[VLM Debug] Step 8 Reward: 0.2803
[VLM Debug] Step 4 Reward: 0.2751
[VLM Debug] Step 4 Reward: 0.2737
[VLM Debug] Step 54 Reward: 0.2886
[VLM Debug] Step 10 Reward: 0.2812
[VLM Debug] Step 6 Reward: 0.2710
[VLM Debug] Step 6 Reward: 0.2751
[VLM Debug] Step 56 Reward: 0.2915
[VLM Debug] Step 12 Reward: 0.2812
[VLM Debug] Step 8 Reward: 0.2693
[VLM Debug] Step 8 Reward: 0.2646
[VLM Debug] Step 58 Reward: 0.2871
[VLM Debug] Step 14 Reward: 0.2812
[VLM Debug] Step 10 Reward: 0.2751
[VLM Debug] Step 10 Reward: 0.2749
[VLM Debug] Step 60 Reward: 0.2854
[VLM Debug] Step 16 Reward: 0.2812
[VLM Debug] Step 12 Reward: 0.2747
[VLM Debug] Step 12 Reward: 0.2749
[VLM Debug] Step 62 Reward: 0.2896
[VLM Debug] Step 18 Reward: 0.2803
[VLM Debug] Step 14 Reward: 0.2761
SPS: 173
[VLM Debug] Step 14 Reward: 0.2798
[VLM Debug] Step 64 Reward: 0.2910
[VLM Debug] Step 20 Reward: 0.2798
[VLM Debug] Step 16 Reward: 0.2761
[VLM Debug] Step 16 Reward: 0.2793
[VLM Debug] Step 66 Reward: 0.2939
[VLM Debug] Step 22 Reward: 0.2798
[VLM Debug] Step 18 Reward: 0.2771
[VLM Debug] Step 18 Reward: 0.2788
[VLM Debug] Step 68 Reward: 0.2881
[VLM Debug] Step 24 Reward: 0.2798
[VLM Debug] Step 20 Reward: 0.2744
[VLM Debug] Step 20 Reward: 0.2798
[VLM Debug] Step 70 Reward: 0.2837
[VLM Debug] Step 26 Reward: 0.2798
[VLM Debug] Step 22 Reward: 0.2783
[VLM Debug] Step 22 Reward: 0.2803
[VLM Debug] Step 72 Reward: 0.2878
[VLM Debug] Step 28 Reward: 0.2764
[VLM Debug] Step 24 Reward: 0.2800
[VLM Debug] Step 24 Reward: 0.2803
[VLM Debug] Step 74 Reward: 0.2891
[VLM Debug] Step 30 Reward: 0.2764
[VLM Debug] Step 26 Reward: 0.2798
[VLM Debug] Step 26 Reward: 0.2817
[VLM Debug] Step 76 Reward: 0.2903
[VLM Debug] Step 32 Reward: 0.2764
[VLM Debug] Step 28 Reward: 0.2771
[VLM Debug] Step 28 Reward: 0.2795
[VLM Debug] Step 78 Reward: 0.2847
[VLM Debug] Step 34 Reward: 0.2764
[VLM Debug] Step 30 Reward: 0.2800
[VLM Debug] Step 30 Reward: 0.2793
[VLM Debug] Step 80 Reward: 0.2927
[VLM Debug] Step 36 Reward: 0.2805
[VLM Debug] Step 32 Reward: 0.2805
[VLM Debug] Step 32 Reward: 0.2793
[VLM Debug] Step 82 Reward: 0.2932
[VLM Debug] Step 38 Reward: 0.2805
[VLM Debug] Step 34 Reward: 0.2759
[VLM Debug] Step 34 Reward: 0.2793
[VLM Debug] Step 84 Reward: 0.2937
[VLM Debug] Step 40 Reward: 0.2805
[VLM Debug] Step 36 Reward: 0.2825
[VLM Debug] Step 36 Reward: 0.2837
[VLM Debug] Step 86 Reward: 0.2900
[VLM Debug] Step 42 Reward: 0.2805
[VLM Debug] Step 38 Reward: 0.2791
[VLM Debug] Step 38 Reward: 0.2800
[VLM Debug] Step 88 Reward: 0.2832
[VLM Debug] Step 44 Reward: 0.2773
[VLM Debug] Step 40 Reward: 0.2832
[VLM Debug] Step 40 Reward: 0.2800
[VLM Debug] Step 90 Reward: 0.2844
[VLM Debug] Step 46 Reward: 0.2800
[VLM Debug] Step 42 Reward: 0.2847
[VLM Debug] Step 42 Reward: 0.2791
[VLM Debug] Step 92 Reward: 0.2910
[VLM Debug] Step 48 Reward: 0.2800
[VLM Debug] Step 44 Reward: 0.2849
[VLM Debug] Step 44 Reward: 0.2800
[VLM Debug] Step 94 Reward: 0.2886
[VLM Debug] Step 50 Reward: 0.2800
[VLM Debug] Step 46 Reward: 0.2847
[VLM Debug] Step 46 Reward: 0.2805
[VLM Debug] Step 96 Reward: 0.2866
[VLM Debug] Step 52 Reward: 0.2800
[VLM Debug] Step 48 Reward: 0.2861
[VLM Debug] Step 48 Reward: 0.2778
[VLM Debug] Step 98 Reward: 0.2795
[VLM Debug] Step 54 Reward: 0.2771
[VLM Debug] Step 50 Reward: 0.2874
[VLM Debug] Step 50 Reward: 0.2773
[VLM Debug] Step 100 Reward: 0.2800
[VLM Debug] Step 56 Reward: 0.2793
[VLM Debug] Step 52 Reward: 0.2888
[VLM Debug] Step 52 Reward: 0.2827
[VLM Debug] Step 102 Reward: 0.2856
[VLM Debug] Step 58 Reward: 0.2810
[VLM Debug] Step 54 Reward: 0.2881
[VLM Debug] Step 54 Reward: 0.2827
[VLM Debug] Step 104 Reward: 0.2878
[VLM Debug] Step 60 Reward: 0.2827
[VLM Debug] Step 56 Reward: 0.2842
[VLM Debug] Step 56 Reward: 0.2852
[VLM Debug] Step 106 Reward: 0.2896
[VLM Debug] Step 62 Reward: 0.2805
[VLM Debug] Step 58 Reward: 0.2791
[VLM Debug] Step 58 Reward: 0.2898
[VLM Debug] Step 108 Reward: 0.2756
[VLM Debug] Step 64 Reward: 0.2820
[VLM Debug] Step 60 Reward: 0.2834
[VLM Debug] Step 60 Reward: 0.2874
[VLM Debug] Step 110 Reward: 0.2898
[VLM Debug] Step 66 Reward: 0.2803
[VLM Debug] Step 62 Reward: 0.2881
[VLM Debug] Step 62 Reward: 0.2871
[VLM Debug] Step 112 Reward: 0.2847
[VLM Debug] Step 68 Reward: 0.2808
[VLM Debug] Step 64 Reward: 0.2856
[VLM Debug] Step 64 Reward: 0.2886
[VLM Debug] Step 114 Reward: 0.2830
[VLM Debug] Step 70 Reward: 0.2825
[VLM Debug] Step 66 Reward: 0.2896
[VLM Debug] Step 66 Reward: 0.2876
[VLM Debug] Step 116 Reward: 0.2854
[VLM Debug] Step 72 Reward: 0.2791
[VLM Debug] Step 68 Reward: 0.2886
[VLM Debug] Step 68 Reward: 0.2847
[VLM Debug] Step 118 Reward: 0.2712
[VLM Debug] Step 74 Reward: 0.2795
[VLM Debug] Step 70 Reward: 0.2927
[VLM Debug] Step 70 Reward: 0.2844
[VLM Debug] Step 120 Reward: 0.2805
[VLM Debug] Step 76 Reward: 0.2800
[VLM Debug] Step 72 Reward: 0.2905
[VLM Debug] Step 72 Reward: 0.2842
[VLM Debug] Step 122 Reward: 0.2756
[VLM Debug] Step 78 Reward: 0.2832
[VLM Debug] Step 74 Reward: 0.2910
[VLM Debug] Step 74 Reward: 0.2852
[VLM Debug] Step 124 Reward: 0.2920
[VLM Debug] Step 80 Reward: 0.2815
[VLM Debug] Step 76 Reward: 0.2908
[VLM Debug] Step 76 Reward: 0.2937
[VLM Debug] Step 126 Reward: 0.2915
[VLM Debug] Step 82 Reward: 0.2837
[VLM Debug] Step 78 Reward: 0.2937
[VLM Debug] Step 78 Reward: 0.2920
[VLM Debug] Step 128 Reward: 0.2834
[VLM Debug] Step 84 Reward: 0.2856
[VLM Debug] Step 80 Reward: 0.2856
[VLM Debug] Step 80 Reward: 0.2917
[VLM Debug] Step 130 Reward: 0.2856
[VLM Debug] Step 86 Reward: 0.2837
[VLM Debug] Step 82 Reward: 0.2837
[VLM Debug] Step 82 Reward: 0.2844
[VLM Debug] Step 132 Reward: 0.2900
[VLM Debug] Step 88 Reward: 0.2869
[VLM Debug] Step 84 Reward: 0.2888
[VLM Debug] Step 84 Reward: 0.2800
[VLM Debug] Step 134 Reward: 0.2944
[VLM Debug] Step 90 Reward: 0.2869
[VLM Debug] Step 86 Reward: 0.2883
[VLM Debug] Step 86 Reward: 0.2874
[VLM Debug] Step 136 Reward: 0.2893
[VLM Debug] Step 92 Reward: 0.2805
[VLM Debug] Step 88 Reward: 0.2896
[VLM Debug] Step 88 Reward: 0.2764
[VLM Debug] Step 138 Reward: 0.2908
[VLM Debug] Step 94 Reward: 0.2854
[VLM Debug] Step 90 Reward: 0.2869
[VLM Debug] Step 90 Reward: 0.2878
[VLM Debug] Step 140 Reward: 0.2893
[VLM Debug] Step 96 Reward: 0.2808
[VLM Debug] Step 92 Reward: 0.2913
[VLM Debug] Step 92 Reward: 0.2922
[VLM Debug] Step 142 Reward: 0.2842
[VLM Debug] Step 98 Reward: 0.2834
[VLM Debug] Step 94 Reward: 0.2954
[VLM Debug] Step 94 Reward: 0.2900
[VLM Debug] Step 144 Reward: 0.2930
[VLM Debug] Step 100 Reward: 0.2739
[VLM Debug] Step 96 Reward: 0.2937
[VLM Debug] Step 96 Reward: 0.2917
[VLM Debug] Step 146 Reward: 0.2915
[VLM Debug] Step 102 Reward: 0.2849
[VLM Debug] Step 98 Reward: 0.2900
[VLM Debug] Step 98 Reward: 0.2874
[VLM Debug] Step 148 Reward: 0.2981
[VLM Debug] Step 104 Reward: 0.2878
[VLM Debug] Step 100 Reward: 0.2812
[VLM Debug] Step 100 Reward: 0.2903
global_step=26972, episodic_return=42.554
[VLM Debug] Reset Reward Calculated: 0.2808
[VLM Debug] Step 106 Reward: 0.2898
[VLM Debug] Step 102 Reward: 0.2861
[VLM Debug] Step 102 Reward: 0.2881
[VLM Debug] Step 2 Reward: 0.2800
[VLM Debug] Step 108 Reward: 0.2878
[VLM Debug] Step 104 Reward: 0.2842
[VLM Debug] Step 104 Reward: 0.2937
[VLM Debug] Step 4 Reward: 0.2800
[VLM Debug] Step 110 Reward: 0.2896
[VLM Debug] Step 106 Reward: 0.2825
[VLM Debug] Step 106 Reward: 0.2954
[VLM Debug] Step 6 Reward: 0.2847
[VLM Debug] Step 112 Reward: 0.2795
[VLM Debug] Step 108 Reward: 0.2856
global_step=27000, episodic_return=30.272
[VLM Debug] Reset Reward Calculated: 0.2732
[VLM Debug] Step 8 Reward: 0.2844
[VLM Debug] Step 114 Reward: 0.2756
[VLM Debug] Step 110 Reward: 0.2754
[VLM Debug] Step 2 Reward: 0.2793
[VLM Debug] Step 10 Reward: 0.2844
[VLM Debug] Step 116 Reward: 0.2815
[VLM Debug] Step 112 Reward: 0.2734
[VLM Debug] Step 4 Reward: 0.2793
[VLM Debug] Step 12 Reward: 0.2847
[VLM Debug] Step 118 Reward: 0.2832
[VLM Debug] Step 114 Reward: 0.2783
[VLM Debug] Step 6 Reward: 0.2812
[VLM Debug] Step 14 Reward: 0.2800
[VLM Debug] Step 120 Reward: 0.2891
[VLM Debug] Step 116 Reward: 0.2827
[VLM Debug] Step 8 Reward: 0.2808
[VLM Debug] Step 16 Reward: 0.2800
[VLM Debug] Step 122 Reward: 0.2903
[VLM Debug] Step 118 Reward: 0.2812
[VLM Debug] Step 10 Reward: 0.2805
[VLM Debug] Step 18 Reward: 0.2800
[VLM Debug] Step 124 Reward: 0.2866
[VLM Debug] Step 120 Reward: 0.2764
[VLM Debug] Step 12 Reward: 0.2795
[VLM Debug] Step 20 Reward: 0.2781
[VLM Debug] Step 126 Reward: 0.2783
[VLM Debug] Step 122 Reward: 0.2898
[VLM Debug] Step 14 Reward: 0.2793
[VLM Debug] Step 22 Reward: 0.2788
[VLM Debug] Step 128 Reward: 0.2742
[VLM Debug] Step 124 Reward: 0.2917
[VLM Debug] Step 16 Reward: 0.2810
[VLM Debug] Step 24 Reward: 0.2788
[VLM Debug] Step 130 Reward: 0.2783
[VLM Debug] Step 126 Reward: 0.2910
[VLM Debug] Step 18 Reward: 0.2773
[VLM Debug] Step 26 Reward: 0.2839
[VLM Debug] Step 132 Reward: 0.2832
[VLM Debug] Step 128 Reward: 0.2964
[VLM Debug] Step 20 Reward: 0.2732
[VLM Debug] Step 28 Reward: 0.2864
[VLM Debug] Step 134 Reward: 0.2898
[VLM Debug] Step 130 Reward: 0.2871
[VLM Debug] Step 22 Reward: 0.2686
[VLM Debug] Step 30 Reward: 0.2864
[VLM Debug] Step 136 Reward: 0.2869
[VLM Debug] Step 132 Reward: 0.2952
[VLM Debug] Step 24 Reward: 0.2761
[VLM Debug] Step 32 Reward: 0.2864
[VLM Debug] Step 138 Reward: 0.2861
[VLM Debug] Step 134 Reward: 0.2954
[VLM Debug] Step 26 Reward: 0.2781
[VLM Debug] Step 34 Reward: 0.2832
[VLM Debug] Step 140 Reward: 0.2778
[VLM Debug] Step 136 Reward: 0.2891
[VLM Debug] Step 28 Reward: 0.2800
[VLM Debug] Step 36 Reward: 0.2844
[VLM Debug] Step 142 Reward: 0.2815
[VLM Debug] Step 138 Reward: 0.2966
[VLM Debug] Step 30 Reward: 0.2788
[VLM Debug] Step 38 Reward: 0.2871
[VLM Debug] Step 144 Reward: 0.2881
[VLM Debug] Step 140 Reward: 0.2966
[VLM Debug] Step 32 Reward: 0.2820
[VLM Debug] Step 40 Reward: 0.2898
[VLM Debug] Step 146 Reward: 0.2878
[VLM Debug] Step 142 Reward: 0.2954
SPS: 173
[VLM Debug] Step 34 Reward: 0.2864
[VLM Debug] Step 42 Reward: 0.2888
[VLM Debug] Step 148 Reward: 0.2876
[VLM Debug] Step 144 Reward: 0.2886
[VLM Debug] Step 36 Reward: 0.2854
[VLM Debug] Step 44 Reward: 0.2881
[VLM Debug] Step 150 Reward: 0.2893
[VLM Debug] Step 146 Reward: 0.2832
[VLM Debug] Step 38 Reward: 0.2871
[VLM Debug] Step 46 Reward: 0.2886
[VLM Debug] Step 152 Reward: 0.2905
[VLM Debug] Step 148 Reward: 0.2866
global_step=27160, episodic_return=42.137
[VLM Debug] Step 40 Reward: 0.2893
[VLM Debug] Reset Reward Calculated: 0.2778
[VLM Debug] Step 48 Reward: 0.2900
[VLM Debug] Step 154 Reward: 0.2917
[VLM Debug] Step 42 Reward: 0.2886
[VLM Debug] Step 2 Reward: 0.2778
[VLM Debug] Step 50 Reward: 0.2898
[VLM Debug] Step 156 Reward: 0.2942
[VLM Debug] Step 44 Reward: 0.2908
[VLM Debug] Step 4 Reward: 0.2791
[VLM Debug] Step 52 Reward: 0.2834
[VLM Debug] Step 158 Reward: 0.2917
[VLM Debug] Step 46 Reward: 0.2900
[VLM Debug] Step 6 Reward: 0.2788
[VLM Debug] Step 54 Reward: 0.2847
[VLM Debug] Step 160 Reward: 0.2930
[VLM Debug] Step 48 Reward: 0.2891
[VLM Debug] Step 8 Reward: 0.2778
[VLM Debug] Step 56 Reward: 0.2881
[VLM Debug] Step 162 Reward: 0.2922
[VLM Debug] Step 50 Reward: 0.2834
[VLM Debug] Step 10 Reward: 0.2778
[VLM Debug] Step 58 Reward: 0.2827
[VLM Debug] Step 164 Reward: 0.2915
[VLM Debug] Step 52 Reward: 0.2874
[VLM Debug] Step 12 Reward: 0.2805
[VLM Debug] Step 60 Reward: 0.2886
[VLM Debug] Step 166 Reward: 0.2905
[VLM Debug] Step 54 Reward: 0.2859
[VLM Debug] Step 14 Reward: 0.2778
[VLM Debug] Step 62 Reward: 0.2883
[VLM Debug] Step 168 Reward: 0.2910
[VLM Debug] Step 56 Reward: 0.2837
[VLM Debug] Step 16 Reward: 0.2764
[VLM Debug] Step 64 Reward: 0.2939
[VLM Debug] Step 170 Reward: 0.2976
[VLM Debug] Step 58 Reward: 0.2854
[VLM Debug] Step 18 Reward: 0.2803
[VLM Debug] Step 66 Reward: 0.2927
[VLM Debug] Step 172 Reward: 0.2949
[VLM Debug] Step 60 Reward: 0.2935
[VLM Debug] Step 20 Reward: 0.2837
[VLM Debug] Step 68 Reward: 0.2917
[VLM Debug] Step 174 Reward: 0.2878
[VLM Debug] Step 62 Reward: 0.2915
[VLM Debug] Step 22 Reward: 0.2817
[VLM Debug] Step 70 Reward: 0.2876
[VLM Debug] Step 176 Reward: 0.2930
[VLM Debug] Step 64 Reward: 0.2971
[VLM Debug] Step 24 Reward: 0.2810
[VLM Debug] Step 72 Reward: 0.2795
[VLM Debug] Step 178 Reward: 0.2932
[VLM Debug] Step 66 Reward: 0.2915
[VLM Debug] Step 26 Reward: 0.2800
[VLM Debug] Step 74 Reward: 0.2869
[VLM Debug] Step 180 Reward: 0.2935
[VLM Debug] Step 68 Reward: 0.2773
[VLM Debug] Step 28 Reward: 0.2881
[VLM Debug] Step 76 Reward: 0.2817
[VLM Debug] Step 182 Reward: 0.2925
[VLM Debug] Step 70 Reward: 0.2859
[VLM Debug] Step 30 Reward: 0.2905
[VLM Debug] Step 78 Reward: 0.2705
[VLM Debug] Step 184 Reward: 0.2986
[VLM Debug] Step 72 Reward: 0.2874
[VLM Debug] Step 32 Reward: 0.2913
[VLM Debug] Step 80 Reward: 0.2910
[VLM Debug] Step 186 Reward: 0.2996
[VLM Debug] Step 74 Reward: 0.2764
[VLM Debug] Step 34 Reward: 0.2896
[VLM Debug] Step 82 Reward: 0.2952
[VLM Debug] Step 188 Reward: 0.2988
[VLM Debug] Step 76 Reward: 0.2903
[VLM Debug] Step 36 Reward: 0.2927
[VLM Debug] Step 84 Reward: 0.2957
[VLM Debug] Step 190 Reward: 0.2930
[VLM Debug] Step 78 Reward: 0.2937
[VLM Debug] Step 38 Reward: 0.2925
[VLM Debug] Step 86 Reward: 0.2861
[VLM Debug] Step 192 Reward: 0.2834
[VLM Debug] Step 80 Reward: 0.2954
[VLM Debug] Step 40 Reward: 0.2910
[VLM Debug] Step 88 Reward: 0.2856
[VLM Debug] Step 194 Reward: 0.2830
[VLM Debug] Step 82 Reward: 0.2861
[VLM Debug] Step 42 Reward: 0.2842
[VLM Debug] Step 90 Reward: 0.2917
[VLM Debug] Step 196 Reward: 0.2803
[VLM Debug] Step 84 Reward: 0.2856
[VLM Debug] Step 44 Reward: 0.2900
[VLM Debug] Step 92 Reward: 0.2917
[VLM Debug] Step 198 Reward: 0.2791
[VLM Debug] Step 86 Reward: 0.2917
[VLM Debug] Step 46 Reward: 0.2959
[VLM Debug] Step 94 Reward: 0.2939
[VLM Debug] Step 200 Reward: 0.2883
[VLM Debug] Step 88 Reward: 0.2942
[VLM Debug] Step 48 Reward: 0.2930
[VLM Debug] Step 96 Reward: 0.2957
[VLM Debug] Step 202 Reward: 0.2908
global_step=27360, episodic_return=27.453
[VLM Debug] Reset Reward Calculated: 0.2739
[VLM Debug] Step 90 Reward: 0.2942
[VLM Debug] Step 50 Reward: 0.2891
[VLM Debug] Step 204 Reward: 0.2871
[VLM Debug] Step 2 Reward: 0.2781
[VLM Debug] Step 92 Reward: 0.2964
[VLM Debug] Step 52 Reward: 0.2891
global_step=27372, episodic_return=26.208
[VLM Debug] Step 206 Reward: 0.2859
[VLM Debug] Reset Reward Calculated: 0.2844
[VLM Debug] Step 4 Reward: 0.2820
[VLM Debug] Step 54 Reward: 0.2866
[VLM Debug] Step 208 Reward: 0.2954
[VLM Debug] Step 2 Reward: 0.2842
[VLM Debug] Step 6 Reward: 0.2844
[VLM Debug] Step 56 Reward: 0.2932
[VLM Debug] Step 210 Reward: 0.2859
[VLM Debug] Step 4 Reward: 0.2810
[VLM Debug] Step 8 Reward: 0.2810
[VLM Debug] Step 58 Reward: 0.2910
[VLM Debug] Step 212 Reward: 0.2876
[VLM Debug] Step 6 Reward: 0.2842
[VLM Debug] Step 10 Reward: 0.2810
[VLM Debug] Step 60 Reward: 0.2737
[VLM Debug] Step 214 Reward: 0.2822
[VLM Debug] Step 8 Reward: 0.2820
[VLM Debug] Step 12 Reward: 0.2820
[VLM Debug] Step 62 Reward: 0.2859
[VLM Debug] Step 216 Reward: 0.2891
[VLM Debug] Step 10 Reward: 0.2808
[VLM Debug] Step 14 Reward: 0.2859
[VLM Debug] Step 64 Reward: 0.2849
[VLM Debug] Step 218 Reward: 0.2891
[VLM Debug] Step 12 Reward: 0.2822
[VLM Debug] Step 16 Reward: 0.2854
[VLM Debug] Step 66 Reward: 0.2908
[VLM Debug] Step 220 Reward: 0.2878
[VLM Debug] Step 14 Reward: 0.2822
[VLM Debug] Step 18 Reward: 0.2844
[VLM Debug] Step 68 Reward: 0.2878
[VLM Debug] Step 222 Reward: 0.2922
[VLM Debug] Step 16 Reward: 0.2854
[VLM Debug] Step 20 Reward: 0.2871
[VLM Debug] Step 70 Reward: 0.2898
[VLM Debug] Step 224 Reward: 0.2898
[VLM Debug] Step 18 Reward: 0.2852
[VLM Debug] Step 22 Reward: 0.2874
[VLM Debug] Step 72 Reward: 0.2910
global_step=27452, episodic_return=64.047
[VLM Debug] Reset Reward Calculated: 0.2771
[VLM Debug] Step 20 Reward: 0.2866
global_step=27456, episodic_return=20.847
[VLM Debug] Step 24 Reward: 0.2881
[VLM Debug] Reset Reward Calculated: 0.2798
[VLM Debug] Step 2 Reward: 0.2793
[VLM Debug] Step 22 Reward: 0.2874
[VLM Debug] Step 26 Reward: 0.2891
[VLM Debug] Step 2 Reward: 0.2798
[VLM Debug] Step 4 Reward: 0.2793
[VLM Debug] Step 24 Reward: 0.2886
[VLM Debug] Step 28 Reward: 0.2898
[VLM Debug] Step 4 Reward: 0.2759
[VLM Debug] Step 6 Reward: 0.2771
[VLM Debug] Step 26 Reward: 0.2874
[VLM Debug] Step 30 Reward: 0.2898
[VLM Debug] Step 6 Reward: 0.2803
[VLM Debug] Step 8 Reward: 0.2778
[VLM Debug] Step 28 Reward: 0.2908
[VLM Debug] Step 32 Reward: 0.2893
[VLM Debug] Step 8 Reward: 0.2793
[VLM Debug] Step 10 Reward: 0.2783
[VLM Debug] Step 30 Reward: 0.2903
[VLM Debug] Step 34 Reward: 0.2839
[VLM Debug] Step 10 Reward: 0.2788
[VLM Debug] Step 12 Reward: 0.2800
[VLM Debug] Step 32 Reward: 0.2881
[VLM Debug] Step 36 Reward: 0.2913
[VLM Debug] Step 12 Reward: 0.2788
[VLM Debug] Step 14 Reward: 0.2800
[VLM Debug] Step 34 Reward: 0.2893
[VLM Debug] Step 38 Reward: 0.2830
[VLM Debug] Step 14 Reward: 0.2778
[VLM Debug] Step 16 Reward: 0.2759
[VLM Debug] Step 36 Reward: 0.2869
[VLM Debug] Step 40 Reward: 0.2876
[VLM Debug] Step 16 Reward: 0.2778
[VLM Debug] Step 18 Reward: 0.2803
[VLM Debug] Step 38 Reward: 0.2866
[VLM Debug] Step 42 Reward: 0.2878
[VLM Debug] Step 18 Reward: 0.2820
[VLM Debug] Step 20 Reward: 0.2800
[VLM Debug] Step 40 Reward: 0.2830
[VLM Debug] Step 44 Reward: 0.2939
[VLM Debug] Step 20 Reward: 0.2856
[VLM Debug] Step 22 Reward: 0.2773
[VLM Debug] Step 42 Reward: 0.2854
[VLM Debug] Step 46 Reward: 0.2954
[VLM Debug] Step 22 Reward: 0.2856
[VLM Debug] Step 24 Reward: 0.2805
[VLM Debug] Step 44 Reward: 0.2871
[VLM Debug] Step 48 Reward: 0.2905
[VLM Debug] Step 24 Reward: 0.2837
[VLM Debug] Step 26 Reward: 0.2764
[VLM Debug] Step 46 Reward: 0.2949
[VLM Debug] Step 50 Reward: 0.2810
[VLM Debug] Step 26 Reward: 0.2817
[VLM Debug] Step 28 Reward: 0.2798
[VLM Debug] Step 48 Reward: 0.2917
[VLM Debug] Step 52 Reward: 0.2871
[VLM Debug] Step 28 Reward: 0.2812
[VLM Debug] Step 30 Reward: 0.2800
[VLM Debug] Step 50 Reward: 0.2917
[VLM Debug] Step 54 Reward: 0.2830
[VLM Debug] Step 30 Reward: 0.2808
[VLM Debug] Step 32 Reward: 0.2791
[VLM Debug] Step 52 Reward: 0.2856
[VLM Debug] Step 56 Reward: 0.2812
[VLM Debug] Step 32 Reward: 0.2798
[VLM Debug] Step 34 Reward: 0.2827
[VLM Debug] Step 54 Reward: 0.2900
[VLM Debug] Step 58 Reward: 0.2883
[VLM Debug] Step 34 Reward: 0.2788
[VLM Debug] Step 36 Reward: 0.2827
[VLM Debug] Step 56 Reward: 0.2830
[VLM Debug] Step 60 Reward: 0.2942
[VLM Debug] Step 36 Reward: 0.2815
[VLM Debug] Step 38 Reward: 0.2822
[VLM Debug] Step 58 Reward: 0.2927
[VLM Debug] Step 62 Reward: 0.2947
[VLM Debug] Step 38 Reward: 0.2805
[VLM Debug] Step 40 Reward: 0.2822
[VLM Debug] Step 60 Reward: 0.2881
[VLM Debug] Step 64 Reward: 0.2878
[VLM Debug] Step 40 Reward: 0.2791
[VLM Debug] Step 42 Reward: 0.2825
[VLM Debug] Step 62 Reward: 0.2783
[VLM Debug] Step 66 Reward: 0.2856
[VLM Debug] Step 42 Reward: 0.2800
[VLM Debug] Step 44 Reward: 0.2876
[VLM Debug] Step 64 Reward: 0.2891
[VLM Debug] Step 68 Reward: 0.2893
[VLM Debug] Step 44 Reward: 0.2810
[VLM Debug] Step 46 Reward: 0.2876
[VLM Debug] Step 66 Reward: 0.2849
[VLM Debug] Step 70 Reward: 0.2949
[VLM Debug] Step 46 Reward: 0.2764
[VLM Debug] Step 48 Reward: 0.2876
[VLM Debug] Step 68 Reward: 0.2886
SPS: 173
[VLM Debug] Step 72 Reward: 0.2939
[VLM Debug] Step 48 Reward: 0.2815
[VLM Debug] Step 50 Reward: 0.2869
[VLM Debug] Step 70 Reward: 0.2922
[VLM Debug] Step 74 Reward: 0.2932
[VLM Debug] Step 50 Reward: 0.2847
global_step=27660, episodic_return=21.246
[VLM Debug] Reset Reward Calculated: 0.2854
[VLM Debug] Step 52 Reward: 0.2878
[VLM Debug] Step 72 Reward: 0.2900
[VLM Debug] Step 52 Reward: 0.2795
[VLM Debug] Step 2 Reward: 0.2874
[VLM Debug] Step 54 Reward: 0.2874
[VLM Debug] Step 74 Reward: 0.2888
[VLM Debug] Step 54 Reward: 0.2922
[VLM Debug] Step 4 Reward: 0.2781
[VLM Debug] Step 56 Reward: 0.2869
[VLM Debug] Step 76 Reward: 0.2910
global_step=27680, episodic_return=21.804
[VLM Debug] Reset Reward Calculated: 0.2832
[VLM Debug] Step 56 Reward: 0.2883
[VLM Debug] Step 6 Reward: 0.2781
[VLM Debug] Step 58 Reward: 0.2832
[VLM Debug] Step 2 Reward: 0.2832
[VLM Debug] Step 58 Reward: 0.2886
[VLM Debug] Step 8 Reward: 0.2820
[VLM Debug] Step 60 Reward: 0.2825
[VLM Debug] Step 4 Reward: 0.2788
[VLM Debug] Step 60 Reward: 0.2891
[VLM Debug] Step 10 Reward: 0.2800
[VLM Debug] Step 62 Reward: 0.2830
[VLM Debug] Step 6 Reward: 0.2820
[VLM Debug] Step 62 Reward: 0.2893
[VLM Debug] Step 12 Reward: 0.2917
[VLM Debug] Step 64 Reward: 0.2825
[VLM Debug] Step 8 Reward: 0.2820
[VLM Debug] Step 64 Reward: 0.2900
[VLM Debug] Step 14 Reward: 0.2900
[VLM Debug] Step 66 Reward: 0.2825
[VLM Debug] Step 10 Reward: 0.2839
[VLM Debug] Step 66 Reward: 0.2837
[VLM Debug] Step 16 Reward: 0.2888
[VLM Debug] Step 68 Reward: 0.2793
[VLM Debug] Step 12 Reward: 0.2827
[VLM Debug] Step 68 Reward: 0.2878
[VLM Debug] Step 18 Reward: 0.2883
[VLM Debug] Step 70 Reward: 0.2810
[VLM Debug] Step 14 Reward: 0.2827
[VLM Debug] Step 70 Reward: 0.2932
[VLM Debug] Step 20 Reward: 0.2886
[VLM Debug] Step 72 Reward: 0.2827
[VLM Debug] Step 16 Reward: 0.2854
[VLM Debug] Step 72 Reward: 0.2915
[VLM Debug] Step 22 Reward: 0.2898
[VLM Debug] Step 74 Reward: 0.2827
[VLM Debug] Step 18 Reward: 0.2852
[VLM Debug] Step 74 Reward: 0.2888
[VLM Debug] Step 24 Reward: 0.2886
[VLM Debug] Step 76 Reward: 0.2859
[VLM Debug] Step 20 Reward: 0.2844
[VLM Debug] Step 76 Reward: 0.2820
[VLM Debug] Step 26 Reward: 0.2893
[VLM Debug] Step 78 Reward: 0.2854
[VLM Debug] Step 22 Reward: 0.2866
[VLM Debug] Step 78 Reward: 0.2871
[VLM Debug] Step 28 Reward: 0.2859
[VLM Debug] Step 80 Reward: 0.2881
[VLM Debug] Step 24 Reward: 0.2874
[VLM Debug] Step 80 Reward: 0.2839
[VLM Debug] Step 30 Reward: 0.2871
[VLM Debug] Step 82 Reward: 0.2869
[VLM Debug] Step 26 Reward: 0.2886
[VLM Debug] Step 82 Reward: 0.2786
[VLM Debug] Step 32 Reward: 0.2852
[VLM Debug] Step 84 Reward: 0.2847
[VLM Debug] Step 28 Reward: 0.2886
[VLM Debug] Step 84 Reward: 0.2876
[VLM Debug] Step 34 Reward: 0.2883
[VLM Debug] Step 86 Reward: 0.2844
[VLM Debug] Step 30 Reward: 0.2876
[VLM Debug] Step 86 Reward: 0.2874
[VLM Debug] Step 36 Reward: 0.2947
[VLM Debug] Step 88 Reward: 0.2832
[VLM Debug] Step 32 Reward: 0.2898
[VLM Debug] Step 88 Reward: 0.2881
[VLM Debug] Step 38 Reward: 0.2942
[VLM Debug] Step 90 Reward: 0.2822
[VLM Debug] Step 34 Reward: 0.2871
[VLM Debug] Step 90 Reward: 0.2854
[VLM Debug] Step 40 Reward: 0.2883
[VLM Debug] Step 92 Reward: 0.2815
[VLM Debug] Step 36 Reward: 0.2903
[VLM Debug] Step 92 Reward: 0.2900
[VLM Debug] Step 42 Reward: 0.2917
[VLM Debug] Step 94 Reward: 0.2827
[VLM Debug] Step 38 Reward: 0.2849
[VLM Debug] Step 94 Reward: 0.2930
[VLM Debug] Step 44 Reward: 0.2927
[VLM Debug] Step 96 Reward: 0.2769
[VLM Debug] Step 40 Reward: 0.2888
[VLM Debug] Step 96 Reward: 0.2893
[VLM Debug] Step 46 Reward: 0.2898
[VLM Debug] Step 98 Reward: 0.2837
[VLM Debug] Step 42 Reward: 0.2842
[VLM Debug] Step 98 Reward: 0.2935
[VLM Debug] Step 48 Reward: 0.2883
[VLM Debug] Step 100 Reward: 0.2795
global_step=27856, episodic_return=28.121
[VLM Debug] Step 44 Reward: 0.2837
[VLM Debug] Reset Reward Calculated: 0.2844
[VLM Debug] Step 50 Reward: 0.2983
[VLM Debug] Step 102 Reward: 0.2910
[VLM Debug] Step 46 Reward: 0.2874
[VLM Debug] Step 2 Reward: 0.2842
[VLM Debug] Step 52 Reward: 0.2961
[VLM Debug] Step 104 Reward: 0.2900
[VLM Debug] Step 48 Reward: 0.2954
[VLM Debug] Step 4 Reward: 0.2842
[VLM Debug] Step 54 Reward: 0.2927
[VLM Debug] Step 106 Reward: 0.2900
[VLM Debug] Step 50 Reward: 0.2917
[VLM Debug] Step 6 Reward: 0.2810
[VLM Debug] Step 56 Reward: 0.2917
[VLM Debug] Step 108 Reward: 0.2839
[VLM Debug] Step 52 Reward: 0.2913
[VLM Debug] Step 8 Reward: 0.2808
[VLM Debug] Step 58 Reward: 0.2690
[VLM Debug] Step 110 Reward: 0.2844
[VLM Debug] Step 54 Reward: 0.2903
[VLM Debug] Step 10 Reward: 0.2820
[VLM Debug] Step 60 Reward: 0.2852
[VLM Debug] Step 112 Reward: 0.2883
[VLM Debug] Step 56 Reward: 0.2874
[VLM Debug] Step 12 Reward: 0.2859
[VLM Debug] Step 62 Reward: 0.2827
[VLM Debug] Step 114 Reward: 0.2937
[VLM Debug] Step 58 Reward: 0.2881
[VLM Debug] Step 14 Reward: 0.2854
[VLM Debug] Step 64 Reward: 0.2876
[VLM Debug] Step 116 Reward: 0.2937
[VLM Debug] Step 60 Reward: 0.2849
[VLM Debug] Step 16 Reward: 0.2844
[VLM Debug] Step 66 Reward: 0.2886
[VLM Debug] Step 118 Reward: 0.2891
[VLM Debug] Step 62 Reward: 0.2937
[VLM Debug] Step 18 Reward: 0.2871
[VLM Debug] Step 68 Reward: 0.2908
[VLM Debug] Step 120 Reward: 0.2839
[VLM Debug] Step 64 Reward: 0.2827
[VLM Debug] Step 20 Reward: 0.2874
[VLM Debug] Step 70 Reward: 0.2961
[VLM Debug] Step 122 Reward: 0.2839
[VLM Debug] Step 66 Reward: 0.2874
[VLM Debug] Step 22 Reward: 0.2874
global_step=27948, episodic_return=20.457
[VLM Debug] Reset Reward Calculated: 0.2791
[VLM Debug] Step 124 Reward: 0.2808
[VLM Debug] Step 68 Reward: 0.2778
[VLM Debug] Step 24 Reward: 0.2891
[VLM Debug] Step 2 Reward: 0.2791
[VLM Debug] Step 126 Reward: 0.2876
[VLM Debug] Step 70 Reward: 0.2881
[VLM Debug] Step 26 Reward: 0.2893
[VLM Debug] Step 4 Reward: 0.2744
[VLM Debug] Step 128 Reward: 0.2878
[VLM Debug] Step 72 Reward: 0.2876
[VLM Debug] Step 28 Reward: 0.2898
[VLM Debug] Step 6 Reward: 0.2791
[VLM Debug] Step 130 Reward: 0.2856
[VLM Debug] Step 74 Reward: 0.2917
[VLM Debug] Step 30 Reward: 0.2876
[VLM Debug] Step 8 Reward: 0.2791
[VLM Debug] Step 132 Reward: 0.2820
[VLM Debug] Step 76 Reward: 0.2939
[VLM Debug] Step 32 Reward: 0.2839
[VLM Debug] Step 10 Reward: 0.2791
[VLM Debug] Step 134 Reward: 0.2927
[VLM Debug] Step 78 Reward: 0.2903
[VLM Debug] Step 34 Reward: 0.2878
[VLM Debug] Step 12 Reward: 0.2793
[VLM Debug] Step 136 Reward: 0.2942
[VLM Debug] Step 80 Reward: 0.2852
[VLM Debug] Step 36 Reward: 0.2827
global_step=28004, episodic_return=22.943
[VLM Debug] Step 14 Reward: 0.2793
[VLM Debug] Step 138 Reward: 0.2910
[VLM Debug] Reset Reward Calculated: 0.2805
[VLM Debug] Step 38 Reward: 0.2834
[VLM Debug] Step 16 Reward: 0.2786
[VLM Debug] Step 140 Reward: 0.2930
[VLM Debug] Step 2 Reward: 0.2798
[VLM Debug] Step 40 Reward: 0.2869
[VLM Debug] Step 18 Reward: 0.2837
[VLM Debug] Step 142 Reward: 0.2947
[VLM Debug] Step 4 Reward: 0.2795
global_step=28024, episodic_return=40.325
[VLM Debug] Reset Reward Calculated: 0.2812
[VLM Debug] Step 42 Reward: 0.2932
[VLM Debug] Step 20 Reward: 0.2800
[VLM Debug] Step 6 Reward: 0.2795
[VLM Debug] Step 2 Reward: 0.2825
[VLM Debug] Step 44 Reward: 0.2935
[VLM Debug] Step 22 Reward: 0.2793
[VLM Debug] Step 8 Reward: 0.2793
[VLM Debug] Step 4 Reward: 0.2791
[VLM Debug] Step 46 Reward: 0.2903
[VLM Debug] Step 24 Reward: 0.2773
[VLM Debug] Step 10 Reward: 0.2786
[VLM Debug] Step 6 Reward: 0.2800
[VLM Debug] Step 48 Reward: 0.2859
[VLM Debug] Step 26 Reward: 0.2771
[VLM Debug] Step 12 Reward: 0.2773
[VLM Debug] Step 8 Reward: 0.2830
[VLM Debug] Step 50 Reward: 0.2866
[VLM Debug] Step 28 Reward: 0.2739
[VLM Debug] Step 14 Reward: 0.2793
[VLM Debug] Step 10 Reward: 0.2830
[VLM Debug] Step 52 Reward: 0.2893
[VLM Debug] Step 30 Reward: 0.2781
[VLM Debug] Step 16 Reward: 0.2771
[VLM Debug] Step 12 Reward: 0.2812
[VLM Debug] Step 54 Reward: 0.2834
[VLM Debug] Step 32 Reward: 0.2842
[VLM Debug] Step 18 Reward: 0.2771
[VLM Debug] Step 14 Reward: 0.2812
[VLM Debug] Step 56 Reward: 0.2876
[VLM Debug] Step 34 Reward: 0.2820
[VLM Debug] Step 20 Reward: 0.2739
[VLM Debug] Step 16 Reward: 0.2822
[VLM Debug] Step 58 Reward: 0.2893
[VLM Debug] Step 36 Reward: 0.2827
[VLM Debug] Step 22 Reward: 0.2781
[VLM Debug] Step 18 Reward: 0.2822
[VLM Debug] Step 60 Reward: 0.2788
[VLM Debug] Step 38 Reward: 0.2827
[VLM Debug] Step 24 Reward: 0.2842
[VLM Debug] Step 20 Reward: 0.2825
[VLM Debug] Step 62 Reward: 0.2908
[VLM Debug] Step 40 Reward: 0.2800
[VLM Debug] Step 26 Reward: 0.2854
[VLM Debug] Step 22 Reward: 0.2825
[VLM Debug] Step 64 Reward: 0.2854
[VLM Debug] Step 42 Reward: 0.2917
[VLM Debug] Step 28 Reward: 0.2847
[VLM Debug] Step 24 Reward: 0.2805
[VLM Debug] Step 66 Reward: 0.2915
[VLM Debug] Step 44 Reward: 0.2896
[VLM Debug] Step 30 Reward: 0.2754
[VLM Debug] Step 26 Reward: 0.2805
[VLM Debug] Step 68 Reward: 0.2925
[VLM Debug] Step 46 Reward: 0.2886
[VLM Debug] Step 32 Reward: 0.2917
[VLM Debug] Step 28 Reward: 0.2878
[VLM Debug] Step 70 Reward: 0.2961
[VLM Debug] Step 48 Reward: 0.2891
[VLM Debug] Step 34 Reward: 0.2891
[VLM Debug] Step 30 Reward: 0.2854
[VLM Debug] Step 72 Reward: 0.2910
[VLM Debug] Step 50 Reward: 0.2891
[VLM Debug] Step 36 Reward: 0.2891
[VLM Debug] Step 32 Reward: 0.2861
[VLM Debug] Step 74 Reward: 0.2922
[VLM Debug] Step 52 Reward: 0.2837
[VLM Debug] Step 38 Reward: 0.2893
global_step=28160, episodic_return=21.540
SPS: 173
[VLM Debug] Step 34 Reward: 0.2891
[VLM Debug] Reset Reward Calculated: 0.2791
[VLM Debug] Step 54 Reward: 0.2869
[VLM Debug] Step 40 Reward: 0.2898
[VLM Debug] Step 36 Reward: 0.2883
[VLM Debug] Step 2 Reward: 0.2805
[VLM Debug] Step 56 Reward: 0.2832
[VLM Debug] Step 42 Reward: 0.2903
[VLM Debug] Step 38 Reward: 0.2852
[VLM Debug] Step 4 Reward: 0.2805
[VLM Debug] Step 58 Reward: 0.2834
[VLM Debug] Step 44 Reward: 0.2859
[VLM Debug] Step 40 Reward: 0.2852
[VLM Debug] Step 6 Reward: 0.2788
[VLM Debug] Step 60 Reward: 0.2878
[VLM Debug] Step 46 Reward: 0.2844
[VLM Debug] Step 42 Reward: 0.2834
[VLM Debug] Step 8 Reward: 0.2827
[VLM Debug] Step 62 Reward: 0.2937
[VLM Debug] Step 48 Reward: 0.2827
[VLM Debug] Step 44 Reward: 0.2852
[VLM Debug] Step 10 Reward: 0.2820
[VLM Debug] Step 64 Reward: 0.2913
[VLM Debug] Step 50 Reward: 0.2869
[VLM Debug] Step 46 Reward: 0.2834
[VLM Debug] Step 12 Reward: 0.2820
[VLM Debug] Step 66 Reward: 0.2888
[VLM Debug] Step 52 Reward: 0.2937
[VLM Debug] Step 48 Reward: 0.2852
[VLM Debug] Step 14 Reward: 0.2788
[VLM Debug] Step 68 Reward: 0.2861
[VLM Debug] Step 54 Reward: 0.2920
[VLM Debug] Step 50 Reward: 0.2834
[VLM Debug] Step 16 Reward: 0.2844
[VLM Debug] Step 70 Reward: 0.2803
[VLM Debug] Step 56 Reward: 0.2883
[VLM Debug] Step 52 Reward: 0.2825
[VLM Debug] Step 18 Reward: 0.2876
[VLM Debug] Step 72 Reward: 0.2903
[VLM Debug] Step 58 Reward: 0.2842
[VLM Debug] Step 54 Reward: 0.2825
[VLM Debug] Step 20 Reward: 0.2844
[VLM Debug] Step 74 Reward: 0.2837
[VLM Debug] Step 60 Reward: 0.2913
[VLM Debug] Step 56 Reward: 0.2808
[VLM Debug] Step 22 Reward: 0.2844
[VLM Debug] Step 76 Reward: 0.2886
[VLM Debug] Step 62 Reward: 0.2793
[VLM Debug] Step 58 Reward: 0.2810
[VLM Debug] Step 24 Reward: 0.2844
[VLM Debug] Step 78 Reward: 0.2820
[VLM Debug] Step 64 Reward: 0.2773
[VLM Debug] Step 60 Reward: 0.2847
[VLM Debug] Step 26 Reward: 0.2805
[VLM Debug] Step 80 Reward: 0.2903
[VLM Debug] Step 66 Reward: 0.2883
[VLM Debug] Step 62 Reward: 0.2888
[VLM Debug] Step 28 Reward: 0.2788
[VLM Debug] Step 82 Reward: 0.2866
[VLM Debug] Step 68 Reward: 0.2810
[VLM Debug] Step 64 Reward: 0.2859
[VLM Debug] Step 30 Reward: 0.2788
[VLM Debug] Step 84 Reward: 0.2810
[VLM Debug] Step 70 Reward: 0.2891
[VLM Debug] Step 66 Reward: 0.2869
[VLM Debug] Step 32 Reward: 0.2837
[VLM Debug] Step 86 Reward: 0.2881
[VLM Debug] Step 72 Reward: 0.2883
[VLM Debug] Step 68 Reward: 0.2881
[VLM Debug] Step 34 Reward: 0.2837
[VLM Debug] Step 88 Reward: 0.2959
[VLM Debug] Step 74 Reward: 0.2898
[VLM Debug] Step 70 Reward: 0.2864
[VLM Debug] Step 36 Reward: 0.2861
[VLM Debug] Step 90 Reward: 0.2930
[VLM Debug] Step 76 Reward: 0.2942
[VLM Debug] Step 72 Reward: 0.2849
[VLM Debug] Step 38 Reward: 0.2849
[VLM Debug] Step 92 Reward: 0.2869
[VLM Debug] Step 78 Reward: 0.2917
global_step=28320, episodic_return=26.129
[VLM Debug] Reset Reward Calculated: 0.2744
[VLM Debug] Step 74 Reward: 0.2874
[VLM Debug] Step 40 Reward: 0.2849
[VLM Debug] Step 80 Reward: 0.2925
global_step=28328, episodic_return=22.767
[VLM Debug] Step 2 Reward: 0.2798
[VLM Debug] Step 76 Reward: 0.2822
[VLM Debug] Reset Reward Calculated: 0.2776
[VLM Debug] Step 42 Reward: 0.2866
[VLM Debug] Step 4 Reward: 0.2798
[VLM Debug] Step 78 Reward: 0.2856
[VLM Debug] Step 2 Reward: 0.2776
[VLM Debug] Step 44 Reward: 0.2861
[VLM Debug] Step 6 Reward: 0.2817
[VLM Debug] Step 80 Reward: 0.2817
[VLM Debug] Step 4 Reward: 0.2800
[VLM Debug] Step 46 Reward: 0.2825
[VLM Debug] Step 8 Reward: 0.2793
[VLM Debug] Step 82 Reward: 0.2800
[VLM Debug] Step 6 Reward: 0.2798
[VLM Debug] Step 48 Reward: 0.2827
[VLM Debug] Step 10 Reward: 0.2786
[VLM Debug] Step 84 Reward: 0.2788
[VLM Debug] Step 8 Reward: 0.2759
[VLM Debug] Step 50 Reward: 0.2834
[VLM Debug] Step 12 Reward: 0.2815
[VLM Debug] Step 86 Reward: 0.2764
[VLM Debug] Step 10 Reward: 0.2759
[VLM Debug] Step 52 Reward: 0.2815
[VLM Debug] Step 14 Reward: 0.2786
[VLM Debug] Step 88 Reward: 0.2852
[VLM Debug] Step 12 Reward: 0.2800
[VLM Debug] Step 54 Reward: 0.2798
[VLM Debug] Step 16 Reward: 0.2773
[VLM Debug] Step 90 Reward: 0.2754
[VLM Debug] Step 14 Reward: 0.2800
[VLM Debug] Step 56 Reward: 0.2805
[VLM Debug] Step 18 Reward: 0.2793
[VLM Debug] Step 92 Reward: 0.2893
[VLM Debug] Step 16 Reward: 0.2773
[VLM Debug] Step 58 Reward: 0.2786
[VLM Debug] Step 20 Reward: 0.2732
[VLM Debug] Step 94 Reward: 0.2874
[VLM Debug] Step 18 Reward: 0.2773
[VLM Debug] Step 60 Reward: 0.2812
[VLM Debug] Step 22 Reward: 0.2776
[VLM Debug] Step 96 Reward: 0.2891
[VLM Debug] Step 20 Reward: 0.2847
[VLM Debug] Step 62 Reward: 0.2795
[VLM Debug] Step 24 Reward: 0.2742
[VLM Debug] Step 98 Reward: 0.2881
[VLM Debug] Step 22 Reward: 0.2817
[VLM Debug] Step 64 Reward: 0.2922
[VLM Debug] Step 26 Reward: 0.2788
[VLM Debug] Step 100 Reward: 0.2878
[VLM Debug] Step 24 Reward: 0.2803
[VLM Debug] Step 66 Reward: 0.2871
[VLM Debug] Step 28 Reward: 0.2788
[VLM Debug] Step 102 Reward: 0.2842
[VLM Debug] Step 26 Reward: 0.2812
[VLM Debug] Step 68 Reward: 0.2898
[VLM Debug] Step 30 Reward: 0.2800
[VLM Debug] Step 104 Reward: 0.2866
[VLM Debug] Step 28 Reward: 0.2812
[VLM Debug] Step 70 Reward: 0.2910
[VLM Debug] Step 32 Reward: 0.2810
[VLM Debug] Step 106 Reward: 0.2937
[VLM Debug] Step 30 Reward: 0.2871
[VLM Debug] Step 72 Reward: 0.2925
[VLM Debug] Step 34 Reward: 0.2820
[VLM Debug] Step 108 Reward: 0.2937
[VLM Debug] Step 32 Reward: 0.2871
[VLM Debug] Step 74 Reward: 0.2844
[VLM Debug] Step 36 Reward: 0.2859
[VLM Debug] Step 110 Reward: 0.2866
[VLM Debug] Step 34 Reward: 0.2849
[VLM Debug] Step 76 Reward: 0.2854
[VLM Debug] Step 38 Reward: 0.2854
[VLM Debug] Step 112 Reward: 0.2803
[VLM Debug] Step 36 Reward: 0.2847
[VLM Debug] Step 78 Reward: 0.2896
[VLM Debug] Step 40 Reward: 0.2837
[VLM Debug] Step 114 Reward: 0.2905
[VLM Debug] Step 38 Reward: 0.2849
[VLM Debug] Step 80 Reward: 0.2935
[VLM Debug] Step 42 Reward: 0.2898
[VLM Debug] Step 116 Reward: 0.2598
[VLM Debug] Step 40 Reward: 0.2849
[VLM Debug] Step 82 Reward: 0.2917
[VLM Debug] Step 44 Reward: 0.2891
[VLM Debug] Step 118 Reward: 0.2896
[VLM Debug] Step 42 Reward: 0.2859
[VLM Debug] Step 84 Reward: 0.2869
[VLM Debug] Step 46 Reward: 0.2891
[VLM Debug] Step 120 Reward: 0.2957
[VLM Debug] Step 44 Reward: 0.2891
[VLM Debug] Step 86 Reward: 0.2896
[VLM Debug] Step 48 Reward: 0.2900
[VLM Debug] Step 122 Reward: 0.2871
[VLM Debug] Step 46 Reward: 0.2876
[VLM Debug] Step 88 Reward: 0.2815
[VLM Debug] Step 50 Reward: 0.2898
[VLM Debug] Step 124 Reward: 0.2917
[VLM Debug] Step 48 Reward: 0.2837
[VLM Debug] Step 90 Reward: 0.2942
[VLM Debug] Step 52 Reward: 0.2893
[VLM Debug] Step 126 Reward: 0.2915
[VLM Debug] Step 50 Reward: 0.2812
[VLM Debug] Step 92 Reward: 0.2756
[VLM Debug] Step 54 Reward: 0.2839
[VLM Debug] Step 128 Reward: 0.2949
[VLM Debug] Step 52 Reward: 0.2827
[VLM Debug] Step 94 Reward: 0.2871
global_step=28544, episodic_return=36.723
[VLM Debug] Step 56 Reward: 0.2913
[VLM Debug] Reset Reward Calculated: 0.2693
[VLM Debug] Step 54 Reward: 0.2852
[VLM Debug] Step 96 Reward: 0.2822
[VLM Debug] Step 58 Reward: 0.2830
[VLM Debug] Step 2 Reward: 0.2751
[VLM Debug] Step 56 Reward: 0.2832
[VLM Debug] Step 98 Reward: 0.2910
[VLM Debug] Step 60 Reward: 0.2876
[VLM Debug] Step 4 Reward: 0.2751
[VLM Debug] Step 58 Reward: 0.2827
[VLM Debug] Step 100 Reward: 0.2864
[VLM Debug] Step 62 Reward: 0.2878
[VLM Debug] Step 6 Reward: 0.2676
[VLM Debug] Step 60 Reward: 0.2795
[VLM Debug] Step 102 Reward: 0.2910
[VLM Debug] Step 64 Reward: 0.2939
[VLM Debug] Step 8 Reward: 0.2676
[VLM Debug] Step 62 Reward: 0.2788
[VLM Debug] Step 104 Reward: 0.2930
global_step=28580, episodic_return=29.607
[VLM Debug] Reset Reward Calculated: 0.2646
[VLM Debug] Step 66 Reward: 0.2954
[VLM Debug] Step 10 Reward: 0.2734
[VLM Debug] Step 64 Reward: 0.2786
[VLM Debug] Step 2 Reward: 0.2749
[VLM Debug] Step 68 Reward: 0.2893
[VLM Debug] Step 12 Reward: 0.2754
[VLM Debug] Step 66 Reward: 0.2837
[VLM Debug] Step 4 Reward: 0.2798
[VLM Debug] Step 70 Reward: 0.2837
[VLM Debug] Step 14 Reward: 0.2793
[VLM Debug] Step 68 Reward: 0.2812
[VLM Debug] Step 6 Reward: 0.2798
[VLM Debug] Step 72 Reward: 0.2913
[VLM Debug] Step 16 Reward: 0.2793
[VLM Debug] Step 70 Reward: 0.2832
[VLM Debug] Step 8 Reward: 0.2798
[VLM Debug] Step 74 Reward: 0.2839
[VLM Debug] Step 18 Reward: 0.2732
[VLM Debug] Step 72 Reward: 0.2883
[VLM Debug] Step 10 Reward: 0.2798
[VLM Debug] Step 76 Reward: 0.2715
[VLM Debug] Step 20 Reward: 0.2732
[VLM Debug] Step 74 Reward: 0.2900
[VLM Debug] Step 12 Reward: 0.2749
[VLM Debug] Step 78 Reward: 0.2883
[VLM Debug] Step 22 Reward: 0.2686
[VLM Debug] Step 76 Reward: 0.2898
[VLM Debug] Step 14 Reward: 0.2749
[VLM Debug] Step 80 Reward: 0.2815
[VLM Debug] Step 24 Reward: 0.2742
[VLM Debug] Step 78 Reward: 0.2891
[VLM Debug] Step 16 Reward: 0.2749
[VLM Debug] Step 82 Reward: 0.2878
[VLM Debug] Step 26 Reward: 0.2781
[VLM Debug] Step 80 Reward: 0.2888
[VLM Debug] Step 18 Reward: 0.2646
[VLM Debug] Step 84 Reward: 0.2869
[VLM Debug] Step 28 Reward: 0.2761
[VLM Debug] Step 82 Reward: 0.2844
[VLM Debug] Step 20 Reward: 0.2646
[VLM Debug] Step 86 Reward: 0.2881
[VLM Debug] Step 30 Reward: 0.2788
[VLM Debug] Step 84 Reward: 0.2874
[VLM Debug] Step 22 Reward: 0.2646
SPS: 173
[VLM Debug] Step 88 Reward: 0.2891
[VLM Debug] Step 32 Reward: 0.2800
[VLM Debug] Step 86 Reward: 0.2979
[VLM Debug] Step 24 Reward: 0.2751
[VLM Debug] Step 90 Reward: 0.2976
[VLM Debug] Step 34 Reward: 0.2800
[VLM Debug] Step 88 Reward: 0.2874
[VLM Debug] Step 26 Reward: 0.2751
[VLM Debug] Step 92 Reward: 0.2957
[VLM Debug] Step 36 Reward: 0.2788
[VLM Debug] Step 90 Reward: 0.2849
[VLM Debug] Step 28 Reward: 0.2761
global_step=28696, episodic_return=26.457
[VLM Debug] Reset Reward Calculated: 0.2793
[VLM Debug] Step 38 Reward: 0.2820
[VLM Debug] Step 92 Reward: 0.2891
[VLM Debug] Step 30 Reward: 0.2747
[VLM Debug] Step 2 Reward: 0.2803
[VLM Debug] Step 40 Reward: 0.2820
[VLM Debug] Step 94 Reward: 0.2825
[VLM Debug] Step 32 Reward: 0.2747
[VLM Debug] Step 4 Reward: 0.2808
[VLM Debug] Step 42 Reward: 0.2864
[VLM Debug] Step 96 Reward: 0.2932
[VLM Debug] Step 34 Reward: 0.2747
[VLM Debug] Step 6 Reward: 0.2808
[VLM Debug] Step 44 Reward: 0.2878
[VLM Debug] Step 98 Reward: 0.2969
[VLM Debug] Step 36 Reward: 0.2747
[VLM Debug] Step 8 Reward: 0.2798
[VLM Debug] Step 46 Reward: 0.2864
[VLM Debug] Step 100 Reward: 0.2812
[VLM Debug] Step 38 Reward: 0.2761
[VLM Debug] Step 10 Reward: 0.2798
[VLM Debug] Step 48 Reward: 0.2888
[VLM Debug] Step 102 Reward: 0.2856
[VLM Debug] Step 40 Reward: 0.2754
[VLM Debug] Step 12 Reward: 0.2771
[VLM Debug] Step 50 Reward: 0.2883
[VLM Debug] Step 104 Reward: 0.2854
[VLM Debug] Step 42 Reward: 0.2754
[VLM Debug] Step 14 Reward: 0.2771
[VLM Debug] Step 52 Reward: 0.2864
[VLM Debug] Step 106 Reward: 0.2888
[VLM Debug] Step 44 Reward: 0.2744
[VLM Debug] Step 16 Reward: 0.2800
[VLM Debug] Step 54 Reward: 0.2908
[VLM Debug] Step 108 Reward: 0.2922
[VLM Debug] Step 46 Reward: 0.2791
[VLM Debug] Step 18 Reward: 0.2791
[VLM Debug] Step 56 Reward: 0.2903
[VLM Debug] Step 110 Reward: 0.2925
[VLM Debug] Step 48 Reward: 0.2791
[VLM Debug] Step 20 Reward: 0.2805
[VLM Debug] Step 58 Reward: 0.2876
[VLM Debug] Step 112 Reward: 0.2898
global_step=28780, episodic_return=31.864
[VLM Debug] Reset Reward Calculated: 0.2832
[VLM Debug] Step 50 Reward: 0.2793
[VLM Debug] Step 22 Reward: 0.2805
[VLM Debug] Step 60 Reward: 0.2893
[VLM Debug] Step 2 Reward: 0.2827
[VLM Debug] Step 52 Reward: 0.2808
[VLM Debug] Step 24 Reward: 0.2839
[VLM Debug] Step 62 Reward: 0.2852
[VLM Debug] Step 4 Reward: 0.2852
[VLM Debug] Step 54 Reward: 0.2805
[VLM Debug] Step 26 Reward: 0.2839
[VLM Debug] Step 64 Reward: 0.2866
[VLM Debug] Step 6 Reward: 0.2852
[VLM Debug] Step 56 Reward: 0.2808
[VLM Debug] Step 28 Reward: 0.2834
[VLM Debug] Step 66 Reward: 0.2839
[VLM Debug] Step 8 Reward: 0.2847
[VLM Debug] Step 58 Reward: 0.2832
[VLM Debug] Step 30 Reward: 0.2791
[VLM Debug] Step 68 Reward: 0.2886
[VLM Debug] Step 10 Reward: 0.2820
[VLM Debug] Step 60 Reward: 0.2812
[VLM Debug] Step 32 Reward: 0.2791
[VLM Debug] Step 70 Reward: 0.2891
[VLM Debug] Step 12 Reward: 0.2815
[VLM Debug] Step 62 Reward: 0.2812
[VLM Debug] Step 34 Reward: 0.2852
[VLM Debug] Step 72 Reward: 0.2979
[VLM Debug] Step 14 Reward: 0.2815
[VLM Debug] Step 64 Reward: 0.2832
[VLM Debug] Step 36 Reward: 0.2852
[VLM Debug] Step 74 Reward: 0.2954
[VLM Debug] Step 16 Reward: 0.2856
[VLM Debug] Step 66 Reward: 0.2808
[VLM Debug] Step 38 Reward: 0.2820
[VLM Debug] Step 76 Reward: 0.2871
[VLM Debug] Step 18 Reward: 0.2837
[VLM Debug] Step 68 Reward: 0.2808
[VLM Debug] Step 40 Reward: 0.2825
[VLM Debug] Step 78 Reward: 0.2839
[VLM Debug] Step 20 Reward: 0.2837
[VLM Debug] Step 70 Reward: 0.2798
[VLM Debug] Step 42 Reward: 0.2856
[VLM Debug] Step 80 Reward: 0.2830
[VLM Debug] Step 22 Reward: 0.2854
[VLM Debug] Step 72 Reward: 0.2795
[VLM Debug] Step 44 Reward: 0.2861
[VLM Debug] Step 82 Reward: 0.2727
[VLM Debug] Step 24 Reward: 0.2869
[VLM Debug] Step 74 Reward: 0.2795
[VLM Debug] Step 46 Reward: 0.2842
[VLM Debug] Step 84 Reward: 0.2883
[VLM Debug] Step 26 Reward: 0.2869
[VLM Debug] Step 76 Reward: 0.2815
[VLM Debug] Step 48 Reward: 0.2871
[VLM Debug] Step 86 Reward: 0.2903
[VLM Debug] Step 28 Reward: 0.2776
[VLM Debug] Step 78 Reward: 0.2800
[VLM Debug] Step 50 Reward: 0.2893
[VLM Debug] Step 88 Reward: 0.2925
[VLM Debug] Step 30 Reward: 0.2805
[VLM Debug] Step 80 Reward: 0.2800
[VLM Debug] Step 52 Reward: 0.2832
[VLM Debug] Step 90 Reward: 0.2864
[VLM Debug] Step 32 Reward: 0.2722
[VLM Debug] Step 82 Reward: 0.2791
[VLM Debug] Step 54 Reward: 0.2876
[VLM Debug] Step 92 Reward: 0.2915
[VLM Debug] Step 34 Reward: 0.2747
[VLM Debug] Step 84 Reward: 0.2817
[VLM Debug] Step 56 Reward: 0.2825
[VLM Debug] Step 94 Reward: 0.2915
[VLM Debug] Step 36 Reward: 0.2690
[VLM Debug] Step 86 Reward: 0.2825
[VLM Debug] Step 58 Reward: 0.2783
[VLM Debug] Step 96 Reward: 0.2939
[VLM Debug] Step 38 Reward: 0.2793
[VLM Debug] Step 88 Reward: 0.2776
[VLM Debug] Step 60 Reward: 0.2874
[VLM Debug] Step 98 Reward: 0.2917
global_step=28940, episodic_return=27.736
[VLM Debug] Reset Reward Calculated: 0.2820
[VLM Debug] Step 40 Reward: 0.2773
[VLM Debug] Step 90 Reward: 0.2859
[VLM Debug] Step 62 Reward: 0.2896
[VLM Debug] Step 2 Reward: 0.2822
[VLM Debug] Step 42 Reward: 0.2837
[VLM Debug] Step 92 Reward: 0.2815
[VLM Debug] Step 64 Reward: 0.2881
[VLM Debug] Step 4 Reward: 0.2820
[VLM Debug] Step 44 Reward: 0.2849
[VLM Debug] Step 94 Reward: 0.2854
[VLM Debug] Step 66 Reward: 0.2871
[VLM Debug] Step 6 Reward: 0.2820
[VLM Debug] Step 46 Reward: 0.2878
[VLM Debug] Step 96 Reward: 0.2866
[VLM Debug] Step 68 Reward: 0.2915
[VLM Debug] Step 8 Reward: 0.2856
[VLM Debug] Step 48 Reward: 0.2891
[VLM Debug] Step 98 Reward: 0.2913
[VLM Debug] Step 70 Reward: 0.2896
[VLM Debug] Step 10 Reward: 0.2817
[VLM Debug] Step 50 Reward: 0.2891
[VLM Debug] Step 100 Reward: 0.2908
[VLM Debug] Step 72 Reward: 0.2905
[VLM Debug] Step 12 Reward: 0.2817
[VLM Debug] Step 52 Reward: 0.2913
[VLM Debug] Step 102 Reward: 0.2908
[VLM Debug] Step 74 Reward: 0.2954
[VLM Debug] Step 14 Reward: 0.2812
[VLM Debug] Step 54 Reward: 0.2896
[VLM Debug] Step 104 Reward: 0.2908
[VLM Debug] Step 76 Reward: 0.2939
[VLM Debug] Step 16 Reward: 0.2832
[VLM Debug] Step 56 Reward: 0.2749
[VLM Debug] Step 106 Reward: 0.2891
[VLM Debug] Step 78 Reward: 0.2917
[VLM Debug] Step 18 Reward: 0.2798
[VLM Debug] Step 58 Reward: 0.2803
[VLM Debug] Step 108 Reward: 0.2837
[VLM Debug] Step 80 Reward: 0.2886
[VLM Debug] Step 20 Reward: 0.2815
[VLM Debug] Step 60 Reward: 0.2817
[VLM Debug] Step 110 Reward: 0.2869
[VLM Debug] Step 82 Reward: 0.2876
[VLM Debug] Step 22 Reward: 0.2798
[VLM Debug] Step 62 Reward: 0.2859
[VLM Debug] Step 112 Reward: 0.2944
[VLM Debug] Step 84 Reward: 0.2866
[VLM Debug] Step 24 Reward: 0.2766
[VLM Debug] Step 64 Reward: 0.2905
[VLM Debug] Step 114 Reward: 0.2891
[VLM Debug] Step 86 Reward: 0.2920
[VLM Debug] Step 26 Reward: 0.2805
[VLM Debug] Step 66 Reward: 0.2944
[VLM Debug] Step 116 Reward: 0.2920
[VLM Debug] Step 88 Reward: 0.2900
[VLM Debug] Step 28 Reward: 0.2788
[VLM Debug] Step 68 Reward: 0.2944
[VLM Debug] Step 118 Reward: 0.2925
[VLM Debug] Step 90 Reward: 0.2927
[VLM Debug] Step 30 Reward: 0.2805
[VLM Debug] Step 70 Reward: 0.2881
[VLM Debug] Step 120 Reward: 0.2920
[VLM Debug] Step 92 Reward: 0.2922
[VLM Debug] Step 32 Reward: 0.2771
[VLM Debug] Step 72 Reward: 0.2876
[VLM Debug] Step 122 Reward: 0.2939
[VLM Debug] Step 94 Reward: 0.2881
[VLM Debug] Step 34 Reward: 0.2839
[VLM Debug] Step 74 Reward: 0.2810
[VLM Debug] Step 124 Reward: 0.2888
[VLM Debug] Step 96 Reward: 0.2908
[VLM Debug] Step 36 Reward: 0.2795
[VLM Debug] Step 76 Reward: 0.2866
[VLM Debug] Step 126 Reward: 0.2900
[VLM Debug] Step 98 Reward: 0.2878
[VLM Debug] Step 38 Reward: 0.2815
[VLM Debug] Step 78 Reward: 0.2905
[VLM Debug] Step 128 Reward: 0.2810
[VLM Debug] Step 100 Reward: 0.2896
[VLM Debug] Step 40 Reward: 0.2905
[VLM Debug] Step 80 Reward: 0.2900
[VLM Debug] Step 130 Reward: 0.2854
[VLM Debug] Step 102 Reward: 0.2878
[VLM Debug] Step 42 Reward: 0.2888
[VLM Debug] Step 82 Reward: 0.2893
[VLM Debug] Step 132 Reward: 0.2874
[VLM Debug] Step 104 Reward: 0.2864
[VLM Debug] Step 44 Reward: 0.2908
[VLM Debug] Step 84 Reward: 0.2903
[VLM Debug] Step 134 Reward: 0.2896
[VLM Debug] Step 106 Reward: 0.2798
[VLM Debug] Step 46 Reward: 0.2893
[VLM Debug] Step 86 Reward: 0.2893
[VLM Debug] Step 136 Reward: 0.2922
[VLM Debug] Step 108 Reward: 0.2847
[VLM Debug] Step 48 Reward: 0.2871
[VLM Debug] Step 88 Reward: 0.2910
[VLM Debug] Step 138 Reward: 0.2837
[VLM Debug] Step 110 Reward: 0.2878
global_step=29140, episodic_return=39.114
[VLM Debug] Step 50 Reward: 0.2908
[VLM Debug] Step 90 Reward: 0.2898
[VLM Debug] Reset Reward Calculated: 0.2798
[VLM Debug] Step 112 Reward: 0.2891
[VLM Debug] Step 52 Reward: 0.2832
[VLM Debug] Step 92 Reward: 0.2944
[VLM Debug] Step 2 Reward: 0.2817
[VLM Debug] Step 114 Reward: 0.2798
[VLM Debug] Step 54 Reward: 0.2866
[VLM Debug] Step 94 Reward: 0.2952
[VLM Debug] Step 4 Reward: 0.2795
[VLM Debug] Step 116 Reward: 0.2891
[VLM Debug] Step 56 Reward: 0.2947
[VLM Debug] Step 96 Reward: 0.2979
[VLM Debug] Step 6 Reward: 0.2815
[VLM Debug] Step 118 Reward: 0.2861
[VLM Debug] Step 58 Reward: 0.2886
[VLM Debug] Step 98 Reward: 0.2937
[VLM Debug] Step 8 Reward: 0.2815
[VLM Debug] Step 120 Reward: 0.2939
[VLM Debug] Step 60 Reward: 0.2915
[VLM Debug] Step 100 Reward: 0.2949
[VLM Debug] Step 10 Reward: 0.2805
SPS: 173
[VLM Debug] Step 122 Reward: 0.2625
[VLM Debug] Step 62 Reward: 0.2886
[VLM Debug] Step 102 Reward: 0.2939
[VLM Debug] Step 12 Reward: 0.2830
[VLM Debug] Step 124 Reward: 0.2739
[VLM Debug] Step 64 Reward: 0.2947
[VLM Debug] Step 104 Reward: 0.2947
[VLM Debug] Step 14 Reward: 0.2791
[VLM Debug] Step 126 Reward: 0.2734
[VLM Debug] Step 66 Reward: 0.2917
[VLM Debug] Step 106 Reward: 0.2937
[VLM Debug] Step 16 Reward: 0.2817
[VLM Debug] Step 128 Reward: 0.2920
[VLM Debug] Step 68 Reward: 0.2954
[VLM Debug] Step 108 Reward: 0.2920
[VLM Debug] Step 18 Reward: 0.2778
[VLM Debug] Step 130 Reward: 0.2837
[VLM Debug] Step 70 Reward: 0.2952
[VLM Debug] Step 110 Reward: 0.2954
[VLM Debug] Step 20 Reward: 0.2764
[VLM Debug] Step 132 Reward: 0.2808
[VLM Debug] Step 72 Reward: 0.2871
[VLM Debug] Step 112 Reward: 0.3003
[VLM Debug] Step 22 Reward: 0.2803
[VLM Debug] Step 134 Reward: 0.2876
[VLM Debug] Step 74 Reward: 0.2664
[VLM Debug] Step 114 Reward: 0.3010
[VLM Debug] Step 24 Reward: 0.2852
[VLM Debug] Step 136 Reward: 0.2896
[VLM Debug] Step 76 Reward: 0.2844
[VLM Debug] Step 116 Reward: 0.2993
[VLM Debug] Step 26 Reward: 0.2795
[VLM Debug] Step 138 Reward: 0.2910
[VLM Debug] Step 78 Reward: 0.2893
[VLM Debug] Step 118 Reward: 0.2981
[VLM Debug] Step 28 Reward: 0.2891
[VLM Debug] Step 140 Reward: 0.2847
[VLM Debug] Step 80 Reward: 0.2947
[VLM Debug] Step 120 Reward: 0.2871
[VLM Debug] Step 30 Reward: 0.2888
[VLM Debug] Step 142 Reward: 0.2908
[VLM Debug] Step 82 Reward: 0.2920
[VLM Debug] Step 122 Reward: 0.2827
[VLM Debug] Step 32 Reward: 0.2908
[VLM Debug] Step 144 Reward: 0.2920
[VLM Debug] Step 84 Reward: 0.2888
[VLM Debug] Step 124 Reward: 0.2847
[VLM Debug] Step 34 Reward: 0.2891
global_step=29280, episodic_return=23.972
[VLM Debug] Step 146 Reward: 0.2913
[VLM Debug] Reset Reward Calculated: 0.2817
[VLM Debug] Step 126 Reward: 0.2896
[VLM Debug] Step 36 Reward: 0.2908
[VLM Debug] Step 148 Reward: 0.2930
[VLM Debug] Step 2 Reward: 0.2864
[VLM Debug] Step 128 Reward: 0.2881
[VLM Debug] Step 38 Reward: 0.2849
[VLM Debug] Step 150 Reward: 0.2981
[VLM Debug] Step 4 Reward: 0.2822
[VLM Debug] Step 130 Reward: 0.2817
[VLM Debug] Step 40 Reward: 0.2871
[VLM Debug] Step 152 Reward: 0.2998
[VLM Debug] Step 6 Reward: 0.2834
[VLM Debug] Step 132 Reward: 0.2883
[VLM Debug] Step 42 Reward: 0.2844
[VLM Debug] Step 154 Reward: 0.2930
[VLM Debug] Step 8 Reward: 0.2822
global_step=29316, episodic_return=44.019
[VLM Debug] Reset Reward Calculated: 0.2847
[VLM Debug] Step 134 Reward: 0.2937
[VLM Debug] Step 44 Reward: 0.2881
[VLM Debug] Step 10 Reward: 0.2822
[VLM Debug] Step 2 Reward: 0.2839
[VLM Debug] Step 136 Reward: 0.2930
[VLM Debug] Step 46 Reward: 0.2959
[VLM Debug] Step 12 Reward: 0.2822
[VLM Debug] Step 4 Reward: 0.2839
[VLM Debug] Step 138 Reward: 0.2842
[VLM Debug] Step 48 Reward: 0.2930
[VLM Debug] Step 14 Reward: 0.2859
[VLM Debug] Step 6 Reward: 0.2759
[VLM Debug] Step 140 Reward: 0.2898
[VLM Debug] Step 50 Reward: 0.2869
[VLM Debug] Step 16 Reward: 0.2854
[VLM Debug] Step 8 Reward: 0.2759
[VLM Debug] Step 142 Reward: 0.2932
[VLM Debug] Step 52 Reward: 0.2939
[VLM Debug] Step 18 Reward: 0.2854
[VLM Debug] Step 10 Reward: 0.2800
[VLM Debug] Step 144 Reward: 0.2871
[VLM Debug] Step 54 Reward: 0.2922
[VLM Debug] Step 20 Reward: 0.2852
[VLM Debug] Step 12 Reward: 0.2800
[VLM Debug] Step 146 Reward: 0.2925
[VLM Debug] Step 56 Reward: 0.2937
[VLM Debug] Step 22 Reward: 0.2852
[VLM Debug] Step 14 Reward: 0.2791
[VLM Debug] Step 148 Reward: 0.2971
[VLM Debug] Step 58 Reward: 0.2979
[VLM Debug] Step 24 Reward: 0.2864
[VLM Debug] Step 16 Reward: 0.2791
[VLM Debug] Step 150 Reward: 0.2922
[VLM Debug] Step 60 Reward: 0.2893
[VLM Debug] Step 26 Reward: 0.2874
[VLM Debug] Step 18 Reward: 0.2834
[VLM Debug] Step 152 Reward: 0.2776
[VLM Debug] Step 62 Reward: 0.2830
[VLM Debug] Step 28 Reward: 0.2893
[VLM Debug] Step 20 Reward: 0.2834
[VLM Debug] Step 154 Reward: 0.2798
[VLM Debug] Step 64 Reward: 0.2742
[VLM Debug] Step 30 Reward: 0.2874
[VLM Debug] Step 22 Reward: 0.2834
[VLM Debug] Step 156 Reward: 0.2825
[VLM Debug] Step 66 Reward: 0.2925
[VLM Debug] Step 32 Reward: 0.2891
[VLM Debug] Step 24 Reward: 0.2844
[VLM Debug] Step 158 Reward: 0.2913
[VLM Debug] Step 68 Reward: 0.2900
[VLM Debug] Step 34 Reward: 0.2876
[VLM Debug] Step 26 Reward: 0.2861
[VLM Debug] Step 160 Reward: 0.2917
[VLM Debug] Step 70 Reward: 0.2913
[VLM Debug] Step 36 Reward: 0.2903
[VLM Debug] Step 28 Reward: 0.2878
[VLM Debug] Step 162 Reward: 0.2988
[VLM Debug] Step 72 Reward: 0.2903
[VLM Debug] Step 38 Reward: 0.2876
global_step=29436, episodic_return=46.899
global_step=29436, episodic_return=20.889
[VLM Debug] Step 30 Reward: 0.2847
[VLM Debug] Reset Reward Calculated: 0.2744
[VLM Debug] Reset Reward Calculated: 0.2778
[VLM Debug] Step 40 Reward: 0.2852
[VLM Debug] Step 32 Reward: 0.2849
[VLM Debug] Step 2 Reward: 0.2744
[VLM Debug] Step 2 Reward: 0.2820
[VLM Debug] Step 42 Reward: 0.2859
[VLM Debug] Step 34 Reward: 0.2844
[VLM Debug] Step 4 Reward: 0.2791
[VLM Debug] Step 4 Reward: 0.2842
[VLM Debug] Step 44 Reward: 0.2832
[VLM Debug] Step 36 Reward: 0.2891
[VLM Debug] Step 6 Reward: 0.2798
[VLM Debug] Step 6 Reward: 0.2837
[VLM Debug] Step 46 Reward: 0.2839
[VLM Debug] Step 38 Reward: 0.2874
[VLM Debug] Step 8 Reward: 0.2798
[VLM Debug] Step 8 Reward: 0.2854
[VLM Debug] Step 48 Reward: 0.2871
[VLM Debug] Step 40 Reward: 0.2812
[VLM Debug] Step 10 Reward: 0.2786
[VLM Debug] Step 10 Reward: 0.2837
[VLM Debug] Step 50 Reward: 0.2942
[VLM Debug] Step 42 Reward: 0.2832
[VLM Debug] Step 12 Reward: 0.2773
[VLM Debug] Step 12 Reward: 0.2837
[VLM Debug] Step 52 Reward: 0.2966
[VLM Debug] Step 44 Reward: 0.2842
[VLM Debug] Step 14 Reward: 0.2771
[VLM Debug] Step 14 Reward: 0.2837
[VLM Debug] Step 54 Reward: 0.2937
[VLM Debug] Step 46 Reward: 0.2852
[VLM Debug] Step 16 Reward: 0.2732
[VLM Debug] Step 16 Reward: 0.2832
[VLM Debug] Step 56 Reward: 0.2883
[VLM Debug] Step 48 Reward: 0.2798
[VLM Debug] Step 18 Reward: 0.2771
[VLM Debug] Step 18 Reward: 0.2825
[VLM Debug] Step 58 Reward: 0.2849
[VLM Debug] Step 50 Reward: 0.2769
[VLM Debug] Step 20 Reward: 0.2766
[VLM Debug] Step 20 Reward: 0.2822
[VLM Debug] Step 60 Reward: 0.2883
[VLM Debug] Step 52 Reward: 0.2808
[VLM Debug] Step 22 Reward: 0.2778
[VLM Debug] Step 22 Reward: 0.2839
[VLM Debug] Step 62 Reward: 0.2888
[VLM Debug] Step 54 Reward: 0.2795
[VLM Debug] Step 24 Reward: 0.2810
[VLM Debug] Step 24 Reward: 0.2852
[VLM Debug] Step 64 Reward: 0.2876
[VLM Debug] Step 56 Reward: 0.2791
[VLM Debug] Step 26 Reward: 0.2764
[VLM Debug] Step 26 Reward: 0.2822
[VLM Debug] Step 66 Reward: 0.2874
[VLM Debug] Step 58 Reward: 0.2812
[VLM Debug] Step 28 Reward: 0.2815
[VLM Debug] Step 28 Reward: 0.2827
[VLM Debug] Step 68 Reward: 0.2922
[VLM Debug] Step 60 Reward: 0.2886
[VLM Debug] Step 30 Reward: 0.2834
[VLM Debug] Step 30 Reward: 0.2786
[VLM Debug] Step 70 Reward: 0.2756
[VLM Debug] Step 62 Reward: 0.2935
[VLM Debug] Step 32 Reward: 0.2810
[VLM Debug] Step 32 Reward: 0.2795
[VLM Debug] Step 72 Reward: 0.2830
[VLM Debug] Step 64 Reward: 0.2915
[VLM Debug] Step 34 Reward: 0.2827
[VLM Debug] Step 34 Reward: 0.2800
[VLM Debug] Step 74 Reward: 0.2871
[VLM Debug] Step 66 Reward: 0.2915
[VLM Debug] Step 36 Reward: 0.2910
[VLM Debug] Step 36 Reward: 0.2786
[VLM Debug] Step 76 Reward: 0.2896
[VLM Debug] Step 68 Reward: 0.2910
[VLM Debug] Step 38 Reward: 0.2893
[VLM Debug] Step 38 Reward: 0.2832
[VLM Debug] Step 78 Reward: 0.2927
[VLM Debug] Step 70 Reward: 0.2842
[VLM Debug] Step 40 Reward: 0.2898
[VLM Debug] Step 40 Reward: 0.2810
[VLM Debug] Step 80 Reward: 0.2878
[VLM Debug] Step 72 Reward: 0.2915
[VLM Debug] Step 42 Reward: 0.2910
[VLM Debug] Step 42 Reward: 0.2832
[VLM Debug] Step 82 Reward: 0.2917
[VLM Debug] Step 74 Reward: 0.2937
[VLM Debug] Step 44 Reward: 0.2915
[VLM Debug] Step 44 Reward: 0.2883
global_step=29616, episodic_return=23.813
[VLM Debug] Reset Reward Calculated: 0.2793
[VLM Debug] Step 76 Reward: 0.2949
[VLM Debug] Step 46 Reward: 0.2886
[VLM Debug] Step 46 Reward: 0.2900
[VLM Debug] Step 2 Reward: 0.2793
[VLM Debug] Step 78 Reward: 0.2925
[VLM Debug] Step 48 Reward: 0.2842
[VLM Debug] Step 48 Reward: 0.2898
[VLM Debug] Step 4 Reward: 0.2773
[VLM Debug] Step 80 Reward: 0.2927
[VLM Debug] Step 50 Reward: 0.2861
[VLM Debug] Step 50 Reward: 0.2898
[VLM Debug] Step 6 Reward: 0.2761
[VLM Debug] Step 82 Reward: 0.2944
[VLM Debug] Step 52 Reward: 0.2874
[VLM Debug] Step 52 Reward: 0.2893
[VLM Debug] Step 8 Reward: 0.2756
[VLM Debug] Step 84 Reward: 0.2947
[VLM Debug] Step 54 Reward: 0.2979
[VLM Debug] Step 54 Reward: 0.2827
[VLM Debug] Step 10 Reward: 0.2739
[VLM Debug] Step 86 Reward: 0.2986
[VLM Debug] Step 56 Reward: 0.2908
[VLM Debug] Step 56 Reward: 0.2854
[VLM Debug] Step 12 Reward: 0.2820
[VLM Debug] Step 88 Reward: 0.2903
[VLM Debug] Step 58 Reward: 0.2932
[VLM Debug] Step 58 Reward: 0.2949
[VLM Debug] Step 14 Reward: 0.2842
[VLM Debug] Step 90 Reward: 0.2734
[VLM Debug] Step 60 Reward: 0.2881
[VLM Debug] Step 60 Reward: 0.2883
[VLM Debug] Step 16 Reward: 0.2808
[VLM Debug] Step 92 Reward: 0.2832
[VLM Debug] Step 62 Reward: 0.2935
[VLM Debug] Step 62 Reward: 0.2932
[VLM Debug] Step 18 Reward: 0.2839
[VLM Debug] Step 94 Reward: 0.2825
[VLM Debug] Step 64 Reward: 0.2944
[VLM Debug] Step 64 Reward: 0.2871
SPS: 173
[VLM Debug] Step 20 Reward: 0.2854
[VLM Debug] Step 96 Reward: 0.2883
[VLM Debug] Step 66 Reward: 0.2964
[VLM Debug] Step 66 Reward: 0.2930
[VLM Debug] Step 22 Reward: 0.2844
[VLM Debug] Step 98 Reward: 0.2903
[VLM Debug] Step 68 Reward: 0.2954
[VLM Debug] Step 68 Reward: 0.2913
[VLM Debug] Step 24 Reward: 0.2866
[VLM Debug] Step 100 Reward: 0.2957
[VLM Debug] Step 70 Reward: 0.2974
[VLM Debug] Step 70 Reward: 0.2974
[VLM Debug] Step 26 Reward: 0.2883
global_step=29724, episodic_return=28.854
[VLM Debug] Reset Reward Calculated: 0.2793
[VLM Debug] Step 72 Reward: 0.2776
[VLM Debug] Step 72 Reward: 0.2952
[VLM Debug] Step 28 Reward: 0.2883
[VLM Debug] Step 2 Reward: 0.2793
[VLM Debug] Step 74 Reward: 0.2837
[VLM Debug] Step 74 Reward: 0.2905
[VLM Debug] Step 30 Reward: 0.2876
[VLM Debug] Step 4 Reward: 0.2776
[VLM Debug] Step 76 Reward: 0.2793
[VLM Debug] Step 76 Reward: 0.2759
[VLM Debug] Step 32 Reward: 0.2898
[VLM Debug] Step 6 Reward: 0.2803
[VLM Debug] Step 78 Reward: 0.2839
[VLM Debug] Step 78 Reward: 0.2783
[VLM Debug] Step 34 Reward: 0.2893
[VLM Debug] Step 8 Reward: 0.2820
[VLM Debug] Step 80 Reward: 0.2878
[VLM Debug] Step 80 Reward: 0.2803
[VLM Debug] Step 36 Reward: 0.2839
[VLM Debug] Step 10 Reward: 0.2820
[VLM Debug] Step 82 Reward: 0.2915
[VLM Debug] Step 82 Reward: 0.2808
[VLM Debug] Step 38 Reward: 0.2913
[VLM Debug] Step 12 Reward: 0.2820
[VLM Debug] Step 84 Reward: 0.2979
[VLM Debug] Step 84 Reward: 0.2910
[VLM Debug] Step 40 Reward: 0.2844
[VLM Debug] Step 14 Reward: 0.2825
[VLM Debug] Step 86 Reward: 0.2954
[VLM Debug] Step 86 Reward: 0.2896
global_step=29784, episodic_return=24.539
[VLM Debug] Step 42 Reward: 0.2837
[VLM Debug] Reset Reward Calculated: 0.2744
[VLM Debug] Step 16 Reward: 0.2825
[VLM Debug] Step 88 Reward: 0.2964
[VLM Debug] Step 44 Reward: 0.2859
[VLM Debug] Step 2 Reward: 0.2749
[VLM Debug] Step 18 Reward: 0.2791
[VLM Debug] Step 90 Reward: 0.2920
global_step=29800, episodic_return=25.711
[VLM Debug] Step 46 Reward: 0.2954
[VLM Debug] Step 4 Reward: 0.2798
[VLM Debug] Reset Reward Calculated: 0.2822
[VLM Debug] Step 20 Reward: 0.2832
[VLM Debug] Step 48 Reward: 0.2917
[VLM Debug] Step 6 Reward: 0.2773
[VLM Debug] Step 2 Reward: 0.2822
[VLM Debug] Step 22 Reward: 0.2844
[VLM Debug] Step 50 Reward: 0.2922
[VLM Debug] Step 8 Reward: 0.2810
[VLM Debug] Step 4 Reward: 0.2822
[VLM Debug] Step 24 Reward: 0.2849
[VLM Debug] Step 52 Reward: 0.2893
[VLM Debug] Step 10 Reward: 0.2793
[VLM Debug] Step 6 Reward: 0.2859
[VLM Debug] Step 26 Reward: 0.2864
[VLM Debug] Step 54 Reward: 0.2915
[VLM Debug] Step 12 Reward: 0.2732
[VLM Debug] Step 8 Reward: 0.2854
[VLM Debug] Step 28 Reward: 0.2876
[VLM Debug] Step 56 Reward: 0.2935
[VLM Debug] Step 14 Reward: 0.2776
[VLM Debug] Step 10 Reward: 0.2854
[VLM Debug] Step 30 Reward: 0.2861
[VLM Debug] Step 58 Reward: 0.2939
[VLM Debug] Step 16 Reward: 0.2742
[VLM Debug] Step 12 Reward: 0.2817
[VLM Debug] Step 32 Reward: 0.2874
[VLM Debug] Step 60 Reward: 0.2937
[VLM Debug] Step 18 Reward: 0.2788
[VLM Debug] Step 14 Reward: 0.2844
[VLM Debug] Step 34 Reward: 0.2891
[VLM Debug] Step 62 Reward: 0.2988
[VLM Debug] Step 20 Reward: 0.2788
[VLM Debug] Step 16 Reward: 0.2866
[VLM Debug] Step 36 Reward: 0.2878
[VLM Debug] Step 64 Reward: 0.2925
[VLM Debug] Step 22 Reward: 0.2800
[VLM Debug] Step 18 Reward: 0.2874
[VLM Debug] Step 38 Reward: 0.2905
[VLM Debug] Step 66 Reward: 0.2886
[VLM Debug] Step 24 Reward: 0.2788
[VLM Debug] Step 20 Reward: 0.2874
[VLM Debug] Step 40 Reward: 0.2881
[VLM Debug] Step 68 Reward: 0.2759
[VLM Debug] Step 26 Reward: 0.2820
[VLM Debug] Step 22 Reward: 0.2883
[VLM Debug] Step 42 Reward: 0.2847
[VLM Debug] Step 70 Reward: 0.2783
[VLM Debug] Step 28 Reward: 0.2864
[VLM Debug] Step 24 Reward: 0.2891
[VLM Debug] Step 44 Reward: 0.2822
[VLM Debug] Step 72 Reward: 0.2842
[VLM Debug] Step 30 Reward: 0.2854
[VLM Debug] Step 26 Reward: 0.2903
[VLM Debug] Step 46 Reward: 0.2913
[VLM Debug] Step 74 Reward: 0.2830
[VLM Debug] Step 32 Reward: 0.2844
[VLM Debug] Step 28 Reward: 0.2898
[VLM Debug] Step 48 Reward: 0.2876
[VLM Debug] Step 76 Reward: 0.2883
[VLM Debug] Step 34 Reward: 0.2893
[VLM Debug] Step 30 Reward: 0.2886
[VLM Debug] Step 50 Reward: 0.2861
[VLM Debug] Step 78 Reward: 0.2878
[VLM Debug] Step 36 Reward: 0.2883
[VLM Debug] Step 32 Reward: 0.2905
[VLM Debug] Step 52 Reward: 0.2920
[VLM Debug] Step 80 Reward: 0.2900
[VLM Debug] Step 38 Reward: 0.2891
[VLM Debug] Step 34 Reward: 0.2891
[VLM Debug] Step 54 Reward: 0.2971
global_step=29944, episodic_return=23.181
[VLM Debug] Reset Reward Calculated: 0.2808
[VLM Debug] Step 40 Reward: 0.2876
[VLM Debug] Step 36 Reward: 0.2886
[VLM Debug] Step 56 Reward: 0.2944
[VLM Debug] Step 2 Reward: 0.2798
[VLM Debug] Step 42 Reward: 0.2898
[VLM Debug] Step 38 Reward: 0.2917
[VLM Debug] Step 58 Reward: 0.2939
[VLM Debug] Step 4 Reward: 0.2803
[VLM Debug] Step 44 Reward: 0.2896
[VLM Debug] Step 40 Reward: 0.2812
[VLM Debug] Step 60 Reward: 0.2922
[VLM Debug] Step 6 Reward: 0.2803
[VLM Debug] Step 46 Reward: 0.2839
[VLM Debug] Step 42 Reward: 0.2849
[VLM Debug] Step 62 Reward: 0.2871
[VLM Debug] Step 8 Reward: 0.2832
[VLM Debug] Step 48 Reward: 0.2900
[VLM Debug] Step 44 Reward: 0.2883
[VLM Debug] Step 64 Reward: 0.2876
[VLM Debug] Step 10 Reward: 0.2795
[VLM Debug] Step 50 Reward: 0.2844
[VLM Debug] Step 46 Reward: 0.2937
[VLM Debug] Step 66 Reward: 0.2866
[VLM Debug] Step 12 Reward: 0.2817
[VLM Debug] Step 52 Reward: 0.2844
[VLM Debug] Step 48 Reward: 0.2910
[VLM Debug] Step 68 Reward: 0.2883
[VLM Debug] Step 14 Reward: 0.2798
[VLM Debug] Step 54 Reward: 0.2864
[VLM Debug] Step 50 Reward: 0.2922
[VLM Debug] Step 70 Reward: 0.2886
[VLM Debug] Step 16 Reward: 0.2793
[VLM Debug] Step 56 Reward: 0.2937
[VLM Debug] Step 52 Reward: 0.2886
[VLM Debug] Step 72 Reward: 0.2939
[VLM Debug] Step 18 Reward: 0.2798
[VLM Debug] Step 58 Reward: 0.2939
[VLM Debug] Step 54 Reward: 0.2935
[VLM Debug] Step 74 Reward: 0.2922
[VLM Debug] Step 20 Reward: 0.2825
[VLM Debug] Step 60 Reward: 0.2891
[VLM Debug] Step 56 Reward: 0.2910
[VLM Debug] Step 76 Reward: 0.2900
[VLM Debug] Step 22 Reward: 0.2788
[VLM Debug] Step 62 Reward: 0.2896
[VLM Debug] Step 58 Reward: 0.2908
[VLM Debug] Step 78 Reward: 0.2852
[VLM Debug] Step 24 Reward: 0.2776
[VLM Debug] Step 64 Reward: 0.2915
[VLM Debug] Step 60 Reward: 0.2976
[VLM Debug] Step 80 Reward: 0.2830
[VLM Debug] Step 26 Reward: 0.2856
[VLM Debug] Step 66 Reward: 0.2925
[VLM Debug] Step 62 Reward: 0.2930
[VLM Debug] Step 82 Reward: 0.2876
[VLM Debug] Step 28 Reward: 0.2834
[VLM Debug] Step 68 Reward: 0.2925
[VLM Debug] Step 64 Reward: 0.2876
[VLM Debug] Step 84 Reward: 0.2910
[VLM Debug] Step 30 Reward: 0.2849
[VLM Debug] Step 70 Reward: 0.2925
[VLM Debug] Step 66 Reward: 0.2876
[VLM Debug] Step 86 Reward: 0.2866
[VLM Debug] Step 32 Reward: 0.2888
[VLM Debug] Step 72 Reward: 0.2964
[VLM Debug] Step 68 Reward: 0.2793
[VLM Debug] Step 88 Reward: 0.2859
[VLM Debug] Step 34 Reward: 0.2856
[VLM Debug] Step 74 Reward: 0.2986
[VLM Debug] Step 70 Reward: 0.2825
[VLM Debug] Step 90 Reward: 0.2859
[VLM Debug] Step 36 Reward: 0.2913
[VLM Debug] Step 76 Reward: 0.2939
[VLM Debug] Step 72 Reward: 0.2720
[VLM Debug] Step 92 Reward: 0.2925
[VLM Debug] Step 38 Reward: 0.2900
[VLM Debug] Step 78 Reward: 0.2778
[VLM Debug] Step 74 Reward: 0.2844
[VLM Debug] Step 94 Reward: 0.2908
[VLM Debug] Step 40 Reward: 0.2954
[VLM Debug] Step 80 Reward: 0.2856
[VLM Debug] Step 76 Reward: 0.2878
[VLM Debug] Step 96 Reward: 0.2876
[VLM Debug] Step 42 Reward: 0.2952
[VLM Debug] Step 82 Reward: 0.2793
[VLM Debug] Step 78 Reward: 0.2959
[VLM Debug] Step 98 Reward: 0.2930
[VLM Debug] Step 44 Reward: 0.2913
[VLM Debug] Step 84 Reward: 0.2839
[VLM Debug] Step 80 Reward: 0.2979
[VLM Debug] Step 100 Reward: 0.2898
global_step=30128, episodic_return=23.313
[VLM Debug] Step 46 Reward: 0.2869
[VLM Debug] Step 86 Reward: 0.2847
[VLM Debug] Reset Reward Calculated: 0.2773
[VLM Debug] Step 102 Reward: 0.2847
[VLM Debug] Step 48 Reward: 0.2849
[VLM Debug] Step 88 Reward: 0.2888
[VLM Debug] Step 2 Reward: 0.2800
[VLM Debug] Step 104 Reward: 0.2861
[VLM Debug] Step 50 Reward: 0.2908
[VLM Debug] Step 90 Reward: 0.2966
[VLM Debug] Step 4 Reward: 0.2773
[VLM Debug] Step 106 Reward: 0.2878
[VLM Debug] Step 52 Reward: 0.2947
[VLM Debug] Step 92 Reward: 0.3003
[VLM Debug] Step 6 Reward: 0.2771
global_step=30156, episodic_return=26.286
[VLM Debug] Step 108 Reward: 0.2856
[VLM Debug] Reset Reward Calculated: 0.2812
[VLM Debug] Step 54 Reward: 0.2903
[VLM Debug] Step 8 Reward: 0.2771
[VLM Debug] Step 110 Reward: 0.2898
[VLM Debug] Step 2 Reward: 0.2832
[VLM Debug] Step 56 Reward: 0.2983
[VLM Debug] Step 10 Reward: 0.2778
[VLM Debug] Step 112 Reward: 0.2888
[VLM Debug] Step 4 Reward: 0.2832
[VLM Debug] Step 58 Reward: 0.2966
[VLM Debug] Step 12 Reward: 0.2778
[VLM Debug] Step 114 Reward: 0.2874
[VLM Debug] Step 6 Reward: 0.2788
[VLM Debug] Step 60 Reward: 0.2974
[VLM Debug] Step 14 Reward: 0.2817
[VLM Debug] Step 116 Reward: 0.2759
[VLM Debug] Step 8 Reward: 0.2820
[VLM Debug] Step 62 Reward: 0.2983
[VLM Debug] Step 16 Reward: 0.2859
[VLM Debug] Step 118 Reward: 0.2720
[VLM Debug] Step 10 Reward: 0.2808
[VLM Debug] Step 64 Reward: 0.2830
[VLM Debug] Step 18 Reward: 0.2812
[VLM Debug] Step 120 Reward: 0.2759
[VLM Debug] Step 12 Reward: 0.2820
SPS: 173
[VLM Debug] Step 66 Reward: 0.2803
[VLM Debug] Step 20 Reward: 0.2808
[VLM Debug] Step 122 Reward: 0.2637
[VLM Debug] Step 14 Reward: 0.2822
[VLM Debug] Step 68 Reward: 0.2888
[VLM Debug] Step 22 Reward: 0.2788
[VLM Debug] Step 124 Reward: 0.2932
[VLM Debug] Step 16 Reward: 0.2864
[VLM Debug] Step 70 Reward: 0.2810
[VLM Debug] Step 24 Reward: 0.2815
[VLM Debug] Step 126 Reward: 0.2910
[VLM Debug] Step 18 Reward: 0.2864
[VLM Debug] Step 72 Reward: 0.2898
[VLM Debug] Step 26 Reward: 0.2786
[VLM Debug] Step 128 Reward: 0.2925
[VLM Debug] Step 20 Reward: 0.2817
[VLM Debug] Step 74 Reward: 0.2881
[VLM Debug] Step 28 Reward: 0.2822
[VLM Debug] Step 130 Reward: 0.2920
[VLM Debug] Step 22 Reward: 0.2817
[VLM Debug] Step 76 Reward: 0.2876
[VLM Debug] Step 30 Reward: 0.2773
[VLM Debug] Step 132 Reward: 0.3025
[VLM Debug] Step 24 Reward: 0.2852
[VLM Debug] Step 78 Reward: 0.2893
[VLM Debug] Step 32 Reward: 0.2756
[VLM Debug] Step 134 Reward: 0.2942
[VLM Debug] Step 26 Reward: 0.2866
[VLM Debug] Step 80 Reward: 0.2861
[VLM Debug] Step 34 Reward: 0.2795
[VLM Debug] Step 136 Reward: 0.2920
[VLM Debug] Step 28 Reward: 0.2881
[VLM Debug] Step 82 Reward: 0.2949
[VLM Debug] Step 36 Reward: 0.2773
[VLM Debug] Step 138 Reward: 0.2893
[VLM Debug] Step 30 Reward: 0.2886
[VLM Debug] Step 84 Reward: 0.2878
[VLM Debug] Step 38 Reward: 0.2852
[VLM Debug] Step 140 Reward: 0.2834
[VLM Debug] Step 32 Reward: 0.2878
global_step=30288, episodic_return=40.166
[VLM Debug] Reset Reward Calculated: 0.2776
[VLM Debug] Step 86 Reward: 0.2900
[VLM Debug] Step 40 Reward: 0.2832
global_step=30292, episodic_return=24.669
[VLM Debug] Reset Reward Calculated: 0.2832
[VLM Debug] Step 34 Reward: 0.2876
[VLM Debug] Step 2 Reward: 0.2791
[VLM Debug] Step 42 Reward: 0.2827
[VLM Debug] Step 2 Reward: 0.2820
[VLM Debug] Step 36 Reward: 0.2898
[VLM Debug] Step 4 Reward: 0.2805
[VLM Debug] Step 44 Reward: 0.2910
[VLM Debug] Step 4 Reward: 0.2820
[VLM Debug] Step 38 Reward: 0.2898
[VLM Debug] Step 6 Reward: 0.2839
[VLM Debug] Step 46 Reward: 0.2896
[VLM Debug] Step 6 Reward: 0.2820
[VLM Debug] Step 40 Reward: 0.2893
[VLM Debug] Step 8 Reward: 0.2825
[VLM Debug] Step 48 Reward: 0.2898
[VLM Debug] Step 8 Reward: 0.2803
[VLM Debug] Step 42 Reward: 0.2839
[VLM Debug] Step 10 Reward: 0.2791
[VLM Debug] Step 50 Reward: 0.2908
[VLM Debug] Step 10 Reward: 0.2803
[VLM Debug] Step 44 Reward: 0.2869
[VLM Debug] Step 12 Reward: 0.2791
[VLM Debug] Step 52 Reward: 0.2915
[VLM Debug] Step 12 Reward: 0.2803
[VLM Debug] Step 46 Reward: 0.2847
[VLM Debug] Step 14 Reward: 0.2800
[VLM Debug] Step 54 Reward: 0.2883
[VLM Debug] Step 14 Reward: 0.2837
[VLM Debug] Step 48 Reward: 0.2837
[VLM Debug] Step 16 Reward: 0.2830
[VLM Debug] Step 56 Reward: 0.2847
[VLM Debug] Step 16 Reward: 0.2832
[VLM Debug] Step 50 Reward: 0.2864
[VLM Debug] Step 18 Reward: 0.2812
[VLM Debug] Step 58 Reward: 0.2849
[VLM Debug] Step 18 Reward: 0.2822
[VLM Debug] Step 52 Reward: 0.2893
[VLM Debug] Step 20 Reward: 0.2815
[VLM Debug] Step 60 Reward: 0.2883
[VLM Debug] Step 20 Reward: 0.2822
[VLM Debug] Step 54 Reward: 0.2954
[VLM Debug] Step 22 Reward: 0.2837
[VLM Debug] Step 62 Reward: 0.2966
[VLM Debug] Step 22 Reward: 0.2812
[VLM Debug] Step 56 Reward: 0.2917
[VLM Debug] Step 24 Reward: 0.2837
[VLM Debug] Step 64 Reward: 0.2959
[VLM Debug] Step 24 Reward: 0.2849
[VLM Debug] Step 58 Reward: 0.2932
[VLM Debug] Step 26 Reward: 0.2837
[VLM Debug] Step 66 Reward: 0.2954
[VLM Debug] Step 26 Reward: 0.2883
[VLM Debug] Step 60 Reward: 0.2927
[VLM Debug] Step 28 Reward: 0.2869
[VLM Debug] Step 68 Reward: 0.2920
[VLM Debug] Step 28 Reward: 0.2864
[VLM Debug] Step 62 Reward: 0.2886
[VLM Debug] Step 30 Reward: 0.2861
[VLM Debug] Step 70 Reward: 0.2949
[VLM Debug] Step 30 Reward: 0.2854
[VLM Debug] Step 64 Reward: 0.2927
[VLM Debug] Step 32 Reward: 0.2808
[VLM Debug] Step 72 Reward: 0.2939
[VLM Debug] Step 32 Reward: 0.2842
[VLM Debug] Step 66 Reward: 0.2922
[VLM Debug] Step 34 Reward: 0.2805
[VLM Debug] Step 74 Reward: 0.2996
[VLM Debug] Step 34 Reward: 0.2888
[VLM Debug] Step 68 Reward: 0.2913
[VLM Debug] Step 36 Reward: 0.2810
[VLM Debug] Step 76 Reward: 0.2942
[VLM Debug] Step 36 Reward: 0.2891
[VLM Debug] Step 70 Reward: 0.2976
[VLM Debug] Step 38 Reward: 0.2793
[VLM Debug] Step 78 Reward: 0.2944
[VLM Debug] Step 38 Reward: 0.2893
[VLM Debug] Step 72 Reward: 0.2991
[VLM Debug] Step 40 Reward: 0.2795
[VLM Debug] Step 80 Reward: 0.2856
[VLM Debug] Step 40 Reward: 0.2891
[VLM Debug] Step 74 Reward: 0.2957
[VLM Debug] Step 42 Reward: 0.2739
[VLM Debug] Step 82 Reward: 0.2876
[VLM Debug] Step 42 Reward: 0.2847
[VLM Debug] Step 76 Reward: 0.2810
[VLM Debug] Step 44 Reward: 0.2834
[VLM Debug] Step 84 Reward: 0.2871
[VLM Debug] Step 44 Reward: 0.2830
[VLM Debug] Step 78 Reward: 0.2830
[VLM Debug] Step 46 Reward: 0.2861
[VLM Debug] Step 86 Reward: 0.2842
[VLM Debug] Step 46 Reward: 0.2856
[VLM Debug] Step 80 Reward: 0.2878
[VLM Debug] Step 48 Reward: 0.2891
[VLM Debug] Step 88 Reward: 0.2878
[VLM Debug] Step 48 Reward: 0.2893
[VLM Debug] Step 82 Reward: 0.2847
[VLM Debug] Step 50 Reward: 0.2871
[VLM Debug] Step 90 Reward: 0.2913
[VLM Debug] Step 50 Reward: 0.2886
[VLM Debug] Step 84 Reward: 0.2871
[VLM Debug] Step 52 Reward: 0.2905
[VLM Debug] Step 92 Reward: 0.2842
[VLM Debug] Step 52 Reward: 0.2920
[VLM Debug] Step 86 Reward: 0.2900
[VLM Debug] Step 54 Reward: 0.2903
[VLM Debug] Step 94 Reward: 0.2883
[VLM Debug] Step 54 Reward: 0.2935
[VLM Debug] Step 88 Reward: 0.2839
[VLM Debug] Step 56 Reward: 0.2847
[VLM Debug] Step 96 Reward: 0.2629
[VLM Debug] Step 56 Reward: 0.2905
[VLM Debug] Step 90 Reward: 0.2808
[VLM Debug] Step 58 Reward: 0.2854
[VLM Debug] Step 98 Reward: 0.2920
[VLM Debug] Step 58 Reward: 0.2905
[VLM Debug] Step 92 Reward: 0.2822
[VLM Debug] Step 60 Reward: 0.2830
[VLM Debug] Step 100 Reward: 0.2908
[VLM Debug] Step 60 Reward: 0.2942
[VLM Debug] Step 94 Reward: 0.2937
[VLM Debug] Step 62 Reward: 0.2883
[VLM Debug] Step 102 Reward: 0.2874
[VLM Debug] Step 62 Reward: 0.2917
[VLM Debug] Step 96 Reward: 0.2913
[VLM Debug] Step 64 Reward: 0.2881
[VLM Debug] Step 104 Reward: 0.2932
[VLM Debug] Step 64 Reward: 0.2908
[VLM Debug] Step 98 Reward: 0.2922
global_step=30552, episodic_return=29.992
[VLM Debug] Step 66 Reward: 0.2910
[VLM Debug] Reset Reward Calculated: 0.2825
[VLM Debug] Step 66 Reward: 0.2888
[VLM Debug] Step 100 Reward: 0.2891
[VLM Debug] Step 68 Reward: 0.2686
[VLM Debug] Step 2 Reward: 0.2825
global_step=30564, episodic_return=29.027
[VLM Debug] Step 68 Reward: 0.2874
[VLM Debug] Reset Reward Calculated: 0.2788
[VLM Debug] Step 70 Reward: 0.2720
[VLM Debug] Step 4 Reward: 0.2815
[VLM Debug] Step 70 Reward: 0.2869
[VLM Debug] Step 2 Reward: 0.2788
[VLM Debug] Step 72 Reward: 0.2783
[VLM Debug] Step 6 Reward: 0.2859
[VLM Debug] Step 72 Reward: 0.2913
[VLM Debug] Step 4 Reward: 0.2788
[VLM Debug] Step 74 Reward: 0.2781
[VLM Debug] Step 8 Reward: 0.2859
[VLM Debug] Step 74 Reward: 0.2932
[VLM Debug] Step 6 Reward: 0.2832
[VLM Debug] Step 76 Reward: 0.2822
[VLM Debug] Step 10 Reward: 0.2849
[VLM Debug] Step 76 Reward: 0.2900
[VLM Debug] Step 8 Reward: 0.2832
[VLM Debug] Step 78 Reward: 0.2764
[VLM Debug] Step 12 Reward: 0.2847
[VLM Debug] Step 78 Reward: 0.2866
[VLM Debug] Step 10 Reward: 0.2817
[VLM Debug] Step 80 Reward: 0.2751
[VLM Debug] Step 14 Reward: 0.2849
[VLM Debug] Step 80 Reward: 0.2832
[VLM Debug] Step 12 Reward: 0.2817
[VLM Debug] Step 82 Reward: 0.2615
[VLM Debug] Step 16 Reward: 0.2856
[VLM Debug] Step 82 Reward: 0.2844
[VLM Debug] Step 14 Reward: 0.2805
[VLM Debug] Step 84 Reward: 0.2791
[VLM Debug] Step 18 Reward: 0.2844
[VLM Debug] Step 84 Reward: 0.2861
[VLM Debug] Step 16 Reward: 0.2812
[VLM Debug] Step 86 Reward: 0.2898
[VLM Debug] Step 20 Reward: 0.2874
[VLM Debug] Step 86 Reward: 0.2891
[VLM Debug] Step 18 Reward: 0.2820
[VLM Debug] Step 88 Reward: 0.2908
[VLM Debug] Step 22 Reward: 0.2861
[VLM Debug] Step 88 Reward: 0.2859
[VLM Debug] Step 20 Reward: 0.2781
[VLM Debug] Step 90 Reward: 0.2881
[VLM Debug] Step 24 Reward: 0.2844
[VLM Debug] Step 90 Reward: 0.2759
[VLM Debug] Step 22 Reward: 0.2852
[VLM Debug] Step 92 Reward: 0.2886
[VLM Debug] Step 26 Reward: 0.2839
[VLM Debug] Step 92 Reward: 0.2844
[VLM Debug] Step 24 Reward: 0.2869
[VLM Debug] Step 94 Reward: 0.2832
[VLM Debug] Step 28 Reward: 0.2842
[VLM Debug] Step 94 Reward: 0.2817
[VLM Debug] Step 26 Reward: 0.2881
[VLM Debug] Step 96 Reward: 0.2815
[VLM Debug] Step 30 Reward: 0.2822
[VLM Debug] Step 96 Reward: 0.2886
[VLM Debug] Step 28 Reward: 0.2856
[VLM Debug] Step 98 Reward: 0.2847
[VLM Debug] Step 32 Reward: 0.2815
[VLM Debug] Step 98 Reward: 0.2830
[VLM Debug] Step 30 Reward: 0.2864
[VLM Debug] Step 100 Reward: 0.2878
[VLM Debug] Step 34 Reward: 0.2805
[VLM Debug] Step 100 Reward: 0.2815
[VLM Debug] Step 32 Reward: 0.2908
[VLM Debug] Step 102 Reward: 0.2839
[VLM Debug] Step 36 Reward: 0.2817
[VLM Debug] Step 102 Reward: 0.2861
[VLM Debug] Step 34 Reward: 0.2908
[VLM Debug] Step 104 Reward: 0.2812
[VLM Debug] Step 38 Reward: 0.2771
[VLM Debug] Step 104 Reward: 0.2751
[VLM Debug] Step 36 Reward: 0.2891
[VLM Debug] Step 106 Reward: 0.2812
[VLM Debug] Step 40 Reward: 0.2834
[VLM Debug] Step 106 Reward: 0.2888
[VLM Debug] Step 38 Reward: 0.2891
SPS: 173
[VLM Debug] Step 108 Reward: 0.2832
[VLM Debug] Step 42 Reward: 0.2834
[VLM Debug] Step 108 Reward: 0.2830
[VLM Debug] Step 40 Reward: 0.2881
[VLM Debug] Step 110 Reward: 0.2854
[VLM Debug] Step 44 Reward: 0.2859
[VLM Debug] Step 110 Reward: 0.2822
[VLM Debug] Step 42 Reward: 0.2847
[VLM Debug] Step 112 Reward: 0.2817
[VLM Debug] Step 46 Reward: 0.2920
[VLM Debug] Step 112 Reward: 0.2849
[VLM Debug] Step 44 Reward: 0.2871
[VLM Debug] Step 114 Reward: 0.2908
[VLM Debug] Step 48 Reward: 0.2893
[VLM Debug] Step 114 Reward: 0.2920
[VLM Debug] Step 46 Reward: 0.2844
[VLM Debug] Step 116 Reward: 0.2883
[VLM Debug] Step 50 Reward: 0.2910
[VLM Debug] Step 116 Reward: 0.2939
[VLM Debug] Step 48 Reward: 0.2839
[VLM Debug] Step 118 Reward: 0.2866
[VLM Debug] Step 52 Reward: 0.2910
[VLM Debug] Step 118 Reward: 0.2939
[VLM Debug] Step 50 Reward: 0.2847
[VLM Debug] Step 120 Reward: 0.2893
[VLM Debug] Step 54 Reward: 0.2842
[VLM Debug] Step 120 Reward: 0.2837
[VLM Debug] Step 52 Reward: 0.2874
[VLM Debug] Step 122 Reward: 0.2898
[VLM Debug] Step 56 Reward: 0.2866
[VLM Debug] Step 122 Reward: 0.2922
[VLM Debug] Step 54 Reward: 0.2954
[VLM Debug] Step 124 Reward: 0.2842
[VLM Debug] Step 58 Reward: 0.2925
[VLM Debug] Step 124 Reward: 0.2859
[VLM Debug] Step 56 Reward: 0.2932
[VLM Debug] Step 126 Reward: 0.2866
[VLM Debug] Step 60 Reward: 0.2905
[VLM Debug] Step 126 Reward: 0.2920
[VLM Debug] Step 58 Reward: 0.2944
[VLM Debug] Step 128 Reward: 0.2849
[VLM Debug] Step 62 Reward: 0.2949
[VLM Debug] Step 128 Reward: 0.2900
[VLM Debug] Step 60 Reward: 0.2932
[VLM Debug] Step 130 Reward: 0.2849
[VLM Debug] Step 64 Reward: 0.2937
[VLM Debug] Step 130 Reward: 0.2939
[VLM Debug] Step 62 Reward: 0.2908
[VLM Debug] Step 132 Reward: 0.2852
[VLM Debug] Step 66 Reward: 0.2942
[VLM Debug] Step 132 Reward: 0.2925
[VLM Debug] Step 64 Reward: 0.2876
[VLM Debug] Step 134 Reward: 0.2908
[VLM Debug] Step 68 Reward: 0.2935
[VLM Debug] Step 134 Reward: 0.2939
[VLM Debug] Step 66 Reward: 0.2969
[VLM Debug] Step 136 Reward: 0.2908
[VLM Debug] Step 70 Reward: 0.3003
global_step=30836, episodic_return=38.706
[VLM Debug] Reset Reward Calculated: 0.2783
[VLM Debug] Step 68 Reward: 0.2954
[VLM Debug] Step 138 Reward: 0.2937
[VLM Debug] Step 72 Reward: 0.2959
[VLM Debug] Step 2 Reward: 0.2783
[VLM Debug] Step 70 Reward: 0.2957
[VLM Debug] Step 140 Reward: 0.2942
[VLM Debug] Step 74 Reward: 0.2817
[VLM Debug] Step 4 Reward: 0.2744
[VLM Debug] Step 72 Reward: 0.3015
[VLM Debug] Step 142 Reward: 0.2939
[VLM Debug] Step 76 Reward: 0.2825
[VLM Debug] Step 6 Reward: 0.2791
[VLM Debug] Step 74 Reward: 0.2944
[VLM Debug] Step 144 Reward: 0.2888
[VLM Debug] Step 78 Reward: 0.2847
[VLM Debug] Step 8 Reward: 0.2791
[VLM Debug] Step 76 Reward: 0.2852
[VLM Debug] Step 146 Reward: 0.2915
[VLM Debug] Step 80 Reward: 0.2837
[VLM Debug] Step 10 Reward: 0.2791
[VLM Debug] Step 78 Reward: 0.2817
[VLM Debug] Step 148 Reward: 0.2949
[VLM Debug] Step 82 Reward: 0.2896
[VLM Debug] Step 12 Reward: 0.2793
[VLM Debug] Step 80 Reward: 0.2878
[VLM Debug] Step 150 Reward: 0.2910
[VLM Debug] Step 84 Reward: 0.2844
[VLM Debug] Step 14 Reward: 0.2786
[VLM Debug] Step 82 Reward: 0.2852
[VLM Debug] Step 152 Reward: 0.2891
[VLM Debug] Step 86 Reward: 0.2942
[VLM Debug] Step 16 Reward: 0.2786
[VLM Debug] Step 84 Reward: 0.2856
[VLM Debug] Step 154 Reward: 0.2949
[VLM Debug] Step 88 Reward: 0.2649
[VLM Debug] Step 18 Reward: 0.2800
[VLM Debug] Step 86 Reward: 0.2866
[VLM Debug] Step 156 Reward: 0.2942
[VLM Debug] Step 90 Reward: 0.2908
[VLM Debug] Step 20 Reward: 0.2793
[VLM Debug] Step 88 Reward: 0.2891
[VLM Debug] Step 158 Reward: 0.2859
[VLM Debug] Step 92 Reward: 0.2927
[VLM Debug] Step 22 Reward: 0.2732
[VLM Debug] Step 90 Reward: 0.2795
[VLM Debug] Step 160 Reward: 0.2871
[VLM Debug] Step 94 Reward: 0.2852
[VLM Debug] Step 24 Reward: 0.2771
[VLM Debug] Step 92 Reward: 0.2903
[VLM Debug] Step 162 Reward: 0.2913
[VLM Debug] Step 96 Reward: 0.2925
[VLM Debug] Step 26 Reward: 0.2739
[VLM Debug] Step 94 Reward: 0.2891
[VLM Debug] Step 164 Reward: 0.2966
[VLM Debug] Step 98 Reward: 0.2983
global_step=30948, episodic_return=28.098
[VLM Debug] Step 28 Reward: 0.2820
[VLM Debug] Step 96 Reward: 0.2917
[VLM Debug] Reset Reward Calculated: 0.2793
[VLM Debug] Step 166 Reward: 0.2905
[VLM Debug] Step 30 Reward: 0.2844
[VLM Debug] Step 98 Reward: 0.2898
[VLM Debug] Step 2 Reward: 0.2795
[VLM Debug] Step 168 Reward: 0.2930
[VLM Debug] Step 32 Reward: 0.2810
[VLM Debug] Step 100 Reward: 0.2878
[VLM Debug] Step 4 Reward: 0.2795
global_step=30968, episodic_return=48.160
global_step=30968, episodic_return=28.730
[VLM Debug] Reset Reward Calculated: 0.2856
[VLM Debug] Reset Reward Calculated: 0.2686
[VLM Debug] Step 34 Reward: 0.2827
[VLM Debug] Step 6 Reward: 0.2795
[VLM Debug] Step 2 Reward: 0.2849
[VLM Debug] Step 2 Reward: 0.2732
[VLM Debug] Step 36 Reward: 0.2827
[VLM Debug] Step 8 Reward: 0.2795
[VLM Debug] Step 4 Reward: 0.2849
[VLM Debug] Step 4 Reward: 0.2793
[VLM Debug] Step 38 Reward: 0.2808
[VLM Debug] Step 10 Reward: 0.2815
[VLM Debug] Step 6 Reward: 0.2847
[VLM Debug] Step 6 Reward: 0.2793
[VLM Debug] Step 40 Reward: 0.2903
[VLM Debug] Step 12 Reward: 0.2786
[VLM Debug] Step 8 Reward: 0.2825
[VLM Debug] Step 8 Reward: 0.2791
[VLM Debug] Step 42 Reward: 0.2893
[VLM Debug] Step 14 Reward: 0.2800
[VLM Debug] Step 10 Reward: 0.2825
[VLM Debug] Step 10 Reward: 0.2776
[VLM Debug] Step 44 Reward: 0.2871
[VLM Debug] Step 16 Reward: 0.2793
[VLM Debug] Step 12 Reward: 0.2832
[VLM Debug] Step 12 Reward: 0.2773
[VLM Debug] Step 46 Reward: 0.2876
[VLM Debug] Step 18 Reward: 0.2747
[VLM Debug] Step 14 Reward: 0.2837
[VLM Debug] Step 14 Reward: 0.2773
[VLM Debug] Step 48 Reward: 0.2891
[VLM Debug] Step 20 Reward: 0.2771
[VLM Debug] Step 16 Reward: 0.2866
[VLM Debug] Step 16 Reward: 0.2771
[VLM Debug] Step 50 Reward: 0.2896
[VLM Debug] Step 22 Reward: 0.2739
[VLM Debug] Step 18 Reward: 0.2874
[VLM Debug] Step 18 Reward: 0.2803
[VLM Debug] Step 52 Reward: 0.2849
[VLM Debug] Step 24 Reward: 0.2844
[VLM Debug] Step 20 Reward: 0.2876
[VLM Debug] Step 20 Reward: 0.2783
[VLM Debug] Step 54 Reward: 0.2888
[VLM Debug] Step 26 Reward: 0.2810
[VLM Debug] Step 22 Reward: 0.2876
[VLM Debug] Step 22 Reward: 0.2778
[VLM Debug] Step 56 Reward: 0.2825
[VLM Debug] Step 28 Reward: 0.2832
[VLM Debug] Step 24 Reward: 0.2864
[VLM Debug] Step 24 Reward: 0.2795
[VLM Debug] Step 58 Reward: 0.2854
[VLM Debug] Step 30 Reward: 0.2864
[VLM Debug] Step 26 Reward: 0.2871
[VLM Debug] Step 26 Reward: 0.2771
[VLM Debug] Step 60 Reward: 0.2871
[VLM Debug] Step 32 Reward: 0.2817
[VLM Debug] Step 28 Reward: 0.2891
[VLM Debug] Step 28 Reward: 0.2815
[VLM Debug] Step 62 Reward: 0.2949
[VLM Debug] Step 34 Reward: 0.2844
[VLM Debug] Step 30 Reward: 0.2898
[VLM Debug] Step 30 Reward: 0.2812
[VLM Debug] Step 64 Reward: 0.2947
[VLM Debug] Step 36 Reward: 0.2874
[VLM Debug] Step 32 Reward: 0.2844
[VLM Debug] Step 32 Reward: 0.2817
[VLM Debug] Step 66 Reward: 0.2922
[VLM Debug] Step 38 Reward: 0.2896
[VLM Debug] Step 34 Reward: 0.2834
[VLM Debug] Step 34 Reward: 0.2827
[VLM Debug] Step 68 Reward: 0.2935
[VLM Debug] Step 40 Reward: 0.2891
[VLM Debug] Step 36 Reward: 0.2791
[VLM Debug] Step 36 Reward: 0.2910
[VLM Debug] Step 70 Reward: 0.2888
[VLM Debug] Step 42 Reward: 0.2893
[VLM Debug] Step 38 Reward: 0.2739
[VLM Debug] Step 38 Reward: 0.2922
[VLM Debug] Step 72 Reward: 0.2969
[VLM Debug] Step 44 Reward: 0.2898
[VLM Debug] Step 40 Reward: 0.2881
[VLM Debug] Step 40 Reward: 0.2913
[VLM Debug] Step 74 Reward: 0.2927
[VLM Debug] Step 46 Reward: 0.2893
[VLM Debug] Step 42 Reward: 0.2891
[VLM Debug] Step 42 Reward: 0.2893
[VLM Debug] Step 76 Reward: 0.2979
[VLM Debug] Step 48 Reward: 0.2849
[VLM Debug] Step 44 Reward: 0.2886
[VLM Debug] Step 44 Reward: 0.2932
[VLM Debug] Step 78 Reward: 0.2971
[VLM Debug] Step 50 Reward: 0.2844
[VLM Debug] Step 46 Reward: 0.2896
[VLM Debug] Step 46 Reward: 0.2930
[VLM Debug] Step 80 Reward: 0.2944
[VLM Debug] Step 52 Reward: 0.2830
[VLM Debug] Step 48 Reward: 0.2888
[VLM Debug] Step 48 Reward: 0.2939
[VLM Debug] Step 82 Reward: 0.2837
[VLM Debug] Step 54 Reward: 0.2837
[VLM Debug] Step 50 Reward: 0.2925
[VLM Debug] Step 50 Reward: 0.2925
[VLM Debug] Step 84 Reward: 0.2795
[VLM Debug] Step 56 Reward: 0.2859
[VLM Debug] Step 52 Reward: 0.2910
[VLM Debug] Step 52 Reward: 0.2910
[VLM Debug] Step 86 Reward: 0.2876
[VLM Debug] Step 58 Reward: 0.2942
[VLM Debug] Step 54 Reward: 0.2957
[VLM Debug] Step 54 Reward: 0.2861
[VLM Debug] Step 88 Reward: 0.2864
[VLM Debug] Step 60 Reward: 0.2925
[VLM Debug] Step 56 Reward: 0.2915
[VLM Debug] Step 56 Reward: 0.2930
[VLM Debug] Step 90 Reward: 0.2808
[VLM Debug] Step 62 Reward: 0.2930
[VLM Debug] Step 58 Reward: 0.2983
[VLM Debug] Step 58 Reward: 0.2974
[VLM Debug] Step 92 Reward: 0.2905
[VLM Debug] Step 64 Reward: 0.2903
[VLM Debug] Step 60 Reward: 0.2925
[VLM Debug] Step 60 Reward: 0.2900
[VLM Debug] Step 94 Reward: 0.2830
[VLM Debug] Step 66 Reward: 0.2881
[VLM Debug] Step 62 Reward: 0.2874
[VLM Debug] Step 62 Reward: 0.2947
[VLM Debug] Step 96 Reward: 0.2817
[VLM Debug] Step 68 Reward: 0.2925
[VLM Debug] Step 64 Reward: 0.2839
[VLM Debug] Step 64 Reward: 0.2996
[VLM Debug] Step 98 Reward: 0.2864
[VLM Debug] Step 70 Reward: 0.2893
SPS: 173
[VLM Debug] Step 66 Reward: 0.2908
[VLM Debug] Step 66 Reward: 0.2917
[VLM Debug] Step 100 Reward: 0.2900
[VLM Debug] Step 72 Reward: 0.2913
[VLM Debug] Step 68 Reward: 0.2888
[VLM Debug] Step 68 Reward: 0.2998
[VLM Debug] Step 102 Reward: 0.2896
[VLM Debug] Step 74 Reward: 0.2947
[VLM Debug] Step 70 Reward: 0.2898
[VLM Debug] Step 70 Reward: 0.2908
[VLM Debug] Step 104 Reward: 0.2925
[VLM Debug] Step 76 Reward: 0.2966
[VLM Debug] Step 72 Reward: 0.2881
[VLM Debug] Step 72 Reward: 0.2878
[VLM Debug] Step 106 Reward: 0.2932
[VLM Debug] Step 78 Reward: 0.2954
[VLM Debug] Step 74 Reward: 0.2844
[VLM Debug] Step 74 Reward: 0.2891
global_step=31268, episodic_return=30.544
[VLM Debug] Reset Reward Calculated: 0.2852
[VLM Debug] Step 80 Reward: 0.2854
[VLM Debug] Step 76 Reward: 0.2898
[VLM Debug] Step 76 Reward: 0.2871
[VLM Debug] Step 2 Reward: 0.2832
[VLM Debug] Step 82 Reward: 0.2852
[VLM Debug] Step 78 Reward: 0.2930
[VLM Debug] Step 78 Reward: 0.2896
[VLM Debug] Step 4 Reward: 0.2832
[VLM Debug] Step 84 Reward: 0.2856
[VLM Debug] Step 80 Reward: 0.2908
[VLM Debug] Step 80 Reward: 0.2903
[VLM Debug] Step 6 Reward: 0.2812
[VLM Debug] Step 86 Reward: 0.2839
[VLM Debug] Step 82 Reward: 0.2922
[VLM Debug] Step 82 Reward: 0.2908
[VLM Debug] Step 8 Reward: 0.2812
[VLM Debug] Step 88 Reward: 0.2856
[VLM Debug] Step 84 Reward: 0.2917
[VLM Debug] Step 84 Reward: 0.2917
[VLM Debug] Step 10 Reward: 0.2822
[VLM Debug] Step 90 Reward: 0.2837
[VLM Debug] Step 86 Reward: 0.2839
[VLM Debug] Step 86 Reward: 0.2896
[VLM Debug] Step 12 Reward: 0.2837
[VLM Debug] Step 92 Reward: 0.2881
[VLM Debug] Step 88 Reward: 0.2896
[VLM Debug] Step 88 Reward: 0.2905
[VLM Debug] Step 14 Reward: 0.2837
[VLM Debug] Step 94 Reward: 0.2822
[VLM Debug] Step 90 Reward: 0.2903
[VLM Debug] Step 90 Reward: 0.2917
[VLM Debug] Step 16 Reward: 0.2805
[VLM Debug] Step 96 Reward: 0.2878
[VLM Debug] Step 92 Reward: 0.2878
[VLM Debug] Step 92 Reward: 0.2615
[VLM Debug] Step 18 Reward: 0.2837
[VLM Debug] Step 98 Reward: 0.2917
[VLM Debug] Step 94 Reward: 0.2834
[VLM Debug] Step 94 Reward: 0.2847
[VLM Debug] Step 20 Reward: 0.2854
[VLM Debug] Step 100 Reward: 0.2947
[VLM Debug] Step 96 Reward: 0.2874
[VLM Debug] Step 96 Reward: 0.2883
[VLM Debug] Step 22 Reward: 0.2825
[VLM Debug] Step 102 Reward: 0.2949
[VLM Debug] Step 98 Reward: 0.2856
[VLM Debug] Step 98 Reward: 0.2910
[VLM Debug] Step 24 Reward: 0.2822
[VLM Debug] Step 104 Reward: 0.2920
[VLM Debug] Step 100 Reward: 0.2874
[VLM Debug] Step 100 Reward: 0.2996
[VLM Debug] Step 26 Reward: 0.2866
[VLM Debug] Step 106 Reward: 0.2883
global_step=31376, episodic_return=28.937
global_step=31376, episodic_return=30.326
[VLM Debug] Step 102 Reward: 0.2861
[VLM Debug] Reset Reward Calculated: 0.2812
[VLM Debug] Reset Reward Calculated: 0.2805
[VLM Debug] Step 28 Reward: 0.2864
[VLM Debug] Step 104 Reward: 0.2866
[VLM Debug] Step 2 Reward: 0.2793
[VLM Debug] Step 2 Reward: 0.2805
[VLM Debug] Step 30 Reward: 0.2742
[VLM Debug] Step 106 Reward: 0.2959
[VLM Debug] Step 4 Reward: 0.2808
[VLM Debug] Step 4 Reward: 0.2791
[VLM Debug] Step 32 Reward: 0.2720
[VLM Debug] Step 108 Reward: 0.2908
[VLM Debug] Step 6 Reward: 0.2798
[VLM Debug] Step 6 Reward: 0.2803
[VLM Debug] Step 34 Reward: 0.2720
[VLM Debug] Step 110 Reward: 0.2913
[VLM Debug] Step 8 Reward: 0.2795
[VLM Debug] Step 8 Reward: 0.2803
[VLM Debug] Step 36 Reward: 0.2727
[VLM Debug] Step 112 Reward: 0.2959
[VLM Debug] Step 10 Reward: 0.2837
[VLM Debug] Step 10 Reward: 0.2815
[VLM Debug] Step 38 Reward: 0.2749
[VLM Debug] Step 114 Reward: 0.2910
[VLM Debug] Step 12 Reward: 0.2786
[VLM Debug] Step 12 Reward: 0.2844
[VLM Debug] Step 40 Reward: 0.2791
[VLM Debug] Step 116 Reward: 0.2927
[VLM Debug] Step 14 Reward: 0.2793
[VLM Debug] Step 14 Reward: 0.2842
[VLM Debug] Step 42 Reward: 0.2791
[VLM Debug] Step 118 Reward: 0.2913
[VLM Debug] Step 16 Reward: 0.2761
[VLM Debug] Step 16 Reward: 0.2832
[VLM Debug] Step 44 Reward: 0.2791
[VLM Debug] Step 120 Reward: 0.2908
[VLM Debug] Step 18 Reward: 0.2756
[VLM Debug] Step 18 Reward: 0.2820
[VLM Debug] Step 46 Reward: 0.2805
[VLM Debug] Step 122 Reward: 0.2903
[VLM Debug] Step 20 Reward: 0.2781
[VLM Debug] Step 20 Reward: 0.2817
[VLM Debug] Step 48 Reward: 0.2825
[VLM Debug] Step 124 Reward: 0.2791
[VLM Debug] Step 22 Reward: 0.2842
[VLM Debug] Step 22 Reward: 0.2812
[VLM Debug] Step 50 Reward: 0.2825
[VLM Debug] Step 126 Reward: 0.2844
[VLM Debug] Step 24 Reward: 0.2820
[VLM Debug] Step 24 Reward: 0.2808
[VLM Debug] Step 52 Reward: 0.2842
[VLM Debug] Step 128 Reward: 0.2808
[VLM Debug] Step 26 Reward: 0.2830
[VLM Debug] Step 26 Reward: 0.2795
[VLM Debug] Step 54 Reward: 0.2842
[VLM Debug] Step 130 Reward: 0.2830
[VLM Debug] Step 28 Reward: 0.2805
[VLM Debug] Step 28 Reward: 0.2786
[VLM Debug] Step 56 Reward: 0.2830
[VLM Debug] Step 132 Reward: 0.2754
[VLM Debug] Step 30 Reward: 0.2815
[VLM Debug] Step 30 Reward: 0.2800
[VLM Debug] Step 58 Reward: 0.2783
[VLM Debug] Step 134 Reward: 0.2898
[VLM Debug] Step 32 Reward: 0.2888
[VLM Debug] Step 32 Reward: 0.2803
[VLM Debug] Step 60 Reward: 0.2783
[VLM Debug] Step 136 Reward: 0.2827
[VLM Debug] Step 34 Reward: 0.2888
[VLM Debug] Step 34 Reward: 0.2771
[VLM Debug] Step 62 Reward: 0.2815
[VLM Debug] Step 138 Reward: 0.2810
[VLM Debug] Step 36 Reward: 0.2883
[VLM Debug] Step 36 Reward: 0.2764
[VLM Debug] Step 64 Reward: 0.2878
[VLM Debug] Step 140 Reward: 0.2966
[VLM Debug] Step 38 Reward: 0.2898
[VLM Debug] Step 38 Reward: 0.2815
[VLM Debug] Step 66 Reward: 0.2844
[VLM Debug] Step 142 Reward: 0.2900
[VLM Debug] Step 40 Reward: 0.2915
[VLM Debug] Step 40 Reward: 0.2825
[VLM Debug] Step 68 Reward: 0.2793
[VLM Debug] Step 144 Reward: 0.2935
[VLM Debug] Step 42 Reward: 0.2874
[VLM Debug] Step 42 Reward: 0.2815
[VLM Debug] Step 70 Reward: 0.2800
[VLM Debug] Step 146 Reward: 0.2944
[VLM Debug] Step 44 Reward: 0.2844
[VLM Debug] Step 44 Reward: 0.2903
[VLM Debug] Step 72 Reward: 0.2881
[VLM Debug] Step 148 Reward: 0.2898
[VLM Debug] Step 46 Reward: 0.2861
[VLM Debug] Step 46 Reward: 0.2883
[VLM Debug] Step 74 Reward: 0.2869
[VLM Debug] Step 150 Reward: 0.2820
[VLM Debug] Step 48 Reward: 0.2903
[VLM Debug] Step 48 Reward: 0.2883
[VLM Debug] Step 76 Reward: 0.2891
[VLM Debug] Step 152 Reward: 0.2908
[VLM Debug] Step 50 Reward: 0.2947
[VLM Debug] Step 50 Reward: 0.2903
[VLM Debug] Step 78 Reward: 0.2825
[VLM Debug] Step 154 Reward: 0.2908
[VLM Debug] Step 52 Reward: 0.2964
[VLM Debug] Step 52 Reward: 0.2891
[VLM Debug] Step 80 Reward: 0.2849
[VLM Debug] Step 156 Reward: 0.2939
[VLM Debug] Step 54 Reward: 0.2930
[VLM Debug] Step 54 Reward: 0.2893
global_step=31596, episodic_return=44.914
[VLM Debug] Reset Reward Calculated: 0.2808
[VLM Debug] Step 82 Reward: 0.2852
[VLM Debug] Step 56 Reward: 0.2922
[VLM Debug] Step 56 Reward: 0.2837
[VLM Debug] Step 2 Reward: 0.2798
[VLM Debug] Step 84 Reward: 0.2822
[VLM Debug] Step 58 Reward: 0.2944
[VLM Debug] Step 58 Reward: 0.2898
[VLM Debug] Step 4 Reward: 0.2798
[VLM Debug] Step 86 Reward: 0.2751
[VLM Debug] Step 60 Reward: 0.2917
[VLM Debug] Step 60 Reward: 0.2898
[VLM Debug] Step 6 Reward: 0.2798
[VLM Debug] Step 88 Reward: 0.2815
[VLM Debug] Step 62 Reward: 0.2925
[VLM Debug] Step 62 Reward: 0.2883
[VLM Debug] Step 8 Reward: 0.2759
[VLM Debug] Step 90 Reward: 0.2842
[VLM Debug] Step 64 Reward: 0.2981
[VLM Debug] Step 64 Reward: 0.2896
[VLM Debug] Step 10 Reward: 0.2759
[VLM Debug] Step 92 Reward: 0.2913
[VLM Debug] Step 66 Reward: 0.2947
[VLM Debug] Step 66 Reward: 0.2959
[VLM Debug] Step 12 Reward: 0.2759
[VLM Debug] Step 94 Reward: 0.2908
[VLM Debug] Step 68 Reward: 0.2864
[VLM Debug] Step 68 Reward: 0.2876
[VLM Debug] Step 14 Reward: 0.2803
[VLM Debug] Step 96 Reward: 0.2893
[VLM Debug] Step 70 Reward: 0.2859
[VLM Debug] Step 70 Reward: 0.2993
[VLM Debug] Step 16 Reward: 0.2803
[VLM Debug] Step 98 Reward: 0.2883
[VLM Debug] Step 72 Reward: 0.2891
[VLM Debug] Step 72 Reward: 0.2905
[VLM Debug] Step 18 Reward: 0.2793
[VLM Debug] Step 100 Reward: 0.2834
[VLM Debug] Step 74 Reward: 0.2893
[VLM Debug] Step 74 Reward: 0.2993
[VLM Debug] Step 20 Reward: 0.2788
[VLM Debug] Step 102 Reward: 0.2871
[VLM Debug] Step 76 Reward: 0.2864
[VLM Debug] Step 76 Reward: 0.2964
[VLM Debug] Step 22 Reward: 0.2788
[VLM Debug] Step 104 Reward: 0.2966
[VLM Debug] Step 78 Reward: 0.2876
[VLM Debug] Step 78 Reward: 0.2925
[VLM Debug] Step 24 Reward: 0.2788
[VLM Debug] Step 106 Reward: 0.2908
[VLM Debug] Step 80 Reward: 0.2866
[VLM Debug] Step 80 Reward: 0.2805
[VLM Debug] Step 26 Reward: 0.2778
[VLM Debug] Step 108 Reward: 0.2954
[VLM Debug] Step 82 Reward: 0.2915
[VLM Debug] Step 82 Reward: 0.2891
[VLM Debug] Step 28 Reward: 0.2817
[VLM Debug] Step 110 Reward: 0.2952
[VLM Debug] Step 84 Reward: 0.2913
[VLM Debug] Step 84 Reward: 0.2864
[VLM Debug] Step 30 Reward: 0.2856
[VLM Debug] Step 112 Reward: 0.2952
[VLM Debug] Step 86 Reward: 0.2803
[VLM Debug] Step 86 Reward: 0.2788
[VLM Debug] Step 32 Reward: 0.2839
[VLM Debug] Step 114 Reward: 0.2932
[VLM Debug] Step 88 Reward: 0.2893
[VLM Debug] Step 88 Reward: 0.2927
[VLM Debug] Step 34 Reward: 0.2837
[VLM Debug] Step 116 Reward: 0.3013
[VLM Debug] Step 90 Reward: 0.2908
[VLM Debug] Step 90 Reward: 0.2900
[VLM Debug] Step 36 Reward: 0.2854
[VLM Debug] Step 118 Reward: 0.2944
SPS: 173
[VLM Debug] Step 92 Reward: 0.2900
[VLM Debug] Step 92 Reward: 0.2822
[VLM Debug] Step 38 Reward: 0.2842
[VLM Debug] Step 120 Reward: 0.2830
[VLM Debug] Step 94 Reward: 0.2952
[VLM Debug] Step 94 Reward: 0.2893
[VLM Debug] Step 40 Reward: 0.2815
[VLM Debug] Step 122 Reward: 0.2886
[VLM Debug] Step 96 Reward: 0.2898
[VLM Debug] Step 96 Reward: 0.2649
global_step=31764, episodic_return=27.540
[VLM Debug] Step 42 Reward: 0.2827
[VLM Debug] Step 124 Reward: 0.2881
[VLM Debug] Reset Reward Calculated: 0.2732
[VLM Debug] Step 98 Reward: 0.2866
[VLM Debug] Step 44 Reward: 0.2769
[VLM Debug] Step 126 Reward: 0.2822
[VLM Debug] Step 2 Reward: 0.2732
[VLM Debug] Step 100 Reward: 0.2927
[VLM Debug] Step 46 Reward: 0.2852
[VLM Debug] Step 128 Reward: 0.2915
[VLM Debug] Step 4 Reward: 0.2793
[VLM Debug] Step 102 Reward: 0.2898
[VLM Debug] Step 48 Reward: 0.2847
[VLM Debug] Step 130 Reward: 0.2935
[VLM Debug] Step 6 Reward: 0.2793
[VLM Debug] Step 104 Reward: 0.2944
[VLM Debug] Step 50 Reward: 0.2856
[VLM Debug] Step 132 Reward: 0.2864
[VLM Debug] Step 8 Reward: 0.2812
[VLM Debug] Step 106 Reward: 0.2913
global_step=31804, episodic_return=30.276
[VLM Debug] Step 52 Reward: 0.2849
[VLM Debug] Step 134 Reward: 0.2954
[VLM Debug] Step 10 Reward: 0.2793
[VLM Debug] Reset Reward Calculated: 0.2820
[VLM Debug] Step 54 Reward: 0.2869
[VLM Debug] Step 136 Reward: 0.2949
[VLM Debug] Step 12 Reward: 0.2793
[VLM Debug] Step 2 Reward: 0.2820
[VLM Debug] Step 56 Reward: 0.2891
[VLM Debug] Step 138 Reward: 0.2844
[VLM Debug] Step 14 Reward: 0.2793
[VLM Debug] Step 4 Reward: 0.2795
[VLM Debug] Step 58 Reward: 0.2886
[VLM Debug] Step 140 Reward: 0.2898
[VLM Debug] Step 16 Reward: 0.2793
[VLM Debug] Step 6 Reward: 0.2805
[VLM Debug] Step 60 Reward: 0.2939
[VLM Debug] Step 142 Reward: 0.2891
[VLM Debug] Step 18 Reward: 0.2791
[VLM Debug] Step 8 Reward: 0.2805
[VLM Debug] Step 62 Reward: 0.2930
[VLM Debug] Step 144 Reward: 0.2883
[VLM Debug] Step 20 Reward: 0.2791
[VLM Debug] Step 10 Reward: 0.2825
[VLM Debug] Step 64 Reward: 0.2917
[VLM Debug] Step 146 Reward: 0.2922
[VLM Debug] Step 22 Reward: 0.2749
[VLM Debug] Step 12 Reward: 0.2844
[VLM Debug] Step 66 Reward: 0.2966
[VLM Debug] Step 148 Reward: 0.2944
[VLM Debug] Step 24 Reward: 0.2749
[VLM Debug] Step 14 Reward: 0.2842
[VLM Debug] Step 68 Reward: 0.2861
[VLM Debug] Step 150 Reward: 0.2930
[VLM Debug] Step 26 Reward: 0.2676
[VLM Debug] Step 16 Reward: 0.2842
global_step=31872, episodic_return=42.796
[VLM Debug] Reset Reward Calculated: 0.2832
[VLM Debug] Step 70 Reward: 0.2861
[VLM Debug] Step 28 Reward: 0.2676
[VLM Debug] Step 18 Reward: 0.2842
global_step=31880, episodic_return=19.833
[VLM Debug] Reset Reward Calculated: 0.2793
[VLM Debug] Step 2 Reward: 0.2795
[VLM Debug] Step 30 Reward: 0.2747
[VLM Debug] Step 20 Reward: 0.2834
[VLM Debug] Step 2 Reward: 0.2793
[VLM Debug] Step 4 Reward: 0.2800
[VLM Debug] Step 32 Reward: 0.2747
[VLM Debug] Step 22 Reward: 0.2820
[VLM Debug] Step 4 Reward: 0.2808
[VLM Debug] Step 6 Reward: 0.2800
[VLM Debug] Step 34 Reward: 0.2769
[VLM Debug] Step 24 Reward: 0.2856
[VLM Debug] Step 6 Reward: 0.2808
[VLM Debug] Step 8 Reward: 0.2830
[VLM Debug] Step 36 Reward: 0.2769
[VLM Debug] Step 26 Reward: 0.2856
[VLM Debug] Step 8 Reward: 0.2798
[VLM Debug] Step 10 Reward: 0.2788
[VLM Debug] Step 38 Reward: 0.2761
[VLM Debug] Step 28 Reward: 0.2844
[VLM Debug] Step 10 Reward: 0.2795
[VLM Debug] Step 12 Reward: 0.2827
[VLM Debug] Step 40 Reward: 0.2761
[VLM Debug] Step 30 Reward: 0.2812
[VLM Debug] Step 12 Reward: 0.2815
[VLM Debug] Step 14 Reward: 0.2827
[VLM Debug] Step 42 Reward: 0.2852
[VLM Debug] Step 32 Reward: 0.2798
[VLM Debug] Step 14 Reward: 0.2793
[VLM Debug] Step 16 Reward: 0.2827
[VLM Debug] Step 44 Reward: 0.2756
[VLM Debug] Step 34 Reward: 0.2815
[VLM Debug] Step 16 Reward: 0.2805
[VLM Debug] Step 18 Reward: 0.2827
[VLM Debug] Step 46 Reward: 0.2812
[VLM Debug] Step 36 Reward: 0.2805
[VLM Debug] Step 18 Reward: 0.2830
[VLM Debug] Step 20 Reward: 0.2820
[VLM Debug] Step 48 Reward: 0.2761
[VLM Debug] Step 38 Reward: 0.2759
[VLM Debug] Step 20 Reward: 0.2810
[VLM Debug] Step 22 Reward: 0.2827
[VLM Debug] Step 50 Reward: 0.2761
[VLM Debug] Step 40 Reward: 0.2820
[VLM Debug] Step 22 Reward: 0.2805
[VLM Debug] Step 24 Reward: 0.2820
[VLM Debug] Step 52 Reward: 0.2820
[VLM Debug] Step 42 Reward: 0.2791
[VLM Debug] Step 24 Reward: 0.2786
[VLM Debug] Step 26 Reward: 0.2820
[VLM Debug] Step 54 Reward: 0.2820
[VLM Debug] Step 44 Reward: 0.2808
[VLM Debug] Step 26 Reward: 0.2832
[VLM Debug] Step 28 Reward: 0.2837
[VLM Debug] Step 56 Reward: 0.2805
[VLM Debug] Step 46 Reward: 0.2837
[VLM Debug] Step 28 Reward: 0.2842
[VLM Debug] Step 30 Reward: 0.2837
[VLM Debug] Step 58 Reward: 0.2805
[VLM Debug] Step 48 Reward: 0.2810
[VLM Debug] Step 30 Reward: 0.2800
[VLM Debug] Step 32 Reward: 0.2888
[VLM Debug] Step 60 Reward: 0.2859
[VLM Debug] Step 50 Reward: 0.2842
[VLM Debug] Step 32 Reward: 0.2881
[VLM Debug] Step 34 Reward: 0.2844
[VLM Debug] Step 62 Reward: 0.2859
[VLM Debug] Step 52 Reward: 0.2905
[VLM Debug] Step 34 Reward: 0.2898
[VLM Debug] Step 36 Reward: 0.2844
[VLM Debug] Step 64 Reward: 0.2874
[VLM Debug] Step 54 Reward: 0.2913
[VLM Debug] Step 36 Reward: 0.2908
[VLM Debug] Step 38 Reward: 0.2859
[VLM Debug] Step 66 Reward: 0.2876
[VLM Debug] Step 56 Reward: 0.2891
[VLM Debug] Step 38 Reward: 0.2903
[VLM Debug] Step 40 Reward: 0.2859
[VLM Debug] Step 68 Reward: 0.2888
[VLM Debug] Step 58 Reward: 0.2905
[VLM Debug] Step 40 Reward: 0.2908
[VLM Debug] Step 42 Reward: 0.2844
[VLM Debug] Step 70 Reward: 0.2900
[VLM Debug] Step 60 Reward: 0.2874
[VLM Debug] Step 42 Reward: 0.2874
[VLM Debug] Step 44 Reward: 0.2874
[VLM Debug] Step 72 Reward: 0.2903
[VLM Debug] Step 62 Reward: 0.2896
[VLM Debug] Step 44 Reward: 0.2896
[VLM Debug] Step 46 Reward: 0.2817
[VLM Debug] Step 74 Reward: 0.2871
[VLM Debug] Step 64 Reward: 0.2891
[VLM Debug] Step 46 Reward: 0.2856
[VLM Debug] Step 48 Reward: 0.2832
[VLM Debug] Step 76 Reward: 0.2881
[VLM Debug] Step 66 Reward: 0.2898
[VLM Debug] Step 48 Reward: 0.2898
[VLM Debug] Step 50 Reward: 0.2842
[VLM Debug] Step 78 Reward: 0.2839
[VLM Debug] Step 68 Reward: 0.2915
[VLM Debug] Step 50 Reward: 0.2949
[VLM Debug] Step 52 Reward: 0.2852
[VLM Debug] Step 80 Reward: 0.2886
[VLM Debug] Step 70 Reward: 0.2971
[VLM Debug] Step 52 Reward: 0.2952
[VLM Debug] Step 54 Reward: 0.2798
[VLM Debug] Step 82 Reward: 0.2844
[VLM Debug] Step 72 Reward: 0.2908
[VLM Debug] Step 54 Reward: 0.2935
[VLM Debug] Step 56 Reward: 0.2852
[VLM Debug] Step 84 Reward: 0.2839
[VLM Debug] Step 74 Reward: 0.2971
[VLM Debug] Step 56 Reward: 0.2905
[VLM Debug] Step 58 Reward: 0.2808
[VLM Debug] Step 86 Reward: 0.2837
[VLM Debug] Step 76 Reward: 0.2944
[VLM Debug] Step 58 Reward: 0.2966
[VLM Debug] Step 60 Reward: 0.2795
[VLM Debug] Step 88 Reward: 0.2883
[VLM Debug] Step 78 Reward: 0.2986
[VLM Debug] Step 60 Reward: 0.2925
[VLM Debug] Step 62 Reward: 0.2791
[VLM Debug] Step 90 Reward: 0.2952
[VLM Debug] Step 80 Reward: 0.2976
[VLM Debug] Step 62 Reward: 0.2991
[VLM Debug] Step 64 Reward: 0.2825
[VLM Debug] Step 92 Reward: 0.2979
[VLM Debug] Step 82 Reward: 0.3015
[VLM Debug] Step 64 Reward: 0.2954
[VLM Debug] Step 66 Reward: 0.2864
[VLM Debug] Step 94 Reward: 0.2891
[VLM Debug] Step 84 Reward: 0.2844
[VLM Debug] Step 66 Reward: 0.2842
[VLM Debug] Step 68 Reward: 0.2935
[VLM Debug] Step 96 Reward: 0.2910
[VLM Debug] Step 86 Reward: 0.2896
[VLM Debug] Step 68 Reward: 0.2893
[VLM Debug] Step 70 Reward: 0.2908
[VLM Debug] Step 98 Reward: 0.2949
[VLM Debug] Step 88 Reward: 0.2854
[VLM Debug] Step 70 Reward: 0.2881
[VLM Debug] Step 72 Reward: 0.2920
[VLM Debug] Step 100 Reward: 0.2881
[VLM Debug] Step 90 Reward: 0.2878
[VLM Debug] Step 72 Reward: 0.2817
[VLM Debug] Step 74 Reward: 0.2944
[VLM Debug] Step 102 Reward: 0.2947
[VLM Debug] Step 92 Reward: 0.2908
[VLM Debug] Step 74 Reward: 0.2908
[VLM Debug] Step 76 Reward: 0.2927
[VLM Debug] Step 104 Reward: 0.2966
[VLM Debug] Step 94 Reward: 0.2922
[VLM Debug] Step 76 Reward: 0.2917
[VLM Debug] Step 78 Reward: 0.2920
[VLM Debug] Step 106 Reward: 0.2925
[VLM Debug] Step 96 Reward: 0.2947
[VLM Debug] Step 78 Reward: 0.2852
[VLM Debug] Step 80 Reward: 0.2847
[VLM Debug] Step 108 Reward: 0.2976
[VLM Debug] Step 98 Reward: 0.2964
[VLM Debug] Step 80 Reward: 0.2969
[VLM Debug] Step 82 Reward: 0.2922
[VLM Debug] Step 110 Reward: 0.2971
[VLM Debug] Step 100 Reward: 0.2910
[VLM Debug] Step 82 Reward: 0.2866
[VLM Debug] Step 84 Reward: 0.2927
[VLM Debug] Step 112 Reward: 0.2920
[VLM Debug] Step 102 Reward: 0.2881
[VLM Debug] Step 84 Reward: 0.2898
[VLM Debug] Step 86 Reward: 0.2961
[VLM Debug] Step 114 Reward: 0.2817
[VLM Debug] Step 104 Reward: 0.2925
[VLM Debug] Step 86 Reward: 0.2891
[VLM Debug] Step 88 Reward: 0.2949
[VLM Debug] Step 116 Reward: 0.2896
[VLM Debug] Step 106 Reward: 0.2791
[VLM Debug] Step 88 Reward: 0.2839
[VLM Debug] Step 90 Reward: 0.2903
[VLM Debug] Step 118 Reward: 0.2869
[VLM Debug] Step 108 Reward: 0.2812
[VLM Debug] Step 90 Reward: 0.2903
[VLM Debug] Step 92 Reward: 0.2969
[VLM Debug] Step 120 Reward: 0.2827
[VLM Debug] Step 110 Reward: 0.2891
[VLM Debug] Step 92 Reward: 0.2891
[VLM Debug] Step 94 Reward: 0.2947
[VLM Debug] Step 122 Reward: 0.2886
[VLM Debug] Step 112 Reward: 0.2883
SPS: 173
[VLM Debug] Step 94 Reward: 0.2871
[VLM Debug] Step 96 Reward: 0.2878
[VLM Debug] Step 124 Reward: 0.2888
[VLM Debug] Step 114 Reward: 0.2981
[VLM Debug] Step 96 Reward: 0.2937
[VLM Debug] Step 98 Reward: 0.2896
global_step=32268, episodic_return=27.564
[VLM Debug] Reset Reward Calculated: 0.2747
[VLM Debug] Step 126 Reward: 0.2922
[VLM Debug] Step 116 Reward: 0.2917
global_step=32272, episodic_return=33.308
[VLM Debug] Step 100 Reward: 0.2854
[VLM Debug] Reset Reward Calculated: 0.2771
[VLM Debug] Step 2 Reward: 0.2747
[VLM Debug] Step 128 Reward: 0.2922
[VLM Debug] Step 102 Reward: 0.2910
[VLM Debug] Step 2 Reward: 0.2800
[VLM Debug] Step 4 Reward: 0.2761
[VLM Debug] Step 130 Reward: 0.2922
[VLM Debug] Step 104 Reward: 0.2917
[VLM Debug] Step 4 Reward: 0.2800
[VLM Debug] Step 6 Reward: 0.2761
[VLM Debug] Step 132 Reward: 0.2898
[VLM Debug] Step 106 Reward: 0.2908
[VLM Debug] Step 6 Reward: 0.2773
[VLM Debug] Step 8 Reward: 0.2761
[VLM Debug] Step 134 Reward: 0.2834
[VLM Debug] Step 108 Reward: 0.2932
[VLM Debug] Step 8 Reward: 0.2773
[VLM Debug] Step 10 Reward: 0.2761
[VLM Debug] Step 136 Reward: 0.2803
[VLM Debug] Step 110 Reward: 0.2910
[VLM Debug] Step 10 Reward: 0.2825
[VLM Debug] Step 12 Reward: 0.2754
[VLM Debug] Step 138 Reward: 0.2849
[VLM Debug] Step 112 Reward: 0.2891
[VLM Debug] Step 12 Reward: 0.2825
[VLM Debug] Step 14 Reward: 0.2754
[VLM Debug] Step 140 Reward: 0.2927
[VLM Debug] Step 114 Reward: 0.2942
[VLM Debug] Step 14 Reward: 0.2798
[VLM Debug] Step 16 Reward: 0.2754
[VLM Debug] Step 142 Reward: 0.2930
[VLM Debug] Step 116 Reward: 0.2854
[VLM Debug] Step 16 Reward: 0.2798
[VLM Debug] Step 18 Reward: 0.2771
[VLM Debug] Step 144 Reward: 0.2898
global_step=32344, episodic_return=40.958
[VLM Debug] Step 118 Reward: 0.2830
[VLM Debug] Reset Reward Calculated: 0.2793
[VLM Debug] Step 18 Reward: 0.2800
[VLM Debug] Step 20 Reward: 0.2744
[VLM Debug] Step 120 Reward: 0.2822
[VLM Debug] Step 2 Reward: 0.2771
[VLM Debug] Step 20 Reward: 0.2815
[VLM Debug] Step 22 Reward: 0.2744
[VLM Debug] Step 122 Reward: 0.2859
[VLM Debug] Step 4 Reward: 0.2771
[VLM Debug] Step 22 Reward: 0.2839
[VLM Debug] Step 24 Reward: 0.2744
[VLM Debug] Step 124 Reward: 0.2988
[VLM Debug] Step 6 Reward: 0.2793
[VLM Debug] Step 24 Reward: 0.2815
[VLM Debug] Step 26 Reward: 0.2783
[VLM Debug] Step 126 Reward: 0.2954
[VLM Debug] Step 8 Reward: 0.2771
[VLM Debug] Step 26 Reward: 0.2839
[VLM Debug] Step 28 Reward: 0.2803
global_step=32384, episodic_return=36.422
[VLM Debug] Reset Reward Calculated: 0.2805
[VLM Debug] Step 10 Reward: 0.2771
[VLM Debug] Step 28 Reward: 0.2859
[VLM Debug] Step 30 Reward: 0.2798
[VLM Debug] Step 2 Reward: 0.2798
[VLM Debug] Step 12 Reward: 0.2793
[VLM Debug] Step 30 Reward: 0.2844
[VLM Debug] Step 32 Reward: 0.2798
[VLM Debug] Step 4 Reward: 0.2795
[VLM Debug] Step 14 Reward: 0.2793
[VLM Debug] Step 32 Reward: 0.2891
[VLM Debug] Step 34 Reward: 0.2798
[VLM Debug] Step 6 Reward: 0.2795
[VLM Debug] Step 16 Reward: 0.2788
[VLM Debug] Step 34 Reward: 0.2842
[VLM Debug] Step 36 Reward: 0.2798
[VLM Debug] Step 8 Reward: 0.2795
[VLM Debug] Step 18 Reward: 0.2778
[VLM Debug] Step 36 Reward: 0.2842
[VLM Debug] Step 38 Reward: 0.2812
[VLM Debug] Step 10 Reward: 0.2793
[VLM Debug] Step 20 Reward: 0.2776
[VLM Debug] Step 38 Reward: 0.2842
[VLM Debug] Step 40 Reward: 0.2820
[VLM Debug] Step 12 Reward: 0.2786
[VLM Debug] Step 22 Reward: 0.2776
[VLM Debug] Step 40 Reward: 0.2820
[VLM Debug] Step 42 Reward: 0.2834
[VLM Debug] Step 14 Reward: 0.2786
[VLM Debug] Step 24 Reward: 0.2793
[VLM Debug] Step 42 Reward: 0.2856
[VLM Debug] Step 44 Reward: 0.2852
[VLM Debug] Step 16 Reward: 0.2773
[VLM Debug] Step 26 Reward: 0.2830
[VLM Debug] Step 44 Reward: 0.2812
[VLM Debug] Step 46 Reward: 0.2864
[VLM Debug] Step 18 Reward: 0.2793
[VLM Debug] Step 28 Reward: 0.2805
[VLM Debug] Step 46 Reward: 0.2803
[VLM Debug] Step 48 Reward: 0.2834
[VLM Debug] Step 20 Reward: 0.2773
[VLM Debug] Step 30 Reward: 0.2820
[VLM Debug] Step 48 Reward: 0.2817
[VLM Debug] Step 50 Reward: 0.2859
[VLM Debug] Step 22 Reward: 0.2756
[VLM Debug] Step 32 Reward: 0.2837
[VLM Debug] Step 50 Reward: 0.2798
[VLM Debug] Step 52 Reward: 0.2854
[VLM Debug] Step 24 Reward: 0.2756
[VLM Debug] Step 34 Reward: 0.2834
[VLM Debug] Step 52 Reward: 0.2786
[VLM Debug] Step 54 Reward: 0.2871
[VLM Debug] Step 26 Reward: 0.2778
[VLM Debug] Step 36 Reward: 0.2832
[VLM Debug] Step 54 Reward: 0.2827
[VLM Debug] Step 56 Reward: 0.2854
[VLM Debug] Step 28 Reward: 0.2783
[VLM Debug] Step 38 Reward: 0.2847
[VLM Debug] Step 56 Reward: 0.2791
[VLM Debug] Step 58 Reward: 0.2881
[VLM Debug] Step 30 Reward: 0.2815
[VLM Debug] Step 40 Reward: 0.2825
[VLM Debug] Step 58 Reward: 0.2791
[VLM Debug] Step 60 Reward: 0.2925
[VLM Debug] Step 32 Reward: 0.2854
[VLM Debug] Step 42 Reward: 0.2866
[VLM Debug] Step 60 Reward: 0.2781
[VLM Debug] Step 62 Reward: 0.2893
[VLM Debug] Step 34 Reward: 0.2756
[VLM Debug] Step 44 Reward: 0.2866
[VLM Debug] Step 62 Reward: 0.2842
[VLM Debug] Step 64 Reward: 0.2866
[VLM Debug] Step 36 Reward: 0.2864
[VLM Debug] Step 46 Reward: 0.2878
[VLM Debug] Step 64 Reward: 0.2861
[VLM Debug] Step 66 Reward: 0.2839
[VLM Debug] Step 38 Reward: 0.2878
[VLM Debug] Step 48 Reward: 0.2881
[VLM Debug] Step 66 Reward: 0.2913
[VLM Debug] Step 68 Reward: 0.2886
[VLM Debug] Step 40 Reward: 0.2891
[VLM Debug] Step 50 Reward: 0.2844
[VLM Debug] Step 68 Reward: 0.2903
[VLM Debug] Step 70 Reward: 0.2876
[VLM Debug] Step 42 Reward: 0.2881
[VLM Debug] Step 52 Reward: 0.2876
[VLM Debug] Step 70 Reward: 0.2900
[VLM Debug] Step 72 Reward: 0.2898
[VLM Debug] Step 44 Reward: 0.2886
[VLM Debug] Step 54 Reward: 0.2830
[VLM Debug] Step 72 Reward: 0.2920
[VLM Debug] Step 74 Reward: 0.2932
[VLM Debug] Step 46 Reward: 0.2893
[VLM Debug] Step 56 Reward: 0.2839
[VLM Debug] Step 74 Reward: 0.2905
[VLM Debug] Step 76 Reward: 0.2971
[VLM Debug] Step 48 Reward: 0.2849
[VLM Debug] Step 58 Reward: 0.2896
[VLM Debug] Step 76 Reward: 0.2864
[VLM Debug] Step 78 Reward: 0.2937
[VLM Debug] Step 50 Reward: 0.2871
[VLM Debug] Step 60 Reward: 0.2893
[VLM Debug] Step 78 Reward: 0.2886
[VLM Debug] Step 80 Reward: 0.2900
[VLM Debug] Step 52 Reward: 0.2837
[VLM Debug] Step 62 Reward: 0.2886
[VLM Debug] Step 80 Reward: 0.2876
[VLM Debug] Step 82 Reward: 0.2886
[VLM Debug] Step 54 Reward: 0.2849
[VLM Debug] Step 64 Reward: 0.2927
[VLM Debug] Step 82 Reward: 0.2986
[VLM Debug] Step 84 Reward: 0.2854
[VLM Debug] Step 56 Reward: 0.2871
[VLM Debug] Step 66 Reward: 0.2957
[VLM Debug] Step 84 Reward: 0.2954
[VLM Debug] Step 86 Reward: 0.2886
[VLM Debug] Step 58 Reward: 0.2917
[VLM Debug] Step 68 Reward: 0.2927
[VLM Debug] Step 86 Reward: 0.2937
[VLM Debug] Step 88 Reward: 0.2949
[VLM Debug] Step 60 Reward: 0.2913
[VLM Debug] Step 70 Reward: 0.2905
[VLM Debug] Step 88 Reward: 0.2966
[VLM Debug] Step 90 Reward: 0.2893
[VLM Debug] Step 62 Reward: 0.2947
[VLM Debug] Step 72 Reward: 0.2886
[VLM Debug] Step 90 Reward: 0.2976
[VLM Debug] Step 92 Reward: 0.2954
[VLM Debug] Step 64 Reward: 0.2888
[VLM Debug] Step 74 Reward: 0.2896
[VLM Debug] Step 92 Reward: 0.2979
[VLM Debug] Step 94 Reward: 0.2883
[VLM Debug] Step 66 Reward: 0.2971
[VLM Debug] Step 76 Reward: 0.2878
[VLM Debug] Step 94 Reward: 0.3013
[VLM Debug] Step 96 Reward: 0.2930
[VLM Debug] Step 68 Reward: 0.2969
[VLM Debug] Step 78 Reward: 0.2878
[VLM Debug] Step 96 Reward: 0.2913
[VLM Debug] Step 98 Reward: 0.2849
[VLM Debug] Step 70 Reward: 0.2922
[VLM Debug] Step 80 Reward: 0.2883
[VLM Debug] Step 98 Reward: 0.2905
[VLM Debug] Step 100 Reward: 0.2910
[VLM Debug] Step 72 Reward: 0.2949
[VLM Debug] Step 82 Reward: 0.2847
[VLM Debug] Step 100 Reward: 0.2810
[VLM Debug] Step 102 Reward: 0.2896
[VLM Debug] Step 74 Reward: 0.2974
[VLM Debug] Step 84 Reward: 0.2913
[VLM Debug] Step 102 Reward: 0.2815
[VLM Debug] Step 104 Reward: 0.2910
[VLM Debug] Step 76 Reward: 0.2881
[VLM Debug] Step 86 Reward: 0.2930
[VLM Debug] Step 104 Reward: 0.2910
[VLM Debug] Step 106 Reward: 0.2888
[VLM Debug] Step 78 Reward: 0.2876
[VLM Debug] Step 88 Reward: 0.2932
[VLM Debug] Step 106 Reward: 0.2913
[VLM Debug] Step 108 Reward: 0.2908
[VLM Debug] Step 80 Reward: 0.2881
[VLM Debug] Step 90 Reward: 0.2910
[VLM Debug] Step 108 Reward: 0.2898
[VLM Debug] Step 110 Reward: 0.2930
[VLM Debug] Step 82 Reward: 0.2915
[VLM Debug] Step 92 Reward: 0.2825
[VLM Debug] Step 110 Reward: 0.2935
[VLM Debug] Step 112 Reward: 0.2849
[VLM Debug] Step 84 Reward: 0.2930
[VLM Debug] Step 94 Reward: 0.2905
[VLM Debug] Step 112 Reward: 0.2949
[VLM Debug] Step 114 Reward: 0.2866
[VLM Debug] Step 86 Reward: 0.2932
[VLM Debug] Step 96 Reward: 0.2849
[VLM Debug] Step 114 Reward: 0.2937
[VLM Debug] Step 116 Reward: 0.2964
[VLM Debug] Step 88 Reward: 0.2957
[VLM Debug] Step 98 Reward: 0.2808
[VLM Debug] Step 116 Reward: 0.2954
[VLM Debug] Step 118 Reward: 0.2910
[VLM Debug] Step 90 Reward: 0.2869
[VLM Debug] Step 100 Reward: 0.2830
[VLM Debug] Step 118 Reward: 0.2854
[VLM Debug] Step 120 Reward: 0.2937
[VLM Debug] Step 92 Reward: 0.2961
[VLM Debug] Step 102 Reward: 0.2830
[VLM Debug] Step 120 Reward: 0.2810
[VLM Debug] Step 122 Reward: 0.2939
[VLM Debug] Step 94 Reward: 0.2944
[VLM Debug] Step 104 Reward: 0.2839
[VLM Debug] Step 122 Reward: 0.2893
[VLM Debug] Step 124 Reward: 0.2974
SPS: 173
[VLM Debug] Step 96 Reward: 0.2954
[VLM Debug] Step 106 Reward: 0.2859
[VLM Debug] Step 124 Reward: 0.2842
[VLM Debug] Step 126 Reward: 0.2908
[VLM Debug] Step 98 Reward: 0.2861
[VLM Debug] Step 108 Reward: 0.2891
[VLM Debug] Step 126 Reward: 0.2864
[VLM Debug] Step 128 Reward: 0.2896
[VLM Debug] Step 100 Reward: 0.2908
[VLM Debug] Step 110 Reward: 0.2805
[VLM Debug] Step 128 Reward: 0.2939
[VLM Debug] Step 130 Reward: 0.2856
[VLM Debug] Step 102 Reward: 0.2837
[VLM Debug] Step 112 Reward: 0.2874
[VLM Debug] Step 130 Reward: 0.2827
[VLM Debug] Step 132 Reward: 0.2898
global_step=32800, episodic_return=37.507
[VLM Debug] Step 104 Reward: 0.2886
[VLM Debug] Step 114 Reward: 0.2893
[VLM Debug] Reset Reward Calculated: 0.2864
[VLM Debug] Step 134 Reward: 0.2898
[VLM Debug] Step 106 Reward: 0.2915
[VLM Debug] Step 116 Reward: 0.2864
[VLM Debug] Step 2 Reward: 0.2822
[VLM Debug] Step 136 Reward: 0.2903
[VLM Debug] Step 108 Reward: 0.2898
[VLM Debug] Step 118 Reward: 0.2886
[VLM Debug] Step 4 Reward: 0.2822
[VLM Debug] Step 138 Reward: 0.2869
[VLM Debug] Step 110 Reward: 0.2935
[VLM Debug] Step 120 Reward: 0.2837
[VLM Debug] Step 6 Reward: 0.2842
[VLM Debug] Step 140 Reward: 0.2864
global_step=32832, episodic_return=31.830
[VLM Debug] Reset Reward Calculated: 0.2856
[VLM Debug] Step 122 Reward: 0.2793
[VLM Debug] Step 8 Reward: 0.2827
[VLM Debug] Step 142 Reward: 0.2856
[VLM Debug] Step 2 Reward: 0.2822
[VLM Debug] Step 124 Reward: 0.2742
[VLM Debug] Step 10 Reward: 0.2874
[VLM Debug] Step 144 Reward: 0.2793
[VLM Debug] Step 4 Reward: 0.2822
[VLM Debug] Step 126 Reward: 0.2871
[VLM Debug] Step 12 Reward: 0.2852
[VLM Debug] Step 146 Reward: 0.2876
[VLM Debug] Step 6 Reward: 0.2822
[VLM Debug] Step 128 Reward: 0.2778
[VLM Debug] Step 14 Reward: 0.2837
[VLM Debug] Step 148 Reward: 0.2839
[VLM Debug] Step 8 Reward: 0.2822
[VLM Debug] Step 130 Reward: 0.2847
[VLM Debug] Step 16 Reward: 0.2871
[VLM Debug] Step 150 Reward: 0.2778
[VLM Debug] Step 10 Reward: 0.2856
[VLM Debug] Step 132 Reward: 0.2842
[VLM Debug] Step 18 Reward: 0.2876
[VLM Debug] Step 152 Reward: 0.2827
[VLM Debug] Step 12 Reward: 0.2856
[VLM Debug] Step 134 Reward: 0.2905
[VLM Debug] Step 20 Reward: 0.2878
[VLM Debug] Step 154 Reward: 0.2771
[VLM Debug] Step 14 Reward: 0.2856
[VLM Debug] Step 136 Reward: 0.2869
[VLM Debug] Step 22 Reward: 0.2883
[VLM Debug] Step 156 Reward: 0.2812
[VLM Debug] Step 16 Reward: 0.2856
[VLM Debug] Step 138 Reward: 0.2876
[VLM Debug] Step 24 Reward: 0.2903
[VLM Debug] Step 158 Reward: 0.2844
[VLM Debug] Step 18 Reward: 0.2810
[VLM Debug] Step 140 Reward: 0.2861
[VLM Debug] Step 26 Reward: 0.2874
[VLM Debug] Step 160 Reward: 0.2915
[VLM Debug] Step 20 Reward: 0.2795
[VLM Debug] Step 142 Reward: 0.2886
[VLM Debug] Step 28 Reward: 0.2888
[VLM Debug] Step 162 Reward: 0.2957
[VLM Debug] Step 22 Reward: 0.2815
[VLM Debug] Step 144 Reward: 0.2854
[VLM Debug] Step 30 Reward: 0.2893
[VLM Debug] Step 164 Reward: 0.2915
[VLM Debug] Step 24 Reward: 0.2815
[VLM Debug] Step 146 Reward: 0.2864
[VLM Debug] Step 32 Reward: 0.2891
global_step=32932, episodic_return=47.141
[VLM Debug] Reset Reward Calculated: 0.2800
[VLM Debug] Step 26 Reward: 0.2786
[VLM Debug] Step 148 Reward: 0.2966
[VLM Debug] Step 34 Reward: 0.2876
[VLM Debug] Step 2 Reward: 0.2781
[VLM Debug] Step 28 Reward: 0.2825
[VLM Debug] Step 150 Reward: 0.2998
[VLM Debug] Step 36 Reward: 0.2900
[VLM Debug] Step 4 Reward: 0.2844
[VLM Debug] Step 30 Reward: 0.2805
[VLM Debug] Step 152 Reward: 0.2959
[VLM Debug] Step 38 Reward: 0.2847
[VLM Debug] Step 6 Reward: 0.2800
[VLM Debug] Step 32 Reward: 0.2764
[VLM Debug] Step 154 Reward: 0.2932
[VLM Debug] Step 40 Reward: 0.2900
global_step=32964, episodic_return=43.959
[VLM Debug] Step 8 Reward: 0.2822
[VLM Debug] Reset Reward Calculated: 0.2844
[VLM Debug] Step 34 Reward: 0.2815
[VLM Debug] Step 42 Reward: 0.2891
[VLM Debug] Step 10 Reward: 0.2788
[VLM Debug] Step 2 Reward: 0.2844
[VLM Debug] Step 36 Reward: 0.2832
[VLM Debug] Step 44 Reward: 0.2917
[VLM Debug] Step 12 Reward: 0.2864
[VLM Debug] Step 4 Reward: 0.2847
[VLM Debug] Step 38 Reward: 0.2800
[VLM Debug] Step 46 Reward: 0.2896
[VLM Debug] Step 14 Reward: 0.2864
[VLM Debug] Step 6 Reward: 0.2800
[VLM Debug] Step 40 Reward: 0.2927
[VLM Debug] Step 48 Reward: 0.2952
[VLM Debug] Step 16 Reward: 0.2832
[VLM Debug] Step 8 Reward: 0.2800
[VLM Debug] Step 42 Reward: 0.2896
[VLM Debug] Step 50 Reward: 0.2952
[VLM Debug] Step 18 Reward: 0.2781
[VLM Debug] Step 10 Reward: 0.2810
[VLM Debug] Step 44 Reward: 0.2874
[VLM Debug] Step 52 Reward: 0.2908
[VLM Debug] Step 20 Reward: 0.2852
[VLM Debug] Step 12 Reward: 0.2788
[VLM Debug] Step 46 Reward: 0.2900
[VLM Debug] Step 54 Reward: 0.2974
[VLM Debug] Step 22 Reward: 0.2847
[VLM Debug] Step 14 Reward: 0.2788
[VLM Debug] Step 48 Reward: 0.2925
[VLM Debug] Step 56 Reward: 0.2917
[VLM Debug] Step 24 Reward: 0.2847
[VLM Debug] Step 16 Reward: 0.2820
[VLM Debug] Step 50 Reward: 0.2908
[VLM Debug] Step 58 Reward: 0.2991
[VLM Debug] Step 26 Reward: 0.2856
[VLM Debug] Step 18 Reward: 0.2820
[VLM Debug] Step 52 Reward: 0.2849
[VLM Debug] Step 60 Reward: 0.3008
[VLM Debug] Step 28 Reward: 0.2898
[VLM Debug] Step 20 Reward: 0.2864
[VLM Debug] Step 54 Reward: 0.2900
[VLM Debug] Step 62 Reward: 0.2871
[VLM Debug] Step 30 Reward: 0.2888
[VLM Debug] Step 22 Reward: 0.2854
[VLM Debug] Step 56 Reward: 0.2947
[VLM Debug] Step 64 Reward: 0.2903
[VLM Debug] Step 32 Reward: 0.2900
[VLM Debug] Step 24 Reward: 0.2878
[VLM Debug] Step 58 Reward: 0.2910
[VLM Debug] Step 66 Reward: 0.2886
[VLM Debug] Step 34 Reward: 0.2878
[VLM Debug] Step 26 Reward: 0.2852
[VLM Debug] Step 60 Reward: 0.2930
[VLM Debug] Step 68 Reward: 0.2898
[VLM Debug] Step 36 Reward: 0.2896
[VLM Debug] Step 28 Reward: 0.2903
[VLM Debug] Step 62 Reward: 0.2891
[VLM Debug] Step 70 Reward: 0.2920
[VLM Debug] Step 38 Reward: 0.2852
[VLM Debug] Step 30 Reward: 0.2893
[VLM Debug] Step 64 Reward: 0.2942
[VLM Debug] Step 72 Reward: 0.2937
[VLM Debug] Step 40 Reward: 0.2869
[VLM Debug] Step 32 Reward: 0.2874
[VLM Debug] Step 66 Reward: 0.2971
[VLM Debug] Step 74 Reward: 0.2939
[VLM Debug] Step 42 Reward: 0.2847
[VLM Debug] Step 34 Reward: 0.2891
[VLM Debug] Step 68 Reward: 0.2927
[VLM Debug] Step 76 Reward: 0.2861
[VLM Debug] Step 44 Reward: 0.2822
[VLM Debug] Step 36 Reward: 0.2888
[VLM Debug] Step 70 Reward: 0.2986
[VLM Debug] Step 78 Reward: 0.2939
[VLM Debug] Step 46 Reward: 0.2837
[VLM Debug] Step 38 Reward: 0.2891
[VLM Debug] Step 72 Reward: 0.2957
[VLM Debug] Step 80 Reward: 0.2932
[VLM Debug] Step 48 Reward: 0.2898
[VLM Debug] Step 40 Reward: 0.2876
[VLM Debug] Step 74 Reward: 0.2830
[VLM Debug] Step 82 Reward: 0.2959
[VLM Debug] Step 50 Reward: 0.2952
[VLM Debug] Step 42 Reward: 0.2839
[VLM Debug] Step 76 Reward: 0.2910
[VLM Debug] Step 84 Reward: 0.2883
[VLM Debug] Step 52 Reward: 0.2922
[VLM Debug] Step 44 Reward: 0.2900
[VLM Debug] Step 78 Reward: 0.2896
[VLM Debug] Step 86 Reward: 0.2888
[VLM Debug] Step 54 Reward: 0.2905
[VLM Debug] Step 46 Reward: 0.2893
[VLM Debug] Step 80 Reward: 0.2905
[VLM Debug] Step 88 Reward: 0.2891
[VLM Debug] Step 56 Reward: 0.2915
[VLM Debug] Step 48 Reward: 0.2834
[VLM Debug] Step 82 Reward: 0.2886
[VLM Debug] Step 90 Reward: 0.2878
[VLM Debug] Step 58 Reward: 0.2930
[VLM Debug] Step 50 Reward: 0.2856
[VLM Debug] Step 84 Reward: 0.2903
[VLM Debug] Step 92 Reward: 0.2893
[VLM Debug] Step 60 Reward: 0.2944
[VLM Debug] Step 52 Reward: 0.2920
[VLM Debug] Step 86 Reward: 0.2861
[VLM Debug] Step 94 Reward: 0.2903
[VLM Debug] Step 62 Reward: 0.2991
[VLM Debug] Step 54 Reward: 0.2898
[VLM Debug] Step 88 Reward: 0.2949
[VLM Debug] Step 96 Reward: 0.2920
[VLM Debug] Step 64 Reward: 0.2952
[VLM Debug] Step 56 Reward: 0.2947
[VLM Debug] Step 90 Reward: 0.2925
[VLM Debug] Step 98 Reward: 0.2827
global_step=33196, episodic_return=28.382
[VLM Debug] Step 66 Reward: 0.2935
[VLM Debug] Step 58 Reward: 0.2959
[VLM Debug] Reset Reward Calculated: 0.2776
[VLM Debug] Step 92 Reward: 0.2876
[VLM Debug] Step 68 Reward: 0.2988
[VLM Debug] Step 60 Reward: 0.2942
[VLM Debug] Step 2 Reward: 0.2793
[VLM Debug] Step 94 Reward: 0.2861
[VLM Debug] Step 70 Reward: 0.2957
[VLM Debug] Step 62 Reward: 0.2932
[VLM Debug] Step 4 Reward: 0.2776
[VLM Debug] Step 96 Reward: 0.2854
[VLM Debug] Step 72 Reward: 0.2910
[VLM Debug] Step 64 Reward: 0.2949
[VLM Debug] Step 6 Reward: 0.2771
[VLM Debug] Step 98 Reward: 0.2874
[VLM Debug] Step 74 Reward: 0.2844
[VLM Debug] Step 66 Reward: 0.2944
[VLM Debug] Step 8 Reward: 0.2800
[VLM Debug] Step 100 Reward: 0.2915
[VLM Debug] Step 76 Reward: 0.2869
[VLM Debug] Step 68 Reward: 0.2935
[VLM Debug] Step 10 Reward: 0.2800
[VLM Debug] Step 102 Reward: 0.2896
[VLM Debug] Step 78 Reward: 0.2844
[VLM Debug] Step 70 Reward: 0.2993
[VLM Debug] Step 12 Reward: 0.2800
global_step=33248, episodic_return=29.597
[VLM Debug] Reset Reward Calculated: 0.2817
[VLM Debug] Step 80 Reward: 0.2839
[VLM Debug] Step 72 Reward: 0.2920
[VLM Debug] Step 14 Reward: 0.2773
[VLM Debug] Step 2 Reward: 0.2771
[VLM Debug] Step 82 Reward: 0.2932
[VLM Debug] Step 74 Reward: 0.2866
[VLM Debug] Step 16 Reward: 0.2773
[VLM Debug] Step 4 Reward: 0.2771
[VLM Debug] Step 84 Reward: 0.2922
[VLM Debug] Step 76 Reward: 0.2905
[VLM Debug] Step 18 Reward: 0.2825
[VLM Debug] Step 6 Reward: 0.2776
[VLM Debug] Step 86 Reward: 0.2861
[VLM Debug] Step 78 Reward: 0.2893
[VLM Debug] Step 20 Reward: 0.2793
SPS: 173
[VLM Debug] Step 8 Reward: 0.2793
[VLM Debug] Step 88 Reward: 0.2944
[VLM Debug] Step 80 Reward: 0.2822
[VLM Debug] Step 22 Reward: 0.2842
[VLM Debug] Step 10 Reward: 0.2793
[VLM Debug] Step 90 Reward: 0.2910
[VLM Debug] Step 82 Reward: 0.2961
[VLM Debug] Step 24 Reward: 0.2842
[VLM Debug] Step 12 Reward: 0.2771
[VLM Debug] Step 92 Reward: 0.2939
[VLM Debug] Step 84 Reward: 0.2966
[VLM Debug] Step 26 Reward: 0.2832
[VLM Debug] Step 14 Reward: 0.2783
[VLM Debug] Step 94 Reward: 0.2922
[VLM Debug] Step 86 Reward: 0.2930
[VLM Debug] Step 28 Reward: 0.2842
[VLM Debug] Step 16 Reward: 0.2783
[VLM Debug] Step 96 Reward: 0.2910
[VLM Debug] Step 88 Reward: 0.2966
[VLM Debug] Step 30 Reward: 0.2842
[VLM Debug] Step 18 Reward: 0.2783
[VLM Debug] Step 98 Reward: 0.2817
[VLM Debug] Step 90 Reward: 0.2947
[VLM Debug] Step 32 Reward: 0.2837
[VLM Debug] Step 20 Reward: 0.2798
[VLM Debug] Step 100 Reward: 0.2893
[VLM Debug] Step 92 Reward: 0.2952
[VLM Debug] Step 34 Reward: 0.2822
[VLM Debug] Step 22 Reward: 0.2798
[VLM Debug] Step 102 Reward: 0.2954
[VLM Debug] Step 94 Reward: 0.2957
[VLM Debug] Step 36 Reward: 0.2822
[VLM Debug] Step 24 Reward: 0.2798
[VLM Debug] Step 104 Reward: 0.2983
[VLM Debug] Step 96 Reward: 0.2866
[VLM Debug] Step 38 Reward: 0.2856
[VLM Debug] Step 26 Reward: 0.2812
global_step=33356, episodic_return=30.290
[VLM Debug] Reset Reward Calculated: 0.2759
[VLM Debug] Step 98 Reward: 0.2871
[VLM Debug] Step 40 Reward: 0.2856
[VLM Debug] Step 28 Reward: 0.2776
[VLM Debug] Step 2 Reward: 0.2803
[VLM Debug] Step 100 Reward: 0.2837
[VLM Debug] Step 42 Reward: 0.2803
[VLM Debug] Step 30 Reward: 0.2803
[VLM Debug] Step 4 Reward: 0.2803
[VLM Debug] Step 102 Reward: 0.2866
[VLM Debug] Step 44 Reward: 0.2832
[VLM Debug] Step 32 Reward: 0.2837
[VLM Debug] Step 6 Reward: 0.2771
[VLM Debug] Step 104 Reward: 0.2976
[VLM Debug] Step 46 Reward: 0.2815
[VLM Debug] Step 34 Reward: 0.2849
[VLM Debug] Step 8 Reward: 0.2771
[VLM Debug] Step 106 Reward: 0.2944
[VLM Debug] Step 48 Reward: 0.2786
[VLM Debug] Step 36 Reward: 0.2847
[VLM Debug] Step 10 Reward: 0.2805
[VLM Debug] Step 108 Reward: 0.2864
[VLM Debug] Step 50 Reward: 0.2830
global_step=33400, episodic_return=31.205
[VLM Debug] Step 38 Reward: 0.2832
[VLM Debug] Reset Reward Calculated: 0.2793
[VLM Debug] Step 12 Reward: 0.2793
[VLM Debug] Step 52 Reward: 0.2776
[VLM Debug] Step 40 Reward: 0.2847
[VLM Debug] Step 2 Reward: 0.2793
[VLM Debug] Step 14 Reward: 0.2778
[VLM Debug] Step 54 Reward: 0.2795
[VLM Debug] Step 42 Reward: 0.2832
[VLM Debug] Step 4 Reward: 0.2808
[VLM Debug] Step 16 Reward: 0.2820
[VLM Debug] Step 56 Reward: 0.2815
[VLM Debug] Step 44 Reward: 0.2864
[VLM Debug] Step 6 Reward: 0.2832
[VLM Debug] Step 18 Reward: 0.2820
[VLM Debug] Step 58 Reward: 0.2834
[VLM Debug] Step 46 Reward: 0.2849
[VLM Debug] Step 8 Reward: 0.2793
[VLM Debug] Step 20 Reward: 0.2842
[VLM Debug] Step 60 Reward: 0.2866
[VLM Debug] Step 48 Reward: 0.2903
[VLM Debug] Step 10 Reward: 0.2776
[VLM Debug] Step 22 Reward: 0.2822
[VLM Debug] Step 62 Reward: 0.2922
[VLM Debug] Step 50 Reward: 0.2849
[VLM Debug] Step 12 Reward: 0.2776
[VLM Debug] Step 24 Reward: 0.2822
[VLM Debug] Step 64 Reward: 0.2903
[VLM Debug] Step 52 Reward: 0.2834
[VLM Debug] Step 14 Reward: 0.2820
[VLM Debug] Step 26 Reward: 0.2856
[VLM Debug] Step 66 Reward: 0.2932
[VLM Debug] Step 54 Reward: 0.2791
[VLM Debug] Step 16 Reward: 0.2820
[VLM Debug] Step 28 Reward: 0.2856
[VLM Debug] Step 68 Reward: 0.2932
[VLM Debug] Step 56 Reward: 0.2793
[VLM Debug] Step 18 Reward: 0.2825
[VLM Debug] Step 30 Reward: 0.2812
[VLM Debug] Step 70 Reward: 0.2896
[VLM Debug] Step 58 Reward: 0.2830
[VLM Debug] Step 20 Reward: 0.2812
[VLM Debug] Step 32 Reward: 0.2817
[VLM Debug] Step 72 Reward: 0.2869
[VLM Debug] Step 60 Reward: 0.2886
[VLM Debug] Step 22 Reward: 0.2832
[VLM Debug] Step 34 Reward: 0.2815
[VLM Debug] Step 74 Reward: 0.2920
[VLM Debug] Step 62 Reward: 0.2881
[VLM Debug] Step 24 Reward: 0.2832
[VLM Debug] Step 36 Reward: 0.2798
[VLM Debug] Step 76 Reward: 0.2935
[VLM Debug] Step 64 Reward: 0.2886
[VLM Debug] Step 26 Reward: 0.2847
[VLM Debug] Step 38 Reward: 0.2798
[VLM Debug] Step 78 Reward: 0.2917
[VLM Debug] Step 66 Reward: 0.2927
[VLM Debug] Step 28 Reward: 0.2864
[VLM Debug] Step 40 Reward: 0.2805
[VLM Debug] Step 80 Reward: 0.2932
[VLM Debug] Step 68 Reward: 0.2905
[VLM Debug] Step 30 Reward: 0.2854
[VLM Debug] Step 42 Reward: 0.2800
[VLM Debug] Step 82 Reward: 0.2966
[VLM Debug] Step 70 Reward: 0.2905
[VLM Debug] Step 32 Reward: 0.2842
[VLM Debug] Step 44 Reward: 0.2786
[VLM Debug] Step 84 Reward: 0.2947
[VLM Debug] Step 72 Reward: 0.2964
[VLM Debug] Step 34 Reward: 0.2871
[VLM Debug] Step 46 Reward: 0.2837
[VLM Debug] Step 86 Reward: 0.2898
[VLM Debug] Step 74 Reward: 0.2939
[VLM Debug] Step 36 Reward: 0.2893
[VLM Debug] Step 48 Reward: 0.2810
[VLM Debug] Step 88 Reward: 0.2988
[VLM Debug] Step 76 Reward: 0.2905
[VLM Debug] Step 38 Reward: 0.2844
[VLM Debug] Step 50 Reward: 0.2842
[VLM Debug] Step 90 Reward: 0.2944
[VLM Debug] Step 78 Reward: 0.2866
[VLM Debug] Step 40 Reward: 0.2834
[VLM Debug] Step 52 Reward: 0.2876
[VLM Debug] Step 92 Reward: 0.2886
[VLM Debug] Step 80 Reward: 0.2878
[VLM Debug] Step 42 Reward: 0.2739
[VLM Debug] Step 54 Reward: 0.2898
[VLM Debug] Step 94 Reward: 0.2915
[VLM Debug] Step 82 Reward: 0.2869
[VLM Debug] Step 44 Reward: 0.2861
[VLM Debug] Step 56 Reward: 0.2908
[VLM Debug] Step 96 Reward: 0.2837
[VLM Debug] Step 84 Reward: 0.2900
[VLM Debug] Step 46 Reward: 0.2888
[VLM Debug] Step 58 Reward: 0.2908
[VLM Debug] Step 98 Reward: 0.2922
[VLM Debug] Step 86 Reward: 0.2866
[VLM Debug] Step 48 Reward: 0.2886
[VLM Debug] Step 60 Reward: 0.2886
[VLM Debug] Step 100 Reward: 0.2974
[VLM Debug] Step 88 Reward: 0.2888
[VLM Debug] Step 50 Reward: 0.2881
[VLM Debug] Step 62 Reward: 0.2825
[VLM Debug] Step 102 Reward: 0.2954
[VLM Debug] Step 90 Reward: 0.2908
[VLM Debug] Step 52 Reward: 0.2910
[VLM Debug] Step 64 Reward: 0.2883
[VLM Debug] Step 104 Reward: 0.2876
[VLM Debug] Step 92 Reward: 0.2903
[VLM Debug] Step 54 Reward: 0.2910
[VLM Debug] Step 66 Reward: 0.2915
[VLM Debug] Step 106 Reward: 0.2974
[VLM Debug] Step 94 Reward: 0.2932
[VLM Debug] Step 56 Reward: 0.2952
[VLM Debug] Step 68 Reward: 0.2908
[VLM Debug] Step 108 Reward: 0.2939
[VLM Debug] Step 96 Reward: 0.2864
[VLM Debug] Step 58 Reward: 0.2959
[VLM Debug] Step 70 Reward: 0.2891
[VLM Debug] Step 110 Reward: 0.2979
[VLM Debug] Step 98 Reward: 0.2915
[VLM Debug] Step 60 Reward: 0.2910
[VLM Debug] Step 72 Reward: 0.2944
[VLM Debug] Step 112 Reward: 0.2874
[VLM Debug] Step 100 Reward: 0.2905
[VLM Debug] Step 62 Reward: 0.2898
[VLM Debug] Step 74 Reward: 0.2903
[VLM Debug] Step 114 Reward: 0.2881
[VLM Debug] Step 102 Reward: 0.2844
[VLM Debug] Step 64 Reward: 0.2844
[VLM Debug] Step 76 Reward: 0.2959
[VLM Debug] Step 116 Reward: 0.2886
[VLM Debug] Step 104 Reward: 0.2852
[VLM Debug] Step 66 Reward: 0.2869
[VLM Debug] Step 78 Reward: 0.2944
[VLM Debug] Step 118 Reward: 0.2881
[VLM Debug] Step 106 Reward: 0.2883
[VLM Debug] Step 68 Reward: 0.2856
[VLM Debug] Step 80 Reward: 0.2991
[VLM Debug] Step 120 Reward: 0.2920
[VLM Debug] Step 108 Reward: 0.2842
[VLM Debug] Step 70 Reward: 0.2830
[VLM Debug] Step 82 Reward: 0.3015
[VLM Debug] Step 122 Reward: 0.2927
[VLM Debug] Step 110 Reward: 0.2869
[VLM Debug] Step 72 Reward: 0.2900
[VLM Debug] Step 84 Reward: 0.2900
[VLM Debug] Step 124 Reward: 0.2896
global_step=33696, episodic_return=35.562
[VLM Debug] Step 112 Reward: 0.2903
[VLM Debug] Step 74 Reward: 0.2866
[VLM Debug] Reset Reward Calculated: 0.2822
[VLM Debug] Step 86 Reward: 0.2866
[VLM Debug] Step 114 Reward: 0.2871
[VLM Debug] Step 76 Reward: 0.2888
[VLM Debug] Step 2 Reward: 0.2827
[VLM Debug] Step 88 Reward: 0.2827
[VLM Debug] Step 116 Reward: 0.2893
[VLM Debug] Step 78 Reward: 0.2888
[VLM Debug] Step 4 Reward: 0.2822
[VLM Debug] Step 90 Reward: 0.2849
[VLM Debug] Step 118 Reward: 0.2935
[VLM Debug] Step 80 Reward: 0.2886
[VLM Debug] Step 6 Reward: 0.2847
[VLM Debug] Step 92 Reward: 0.2937
[VLM Debug] Step 120 Reward: 0.2920
[VLM Debug] Step 82 Reward: 0.2820
[VLM Debug] Step 8 Reward: 0.2781
[VLM Debug] Step 94 Reward: 0.2920
[VLM Debug] Step 122 Reward: 0.2778
[VLM Debug] Step 84 Reward: 0.2793
[VLM Debug] Step 10 Reward: 0.2756
[VLM Debug] Step 96 Reward: 0.2927
[VLM Debug] Step 124 Reward: 0.2832
[VLM Debug] Step 86 Reward: 0.2866
[VLM Debug] Step 12 Reward: 0.2852
[VLM Debug] Step 98 Reward: 0.2886
[VLM Debug] Step 126 Reward: 0.2866
[VLM Debug] Step 88 Reward: 0.2864
[VLM Debug] Step 14 Reward: 0.2917
[VLM Debug] Step 100 Reward: 0.2976
[VLM Debug] Step 128 Reward: 0.2822
[VLM Debug] Step 90 Reward: 0.2822
[VLM Debug] Step 16 Reward: 0.2893
[VLM Debug] Step 102 Reward: 0.2947
[VLM Debug] Step 130 Reward: 0.2876
[VLM Debug] Step 92 Reward: 0.2881
[VLM Debug] Step 18 Reward: 0.2886
[VLM Debug] Step 104 Reward: 0.2949
[VLM Debug] Step 132 Reward: 0.2849
[VLM Debug] Step 94 Reward: 0.2778
[VLM Debug] Step 20 Reward: 0.2871
[VLM Debug] Step 106 Reward: 0.2947
[VLM Debug] Step 134 Reward: 0.2925
[VLM Debug] Step 96 Reward: 0.2791
[VLM Debug] Step 22 Reward: 0.2908
[VLM Debug] Step 108 Reward: 0.2781
SPS: 173
[VLM Debug] Step 136 Reward: 0.2883
[VLM Debug] Step 98 Reward: 0.2805
[VLM Debug] Step 24 Reward: 0.2891
[VLM Debug] Step 110 Reward: 0.2825
[VLM Debug] Step 138 Reward: 0.2861
[VLM Debug] Step 100 Reward: 0.2849
[VLM Debug] Step 26 Reward: 0.2886
[VLM Debug] Step 112 Reward: 0.2920
[VLM Debug] Step 140 Reward: 0.2874
[VLM Debug] Step 102 Reward: 0.2737
[VLM Debug] Step 28 Reward: 0.2891
[VLM Debug] Step 114 Reward: 0.2961
[VLM Debug] Step 142 Reward: 0.2883
[VLM Debug] Step 104 Reward: 0.2832
[VLM Debug] Step 30 Reward: 0.2886
[VLM Debug] Step 116 Reward: 0.3005
[VLM Debug] Step 144 Reward: 0.2859
[VLM Debug] Step 106 Reward: 0.2952
[VLM Debug] Step 32 Reward: 0.2876
global_step=33828, episodic_return=33.548
[VLM Debug] Reset Reward Calculated: 0.2844
[VLM Debug] Step 146 Reward: 0.2852
[VLM Debug] Step 108 Reward: 0.2927
[VLM Debug] Step 34 Reward: 0.2834
[VLM Debug] Step 2 Reward: 0.2847
[VLM Debug] Step 148 Reward: 0.2983
[VLM Debug] Step 110 Reward: 0.2922
[VLM Debug] Step 36 Reward: 0.2864
[VLM Debug] Step 4 Reward: 0.2849
[VLM Debug] Step 150 Reward: 0.2957
[VLM Debug] Step 112 Reward: 0.2922
[VLM Debug] Step 38 Reward: 0.2898
[VLM Debug] Step 6 Reward: 0.2825
[VLM Debug] Step 152 Reward: 0.2876
[VLM Debug] Step 114 Reward: 0.2920
[VLM Debug] Step 40 Reward: 0.2915
[VLM Debug] Step 8 Reward: 0.2837
[VLM Debug] Step 154 Reward: 0.3005
[VLM Debug] Step 116 Reward: 0.2932
[VLM Debug] Step 42 Reward: 0.2883
global_step=33868, episodic_return=44.031
[VLM Debug] Step 10 Reward: 0.2866
[VLM Debug] Reset Reward Calculated: 0.2825
[VLM Debug] Step 118 Reward: 0.2881
[VLM Debug] Step 44 Reward: 0.2954
[VLM Debug] Step 12 Reward: 0.2864
[VLM Debug] Step 2 Reward: 0.2825
[VLM Debug] Step 120 Reward: 0.2944
[VLM Debug] Step 46 Reward: 0.2878
[VLM Debug] Step 14 Reward: 0.2856
[VLM Debug] Step 4 Reward: 0.2825
[VLM Debug] Step 122 Reward: 0.2969
[VLM Debug] Step 48 Reward: 0.2961
[VLM Debug] Step 16 Reward: 0.2849
[VLM Debug] Step 6 Reward: 0.2791
[VLM Debug] Step 124 Reward: 0.2949
[VLM Debug] Step 50 Reward: 0.2954
[VLM Debug] Step 18 Reward: 0.2878
[VLM Debug] Step 8 Reward: 0.2791
[VLM Debug] Step 126 Reward: 0.2883
[VLM Debug] Step 52 Reward: 0.2969
[VLM Debug] Step 20 Reward: 0.2861
[VLM Debug] Step 10 Reward: 0.2805
[VLM Debug] Step 128 Reward: 0.2878
[VLM Debug] Step 54 Reward: 0.2957
global_step=33916, episodic_return=36.613
[VLM Debug] Step 22 Reward: 0.2881
[VLM Debug] Step 12 Reward: 0.2805
[VLM Debug] Reset Reward Calculated: 0.2827
[VLM Debug] Step 56 Reward: 0.2961
[VLM Debug] Step 24 Reward: 0.2844
[VLM Debug] Step 14 Reward: 0.2805
[VLM Debug] Step 2 Reward: 0.2842
[VLM Debug] Step 58 Reward: 0.2996
global_step=33932, episodic_return=16.745
[VLM Debug] Step 26 Reward: 0.2834
[VLM Debug] Step 16 Reward: 0.2788
[VLM Debug] Step 4 Reward: 0.2837
[VLM Debug] Reset Reward Calculated: 0.2791
[VLM Debug] Step 28 Reward: 0.2825
[VLM Debug] Step 18 Reward: 0.2788
[VLM Debug] Step 6 Reward: 0.2854
[VLM Debug] Step 2 Reward: 0.2791
[VLM Debug] Step 30 Reward: 0.2793
[VLM Debug] Step 20 Reward: 0.2788
[VLM Debug] Step 8 Reward: 0.2773
[VLM Debug] Step 4 Reward: 0.2805
[VLM Debug] Step 32 Reward: 0.2866
[VLM Debug] Step 22 Reward: 0.2827
[VLM Debug] Step 10 Reward: 0.2781
[VLM Debug] Step 6 Reward: 0.2773
[VLM Debug] Step 34 Reward: 0.2891
[VLM Debug] Step 24 Reward: 0.2827
[VLM Debug] Step 12 Reward: 0.2805
[VLM Debug] Step 8 Reward: 0.2773
[VLM Debug] Step 36 Reward: 0.2888
[VLM Debug] Step 26 Reward: 0.2769
[VLM Debug] Step 14 Reward: 0.2800
[VLM Debug] Step 10 Reward: 0.2825
[VLM Debug] Step 38 Reward: 0.2896
[VLM Debug] Step 28 Reward: 0.2881
[VLM Debug] Step 16 Reward: 0.2815
[VLM Debug] Step 12 Reward: 0.2825
[VLM Debug] Step 40 Reward: 0.2866
[VLM Debug] Step 30 Reward: 0.2881
[VLM Debug] Step 18 Reward: 0.2842
[VLM Debug] Step 14 Reward: 0.2842
[VLM Debug] Step 42 Reward: 0.2883
[VLM Debug] Step 32 Reward: 0.2874
[VLM Debug] Step 20 Reward: 0.2866
[VLM Debug] Step 16 Reward: 0.2842
[VLM Debug] Step 44 Reward: 0.2839
[VLM Debug] Step 34 Reward: 0.2874
[VLM Debug] Step 22 Reward: 0.2866
[VLM Debug] Step 18 Reward: 0.2842
[VLM Debug] Step 46 Reward: 0.2935
[VLM Debug] Step 36 Reward: 0.2883
[VLM Debug] Step 24 Reward: 0.2913
[VLM Debug] Step 20 Reward: 0.2842
[VLM Debug] Step 48 Reward: 0.2903
[VLM Debug] Step 38 Reward: 0.2881
[VLM Debug] Step 26 Reward: 0.2903
[VLM Debug] Step 22 Reward: 0.2834
[VLM Debug] Step 50 Reward: 0.2927
[VLM Debug] Step 40 Reward: 0.2869
[VLM Debug] Step 28 Reward: 0.2900
[VLM Debug] Step 24 Reward: 0.2842
[VLM Debug] Step 52 Reward: 0.2920
[VLM Debug] Step 42 Reward: 0.2869
[VLM Debug] Step 30 Reward: 0.2944
[VLM Debug] Step 26 Reward: 0.2839
[VLM Debug] Step 54 Reward: 0.2812
[VLM Debug] Step 44 Reward: 0.2881
[VLM Debug] Step 32 Reward: 0.2910
[VLM Debug] Step 28 Reward: 0.2856
[VLM Debug] Step 56 Reward: 0.2822
[VLM Debug] Step 46 Reward: 0.2883
[VLM Debug] Step 34 Reward: 0.2915
[VLM Debug] Step 30 Reward: 0.2856
[VLM Debug] Step 58 Reward: 0.2864
[VLM Debug] Step 48 Reward: 0.2839
[VLM Debug] Step 36 Reward: 0.2910
[VLM Debug] Step 32 Reward: 0.2856
[VLM Debug] Step 60 Reward: 0.2849
[VLM Debug] Step 50 Reward: 0.2849
[VLM Debug] Step 38 Reward: 0.2910
[VLM Debug] Step 34 Reward: 0.2803
[VLM Debug] Step 62 Reward: 0.2839
[VLM Debug] Step 52 Reward: 0.2869
[VLM Debug] Step 40 Reward: 0.2874
[VLM Debug] Step 36 Reward: 0.2795
[VLM Debug] Step 64 Reward: 0.2800
[VLM Debug] Step 54 Reward: 0.2832
[VLM Debug] Step 42 Reward: 0.2930
[VLM Debug] Step 38 Reward: 0.2795
[VLM Debug] Step 66 Reward: 0.2844
[VLM Debug] Step 56 Reward: 0.2822
[VLM Debug] Step 44 Reward: 0.2930
[VLM Debug] Step 40 Reward: 0.2786
[VLM Debug] Step 68 Reward: 0.2849
[VLM Debug] Step 58 Reward: 0.2812
[VLM Debug] Step 46 Reward: 0.2925
[VLM Debug] Step 42 Reward: 0.2827
[VLM Debug] Step 70 Reward: 0.2859
[VLM Debug] Step 60 Reward: 0.2761
[VLM Debug] Step 48 Reward: 0.2939
[VLM Debug] Step 44 Reward: 0.2808
[VLM Debug] Step 72 Reward: 0.2861
[VLM Debug] Step 62 Reward: 0.2825
[VLM Debug] Step 50 Reward: 0.2969
[VLM Debug] Step 46 Reward: 0.2795
[VLM Debug] Step 74 Reward: 0.2856
[VLM Debug] Step 64 Reward: 0.2822
[VLM Debug] Step 52 Reward: 0.2957
[VLM Debug] Step 48 Reward: 0.2832
[VLM Debug] Step 76 Reward: 0.2847
[VLM Debug] Step 66 Reward: 0.2856
[VLM Debug] Step 54 Reward: 0.2930
[VLM Debug] Step 50 Reward: 0.2812
[VLM Debug] Step 78 Reward: 0.2881
[VLM Debug] Step 68 Reward: 0.2920
[VLM Debug] Step 56 Reward: 0.2966
[VLM Debug] Step 52 Reward: 0.2817
[VLM Debug] Step 80 Reward: 0.2812
[VLM Debug] Step 70 Reward: 0.2927
[VLM Debug] Step 58 Reward: 0.2952
[VLM Debug] Step 54 Reward: 0.2905
[VLM Debug] Step 82 Reward: 0.2812
[VLM Debug] Step 72 Reward: 0.2952
[VLM Debug] Step 60 Reward: 0.2859
[VLM Debug] Step 56 Reward: 0.2886
[VLM Debug] Step 84 Reward: 0.2847
[VLM Debug] Step 74 Reward: 0.2939
[VLM Debug] Step 62 Reward: 0.2900
[VLM Debug] Step 58 Reward: 0.2891
[VLM Debug] Step 86 Reward: 0.2878
[VLM Debug] Step 76 Reward: 0.2871
[VLM Debug] Step 64 Reward: 0.2878
[VLM Debug] Step 60 Reward: 0.2891
[VLM Debug] Step 88 Reward: 0.2871
[VLM Debug] Step 78 Reward: 0.2871
[VLM Debug] Step 66 Reward: 0.2903
[VLM Debug] Step 62 Reward: 0.2893
[VLM Debug] Step 90 Reward: 0.2847
[VLM Debug] Step 80 Reward: 0.2920
[VLM Debug] Step 68 Reward: 0.2947
[VLM Debug] Step 64 Reward: 0.2832
[VLM Debug] Step 92 Reward: 0.2825
[VLM Debug] Step 82 Reward: 0.2930
[VLM Debug] Step 70 Reward: 0.2888
[VLM Debug] Step 66 Reward: 0.2883
[VLM Debug] Step 94 Reward: 0.2861
[VLM Debug] Step 84 Reward: 0.2915
[VLM Debug] Step 72 Reward: 0.2979
[VLM Debug] Step 68 Reward: 0.2961
[VLM Debug] Step 96 Reward: 0.2864
[VLM Debug] Step 86 Reward: 0.3003
[VLM Debug] Step 74 Reward: 0.2959
[VLM Debug] Step 70 Reward: 0.2886
[VLM Debug] Step 98 Reward: 0.2820
[VLM Debug] Step 88 Reward: 0.2947
[VLM Debug] Step 76 Reward: 0.2957
[VLM Debug] Step 72 Reward: 0.2917
[VLM Debug] Step 100 Reward: 0.2820
[VLM Debug] Step 90 Reward: 0.2988
[VLM Debug] Step 78 Reward: 0.2930
[VLM Debug] Step 74 Reward: 0.2932
[VLM Debug] Step 102 Reward: 0.2854
[VLM Debug] Step 92 Reward: 0.2964
[VLM Debug] Step 80 Reward: 0.2908
[VLM Debug] Step 76 Reward: 0.2952
[VLM Debug] Step 104 Reward: 0.2891
[VLM Debug] Step 94 Reward: 0.2903
[VLM Debug] Step 82 Reward: 0.2913
[VLM Debug] Step 78 Reward: 0.2979
[VLM Debug] Step 106 Reward: 0.2903
[VLM Debug] Step 96 Reward: 0.2883
[VLM Debug] Step 84 Reward: 0.2959
[VLM Debug] Step 80 Reward: 0.2917
[VLM Debug] Step 108 Reward: 0.2869
[VLM Debug] Step 98 Reward: 0.2854
[VLM Debug] Step 86 Reward: 0.2957
[VLM Debug] Step 82 Reward: 0.2981
[VLM Debug] Step 110 Reward: 0.2852
[VLM Debug] Step 100 Reward: 0.2891
[VLM Debug] Step 88 Reward: 0.2898
[VLM Debug] Step 84 Reward: 0.2961
[VLM Debug] Step 112 Reward: 0.2874
[VLM Debug] Step 102 Reward: 0.2920
[VLM Debug] Step 90 Reward: 0.2920
[VLM Debug] Step 86 Reward: 0.2920
[VLM Debug] Step 114 Reward: 0.2886
[VLM Debug] Step 104 Reward: 0.2947
[VLM Debug] Step 92 Reward: 0.2661
[VLM Debug] Step 88 Reward: 0.2844
[VLM Debug] Step 116 Reward: 0.2881
[VLM Debug] Step 106 Reward: 0.2869
[VLM Debug] Step 94 Reward: 0.2844
[VLM Debug] Step 90 Reward: 0.2832
[VLM Debug] Step 118 Reward: 0.2869
[VLM Debug] Step 108 Reward: 0.2957
[VLM Debug] Step 96 Reward: 0.2874
[VLM Debug] Step 92 Reward: 0.2900
SPS: 173
global_step=34308, episodic_return=28.061
[VLM Debug] Step 120 Reward: 0.2878
[VLM Debug] Step 110 Reward: 0.2957
[VLM Debug] Reset Reward Calculated: 0.2844
[VLM Debug] Step 94 Reward: 0.2939
[VLM Debug] Step 122 Reward: 0.2913
[VLM Debug] Step 112 Reward: 0.2964
[VLM Debug] Step 2 Reward: 0.2781
[VLM Debug] Step 96 Reward: 0.2883
[VLM Debug] Step 124 Reward: 0.2913
[VLM Debug] Step 114 Reward: 0.2861
[VLM Debug] Step 4 Reward: 0.2810
[VLM Debug] Step 98 Reward: 0.2952
[VLM Debug] Step 126 Reward: 0.2859
[VLM Debug] Step 116 Reward: 0.2896
[VLM Debug] Step 6 Reward: 0.2810
[VLM Debug] Step 100 Reward: 0.2896
[VLM Debug] Step 128 Reward: 0.2930
[VLM Debug] Step 118 Reward: 0.2896
[VLM Debug] Step 8 Reward: 0.2771
[VLM Debug] Step 102 Reward: 0.2949
global_step=34344, episodic_return=36.618
[VLM Debug] Reset Reward Calculated: 0.2773
[VLM Debug] Step 120 Reward: 0.2930
[VLM Debug] Step 10 Reward: 0.2773
[VLM Debug] Step 104 Reward: 0.2969
[VLM Debug] Step 2 Reward: 0.2803
[VLM Debug] Step 122 Reward: 0.2949
[VLM Debug] Step 12 Reward: 0.2854
[VLM Debug] Step 106 Reward: 0.2937
[VLM Debug] Step 4 Reward: 0.2803
[VLM Debug] Step 124 Reward: 0.2791
[VLM Debug] Step 14 Reward: 0.2854
[VLM Debug] Step 108 Reward: 0.2927
[VLM Debug] Step 6 Reward: 0.2805
[VLM Debug] Step 126 Reward: 0.2942
[VLM Debug] Step 16 Reward: 0.2837
[VLM Debug] Step 110 Reward: 0.2966
[VLM Debug] Step 8 Reward: 0.2778
[VLM Debug] Step 128 Reward: 0.2905
[VLM Debug] Step 18 Reward: 0.2805
[VLM Debug] Step 112 Reward: 0.2803
[VLM Debug] Step 10 Reward: 0.2795
[VLM Debug] Step 130 Reward: 0.2751
[VLM Debug] Step 20 Reward: 0.2815
[VLM Debug] Step 114 Reward: 0.2756
[VLM Debug] Step 12 Reward: 0.2771
global_step=34396, episodic_return=37.624
[VLM Debug] Reset Reward Calculated: 0.2742
[VLM Debug] Step 22 Reward: 0.2922
[VLM Debug] Step 116 Reward: 0.2837
[VLM Debug] Step 14 Reward: 0.2815
[VLM Debug] Step 2 Reward: 0.2739
[VLM Debug] Step 24 Reward: 0.2896
[VLM Debug] Step 118 Reward: 0.2866
[VLM Debug] Step 16 Reward: 0.2854
[VLM Debug] Step 4 Reward: 0.2756
[VLM Debug] Step 26 Reward: 0.2883
[VLM Debug] Step 120 Reward: 0.2964
[VLM Debug] Step 18 Reward: 0.2825
[VLM Debug] Step 6 Reward: 0.2756
[VLM Debug] Step 28 Reward: 0.2874
[VLM Debug] Step 122 Reward: 0.2910
[VLM Debug] Step 20 Reward: 0.2800
global_step=34428, episodic_return=35.286
[VLM Debug] Step 8 Reward: 0.2756
[VLM Debug] Step 30 Reward: 0.2898
[VLM Debug] Reset Reward Calculated: 0.2793
[VLM Debug] Step 22 Reward: 0.2881
[VLM Debug] Step 10 Reward: 0.2739
[VLM Debug] Step 32 Reward: 0.2908
[VLM Debug] Step 2 Reward: 0.2793
[VLM Debug] Step 24 Reward: 0.2896
[VLM Debug] Step 12 Reward: 0.2781
[VLM Debug] Step 34 Reward: 0.2930
[VLM Debug] Step 4 Reward: 0.2786
[VLM Debug] Step 26 Reward: 0.2898
[VLM Debug] Step 14 Reward: 0.2844
[VLM Debug] Step 36 Reward: 0.2910
[VLM Debug] Step 6 Reward: 0.2810
[VLM Debug] Step 28 Reward: 0.2878
[VLM Debug] Step 16 Reward: 0.2842
[VLM Debug] Step 38 Reward: 0.2856
[VLM Debug] Step 8 Reward: 0.2773
[VLM Debug] Step 30 Reward: 0.2935
[VLM Debug] Step 18 Reward: 0.2810
[VLM Debug] Step 40 Reward: 0.2896
[VLM Debug] Step 10 Reward: 0.2732
[VLM Debug] Step 32 Reward: 0.2920
[VLM Debug] Step 20 Reward: 0.2808
[VLM Debug] Step 42 Reward: 0.2920
[VLM Debug] Step 12 Reward: 0.2742
[VLM Debug] Step 34 Reward: 0.2910
[VLM Debug] Step 22 Reward: 0.2839
[VLM Debug] Step 44 Reward: 0.2930
[VLM Debug] Step 14 Reward: 0.2742
[VLM Debug] Step 36 Reward: 0.2913
[VLM Debug] Step 24 Reward: 0.2827
[VLM Debug] Step 46 Reward: 0.2935
[VLM Debug] Step 16 Reward: 0.2788
[VLM Debug] Step 38 Reward: 0.2874
[VLM Debug] Step 26 Reward: 0.2756
[VLM Debug] Step 48 Reward: 0.2949
[VLM Debug] Step 18 Reward: 0.2800
[VLM Debug] Step 40 Reward: 0.2900
[VLM Debug] Step 28 Reward: 0.2886
[VLM Debug] Step 50 Reward: 0.2954
[VLM Debug] Step 20 Reward: 0.2810
[VLM Debug] Step 42 Reward: 0.2839
[VLM Debug] Step 30 Reward: 0.2922
[VLM Debug] Step 52 Reward: 0.2935
[VLM Debug] Step 22 Reward: 0.2820
[VLM Debug] Step 44 Reward: 0.2942
[VLM Debug] Step 32 Reward: 0.2886
[VLM Debug] Step 54 Reward: 0.3010
[VLM Debug] Step 24 Reward: 0.2864
[VLM Debug] Step 46 Reward: 0.2908
[VLM Debug] Step 34 Reward: 0.2891
[VLM Debug] Step 56 Reward: 0.2881
[VLM Debug] Step 26 Reward: 0.2854
[VLM Debug] Step 48 Reward: 0.2952
[VLM Debug] Step 36 Reward: 0.2881
[VLM Debug] Step 58 Reward: 0.2966
[VLM Debug] Step 28 Reward: 0.2844
[VLM Debug] Step 50 Reward: 0.2983
[VLM Debug] Step 38 Reward: 0.2891
[VLM Debug] Step 60 Reward: 0.2898
[VLM Debug] Step 30 Reward: 0.2874
[VLM Debug] Step 52 Reward: 0.3003
global_step=34556, episodic_return=14.913
[VLM Debug] Reset Reward Calculated: 0.2803
[VLM Debug] Step 40 Reward: 0.2896
[VLM Debug] Step 62 Reward: 0.2878
[VLM Debug] Step 32 Reward: 0.2883
[VLM Debug] Step 2 Reward: 0.2834
[VLM Debug] Step 42 Reward: 0.2891
[VLM Debug] Step 64 Reward: 0.2874
[VLM Debug] Step 34 Reward: 0.2891
[VLM Debug] Step 4 Reward: 0.2795
[VLM Debug] Step 44 Reward: 0.2883
[VLM Debug] Step 66 Reward: 0.2898
[VLM Debug] Step 36 Reward: 0.2898
[VLM Debug] Step 6 Reward: 0.2788
[VLM Debug] Step 46 Reward: 0.2844
[VLM Debug] Step 68 Reward: 0.2900
[VLM Debug] Step 38 Reward: 0.2898
[VLM Debug] Step 8 Reward: 0.2815
[VLM Debug] Step 48 Reward: 0.2854
[VLM Debug] Step 70 Reward: 0.2905
[VLM Debug] Step 40 Reward: 0.2881
[VLM Debug] Step 10 Reward: 0.2837
[VLM Debug] Step 50 Reward: 0.2900
[VLM Debug] Step 72 Reward: 0.2942
[VLM Debug] Step 42 Reward: 0.2859
[VLM Debug] Step 12 Reward: 0.2800
[VLM Debug] Step 52 Reward: 0.2954
[VLM Debug] Step 74 Reward: 0.2866
[VLM Debug] Step 44 Reward: 0.2832
[VLM Debug] Step 14 Reward: 0.2815
[VLM Debug] Step 54 Reward: 0.2949
[VLM Debug] Step 76 Reward: 0.2927
[VLM Debug] Step 46 Reward: 0.2839
[VLM Debug] Step 16 Reward: 0.2803
[VLM Debug] Step 56 Reward: 0.2917
[VLM Debug] Step 78 Reward: 0.3003
[VLM Debug] Step 48 Reward: 0.2847
[VLM Debug] Step 18 Reward: 0.2791
[VLM Debug] Step 58 Reward: 0.2935
[VLM Debug] Step 80 Reward: 0.2961
[VLM Debug] Step 50 Reward: 0.2893
[VLM Debug] Step 20 Reward: 0.2798
[VLM Debug] Step 60 Reward: 0.2922
[VLM Debug] Step 82 Reward: 0.2913
[VLM Debug] Step 52 Reward: 0.2944
[VLM Debug] Step 22 Reward: 0.2803
[VLM Debug] Step 62 Reward: 0.2908
[VLM Debug] Step 84 Reward: 0.2913
[VLM Debug] Step 54 Reward: 0.2900
[VLM Debug] Step 24 Reward: 0.2852
[VLM Debug] Step 64 Reward: 0.2937
[VLM Debug] Step 86 Reward: 0.2913
[VLM Debug] Step 56 Reward: 0.2932
[VLM Debug] Step 26 Reward: 0.2781
[VLM Debug] Step 66 Reward: 0.3000
[VLM Debug] Step 88 Reward: 0.2961
[VLM Debug] Step 58 Reward: 0.2932
global_step=34664, episodic_return=18.854
[VLM Debug] Reset Reward Calculated: 0.2793
[VLM Debug] Step 28 Reward: 0.2874
[VLM Debug] Step 90 Reward: 0.2964
[VLM Debug] Step 60 Reward: 0.2888
[VLM Debug] Step 2 Reward: 0.2771
[VLM Debug] Step 30 Reward: 0.2893
[VLM Debug] Step 92 Reward: 0.2910
[VLM Debug] Step 62 Reward: 0.2944
[VLM Debug] Step 4 Reward: 0.2776
[VLM Debug] Step 32 Reward: 0.2871
[VLM Debug] Step 94 Reward: 0.2791
[VLM Debug] Step 64 Reward: 0.2966
[VLM Debug] Step 6 Reward: 0.2793
[VLM Debug] Step 34 Reward: 0.2886
[VLM Debug] Step 96 Reward: 0.2842
[VLM Debug] Step 66 Reward: 0.2966
[VLM Debug] Step 8 Reward: 0.2793
[VLM Debug] Step 36 Reward: 0.2898
[VLM Debug] Step 98 Reward: 0.2827
[VLM Debug] Step 68 Reward: 0.2981
[VLM Debug] Step 10 Reward: 0.2771
[VLM Debug] Step 38 Reward: 0.2927
[VLM Debug] Step 100 Reward: 0.2917
[VLM Debug] Step 70 Reward: 0.2979
[VLM Debug] Step 12 Reward: 0.2771
global_step=34716, episodic_return=29.198
[VLM Debug] Step 40 Reward: 0.2874
[VLM Debug] Reset Reward Calculated: 0.2859
[VLM Debug] Step 72 Reward: 0.2939
[VLM Debug] Step 14 Reward: 0.2783
[VLM Debug] Step 42 Reward: 0.2844
[VLM Debug] Step 2 Reward: 0.2849
[VLM Debug] Step 74 Reward: 0.2856
[VLM Debug] Step 16 Reward: 0.2783
[VLM Debug] Step 44 Reward: 0.2847
[VLM Debug] Step 4 Reward: 0.2849
[VLM Debug] Step 76 Reward: 0.2908
[VLM Debug] Step 18 Reward: 0.2800
[VLM Debug] Step 46 Reward: 0.2900
[VLM Debug] Step 6 Reward: 0.2847
[VLM Debug] Step 78 Reward: 0.2888
[VLM Debug] Step 20 Reward: 0.2798
[VLM Debug] Step 48 Reward: 0.2874
[VLM Debug] Step 8 Reward: 0.2847
[VLM Debug] Step 80 Reward: 0.2886
[VLM Debug] Step 22 Reward: 0.2798
[VLM Debug] Step 50 Reward: 0.2925
[VLM Debug] Step 10 Reward: 0.2847
[VLM Debug] Step 82 Reward: 0.2886
[VLM Debug] Step 24 Reward: 0.2798
[VLM Debug] Step 52 Reward: 0.2910
[VLM Debug] Step 12 Reward: 0.2854
[VLM Debug] Step 84 Reward: 0.2935
[VLM Debug] Step 26 Reward: 0.2793
[VLM Debug] Step 54 Reward: 0.2891
[VLM Debug] Step 14 Reward: 0.2861
[VLM Debug] Step 86 Reward: 0.2920
[VLM Debug] Step 28 Reward: 0.2803
[VLM Debug] Step 56 Reward: 0.2913
[VLM Debug] Step 16 Reward: 0.2842
[VLM Debug] Step 88 Reward: 0.2893
[VLM Debug] Step 30 Reward: 0.2803
[VLM Debug] Step 58 Reward: 0.2976
[VLM Debug] Step 18 Reward: 0.2859
[VLM Debug] Step 90 Reward: 0.2952
[VLM Debug] Step 32 Reward: 0.2832
[VLM Debug] Step 60 Reward: 0.2898
[VLM Debug] Step 20 Reward: 0.2874
[VLM Debug] Step 92 Reward: 0.2952
[VLM Debug] Step 34 Reward: 0.2822
[VLM Debug] Step 62 Reward: 0.2976
[VLM Debug] Step 22 Reward: 0.2893
[VLM Debug] Step 94 Reward: 0.2913
[VLM Debug] Step 36 Reward: 0.2812
[VLM Debug] Step 64 Reward: 0.2966
[VLM Debug] Step 24 Reward: 0.2878
[VLM Debug] Step 96 Reward: 0.2961
SPS: 173
[VLM Debug] Step 38 Reward: 0.2847
[VLM Debug] Step 66 Reward: 0.2886
[VLM Debug] Step 26 Reward: 0.2861
[VLM Debug] Step 98 Reward: 0.2859
[VLM Debug] Step 40 Reward: 0.2825
[VLM Debug] Step 68 Reward: 0.2881
[VLM Debug] Step 28 Reward: 0.2876
[VLM Debug] Step 100 Reward: 0.2883
[VLM Debug] Step 42 Reward: 0.2866
[VLM Debug] Step 70 Reward: 0.2883
[VLM Debug] Step 30 Reward: 0.2830
[VLM Debug] Step 102 Reward: 0.2786
[VLM Debug] Step 44 Reward: 0.2856
[VLM Debug] Step 72 Reward: 0.2878
[VLM Debug] Step 32 Reward: 0.2812
[VLM Debug] Step 104 Reward: 0.2859
[VLM Debug] Step 46 Reward: 0.2878
[VLM Debug] Step 74 Reward: 0.2925
[VLM Debug] Step 34 Reward: 0.2876
[VLM Debug] Step 106 Reward: 0.2905
[VLM Debug] Step 48 Reward: 0.2791
[VLM Debug] Step 76 Reward: 0.2952
[VLM Debug] Step 36 Reward: 0.2898
[VLM Debug] Step 108 Reward: 0.2947
[VLM Debug] Step 50 Reward: 0.2810
[VLM Debug] Step 78 Reward: 0.2947
[VLM Debug] Step 38 Reward: 0.2856
[VLM Debug] Step 110 Reward: 0.2939
[VLM Debug] Step 52 Reward: 0.2795
[VLM Debug] Step 80 Reward: 0.2871
[VLM Debug] Step 40 Reward: 0.2842
[VLM Debug] Step 112 Reward: 0.2969
[VLM Debug] Step 54 Reward: 0.2778
[VLM Debug] Step 82 Reward: 0.2937
[VLM Debug] Step 42 Reward: 0.2915
[VLM Debug] Step 114 Reward: 0.2876
global_step=34888, episodic_return=32.811
[VLM Debug] Step 56 Reward: 0.2849
[VLM Debug] Reset Reward Calculated: 0.2822
[VLM Debug] Step 84 Reward: 0.2939
[VLM Debug] Step 44 Reward: 0.2976
[VLM Debug] Step 58 Reward: 0.2878
[VLM Debug] Step 2 Reward: 0.2812
[VLM Debug] Step 86 Reward: 0.2944
[VLM Debug] Step 46 Reward: 0.2944
[VLM Debug] Step 60 Reward: 0.2871
[VLM Debug] Step 4 Reward: 0.2791
[VLM Debug] Step 88 Reward: 0.2961
[VLM Debug] Step 48 Reward: 0.2952
[VLM Debug] Step 62 Reward: 0.2898
[VLM Debug] Step 6 Reward: 0.2791
[VLM Debug] Step 90 Reward: 0.2898
[VLM Debug] Step 50 Reward: 0.2891
[VLM Debug] Step 64 Reward: 0.2888
[VLM Debug] Step 8 Reward: 0.2852
[VLM Debug] Step 92 Reward: 0.2859
[VLM Debug] Step 52 Reward: 0.2888
[VLM Debug] Step 66 Reward: 0.2925
[VLM Debug] Step 10 Reward: 0.2852
[VLM Debug] Step 94 Reward: 0.2905
[VLM Debug] Step 54 Reward: 0.2891
[VLM Debug] Step 68 Reward: 0.2842
[VLM Debug] Step 12 Reward: 0.2820
[VLM Debug] Step 96 Reward: 0.2949
[VLM Debug] Step 56 Reward: 0.2830
[VLM Debug] Step 70 Reward: 0.2893
[VLM Debug] Step 14 Reward: 0.2830
[VLM Debug] Step 98 Reward: 0.2954
[VLM Debug] Step 58 Reward: 0.2886
[VLM Debug] Step 72 Reward: 0.2957
[VLM Debug] Step 16 Reward: 0.2837
[VLM Debug] Step 100 Reward: 0.2893
[VLM Debug] Step 60 Reward: 0.2917
[VLM Debug] Step 74 Reward: 0.2886
[VLM Debug] Step 18 Reward: 0.2864
[VLM Debug] Step 102 Reward: 0.2820
[VLM Debug] Step 62 Reward: 0.2874
[VLM Debug] Step 76 Reward: 0.2837
[VLM Debug] Step 20 Reward: 0.2864
[VLM Debug] Step 104 Reward: 0.2625
[VLM Debug] Step 64 Reward: 0.2937
[VLM Debug] Step 78 Reward: 0.2771
[VLM Debug] Step 22 Reward: 0.2856
[VLM Debug] Step 106 Reward: 0.2776
[VLM Debug] Step 66 Reward: 0.2893
[VLM Debug] Step 80 Reward: 0.2783
[VLM Debug] Step 24 Reward: 0.2849
[VLM Debug] Step 108 Reward: 0.2847
[VLM Debug] Step 68 Reward: 0.2944
[VLM Debug] Step 82 Reward: 0.2791
[VLM Debug] Step 26 Reward: 0.2903
[VLM Debug] Step 110 Reward: 0.2783
[VLM Debug] Step 70 Reward: 0.2893
[VLM Debug] Step 84 Reward: 0.2764
[VLM Debug] Step 28 Reward: 0.2893
[VLM Debug] Step 112 Reward: 0.2861
[VLM Debug] Step 72 Reward: 0.2883
global_step=35008, episodic_return=32.160
[VLM Debug] Reset Reward Calculated: 0.2808
[VLM Debug] Step 86 Reward: 0.2788
[VLM Debug] Step 30 Reward: 0.2893
[VLM Debug] Step 74 Reward: 0.2905
[VLM Debug] Step 2 Reward: 0.2808
[VLM Debug] Step 88 Reward: 0.2788
[VLM Debug] Step 32 Reward: 0.2876
[VLM Debug] Step 76 Reward: 0.2839
[VLM Debug] Step 4 Reward: 0.2817
[VLM Debug] Step 90 Reward: 0.2898
[VLM Debug] Step 34 Reward: 0.2773
[VLM Debug] Step 78 Reward: 0.2832
[VLM Debug] Step 6 Reward: 0.2798
[VLM Debug] Step 92 Reward: 0.2891
[VLM Debug] Step 36 Reward: 0.2793
[VLM Debug] Step 80 Reward: 0.2825
[VLM Debug] Step 8 Reward: 0.2815
[VLM Debug] Step 94 Reward: 0.2869
[VLM Debug] Step 38 Reward: 0.2866
[VLM Debug] Step 82 Reward: 0.2869
[VLM Debug] Step 10 Reward: 0.2837
[VLM Debug] Step 96 Reward: 0.2827
[VLM Debug] Step 40 Reward: 0.2856
[VLM Debug] Step 84 Reward: 0.2905
[VLM Debug] Step 12 Reward: 0.2800
[VLM Debug] Step 98 Reward: 0.2903
[VLM Debug] Step 42 Reward: 0.2871
[VLM Debug] Step 86 Reward: 0.2852
[VLM Debug] Step 14 Reward: 0.2773
[VLM Debug] Step 100 Reward: 0.2844
[VLM Debug] Step 44 Reward: 0.2881
[VLM Debug] Step 88 Reward: 0.2927
[VLM Debug] Step 16 Reward: 0.2803
[VLM Debug] Step 102 Reward: 0.2822
[VLM Debug] Step 46 Reward: 0.2910
[VLM Debug] Step 90 Reward: 0.2930
[VLM Debug] Step 18 Reward: 0.2778
[VLM Debug] Step 104 Reward: 0.2839
[VLM Debug] Step 48 Reward: 0.2910
[VLM Debug] Step 92 Reward: 0.2891
[VLM Debug] Step 20 Reward: 0.2800
[VLM Debug] Step 106 Reward: 0.2864
[VLM Debug] Step 50 Reward: 0.2957
[VLM Debug] Step 94 Reward: 0.2896
[VLM Debug] Step 22 Reward: 0.2773
[VLM Debug] Step 108 Reward: 0.2825
[VLM Debug] Step 52 Reward: 0.2898
[VLM Debug] Step 96 Reward: 0.2908
[VLM Debug] Step 24 Reward: 0.2852
[VLM Debug] Step 110 Reward: 0.2903
[VLM Debug] Step 54 Reward: 0.2908
[VLM Debug] Step 98 Reward: 0.2913
[VLM Debug] Step 26 Reward: 0.2832
[VLM Debug] Step 112 Reward: 0.2869
[VLM Debug] Step 56 Reward: 0.2942
[VLM Debug] Step 100 Reward: 0.2876
[VLM Debug] Step 28 Reward: 0.2800
[VLM Debug] Step 114 Reward: 0.2898
[VLM Debug] Step 58 Reward: 0.2881
[VLM Debug] Step 102 Reward: 0.2856
[VLM Debug] Step 30 Reward: 0.2922
[VLM Debug] Step 116 Reward: 0.2925
[VLM Debug] Step 60 Reward: 0.2871
[VLM Debug] Step 104 Reward: 0.2859
[VLM Debug] Step 32 Reward: 0.2871
[VLM Debug] Step 118 Reward: 0.2834
[VLM Debug] Step 62 Reward: 0.2900
[VLM Debug] Step 106 Reward: 0.2883
[VLM Debug] Step 34 Reward: 0.2886
[VLM Debug] Step 120 Reward: 0.2852
[VLM Debug] Step 64 Reward: 0.2891
[VLM Debug] Step 108 Reward: 0.2781
[VLM Debug] Step 36 Reward: 0.2888
[VLM Debug] Step 122 Reward: 0.2898
[VLM Debug] Step 66 Reward: 0.2903
[VLM Debug] Step 110 Reward: 0.2756
[VLM Debug] Step 38 Reward: 0.2893
[VLM Debug] Step 124 Reward: 0.2856
[VLM Debug] Step 68 Reward: 0.2869
[VLM Debug] Step 112 Reward: 0.2781
[VLM Debug] Step 40 Reward: 0.2939
[VLM Debug] Step 126 Reward: 0.2939
[VLM Debug] Step 70 Reward: 0.2913
[VLM Debug] Step 114 Reward: 0.2810
[VLM Debug] Step 42 Reward: 0.2908
[VLM Debug] Step 128 Reward: 0.2869
[VLM Debug] Step 72 Reward: 0.2932
[VLM Debug] Step 116 Reward: 0.2910
[VLM Debug] Step 44 Reward: 0.2849
[VLM Debug] Step 130 Reward: 0.2915
[VLM Debug] Step 74 Reward: 0.2944
[VLM Debug] Step 118 Reward: 0.2917
[VLM Debug] Step 46 Reward: 0.2866
[VLM Debug] Step 132 Reward: 0.2849
[VLM Debug] Step 76 Reward: 0.2900
[VLM Debug] Step 120 Reward: 0.2925
[VLM Debug] Step 48 Reward: 0.2891
[VLM Debug] Step 134 Reward: 0.2878
[VLM Debug] Step 78 Reward: 0.2812
[VLM Debug] Step 122 Reward: 0.2983
[VLM Debug] Step 50 Reward: 0.2935
[VLM Debug] Step 136 Reward: 0.2900
[VLM Debug] Step 80 Reward: 0.2827
[VLM Debug] Step 124 Reward: 0.2969
[VLM Debug] Step 52 Reward: 0.2927
[VLM Debug] Step 138 Reward: 0.2925
[VLM Debug] Step 82 Reward: 0.2888
[VLM Debug] Step 126 Reward: 0.2913
[VLM Debug] Step 54 Reward: 0.2942
[VLM Debug] Step 140 Reward: 0.2908
[VLM Debug] Step 84 Reward: 0.2903
[VLM Debug] Step 128 Reward: 0.2974
[VLM Debug] Step 56 Reward: 0.2937
[VLM Debug] Step 142 Reward: 0.2917
[VLM Debug] Step 86 Reward: 0.2876
[VLM Debug] Step 130 Reward: 0.2876
[VLM Debug] Step 58 Reward: 0.2942
[VLM Debug] Step 144 Reward: 0.2898
[VLM Debug] Step 88 Reward: 0.2810
[VLM Debug] Step 132 Reward: 0.2881
[VLM Debug] Step 60 Reward: 0.2964
[VLM Debug] Step 146 Reward: 0.2939
[VLM Debug] Step 90 Reward: 0.2803
[VLM Debug] Step 134 Reward: 0.2893
global_step=35256, episodic_return=38.596
[VLM Debug] Step 62 Reward: 0.3005
[VLM Debug] Step 148 Reward: 0.2900
[VLM Debug] Reset Reward Calculated: 0.2820
[VLM Debug] Step 92 Reward: 0.2798
[VLM Debug] Step 64 Reward: 0.3018
[VLM Debug] Step 150 Reward: 0.2957
[VLM Debug] Step 2 Reward: 0.2781
[VLM Debug] Step 94 Reward: 0.2849
[VLM Debug] Step 66 Reward: 0.2925
[VLM Debug] Step 152 Reward: 0.2932
[VLM Debug] Step 4 Reward: 0.2810
[VLM Debug] Step 96 Reward: 0.2815
[VLM Debug] Step 68 Reward: 0.2842
[VLM Debug] Step 154 Reward: 0.2856
[VLM Debug] Step 6 Reward: 0.2773
[VLM Debug] Step 98 Reward: 0.2759
[VLM Debug] Step 70 Reward: 0.2842
[VLM Debug] Step 156 Reward: 0.2854
[VLM Debug] Step 8 Reward: 0.2810
[VLM Debug] Step 100 Reward: 0.2827
global_step=35296, episodic_return=44.721
[VLM Debug] Step 72 Reward: 0.2886
[VLM Debug] Reset Reward Calculated: 0.2803
[VLM Debug] Step 10 Reward: 0.2854
[VLM Debug] Step 102 Reward: 0.2832
[VLM Debug] Step 74 Reward: 0.2920
[VLM Debug] Step 2 Reward: 0.2776
[VLM Debug] Step 12 Reward: 0.2827
[VLM Debug] Step 104 Reward: 0.2776
[VLM Debug] Step 76 Reward: 0.2959
[VLM Debug] Step 4 Reward: 0.2776
[VLM Debug] Step 14 Reward: 0.2842
[VLM Debug] Step 106 Reward: 0.2822
[VLM Debug] Step 78 Reward: 0.2957
[VLM Debug] Step 6 Reward: 0.2791
[VLM Debug] Step 16 Reward: 0.2754
[VLM Debug] Step 108 Reward: 0.2859
SPS: 173
[VLM Debug] Step 80 Reward: 0.2878
[VLM Debug] Step 8 Reward: 0.2791
[VLM Debug] Step 18 Reward: 0.2917
[VLM Debug] Step 110 Reward: 0.2749
[VLM Debug] Step 82 Reward: 0.2925
[VLM Debug] Step 10 Reward: 0.2791
[VLM Debug] Step 20 Reward: 0.2893
[VLM Debug] Step 112 Reward: 0.2849
[VLM Debug] Step 84 Reward: 0.2947
[VLM Debug] Step 12 Reward: 0.2791
[VLM Debug] Step 22 Reward: 0.2874
[VLM Debug] Step 114 Reward: 0.2717
[VLM Debug] Step 86 Reward: 0.2944
[VLM Debug] Step 14 Reward: 0.2805
[VLM Debug] Step 24 Reward: 0.2888
[VLM Debug] Step 116 Reward: 0.2935
[VLM Debug] Step 88 Reward: 0.2935
[VLM Debug] Step 16 Reward: 0.2805
[VLM Debug] Step 26 Reward: 0.2883
[VLM Debug] Step 118 Reward: 0.2935
[VLM Debug] Step 90 Reward: 0.2891
[VLM Debug] Step 18 Reward: 0.2805
[VLM Debug] Step 28 Reward: 0.2886
[VLM Debug] Step 120 Reward: 0.2891
[VLM Debug] Step 92 Reward: 0.2849
[VLM Debug] Step 20 Reward: 0.2764
[VLM Debug] Step 30 Reward: 0.2915
[VLM Debug] Step 122 Reward: 0.2844
[VLM Debug] Step 94 Reward: 0.2937
[VLM Debug] Step 22 Reward: 0.2764
[VLM Debug] Step 32 Reward: 0.2886
[VLM Debug] Step 124 Reward: 0.2886
[VLM Debug] Step 96 Reward: 0.2983
[VLM Debug] Step 24 Reward: 0.2764
[VLM Debug] Step 34 Reward: 0.2917
[VLM Debug] Step 126 Reward: 0.2922
[VLM Debug] Step 98 Reward: 0.2998
[VLM Debug] Step 26 Reward: 0.2759
[VLM Debug] Step 36 Reward: 0.2812
[VLM Debug] Step 128 Reward: 0.2947
[VLM Debug] Step 100 Reward: 0.2966
[VLM Debug] Step 28 Reward: 0.2800
[VLM Debug] Step 38 Reward: 0.2893
[VLM Debug] Step 130 Reward: 0.2898
[VLM Debug] Step 102 Reward: 0.2903
[VLM Debug] Step 30 Reward: 0.2800
[VLM Debug] Step 40 Reward: 0.2898
[VLM Debug] Step 132 Reward: 0.2891
[VLM Debug] Step 104 Reward: 0.2852
[VLM Debug] Step 32 Reward: 0.2800
[VLM Debug] Step 42 Reward: 0.2917
[VLM Debug] Step 134 Reward: 0.2910
[VLM Debug] Step 106 Reward: 0.2854
[VLM Debug] Step 34 Reward: 0.2800
[VLM Debug] Step 44 Reward: 0.2905
[VLM Debug] Step 136 Reward: 0.2896
[VLM Debug] Step 108 Reward: 0.2986
[VLM Debug] Step 36 Reward: 0.2791
[VLM Debug] Step 46 Reward: 0.2947
[VLM Debug] Step 138 Reward: 0.2900
[VLM Debug] Step 110 Reward: 0.2869
[VLM Debug] Step 38 Reward: 0.2788
[VLM Debug] Step 48 Reward: 0.2888
[VLM Debug] Step 140 Reward: 0.2812
[VLM Debug] Step 112 Reward: 0.2216
[VLM Debug] Step 40 Reward: 0.2788
[VLM Debug] Step 50 Reward: 0.2925
[VLM Debug] Step 142 Reward: 0.2908
global_step=35460, episodic_return=32.286
[VLM Debug] Reset Reward Calculated: 0.2786
[VLM Debug] Step 42 Reward: 0.2827
[VLM Debug] Step 52 Reward: 0.2959
[VLM Debug] Step 144 Reward: 0.2922
global_step=35468, episodic_return=41.234
[VLM Debug] Step 2 Reward: 0.2815
[VLM Debug] Reset Reward Calculated: 0.2798
[VLM Debug] Step 44 Reward: 0.2827
[VLM Debug] Step 54 Reward: 0.2898
[VLM Debug] Step 4 Reward: 0.2815
[VLM Debug] Step 2 Reward: 0.2810
[VLM Debug] Step 46 Reward: 0.2827
[VLM Debug] Step 56 Reward: 0.2976
[VLM Debug] Step 6 Reward: 0.2815
[VLM Debug] Step 4 Reward: 0.2786
[VLM Debug] Step 48 Reward: 0.2812
[VLM Debug] Step 58 Reward: 0.2957
[VLM Debug] Step 8 Reward: 0.2815
[VLM Debug] Step 6 Reward: 0.2786
[VLM Debug] Step 50 Reward: 0.2822
[VLM Debug] Step 60 Reward: 0.2881
[VLM Debug] Step 10 Reward: 0.2793
[VLM Debug] Step 8 Reward: 0.2830
[VLM Debug] Step 52 Reward: 0.2822
[VLM Debug] Step 62 Reward: 0.2866
[VLM Debug] Step 12 Reward: 0.2793
[VLM Debug] Step 10 Reward: 0.2800
[VLM Debug] Step 54 Reward: 0.2822
[VLM Debug] Step 64 Reward: 0.2842
[VLM Debug] Step 14 Reward: 0.2786
[VLM Debug] Step 12 Reward: 0.2773
[VLM Debug] Step 56 Reward: 0.2822
[VLM Debug] Step 66 Reward: 0.2910
[VLM Debug] Step 16 Reward: 0.2810
[VLM Debug] Step 14 Reward: 0.2761
[VLM Debug] Step 58 Reward: 0.2844
[VLM Debug] Step 68 Reward: 0.2959
[VLM Debug] Step 18 Reward: 0.2773
[VLM Debug] Step 16 Reward: 0.2756
[VLM Debug] Step 60 Reward: 0.2844
[VLM Debug] Step 70 Reward: 0.2905
[VLM Debug] Step 20 Reward: 0.2793
[VLM Debug] Step 18 Reward: 0.2781
[VLM Debug] Step 62 Reward: 0.2844
[VLM Debug] Step 72 Reward: 0.2959
[VLM Debug] Step 22 Reward: 0.2793
[VLM Debug] Step 20 Reward: 0.2781
[VLM Debug] Step 64 Reward: 0.2825
[VLM Debug] Step 74 Reward: 0.2861
[VLM Debug] Step 24 Reward: 0.2761
[VLM Debug] Step 22 Reward: 0.2773
[VLM Debug] Step 66 Reward: 0.2859
[VLM Debug] Step 76 Reward: 0.2922
[VLM Debug] Step 26 Reward: 0.2756
[VLM Debug] Step 24 Reward: 0.2854
[VLM Debug] Step 68 Reward: 0.2859
[VLM Debug] Step 78 Reward: 0.2954
[VLM Debug] Step 28 Reward: 0.2778
[VLM Debug] Step 26 Reward: 0.2854
[VLM Debug] Step 70 Reward: 0.2859
[VLM Debug] Step 80 Reward: 0.2930
[VLM Debug] Step 30 Reward: 0.2795
[VLM Debug] Step 28 Reward: 0.2795
[VLM Debug] Step 72 Reward: 0.2891
[VLM Debug] Step 82 Reward: 0.2986
[VLM Debug] Step 32 Reward: 0.2771
[VLM Debug] Step 30 Reward: 0.2815
[VLM Debug] Step 74 Reward: 0.2869
[VLM Debug] Step 84 Reward: 0.2922
[VLM Debug] Step 34 Reward: 0.2815
[VLM Debug] Step 32 Reward: 0.2888
[VLM Debug] Step 76 Reward: 0.2869
[VLM Debug] Step 86 Reward: 0.2903
[VLM Debug] Step 36 Reward: 0.2832
[VLM Debug] Step 34 Reward: 0.2871
[VLM Debug] Step 78 Reward: 0.2869
[VLM Debug] Step 88 Reward: 0.2922
[VLM Debug] Step 38 Reward: 0.2795
[VLM Debug] Step 36 Reward: 0.2881
[VLM Debug] Step 80 Reward: 0.2893
[VLM Debug] Step 90 Reward: 0.2983
[VLM Debug] Step 40 Reward: 0.2815
[VLM Debug] Step 38 Reward: 0.2886
[VLM Debug] Step 82 Reward: 0.2874
[VLM Debug] Step 92 Reward: 0.2937
[VLM Debug] Step 42 Reward: 0.2903
[VLM Debug] Step 40 Reward: 0.2925
[VLM Debug] Step 84 Reward: 0.2869
[VLM Debug] Step 94 Reward: 0.2993
[VLM Debug] Step 44 Reward: 0.2896
[VLM Debug] Step 42 Reward: 0.2874
[VLM Debug] Step 86 Reward: 0.2874
[VLM Debug] Step 96 Reward: 0.2942
[VLM Debug] Step 46 Reward: 0.2903
[VLM Debug] Step 44 Reward: 0.2898
[VLM Debug] Step 88 Reward: 0.2847
[VLM Debug] Step 98 Reward: 0.2869
[VLM Debug] Step 48 Reward: 0.2898
[VLM Debug] Step 46 Reward: 0.2812
[VLM Debug] Step 90 Reward: 0.2861
[VLM Debug] Step 100 Reward: 0.2866
[VLM Debug] Step 50 Reward: 0.2896
[VLM Debug] Step 48 Reward: 0.2893
[VLM Debug] Step 92 Reward: 0.2859
[VLM Debug] Step 102 Reward: 0.2820
[VLM Debug] Step 52 Reward: 0.2876
[VLM Debug] Step 50 Reward: 0.2900
[VLM Debug] Step 94 Reward: 0.2849
[VLM Debug] Step 104 Reward: 0.2598
[VLM Debug] Step 54 Reward: 0.2847
[VLM Debug] Step 52 Reward: 0.2949
[VLM Debug] Step 96 Reward: 0.2839
[VLM Debug] Step 106 Reward: 0.2612
[VLM Debug] Step 56 Reward: 0.2869
[VLM Debug] Step 54 Reward: 0.2913
global_step=35688, episodic_return=30.848
[VLM Debug] Step 98 Reward: 0.2830
[VLM Debug] Reset Reward Calculated: 0.2800
[VLM Debug] Step 58 Reward: 0.2898
[VLM Debug] Step 56 Reward: 0.2957
[VLM Debug] Step 100 Reward: 0.2812
[VLM Debug] Step 2 Reward: 0.2800
[VLM Debug] Step 60 Reward: 0.2876
[VLM Debug] Step 58 Reward: 0.2944
[VLM Debug] Step 102 Reward: 0.2761
[VLM Debug] Step 4 Reward: 0.2847
[VLM Debug] Step 62 Reward: 0.2974
[VLM Debug] Step 60 Reward: 0.2908
[VLM Debug] Step 104 Reward: 0.2825
[VLM Debug] Step 6 Reward: 0.2842
[VLM Debug] Step 64 Reward: 0.2957
[VLM Debug] Step 62 Reward: 0.2996
[VLM Debug] Step 106 Reward: 0.2874
[VLM Debug] Step 8 Reward: 0.2842
[VLM Debug] Step 66 Reward: 0.2896
[VLM Debug] Step 64 Reward: 0.2925
[VLM Debug] Step 108 Reward: 0.2893
[VLM Debug] Step 10 Reward: 0.2842
[VLM Debug] Step 68 Reward: 0.2966
[VLM Debug] Step 66 Reward: 0.2993
[VLM Debug] Step 110 Reward: 0.2913
[VLM Debug] Step 12 Reward: 0.2808
[VLM Debug] Step 70 Reward: 0.2947
[VLM Debug] Step 68 Reward: 0.2981
[VLM Debug] Step 112 Reward: 0.2917
[VLM Debug] Step 14 Reward: 0.2820
[VLM Debug] Step 72 Reward: 0.2971
[VLM Debug] Step 70 Reward: 0.2952
[VLM Debug] Step 114 Reward: 0.2964
[VLM Debug] Step 16 Reward: 0.2820
[VLM Debug] Step 74 Reward: 0.2988
[VLM Debug] Step 72 Reward: 0.2908
[VLM Debug] Step 116 Reward: 0.2905
[VLM Debug] Step 18 Reward: 0.2864
[VLM Debug] Step 76 Reward: 0.2917
[VLM Debug] Step 74 Reward: 0.2856
[VLM Debug] Step 118 Reward: 0.2859
[VLM Debug] Step 20 Reward: 0.2832
[VLM Debug] Step 78 Reward: 0.2910
[VLM Debug] Step 76 Reward: 0.2888
[VLM Debug] Step 120 Reward: 0.2898
[VLM Debug] Step 22 Reward: 0.2844
[VLM Debug] Step 80 Reward: 0.2866
[VLM Debug] Step 78 Reward: 0.2944
[VLM Debug] Step 122 Reward: 0.2966
[VLM Debug] Step 24 Reward: 0.2866
[VLM Debug] Step 82 Reward: 0.2874
[VLM Debug] Step 80 Reward: 0.2932
[VLM Debug] Step 124 Reward: 0.2954
[VLM Debug] Step 26 Reward: 0.2874
[VLM Debug] Step 84 Reward: 0.2871
[VLM Debug] Step 82 Reward: 0.2932
global_step=35800, episodic_return=23.975
[VLM Debug] Reset Reward Calculated: 0.2800
[VLM Debug] Step 126 Reward: 0.2920
[VLM Debug] Step 28 Reward: 0.2886
global_step=35804, episodic_return=23.832
[VLM Debug] Reset Reward Calculated: 0.2815
[VLM Debug] Step 2 Reward: 0.2800
[VLM Debug] Step 128 Reward: 0.2957
[VLM Debug] Step 30 Reward: 0.2891
[VLM Debug] Step 2 Reward: 0.2837
[VLM Debug] Step 4 Reward: 0.2732
[VLM Debug] Step 130 Reward: 0.2964
[VLM Debug] Step 32 Reward: 0.2871
[VLM Debug] Step 4 Reward: 0.2786
[VLM Debug] Step 6 Reward: 0.2732
[VLM Debug] Step 132 Reward: 0.2979
[VLM Debug] Step 34 Reward: 0.2898
[VLM Debug] Step 6 Reward: 0.2786
[VLM Debug] Step 8 Reward: 0.2793
[VLM Debug] Step 134 Reward: 0.2964
[VLM Debug] Step 36 Reward: 0.2915
[VLM Debug] Step 8 Reward: 0.2773
SPS: 173
[VLM Debug] Step 10 Reward: 0.2793
[VLM Debug] Step 136 Reward: 0.2881
[VLM Debug] Step 38 Reward: 0.2893
[VLM Debug] Step 10 Reward: 0.2773
[VLM Debug] Step 12 Reward: 0.2812
[VLM Debug] Step 138 Reward: 0.2869
[VLM Debug] Step 40 Reward: 0.2839
[VLM Debug] Step 12 Reward: 0.2793
[VLM Debug] Step 14 Reward: 0.2812
[VLM Debug] Step 140 Reward: 0.2881
[VLM Debug] Step 42 Reward: 0.2913
[VLM Debug] Step 14 Reward: 0.2732
[VLM Debug] Step 16 Reward: 0.2817
[VLM Debug] Step 142 Reward: 0.2815
[VLM Debug] Step 44 Reward: 0.2844
[VLM Debug] Step 16 Reward: 0.2773
[VLM Debug] Step 18 Reward: 0.2817
[VLM Debug] Step 144 Reward: 0.2932
[VLM Debug] Step 46 Reward: 0.2844
[VLM Debug] Step 18 Reward: 0.2803
[VLM Debug] Step 20 Reward: 0.2856
[VLM Debug] Step 146 Reward: 0.2932
[VLM Debug] Step 48 Reward: 0.2849
[VLM Debug] Step 20 Reward: 0.2778
[VLM Debug] Step 22 Reward: 0.2856
[VLM Debug] Step 148 Reward: 0.2939
[VLM Debug] Step 50 Reward: 0.2878
[VLM Debug] Step 22 Reward: 0.2795
global_step=35896, episodic_return=42.466
[VLM Debug] Step 24 Reward: 0.2844
[VLM Debug] Reset Reward Calculated: 0.2849
[VLM Debug] Step 52 Reward: 0.2937
[VLM Debug] Step 24 Reward: 0.2764
[VLM Debug] Step 26 Reward: 0.2803
[VLM Debug] Step 2 Reward: 0.2825
[VLM Debug] Step 54 Reward: 0.2898
[VLM Debug] Step 26 Reward: 0.2812
[VLM Debug] Step 28 Reward: 0.2803
[VLM Debug] Step 4 Reward: 0.2856
[VLM Debug] Step 56 Reward: 0.2932
[VLM Debug] Step 28 Reward: 0.2812
[VLM Debug] Step 30 Reward: 0.2815
[VLM Debug] Step 6 Reward: 0.2866
[VLM Debug] Step 58 Reward: 0.2944
[VLM Debug] Step 30 Reward: 0.2810
[VLM Debug] Step 32 Reward: 0.2815
[VLM Debug] Step 8 Reward: 0.2864
[VLM Debug] Step 60 Reward: 0.2939
[VLM Debug] Step 32 Reward: 0.2827
[VLM Debug] Step 34 Reward: 0.2805
[VLM Debug] Step 10 Reward: 0.2866
[VLM Debug] Step 62 Reward: 0.2957
[VLM Debug] Step 34 Reward: 0.2927
[VLM Debug] Step 36 Reward: 0.2798
[VLM Debug] Step 12 Reward: 0.2856
[VLM Debug] Step 64 Reward: 0.2991
[VLM Debug] Step 36 Reward: 0.2898
[VLM Debug] Step 38 Reward: 0.2820
[VLM Debug] Step 14 Reward: 0.2878
[VLM Debug] Step 66 Reward: 0.2966
[VLM Debug] Step 38 Reward: 0.2908
[VLM Debug] Step 40 Reward: 0.2808
[VLM Debug] Step 16 Reward: 0.2871
[VLM Debug] Step 68 Reward: 0.2964
[VLM Debug] Step 40 Reward: 0.2891
[VLM Debug] Step 42 Reward: 0.2773
[VLM Debug] Step 18 Reward: 0.2861
[VLM Debug] Step 70 Reward: 0.3013
[VLM Debug] Step 42 Reward: 0.2927
[VLM Debug] Step 44 Reward: 0.2837
[VLM Debug] Step 20 Reward: 0.2854
[VLM Debug] Step 72 Reward: 0.2922
[VLM Debug] Step 44 Reward: 0.2920
[VLM Debug] Step 46 Reward: 0.2788
[VLM Debug] Step 22 Reward: 0.2832
[VLM Debug] Step 74 Reward: 0.2908
[VLM Debug] Step 46 Reward: 0.2903
[VLM Debug] Step 48 Reward: 0.2852
[VLM Debug] Step 24 Reward: 0.2861
[VLM Debug] Step 76 Reward: 0.2832
[VLM Debug] Step 48 Reward: 0.2913
[VLM Debug] Step 50 Reward: 0.2856
[VLM Debug] Step 26 Reward: 0.2834
[VLM Debug] Step 78 Reward: 0.2886
global_step=36004, episodic_return=22.493
[VLM Debug] Reset Reward Calculated: 0.2849
[VLM Debug] Step 50 Reward: 0.2910
[VLM Debug] Step 52 Reward: 0.2920
[VLM Debug] Step 28 Reward: 0.2830
[VLM Debug] Step 2 Reward: 0.2849
[VLM Debug] Step 52 Reward: 0.2869
[VLM Debug] Step 54 Reward: 0.2893
[VLM Debug] Step 30 Reward: 0.2842
[VLM Debug] Step 4 Reward: 0.2781
[VLM Debug] Step 54 Reward: 0.2922
[VLM Debug] Step 56 Reward: 0.2935
[VLM Debug] Step 32 Reward: 0.2874
[VLM Debug] Step 6 Reward: 0.2800
[VLM Debug] Step 56 Reward: 0.2932
[VLM Debug] Step 58 Reward: 0.2917
[VLM Debug] Step 34 Reward: 0.2893
[VLM Debug] Step 8 Reward: 0.2844
[VLM Debug] Step 58 Reward: 0.2915
[VLM Debug] Step 60 Reward: 0.2915
[VLM Debug] Step 36 Reward: 0.2893
[VLM Debug] Step 10 Reward: 0.2844
[VLM Debug] Step 60 Reward: 0.2947
[VLM Debug] Step 62 Reward: 0.2878
[VLM Debug] Step 38 Reward: 0.2891
[VLM Debug] Step 12 Reward: 0.2788
[VLM Debug] Step 62 Reward: 0.2998
[VLM Debug] Step 64 Reward: 0.2903
[VLM Debug] Step 40 Reward: 0.2910
[VLM Debug] Step 14 Reward: 0.2788
[VLM Debug] Step 64 Reward: 0.2959
[VLM Debug] Step 66 Reward: 0.2920
[VLM Debug] Step 42 Reward: 0.2922
[VLM Debug] Step 16 Reward: 0.2781
[VLM Debug] Step 66 Reward: 0.2961
[VLM Debug] Step 68 Reward: 0.2932
[VLM Debug] Step 44 Reward: 0.2957
[VLM Debug] Step 18 Reward: 0.2800
[VLM Debug] Step 68 Reward: 0.2996
[VLM Debug] Step 70 Reward: 0.2930
[VLM Debug] Step 46 Reward: 0.2920
global_step=36084, episodic_return=19.752
[VLM Debug] Step 20 Reward: 0.2800
[VLM Debug] Reset Reward Calculated: 0.2803
[VLM Debug] Step 72 Reward: 0.2942
[VLM Debug] Step 48 Reward: 0.2954
[VLM Debug] Step 22 Reward: 0.2800
[VLM Debug] Step 2 Reward: 0.2771
[VLM Debug] Step 74 Reward: 0.2969
[VLM Debug] Step 50 Reward: 0.2942
[VLM Debug] Step 24 Reward: 0.2805
[VLM Debug] Step 4 Reward: 0.2771
[VLM Debug] Step 76 Reward: 0.2957
[VLM Debug] Step 52 Reward: 0.2891
[VLM Debug] Step 26 Reward: 0.2761
[VLM Debug] Step 6 Reward: 0.2788
[VLM Debug] Step 78 Reward: 0.2969
[VLM Debug] Step 54 Reward: 0.2876
[VLM Debug] Step 28 Reward: 0.2781
[VLM Debug] Step 8 Reward: 0.2788
[VLM Debug] Step 80 Reward: 0.2969
[VLM Debug] Step 56 Reward: 0.2881
[VLM Debug] Step 30 Reward: 0.2781
[VLM Debug] Step 10 Reward: 0.2817
[VLM Debug] Step 82 Reward: 0.2900
[VLM Debug] Step 58 Reward: 0.2854
[VLM Debug] Step 32 Reward: 0.2849
[VLM Debug] Step 12 Reward: 0.2812
global_step=36136, episodic_return=23.698
[VLM Debug] Reset Reward Calculated: 0.2808
[VLM Debug] Step 60 Reward: 0.2896
[VLM Debug] Step 34 Reward: 0.2849
[VLM Debug] Step 14 Reward: 0.2808
[VLM Debug] Step 2 Reward: 0.2820
[VLM Debug] Step 62 Reward: 0.2893
[VLM Debug] Step 36 Reward: 0.2832
[VLM Debug] Step 16 Reward: 0.2808
[VLM Debug] Step 4 Reward: 0.2820
[VLM Debug] Step 64 Reward: 0.2891
[VLM Debug] Step 38 Reward: 0.2832
[VLM Debug] Step 18 Reward: 0.2795
[VLM Debug] Step 6 Reward: 0.2812
[VLM Debug] Step 66 Reward: 0.2944
[VLM Debug] Step 40 Reward: 0.2864
[VLM Debug] Step 20 Reward: 0.2786
[VLM Debug] Step 8 Reward: 0.2812
[VLM Debug] Step 68 Reward: 0.2932
[VLM Debug] Step 42 Reward: 0.2817
[VLM Debug] Step 22 Reward: 0.2786
[VLM Debug] Step 10 Reward: 0.2812
[VLM Debug] Step 70 Reward: 0.2925
[VLM Debug] Step 44 Reward: 0.2832
[VLM Debug] Step 24 Reward: 0.2791
[VLM Debug] Step 12 Reward: 0.2832
[VLM Debug] Step 72 Reward: 0.2830
[VLM Debug] Step 46 Reward: 0.2832
[VLM Debug] Step 26 Reward: 0.2815
[VLM Debug] Step 14 Reward: 0.2810
[VLM Debug] Step 74 Reward: 0.2861
[VLM Debug] Step 48 Reward: 0.2817
[VLM Debug] Step 28 Reward: 0.2791
[VLM Debug] Step 16 Reward: 0.2820
[VLM Debug] Step 76 Reward: 0.2839
[VLM Debug] Step 50 Reward: 0.2844
[VLM Debug] Step 30 Reward: 0.2795
[VLM Debug] Step 18 Reward: 0.2825
[VLM Debug] Step 78 Reward: 0.2896
[VLM Debug] Step 52 Reward: 0.2842
[VLM Debug] Step 32 Reward: 0.2771
[VLM Debug] Step 20 Reward: 0.2864
[VLM Debug] Step 80 Reward: 0.2795
[VLM Debug] Step 54 Reward: 0.2866
[VLM Debug] Step 34 Reward: 0.2812
[VLM Debug] Step 22 Reward: 0.2913
[VLM Debug] Step 82 Reward: 0.2778
[VLM Debug] Step 56 Reward: 0.2883
[VLM Debug] Step 36 Reward: 0.2842
[VLM Debug] Step 24 Reward: 0.2913
[VLM Debug] Step 84 Reward: 0.2856
[VLM Debug] Step 58 Reward: 0.2874
[VLM Debug] Step 38 Reward: 0.2800
[VLM Debug] Step 26 Reward: 0.2893
[VLM Debug] Step 86 Reward: 0.2878
[VLM Debug] Step 60 Reward: 0.2891
[VLM Debug] Step 40 Reward: 0.2910
[VLM Debug] Step 28 Reward: 0.2927
[VLM Debug] Step 88 Reward: 0.2917
[VLM Debug] Step 62 Reward: 0.2893
[VLM Debug] Step 42 Reward: 0.2896
[VLM Debug] Step 30 Reward: 0.2930
[VLM Debug] Step 90 Reward: 0.2742
[VLM Debug] Step 64 Reward: 0.2886
[VLM Debug] Step 44 Reward: 0.2898
[VLM Debug] Step 32 Reward: 0.2910
[VLM Debug] Step 92 Reward: 0.2874
[VLM Debug] Step 66 Reward: 0.2891
[VLM Debug] Step 46 Reward: 0.2910
[VLM Debug] Step 34 Reward: 0.2913
[VLM Debug] Step 94 Reward: 0.2937
[VLM Debug] Step 68 Reward: 0.2893
[VLM Debug] Step 48 Reward: 0.2908
[VLM Debug] Step 36 Reward: 0.2878
[VLM Debug] Step 96 Reward: 0.2925
[VLM Debug] Step 70 Reward: 0.2839
[VLM Debug] Step 50 Reward: 0.2874
[VLM Debug] Step 38 Reward: 0.2898
[VLM Debug] Step 98 Reward: 0.2805
[VLM Debug] Step 72 Reward: 0.2888
[VLM Debug] Step 52 Reward: 0.2896
[VLM Debug] Step 40 Reward: 0.2881
[VLM Debug] Step 100 Reward: 0.2837
[VLM Debug] Step 74 Reward: 0.2844
[VLM Debug] Step 54 Reward: 0.2896
[VLM Debug] Step 42 Reward: 0.2976
[VLM Debug] Step 102 Reward: 0.2798
[VLM Debug] Step 76 Reward: 0.2847
[VLM Debug] Step 56 Reward: 0.2939
[VLM Debug] Step 44 Reward: 0.2942
[VLM Debug] Step 104 Reward: 0.2876
[VLM Debug] Step 78 Reward: 0.2883
[VLM Debug] Step 58 Reward: 0.2913
[VLM Debug] Step 46 Reward: 0.2937
[VLM Debug] Step 106 Reward: 0.2737
[VLM Debug] Step 80 Reward: 0.2898
[VLM Debug] Step 60 Reward: 0.2913
[VLM Debug] Step 48 Reward: 0.2942
[VLM Debug] Step 108 Reward: 0.2830
[VLM Debug] Step 82 Reward: 0.2935
[VLM Debug] Step 62 Reward: 0.2954
[VLM Debug] Step 50 Reward: 0.3013
[VLM Debug] Step 110 Reward: 0.2815
[VLM Debug] Step 84 Reward: 0.2898
[VLM Debug] Step 64 Reward: 0.2939
[VLM Debug] Step 52 Reward: 0.2917
[VLM Debug] Step 112 Reward: 0.2900
[VLM Debug] Step 86 Reward: 0.2908
[VLM Debug] Step 66 Reward: 0.2966
SPS: 173
[VLM Debug] Step 54 Reward: 0.2974
[VLM Debug] Step 114 Reward: 0.2847
[VLM Debug] Step 88 Reward: 0.2935
[VLM Debug] Step 68 Reward: 0.2947
global_step=36360, episodic_return=15.877
[VLM Debug] Reset Reward Calculated: 0.2773
[VLM Debug] Step 116 Reward: 0.2866
[VLM Debug] Step 90 Reward: 0.2920
[VLM Debug] Step 70 Reward: 0.2920
[VLM Debug] Step 2 Reward: 0.2825
[VLM Debug] Step 118 Reward: 0.2859
[VLM Debug] Step 92 Reward: 0.2932
[VLM Debug] Step 72 Reward: 0.2966
[VLM Debug] Step 4 Reward: 0.2847
[VLM Debug] Step 120 Reward: 0.2893
[VLM Debug] Step 94 Reward: 0.2932
[VLM Debug] Step 74 Reward: 0.2898
[VLM Debug] Step 6 Reward: 0.2847
[VLM Debug] Step 122 Reward: 0.2842
[VLM Debug] Step 96 Reward: 0.2942
[VLM Debug] Step 76 Reward: 0.2908
global_step=36392, episodic_return=21.709
[VLM Debug] Step 8 Reward: 0.2847
[VLM Debug] Step 124 Reward: 0.2922
[VLM Debug] Reset Reward Calculated: 0.2825
[VLM Debug] Step 98 Reward: 0.2986
[VLM Debug] Step 10 Reward: 0.2847
[VLM Debug] Step 126 Reward: 0.2988
[VLM Debug] Step 2 Reward: 0.2791
[VLM Debug] Step 100 Reward: 0.2988
[VLM Debug] Step 12 Reward: 0.2847
[VLM Debug] Step 128 Reward: 0.2976
[VLM Debug] Step 4 Reward: 0.2759
[VLM Debug] Step 102 Reward: 0.2886
[VLM Debug] Step 14 Reward: 0.2825
[VLM Debug] Step 130 Reward: 0.2881
[VLM Debug] Step 6 Reward: 0.2759
[VLM Debug] Step 104 Reward: 0.2878
[VLM Debug] Step 16 Reward: 0.2825
[VLM Debug] Step 132 Reward: 0.2974
[VLM Debug] Step 8 Reward: 0.2803
[VLM Debug] Step 106 Reward: 0.2815
[VLM Debug] Step 18 Reward: 0.2825
[VLM Debug] Step 134 Reward: 0.3005
[VLM Debug] Step 10 Reward: 0.2803
[VLM Debug] Step 108 Reward: 0.2886
global_step=36440, episodic_return=38.828
[VLM Debug] Step 20 Reward: 0.2825
[VLM Debug] Reset Reward Calculated: 0.2815
[VLM Debug] Step 12 Reward: 0.2803
[VLM Debug] Step 110 Reward: 0.2917
[VLM Debug] Step 22 Reward: 0.2825
[VLM Debug] Step 2 Reward: 0.2815
[VLM Debug] Step 14 Reward: 0.2808
[VLM Debug] Step 112 Reward: 0.2937
[VLM Debug] Step 24 Reward: 0.2773
[VLM Debug] Step 4 Reward: 0.2817
[VLM Debug] Step 16 Reward: 0.2815
[VLM Debug] Step 114 Reward: 0.2947
[VLM Debug] Step 26 Reward: 0.2773
[VLM Debug] Step 6 Reward: 0.2815
[VLM Debug] Step 18 Reward: 0.2844
global_step=36468, episodic_return=32.911
[VLM Debug] Reset Reward Calculated: 0.2793
[VLM Debug] Step 28 Reward: 0.2773
[VLM Debug] Step 8 Reward: 0.2795
[VLM Debug] Step 20 Reward: 0.2854
[VLM Debug] Step 2 Reward: 0.2822
[VLM Debug] Step 30 Reward: 0.2773
[VLM Debug] Step 10 Reward: 0.2786
[VLM Debug] Step 22 Reward: 0.2837
[VLM Debug] Step 4 Reward: 0.2793
[VLM Debug] Step 32 Reward: 0.2791
[VLM Debug] Step 12 Reward: 0.2798
[VLM Debug] Step 24 Reward: 0.2842
[VLM Debug] Step 6 Reward: 0.2793
[VLM Debug] Step 34 Reward: 0.2791
[VLM Debug] Step 14 Reward: 0.2810
[VLM Debug] Step 26 Reward: 0.2856
[VLM Debug] Step 8 Reward: 0.2793
[VLM Debug] Step 36 Reward: 0.2791
[VLM Debug] Step 16 Reward: 0.2788
[VLM Debug] Step 28 Reward: 0.2856
[VLM Debug] Step 10 Reward: 0.2769
[VLM Debug] Step 38 Reward: 0.2791
[VLM Debug] Step 18 Reward: 0.2786
[VLM Debug] Step 30 Reward: 0.2803
[VLM Debug] Step 12 Reward: 0.2732
[VLM Debug] Step 40 Reward: 0.2795
[VLM Debug] Step 20 Reward: 0.2832
[VLM Debug] Step 32 Reward: 0.2817
[VLM Debug] Step 14 Reward: 0.2771
[VLM Debug] Step 42 Reward: 0.2776
[VLM Debug] Step 22 Reward: 0.2834
[VLM Debug] Step 34 Reward: 0.2798
[VLM Debug] Step 16 Reward: 0.2771
[VLM Debug] Step 44 Reward: 0.2776
[VLM Debug] Step 24 Reward: 0.2849
[VLM Debug] Step 36 Reward: 0.2798
[VLM Debug] Step 18 Reward: 0.2776
[VLM Debug] Step 46 Reward: 0.2803
[VLM Debug] Step 26 Reward: 0.2881
[VLM Debug] Step 38 Reward: 0.2820
[VLM Debug] Step 20 Reward: 0.2739
[VLM Debug] Step 48 Reward: 0.2808
[VLM Debug] Step 28 Reward: 0.2856
[VLM Debug] Step 40 Reward: 0.2805
[VLM Debug] Step 22 Reward: 0.2781
[VLM Debug] Step 50 Reward: 0.2820
[VLM Debug] Step 30 Reward: 0.2920
[VLM Debug] Step 42 Reward: 0.2812
[VLM Debug] Step 24 Reward: 0.2781
[VLM Debug] Step 52 Reward: 0.2839
[VLM Debug] Step 32 Reward: 0.2891
[VLM Debug] Step 44 Reward: 0.2820
[VLM Debug] Step 26 Reward: 0.2810
[VLM Debug] Step 54 Reward: 0.2759
[VLM Debug] Step 34 Reward: 0.2905
[VLM Debug] Step 46 Reward: 0.2800
[VLM Debug] Step 28 Reward: 0.2810
[VLM Debug] Step 56 Reward: 0.2759
[VLM Debug] Step 36 Reward: 0.2910
[VLM Debug] Step 48 Reward: 0.2922
[VLM Debug] Step 30 Reward: 0.2839
[VLM Debug] Step 58 Reward: 0.2800
[VLM Debug] Step 38 Reward: 0.2888
[VLM Debug] Step 50 Reward: 0.2883
[VLM Debug] Step 32 Reward: 0.2837
[VLM Debug] Step 60 Reward: 0.2791
[VLM Debug] Step 40 Reward: 0.2871
[VLM Debug] Step 52 Reward: 0.2898
[VLM Debug] Step 34 Reward: 0.2800
[VLM Debug] Step 62 Reward: 0.2827
[VLM Debug] Step 42 Reward: 0.2871
[VLM Debug] Step 54 Reward: 0.2922
[VLM Debug] Step 36 Reward: 0.2917
[VLM Debug] Step 64 Reward: 0.2827
[VLM Debug] Step 44 Reward: 0.2871
[VLM Debug] Step 56 Reward: 0.2932
[VLM Debug] Step 38 Reward: 0.2893
[VLM Debug] Step 66 Reward: 0.2820
[VLM Debug] Step 46 Reward: 0.2952
[VLM Debug] Step 58 Reward: 0.2893
[VLM Debug] Step 40 Reward: 0.2883
[VLM Debug] Step 68 Reward: 0.2788
[VLM Debug] Step 48 Reward: 0.2920
[VLM Debug] Step 60 Reward: 0.2852
[VLM Debug] Step 42 Reward: 0.2886
[VLM Debug] Step 70 Reward: 0.2844
[VLM Debug] Step 50 Reward: 0.2974
[VLM Debug] Step 62 Reward: 0.2856
[VLM Debug] Step 44 Reward: 0.2908
[VLM Debug] Step 72 Reward: 0.2844
[VLM Debug] Step 52 Reward: 0.2947
[VLM Debug] Step 64 Reward: 0.2849
[VLM Debug] Step 46 Reward: 0.2900
global_step=36656, episodic_return=15.158
[VLM Debug] Step 74 Reward: 0.2869
[VLM Debug] Reset Reward Calculated: 0.2805
[VLM Debug] Step 66 Reward: 0.2944
[VLM Debug] Step 48 Reward: 0.2891
[VLM Debug] Step 76 Reward: 0.2869
[VLM Debug] Step 2 Reward: 0.2798
[VLM Debug] Step 68 Reward: 0.2986
[VLM Debug] Step 50 Reward: 0.2878
[VLM Debug] Step 78 Reward: 0.2869
[VLM Debug] Step 4 Reward: 0.2808
[VLM Debug] Step 70 Reward: 0.2903
[VLM Debug] Step 52 Reward: 0.2830
[VLM Debug] Step 80 Reward: 0.2859
[VLM Debug] Step 6 Reward: 0.2812
[VLM Debug] Step 72 Reward: 0.2971
[VLM Debug] Step 54 Reward: 0.2883
[VLM Debug] Step 82 Reward: 0.2869
[VLM Debug] Step 8 Reward: 0.2812
[VLM Debug] Step 74 Reward: 0.2947
[VLM Debug] Step 56 Reward: 0.2915
[VLM Debug] Step 84 Reward: 0.2869
[VLM Debug] Step 10 Reward: 0.2808
[VLM Debug] Step 76 Reward: 0.2971
[VLM Debug] Step 58 Reward: 0.2925
[VLM Debug] Step 86 Reward: 0.2869
[VLM Debug] Step 12 Reward: 0.2808
[VLM Debug] Step 78 Reward: 0.2957
[VLM Debug] Step 60 Reward: 0.2908
[VLM Debug] Step 88 Reward: 0.2874
[VLM Debug] Step 14 Reward: 0.2808
[VLM Debug] Step 80 Reward: 0.2930
[VLM Debug] Step 62 Reward: 0.2954
[VLM Debug] Step 90 Reward: 0.2874
[VLM Debug] Step 16 Reward: 0.2808
[VLM Debug] Step 82 Reward: 0.2930
[VLM Debug] Step 64 Reward: 0.2903
global_step=36728, episodic_return=23.732
[VLM Debug] Step 92 Reward: 0.2888
[VLM Debug] Step 18 Reward: 0.2798
[VLM Debug] Reset Reward Calculated: 0.2800
[VLM Debug] Step 66 Reward: 0.2986
[VLM Debug] Step 94 Reward: 0.2878
[VLM Debug] Step 20 Reward: 0.2795
[VLM Debug] Step 2 Reward: 0.2771
[VLM Debug] Step 68 Reward: 0.2959
[VLM Debug] Step 96 Reward: 0.2881
[VLM Debug] Step 22 Reward: 0.2795
[VLM Debug] Step 4 Reward: 0.2771
[VLM Debug] Step 70 Reward: 0.2974
[VLM Debug] Step 98 Reward: 0.2883
[VLM Debug] Step 24 Reward: 0.2815
[VLM Debug] Step 6 Reward: 0.2800
[VLM Debug] Step 72 Reward: 0.2952
[VLM Debug] Step 100 Reward: 0.2825
[VLM Debug] Step 26 Reward: 0.2805
[VLM Debug] Step 8 Reward: 0.2800
[VLM Debug] Step 74 Reward: 0.2964
[VLM Debug] Step 102 Reward: 0.2839
[VLM Debug] Step 28 Reward: 0.2830
[VLM Debug] Step 10 Reward: 0.2800
[VLM Debug] Step 76 Reward: 0.2891
[VLM Debug] Step 104 Reward: 0.2800
[VLM Debug] Step 30 Reward: 0.2791
[VLM Debug] Step 12 Reward: 0.2773
[VLM Debug] Step 78 Reward: 0.2905
[VLM Debug] Step 106 Reward: 0.2861
[VLM Debug] Step 32 Reward: 0.2810
[VLM Debug] Step 14 Reward: 0.2773
[VLM Debug] Step 80 Reward: 0.2832
[VLM Debug] Step 108 Reward: 0.2764
[VLM Debug] Step 34 Reward: 0.2791
[VLM Debug] Step 16 Reward: 0.2773
[VLM Debug] Step 82 Reward: 0.2898
[VLM Debug] Step 110 Reward: 0.2832
[VLM Debug] Step 36 Reward: 0.2786
[VLM Debug] Step 18 Reward: 0.2825
[VLM Debug] Step 84 Reward: 0.2971
[VLM Debug] Step 112 Reward: 0.2776
[VLM Debug] Step 38 Reward: 0.2812
[VLM Debug] Step 20 Reward: 0.2793
global_step=36812, episodic_return=24.324
[VLM Debug] Reset Reward Calculated: 0.2798
[VLM Debug] Step 114 Reward: 0.2815
[VLM Debug] Step 40 Reward: 0.2842
[VLM Debug] Step 22 Reward: 0.2793
[VLM Debug] Step 2 Reward: 0.2773
[VLM Debug] Step 116 Reward: 0.2842
[VLM Debug] Step 42 Reward: 0.2817
[VLM Debug] Step 24 Reward: 0.2842
[VLM Debug] Step 4 Reward: 0.2786
[VLM Debug] Step 118 Reward: 0.2869
[VLM Debug] Step 44 Reward: 0.2842
[VLM Debug] Step 26 Reward: 0.2842
[VLM Debug] Step 6 Reward: 0.2800
[VLM Debug] Step 120 Reward: 0.2900
[VLM Debug] Step 46 Reward: 0.2903
[VLM Debug] Step 28 Reward: 0.2842
[VLM Debug] Step 8 Reward: 0.2800
[VLM Debug] Step 122 Reward: 0.2927
[VLM Debug] Step 48 Reward: 0.2922
[VLM Debug] Step 30 Reward: 0.2834
[VLM Debug] Step 10 Reward: 0.2793
[VLM Debug] Step 124 Reward: 0.2944
[VLM Debug] Step 50 Reward: 0.2891
[VLM Debug] Step 32 Reward: 0.2842
[VLM Debug] Step 12 Reward: 0.2793
SPS: 173
[VLM Debug] Step 126 Reward: 0.2905
[VLM Debug] Step 52 Reward: 0.2913
[VLM Debug] Step 34 Reward: 0.2822
[VLM Debug] Step 14 Reward: 0.2771
[VLM Debug] Step 128 Reward: 0.2871
[VLM Debug] Step 54 Reward: 0.2925
[VLM Debug] Step 36 Reward: 0.2805
[VLM Debug] Step 16 Reward: 0.2771
[VLM Debug] Step 130 Reward: 0.2881
[VLM Debug] Step 56 Reward: 0.2944
[VLM Debug] Step 38 Reward: 0.2839
[VLM Debug] Step 18 Reward: 0.2766
[VLM Debug] Step 132 Reward: 0.2881
[VLM Debug] Step 58 Reward: 0.2930
[VLM Debug] Step 40 Reward: 0.2856
[VLM Debug] Step 20 Reward: 0.2781
[VLM Debug] Step 134 Reward: 0.2942
[VLM Debug] Step 60 Reward: 0.2915
[VLM Debug] Step 42 Reward: 0.2842
[VLM Debug] Step 22 Reward: 0.2820
[VLM Debug] Step 136 Reward: 0.2935
[VLM Debug] Step 62 Reward: 0.2874
[VLM Debug] Step 44 Reward: 0.2795
[VLM Debug] Step 24 Reward: 0.2842
[VLM Debug] Step 138 Reward: 0.2957
[VLM Debug] Step 64 Reward: 0.2942
[VLM Debug] Step 46 Reward: 0.2825
[VLM Debug] Step 26 Reward: 0.2820
[VLM Debug] Step 140 Reward: 0.2983
[VLM Debug] Step 66 Reward: 0.2949
[VLM Debug] Step 48 Reward: 0.2786
[VLM Debug] Step 28 Reward: 0.2830
[VLM Debug] Step 142 Reward: 0.2935
[VLM Debug] Step 68 Reward: 0.2949
[VLM Debug] Step 50 Reward: 0.2795
[VLM Debug] Step 30 Reward: 0.2781
[VLM Debug] Step 144 Reward: 0.2969
[VLM Debug] Step 70 Reward: 0.2969
[VLM Debug] Step 52 Reward: 0.2808
global_step=36940, episodic_return=19.947
[VLM Debug] Reset Reward Calculated: 0.2812
[VLM Debug] Step 32 Reward: 0.2844
global_step=36944, episodic_return=41.220
[VLM Debug] Reset Reward Calculated: 0.2822
[VLM Debug] Step 54 Reward: 0.2795
[VLM Debug] Step 2 Reward: 0.2825
[VLM Debug] Step 34 Reward: 0.2839
[VLM Debug] Step 2 Reward: 0.2800
[VLM Debug] Step 56 Reward: 0.2859
[VLM Debug] Step 4 Reward: 0.2791
[VLM Debug] Step 36 Reward: 0.2869
[VLM Debug] Step 4 Reward: 0.2830
[VLM Debug] Step 58 Reward: 0.2764
[VLM Debug] Step 6 Reward: 0.2800
[VLM Debug] Step 38 Reward: 0.2903
[VLM Debug] Step 6 Reward: 0.2798
[VLM Debug] Step 60 Reward: 0.2842
[VLM Debug] Step 8 Reward: 0.2800
[VLM Debug] Step 40 Reward: 0.2903
[VLM Debug] Step 8 Reward: 0.2842
[VLM Debug] Step 62 Reward: 0.2864
[VLM Debug] Step 10 Reward: 0.2830
[VLM Debug] Step 42 Reward: 0.2937
[VLM Debug] Step 10 Reward: 0.2800
[VLM Debug] Step 64 Reward: 0.2920
[VLM Debug] Step 12 Reward: 0.2830
[VLM Debug] Step 44 Reward: 0.2944
[VLM Debug] Step 12 Reward: 0.2776
[VLM Debug] Step 66 Reward: 0.2893
[VLM Debug] Step 14 Reward: 0.2812
[VLM Debug] Step 46 Reward: 0.2952
[VLM Debug] Step 14 Reward: 0.2778
[VLM Debug] Step 68 Reward: 0.2915
[VLM Debug] Step 16 Reward: 0.2812
[VLM Debug] Step 48 Reward: 0.2898
[VLM Debug] Step 16 Reward: 0.2778
[VLM Debug] Step 70 Reward: 0.2920
[VLM Debug] Step 18 Reward: 0.2822
[VLM Debug] Step 50 Reward: 0.2891
[VLM Debug] Step 18 Reward: 0.2803
[VLM Debug] Step 72 Reward: 0.2915
[VLM Debug] Step 20 Reward: 0.2822
[VLM Debug] Step 52 Reward: 0.2898
[VLM Debug] Step 20 Reward: 0.2837
[VLM Debug] Step 74 Reward: 0.2883
[VLM Debug] Step 22 Reward: 0.2825
[VLM Debug] Step 54 Reward: 0.2847
[VLM Debug] Step 22 Reward: 0.2800
[VLM Debug] Step 76 Reward: 0.2903
[VLM Debug] Step 24 Reward: 0.2805
[VLM Debug] Step 56 Reward: 0.2954
[VLM Debug] Step 24 Reward: 0.2844
[VLM Debug] Step 78 Reward: 0.2920
[VLM Debug] Step 26 Reward: 0.2878
[VLM Debug] Step 58 Reward: 0.2959
[VLM Debug] Step 26 Reward: 0.2832
[VLM Debug] Step 80 Reward: 0.2942
[VLM Debug] Step 28 Reward: 0.2878
[VLM Debug] Step 60 Reward: 0.2939
[VLM Debug] Step 28 Reward: 0.2905
[VLM Debug] Step 82 Reward: 0.2917
[VLM Debug] Step 30 Reward: 0.2861
[VLM Debug] Step 62 Reward: 0.2988
[VLM Debug] Step 30 Reward: 0.2903
[VLM Debug] Step 84 Reward: 0.2964
[VLM Debug] Step 32 Reward: 0.2869
[VLM Debug] Step 64 Reward: 0.3008
global_step=37072, episodic_return=18.279
[VLM Debug] Step 32 Reward: 0.2908
[VLM Debug] Reset Reward Calculated: 0.2808
[VLM Debug] Step 86 Reward: 0.2983
[VLM Debug] Step 34 Reward: 0.2883
[VLM Debug] Step 34 Reward: 0.2932
[VLM Debug] Step 2 Reward: 0.2720
[VLM Debug] Step 88 Reward: 0.2935
global_step=37084, episodic_return=25.023
[VLM Debug] Step 36 Reward: 0.2852
[VLM Debug] Reset Reward Calculated: 0.2800
[VLM Debug] Step 36 Reward: 0.2925
[VLM Debug] Step 4 Reward: 0.2720
[VLM Debug] Step 38 Reward: 0.2852
[VLM Debug] Step 2 Reward: 0.2778
[VLM Debug] Step 38 Reward: 0.2910
[VLM Debug] Step 6 Reward: 0.2747
[VLM Debug] Step 40 Reward: 0.2832
[VLM Debug] Step 4 Reward: 0.2773
[VLM Debug] Step 40 Reward: 0.2864
[VLM Debug] Step 8 Reward: 0.2747
[VLM Debug] Step 42 Reward: 0.2832
[VLM Debug] Step 6 Reward: 0.2825
[VLM Debug] Step 42 Reward: 0.2903
[VLM Debug] Step 10 Reward: 0.2761
[VLM Debug] Step 44 Reward: 0.2825
[VLM Debug] Step 8 Reward: 0.2825
[VLM Debug] Step 44 Reward: 0.2866
[VLM Debug] Step 12 Reward: 0.2761
[VLM Debug] Step 46 Reward: 0.2830
[VLM Debug] Step 10 Reward: 0.2847
[VLM Debug] Step 46 Reward: 0.2935
[VLM Debug] Step 14 Reward: 0.2771
[VLM Debug] Step 48 Reward: 0.2825
[VLM Debug] Step 12 Reward: 0.2825
[VLM Debug] Step 48 Reward: 0.2935
[VLM Debug] Step 16 Reward: 0.2771
[VLM Debug] Step 50 Reward: 0.2793
[VLM Debug] Step 14 Reward: 0.2825
[VLM Debug] Step 50 Reward: 0.2930
[VLM Debug] Step 18 Reward: 0.2783
[VLM Debug] Step 52 Reward: 0.2810
[VLM Debug] Step 16 Reward: 0.2815
[VLM Debug] Step 52 Reward: 0.2939
[VLM Debug] Step 20 Reward: 0.2776
[VLM Debug] Step 54 Reward: 0.2827
[VLM Debug] Step 18 Reward: 0.2891
[VLM Debug] Step 54 Reward: 0.2964
[VLM Debug] Step 22 Reward: 0.2803
[VLM Debug] Step 56 Reward: 0.2869
[VLM Debug] Step 20 Reward: 0.2844
[VLM Debug] Step 56 Reward: 0.2944
[VLM Debug] Step 24 Reward: 0.2808
[VLM Debug] Step 58 Reward: 0.2856
[VLM Debug] Step 22 Reward: 0.2844
[VLM Debug] Step 58 Reward: 0.2942
[VLM Debug] Step 26 Reward: 0.2810
[VLM Debug] Step 60 Reward: 0.2847
[VLM Debug] Step 24 Reward: 0.2844
[VLM Debug] Step 60 Reward: 0.2952
[VLM Debug] Step 28 Reward: 0.2820
global_step=37188, episodic_return=17.222
[VLM Debug] Reset Reward Calculated: 0.2844
[VLM Debug] Step 62 Reward: 0.2864
[VLM Debug] Step 26 Reward: 0.2842
[VLM Debug] Step 30 Reward: 0.2834
[VLM Debug] Step 2 Reward: 0.2844
[VLM Debug] Step 64 Reward: 0.2876
[VLM Debug] Step 28 Reward: 0.2842
[VLM Debug] Step 32 Reward: 0.2876
[VLM Debug] Step 4 Reward: 0.2839
[VLM Debug] Step 66 Reward: 0.2898
[VLM Debug] Step 30 Reward: 0.2842
[VLM Debug] Step 34 Reward: 0.2839
[VLM Debug] Step 6 Reward: 0.2847
[VLM Debug] Step 68 Reward: 0.2834
[VLM Debug] Step 32 Reward: 0.2856
[VLM Debug] Step 36 Reward: 0.2883
[VLM Debug] Step 8 Reward: 0.2825
[VLM Debug] Step 70 Reward: 0.2876
[VLM Debug] Step 34 Reward: 0.2856
[VLM Debug] Step 38 Reward: 0.2864
[VLM Debug] Step 10 Reward: 0.2832
[VLM Debug] Step 72 Reward: 0.2839
[VLM Debug] Step 36 Reward: 0.2856
[VLM Debug] Step 40 Reward: 0.2854
[VLM Debug] Step 12 Reward: 0.2837
[VLM Debug] Step 74 Reward: 0.2847
[VLM Debug] Step 38 Reward: 0.2815
[VLM Debug] Step 42 Reward: 0.2871
[VLM Debug] Step 14 Reward: 0.2864
[VLM Debug] Step 76 Reward: 0.2832
[VLM Debug] Step 40 Reward: 0.2815
[VLM Debug] Step 44 Reward: 0.2910
[VLM Debug] Step 16 Reward: 0.2866
[VLM Debug] Step 78 Reward: 0.2817
[VLM Debug] Step 42 Reward: 0.2769
[VLM Debug] Step 46 Reward: 0.2893
[VLM Debug] Step 18 Reward: 0.2869
[VLM Debug] Step 80 Reward: 0.2852
[VLM Debug] Step 44 Reward: 0.2798
[VLM Debug] Step 48 Reward: 0.2898
[VLM Debug] Step 20 Reward: 0.2869
[VLM Debug] Step 82 Reward: 0.2881
[VLM Debug] Step 46 Reward: 0.2825
[VLM Debug] Step 50 Reward: 0.2876
[VLM Debug] Step 22 Reward: 0.2861
[VLM Debug] Step 84 Reward: 0.2878
[VLM Debug] Step 48 Reward: 0.2769
[VLM Debug] Step 52 Reward: 0.2830
[VLM Debug] Step 24 Reward: 0.2805
[VLM Debug] Step 86 Reward: 0.2947
[VLM Debug] Step 50 Reward: 0.2832
[VLM Debug] Step 54 Reward: 0.2847
[VLM Debug] Step 26 Reward: 0.2810
[VLM Debug] Step 88 Reward: 0.2925
[VLM Debug] Step 52 Reward: 0.2778
[VLM Debug] Step 56 Reward: 0.2847
[VLM Debug] Step 28 Reward: 0.2808
[VLM Debug] Step 90 Reward: 0.2947
[VLM Debug] Step 54 Reward: 0.2830
[VLM Debug] Step 58 Reward: 0.2900
[VLM Debug] Step 30 Reward: 0.2795
[VLM Debug] Step 92 Reward: 0.2930
[VLM Debug] Step 56 Reward: 0.2900
[VLM Debug] Step 60 Reward: 0.2964
[VLM Debug] Step 32 Reward: 0.2795
[VLM Debug] Step 94 Reward: 0.2881
[VLM Debug] Step 58 Reward: 0.2913
[VLM Debug] Step 62 Reward: 0.2944
[VLM Debug] Step 34 Reward: 0.2793
[VLM Debug] Step 96 Reward: 0.2834
[VLM Debug] Step 60 Reward: 0.2903
[VLM Debug] Step 64 Reward: 0.2900
[VLM Debug] Step 36 Reward: 0.2881
[VLM Debug] Step 98 Reward: 0.2925
[VLM Debug] Step 62 Reward: 0.2944
[VLM Debug] Step 66 Reward: 0.2881
[VLM Debug] Step 38 Reward: 0.2891
[VLM Debug] Step 100 Reward: 0.2959
[VLM Debug] Step 64 Reward: 0.2952
[VLM Debug] Step 68 Reward: 0.2908
global_step=37348, episodic_return=28.808
[VLM Debug] Step 40 Reward: 0.2891
[VLM Debug] Reset Reward Calculated: 0.2844
[VLM Debug] Step 66 Reward: 0.2913
[VLM Debug] Step 70 Reward: 0.2883
[VLM Debug] Step 42 Reward: 0.2881
[VLM Debug] Step 2 Reward: 0.2844
[VLM Debug] Step 68 Reward: 0.2903
[VLM Debug] Step 72 Reward: 0.2910
[VLM Debug] Step 44 Reward: 0.2812
[VLM Debug] Step 4 Reward: 0.2847
[VLM Debug] Step 70 Reward: 0.2866
[VLM Debug] Step 74 Reward: 0.2898
[VLM Debug] Step 46 Reward: 0.2803
[VLM Debug] Step 6 Reward: 0.2820
[VLM Debug] Step 72 Reward: 0.2930
SPS: 173
[VLM Debug] Step 76 Reward: 0.2947
[VLM Debug] Step 48 Reward: 0.2808
[VLM Debug] Step 8 Reward: 0.2820
[VLM Debug] Step 74 Reward: 0.2969
[VLM Debug] Step 78 Reward: 0.2903
[VLM Debug] Step 50 Reward: 0.2842
[VLM Debug] Step 10 Reward: 0.2815
[VLM Debug] Step 76 Reward: 0.2913
[VLM Debug] Step 80 Reward: 0.2944
[VLM Debug] Step 52 Reward: 0.2832
[VLM Debug] Step 12 Reward: 0.2856
[VLM Debug] Step 78 Reward: 0.2974
[VLM Debug] Step 82 Reward: 0.2871
[VLM Debug] Step 54 Reward: 0.2900
[VLM Debug] Step 14 Reward: 0.2856
[VLM Debug] Step 80 Reward: 0.2969
[VLM Debug] Step 84 Reward: 0.2866
[VLM Debug] Step 56 Reward: 0.2856
[VLM Debug] Step 16 Reward: 0.2837
[VLM Debug] Step 82 Reward: 0.2957
[VLM Debug] Step 86 Reward: 0.2917
[VLM Debug] Step 58 Reward: 0.2866
[VLM Debug] Step 18 Reward: 0.2854
[VLM Debug] Step 84 Reward: 0.3003
[VLM Debug] Step 88 Reward: 0.2905
global_step=37428, episodic_return=24.333
[VLM Debug] Step 60 Reward: 0.2671
[VLM Debug] Step 20 Reward: 0.2869
[VLM Debug] Reset Reward Calculated: 0.2791
[VLM Debug] Step 90 Reward: 0.2888
[VLM Debug] Step 62 Reward: 0.2720
[VLM Debug] Step 22 Reward: 0.2861
[VLM Debug] Step 2 Reward: 0.2800
[VLM Debug] Step 92 Reward: 0.2886
[VLM Debug] Step 64 Reward: 0.2800
[VLM Debug] Step 24 Reward: 0.2776
[VLM Debug] Step 4 Reward: 0.2800
[VLM Debug] Step 94 Reward: 0.2896
[VLM Debug] Step 66 Reward: 0.2832
[VLM Debug] Step 26 Reward: 0.2805
[VLM Debug] Step 6 Reward: 0.2771
[VLM Debug] Step 96 Reward: 0.2864
[VLM Debug] Step 68 Reward: 0.2878
[VLM Debug] Step 28 Reward: 0.2764
[VLM Debug] Step 8 Reward: 0.2771
[VLM Debug] Step 98 Reward: 0.2874
[VLM Debug] Step 70 Reward: 0.2847
[VLM Debug] Step 30 Reward: 0.2810
[VLM Debug] Step 10 Reward: 0.2788
[VLM Debug] Step 100 Reward: 0.2942
[VLM Debug] Step 72 Reward: 0.2856
[VLM Debug] Step 32 Reward: 0.2776
[VLM Debug] Step 12 Reward: 0.2788
[VLM Debug] Step 102 Reward: 0.2922
[VLM Debug] Step 74 Reward: 0.2822
[VLM Debug] Step 34 Reward: 0.2747
[VLM Debug] Step 14 Reward: 0.2817
[VLM Debug] Step 104 Reward: 0.2905
[VLM Debug] Step 76 Reward: 0.2778
[VLM Debug] Step 36 Reward: 0.2727
[VLM Debug] Step 16 Reward: 0.2812
[VLM Debug] Step 106 Reward: 0.2954
[VLM Debug] Step 78 Reward: 0.2881
[VLM Debug] Step 38 Reward: 0.2773
[VLM Debug] Step 18 Reward: 0.2832
[VLM Debug] Step 108 Reward: 0.2966
[VLM Debug] Step 80 Reward: 0.2883
[VLM Debug] Step 40 Reward: 0.2800
[VLM Debug] Step 20 Reward: 0.2803
[VLM Debug] Step 110 Reward: 0.2952
[VLM Debug] Step 82 Reward: 0.2917
[VLM Debug] Step 42 Reward: 0.2881
[VLM Debug] Step 22 Reward: 0.2815
[VLM Debug] Step 112 Reward: 0.2900
[VLM Debug] Step 84 Reward: 0.2961
[VLM Debug] Step 44 Reward: 0.2891
[VLM Debug] Step 24 Reward: 0.2815
[VLM Debug] Step 114 Reward: 0.2866
[VLM Debug] Step 86 Reward: 0.2925
[VLM Debug] Step 46 Reward: 0.2856
[VLM Debug] Step 26 Reward: 0.2805
[VLM Debug] Step 116 Reward: 0.2927
[VLM Debug] Step 88 Reward: 0.2932
[VLM Debug] Step 48 Reward: 0.2893
[VLM Debug] Step 28 Reward: 0.2791
[VLM Debug] Step 118 Reward: 0.2886
[VLM Debug] Step 90 Reward: 0.2954
[VLM Debug] Step 50 Reward: 0.2915
[VLM Debug] Step 30 Reward: 0.2817
[VLM Debug] Step 120 Reward: 0.2847
[VLM Debug] Step 92 Reward: 0.2954
[VLM Debug] Step 52 Reward: 0.2903
[VLM Debug] Step 32 Reward: 0.2805
[VLM Debug] Step 122 Reward: 0.2947
[VLM Debug] Step 94 Reward: 0.2942
[VLM Debug] Step 54 Reward: 0.2827
[VLM Debug] Step 34 Reward: 0.2764
[VLM Debug] Step 124 Reward: 0.2915
[VLM Debug] Step 96 Reward: 0.2886
[VLM Debug] Step 56 Reward: 0.2893
[VLM Debug] Step 36 Reward: 0.2832
[VLM Debug] Step 126 Reward: 0.2920
[VLM Debug] Step 98 Reward: 0.2922
[VLM Debug] Step 58 Reward: 0.2830
[VLM Debug] Step 38 Reward: 0.2778
[VLM Debug] Step 128 Reward: 0.2935
[VLM Debug] Step 100 Reward: 0.2908
[VLM Debug] Step 60 Reward: 0.2935
[VLM Debug] Step 40 Reward: 0.2844
[VLM Debug] Step 130 Reward: 0.2803
[VLM Debug] Step 102 Reward: 0.2900
[VLM Debug] Step 62 Reward: 0.2891
[VLM Debug] Step 42 Reward: 0.2881
[VLM Debug] Step 132 Reward: 0.2705
[VLM Debug] Step 104 Reward: 0.2949
[VLM Debug] Step 64 Reward: 0.2927
[VLM Debug] Step 44 Reward: 0.2903
[VLM Debug] Step 134 Reward: 0.2605
[VLM Debug] Step 106 Reward: 0.2959
[VLM Debug] Step 66 Reward: 0.2910
[VLM Debug] Step 46 Reward: 0.2898
[VLM Debug] Step 136 Reward: 0.2732
[VLM Debug] Step 108 Reward: 0.2932
[VLM Debug] Step 68 Reward: 0.2793
[VLM Debug] Step 48 Reward: 0.2927
[VLM Debug] Step 138 Reward: 0.2666
[VLM Debug] Step 110 Reward: 0.2954
[VLM Debug] Step 70 Reward: 0.2771
[VLM Debug] Step 50 Reward: 0.2952
[VLM Debug] Step 140 Reward: 0.2900
[VLM Debug] Step 112 Reward: 0.2896
[VLM Debug] Step 72 Reward: 0.2783
[VLM Debug] Step 52 Reward: 0.2905
[VLM Debug] Step 142 Reward: 0.2959
[VLM Debug] Step 114 Reward: 0.2942
[VLM Debug] Step 74 Reward: 0.2817
[VLM Debug] Step 54 Reward: 0.2927
[VLM Debug] Step 144 Reward: 0.2678
global_step=37652, episodic_return=41.153
[VLM Debug] Step 116 Reward: 0.2954
[VLM Debug] Step 76 Reward: 0.2791
[VLM Debug] Reset Reward Calculated: 0.2817
[VLM Debug] Step 56 Reward: 0.2910
[VLM Debug] Step 118 Reward: 0.2952
[VLM Debug] Step 78 Reward: 0.2839
[VLM Debug] Step 2 Reward: 0.2810
[VLM Debug] Step 58 Reward: 0.2871
global_step=37668, episodic_return=34.111
[VLM Debug] Reset Reward Calculated: 0.2661
[VLM Debug] Step 80 Reward: 0.2778
[VLM Debug] Step 4 Reward: 0.2793
[VLM Debug] Step 60 Reward: 0.2939
[VLM Debug] Step 2 Reward: 0.2661
[VLM Debug] Step 82 Reward: 0.2773
[VLM Debug] Step 6 Reward: 0.2812
[VLM Debug] Step 62 Reward: 0.2917
[VLM Debug] Step 4 Reward: 0.2661
[VLM Debug] Step 84 Reward: 0.2793
[VLM Debug] Step 8 Reward: 0.2803
[VLM Debug] Step 64 Reward: 0.2935
[VLM Debug] Step 6 Reward: 0.2769
[VLM Debug] Step 86 Reward: 0.2832
[VLM Debug] Step 10 Reward: 0.2820
[VLM Debug] Step 66 Reward: 0.2964
[VLM Debug] Step 8 Reward: 0.2761
[VLM Debug] Step 88 Reward: 0.2876
[VLM Debug] Step 12 Reward: 0.2825
[VLM Debug] Step 68 Reward: 0.2993
global_step=37708, episodic_return=19.674
[VLM Debug] Step 10 Reward: 0.2761
[VLM Debug] Step 90 Reward: 0.2876
[VLM Debug] Step 14 Reward: 0.2825
[VLM Debug] Reset Reward Calculated: 0.2756
[VLM Debug] Step 12 Reward: 0.2788
[VLM Debug] Step 92 Reward: 0.2861
[VLM Debug] Step 16 Reward: 0.2791
[VLM Debug] Step 2 Reward: 0.2803
[VLM Debug] Step 14 Reward: 0.2783
[VLM Debug] Step 94 Reward: 0.2856
[VLM Debug] Step 18 Reward: 0.2800
[VLM Debug] Step 4 Reward: 0.2756
[VLM Debug] Step 16 Reward: 0.2781
[VLM Debug] Step 96 Reward: 0.2827
[VLM Debug] Step 20 Reward: 0.2852
[VLM Debug] Step 6 Reward: 0.2756
[VLM Debug] Step 18 Reward: 0.2781
[VLM Debug] Step 98 Reward: 0.2878
[VLM Debug] Step 22 Reward: 0.2820
[VLM Debug] Step 8 Reward: 0.2781
[VLM Debug] Step 20 Reward: 0.2800
[VLM Debug] Step 100 Reward: 0.2881
[VLM Debug] Step 24 Reward: 0.2837
[VLM Debug] Step 10 Reward: 0.2781
[VLM Debug] Step 22 Reward: 0.2810
[VLM Debug] Step 102 Reward: 0.2812
[VLM Debug] Step 26 Reward: 0.2874
[VLM Debug] Step 12 Reward: 0.2842
[VLM Debug] Step 24 Reward: 0.2820
[VLM Debug] Step 104 Reward: 0.2812
[VLM Debug] Step 28 Reward: 0.2876
[VLM Debug] Step 14 Reward: 0.2842
[VLM Debug] Step 26 Reward: 0.2844
[VLM Debug] Step 106 Reward: 0.2856
[VLM Debug] Step 30 Reward: 0.2849
[VLM Debug] Step 16 Reward: 0.2808
[VLM Debug] Step 28 Reward: 0.2830
[VLM Debug] Step 108 Reward: 0.2817
[VLM Debug] Step 32 Reward: 0.2888
[VLM Debug] Step 18 Reward: 0.2827
[VLM Debug] Step 30 Reward: 0.2810
[VLM Debug] Step 110 Reward: 0.2908
[VLM Debug] Step 34 Reward: 0.2898
[VLM Debug] Step 20 Reward: 0.2842
[VLM Debug] Step 32 Reward: 0.2800
[VLM Debug] Step 112 Reward: 0.2876
[VLM Debug] Step 36 Reward: 0.2861
[VLM Debug] Step 22 Reward: 0.2754
[VLM Debug] Step 34 Reward: 0.2917
[VLM Debug] Step 114 Reward: 0.2883
[VLM Debug] Step 38 Reward: 0.2834
[VLM Debug] Step 24 Reward: 0.2874
[VLM Debug] Step 36 Reward: 0.2903
[VLM Debug] Step 116 Reward: 0.2883
[VLM Debug] Step 40 Reward: 0.2739
[VLM Debug] Step 26 Reward: 0.2922
[VLM Debug] Step 38 Reward: 0.2883
[VLM Debug] Step 118 Reward: 0.2903
[VLM Debug] Step 42 Reward: 0.2852
[VLM Debug] Step 28 Reward: 0.2883
[VLM Debug] Step 40 Reward: 0.2908
[VLM Debug] Step 120 Reward: 0.2834
[VLM Debug] Step 44 Reward: 0.2893
[VLM Debug] Step 30 Reward: 0.2888
[VLM Debug] Step 42 Reward: 0.2891
[VLM Debug] Step 122 Reward: 0.2849
[VLM Debug] Step 46 Reward: 0.2886
[VLM Debug] Step 32 Reward: 0.2883
[VLM Debug] Step 44 Reward: 0.2900
[VLM Debug] Step 124 Reward: 0.2869
[VLM Debug] Step 48 Reward: 0.2881
[VLM Debug] Step 34 Reward: 0.2898
[VLM Debug] Step 46 Reward: 0.2898
[VLM Debug] Step 126 Reward: 0.2888
[VLM Debug] Step 50 Reward: 0.2910
[VLM Debug] Step 36 Reward: 0.2908
[VLM Debug] Step 48 Reward: 0.2874
[VLM Debug] Step 128 Reward: 0.2871
[VLM Debug] Step 52 Reward: 0.2922
[VLM Debug] Step 38 Reward: 0.2920
[VLM Debug] Step 50 Reward: 0.2900
[VLM Debug] Step 130 Reward: 0.2869
[VLM Debug] Step 54 Reward: 0.2957
[VLM Debug] Step 40 Reward: 0.2908
[VLM Debug] Step 52 Reward: 0.2866
[VLM Debug] Step 132 Reward: 0.2825
[VLM Debug] Step 56 Reward: 0.2898
[VLM Debug] Step 42 Reward: 0.2849
[VLM Debug] Step 54 Reward: 0.2920
[VLM Debug] Step 134 Reward: 0.2856
[VLM Debug] Step 58 Reward: 0.2905
[VLM Debug] Step 44 Reward: 0.2856
SPS: 173
[VLM Debug] Step 56 Reward: 0.2925
[VLM Debug] Step 136 Reward: 0.2822
[VLM Debug] Step 60 Reward: 0.2900
[VLM Debug] Step 46 Reward: 0.2866
[VLM Debug] Step 58 Reward: 0.2944
[VLM Debug] Step 138 Reward: 0.2861
[VLM Debug] Step 62 Reward: 0.2878
[VLM Debug] Step 48 Reward: 0.2925
[VLM Debug] Step 60 Reward: 0.2935
[VLM Debug] Step 140 Reward: 0.2854
[VLM Debug] Step 64 Reward: 0.2869
[VLM Debug] Step 50 Reward: 0.2932
[VLM Debug] Step 62 Reward: 0.2930
[VLM Debug] Step 142 Reward: 0.2930
[VLM Debug] Step 66 Reward: 0.2888
[VLM Debug] Step 52 Reward: 0.2949
[VLM Debug] Step 64 Reward: 0.2964
[VLM Debug] Step 144 Reward: 0.2947
[VLM Debug] Step 68 Reward: 0.2874
[VLM Debug] Step 54 Reward: 0.2903
[VLM Debug] Step 66 Reward: 0.2942
[VLM Debug] Step 146 Reward: 0.2881
[VLM Debug] Step 70 Reward: 0.2930
[VLM Debug] Step 56 Reward: 0.2959
[VLM Debug] Step 68 Reward: 0.3003
[VLM Debug] Step 148 Reward: 0.2917
[VLM Debug] Step 72 Reward: 0.2913
[VLM Debug] Step 58 Reward: 0.2998
[VLM Debug] Step 70 Reward: 0.2891
[VLM Debug] Step 150 Reward: 0.2952
[VLM Debug] Step 74 Reward: 0.2888
[VLM Debug] Step 60 Reward: 0.2935
global_step=37952, episodic_return=42.712
[VLM Debug] Reset Reward Calculated: 0.2805
global_step=37956, episodic_return=20.237
global_step=37956, episodic_return=17.485
[VLM Debug] Reset Reward Calculated: 0.2747
[VLM Debug] Step 76 Reward: 0.2876
[VLM Debug] Reset Reward Calculated: 0.2803
[VLM Debug] Step 2 Reward: 0.2805
[VLM Debug] Step 2 Reward: 0.2761
[VLM Debug] Step 78 Reward: 0.2898
[VLM Debug] Step 2 Reward: 0.2771
[VLM Debug] Step 4 Reward: 0.2805
[VLM Debug] Step 4 Reward: 0.2686
[VLM Debug] Step 80 Reward: 0.2837
[VLM Debug] Step 4 Reward: 0.2771
[VLM Debug] Step 6 Reward: 0.2788
[VLM Debug] Step 6 Reward: 0.2646
[VLM Debug] Step 82 Reward: 0.2827
[VLM Debug] Step 6 Reward: 0.2793
[VLM Debug] Step 8 Reward: 0.2788
[VLM Debug] Step 8 Reward: 0.2749
[VLM Debug] Step 84 Reward: 0.2886
[VLM Debug] Step 8 Reward: 0.2842
[VLM Debug] Step 10 Reward: 0.2827
[VLM Debug] Step 10 Reward: 0.2783
[VLM Debug] Step 86 Reward: 0.2903
[VLM Debug] Step 10 Reward: 0.2842
[VLM Debug] Step 12 Reward: 0.2834
[VLM Debug] Step 12 Reward: 0.2798
[VLM Debug] Step 88 Reward: 0.2866
[VLM Debug] Step 12 Reward: 0.2842
[VLM Debug] Step 14 Reward: 0.2834
[VLM Debug] Step 14 Reward: 0.2793
[VLM Debug] Step 90 Reward: 0.2800
[VLM Debug] Step 14 Reward: 0.2842
[VLM Debug] Step 16 Reward: 0.2854
[VLM Debug] Step 16 Reward: 0.2817
[VLM Debug] Step 92 Reward: 0.2786
[VLM Debug] Step 16 Reward: 0.2842
[VLM Debug] Step 18 Reward: 0.2854
[VLM Debug] Step 18 Reward: 0.2795
[VLM Debug] Step 94 Reward: 0.2856
[VLM Debug] Step 18 Reward: 0.2834
[VLM Debug] Step 20 Reward: 0.2837
[VLM Debug] Step 20 Reward: 0.2795
[VLM Debug] Step 96 Reward: 0.2815
[VLM Debug] Step 20 Reward: 0.2820
[VLM Debug] Step 22 Reward: 0.2837
[VLM Debug] Step 22 Reward: 0.2795
[VLM Debug] Step 98 Reward: 0.2876
[VLM Debug] Step 22 Reward: 0.2856
[VLM Debug] Step 24 Reward: 0.2861
[VLM Debug] Step 24 Reward: 0.2793
[VLM Debug] Step 100 Reward: 0.2791
[VLM Debug] Step 24 Reward: 0.2817
[VLM Debug] Step 26 Reward: 0.2888
[VLM Debug] Step 26 Reward: 0.2786
[VLM Debug] Step 102 Reward: 0.2888
[VLM Debug] Step 26 Reward: 0.2812
[VLM Debug] Step 28 Reward: 0.2874
[VLM Debug] Step 28 Reward: 0.2786
[VLM Debug] Step 104 Reward: 0.2920
[VLM Debug] Step 28 Reward: 0.2803
[VLM Debug] Step 30 Reward: 0.2878
[VLM Debug] Step 30 Reward: 0.2759
[VLM Debug] Step 106 Reward: 0.2854
[VLM Debug] Step 30 Reward: 0.2795
[VLM Debug] Step 32 Reward: 0.2856
[VLM Debug] Step 32 Reward: 0.2793
[VLM Debug] Step 108 Reward: 0.2881
[VLM Debug] Step 32 Reward: 0.2815
[VLM Debug] Step 34 Reward: 0.2856
[VLM Debug] Step 34 Reward: 0.2793
[VLM Debug] Step 110 Reward: 0.2744
[VLM Debug] Step 34 Reward: 0.2805
[VLM Debug] Step 36 Reward: 0.2861
[VLM Debug] Step 36 Reward: 0.2773
[VLM Debug] Step 112 Reward: 0.2739
[VLM Debug] Step 36 Reward: 0.2791
[VLM Debug] Step 38 Reward: 0.2844
[VLM Debug] Step 38 Reward: 0.2756
[VLM Debug] Step 114 Reward: 0.2764
[VLM Debug] Step 38 Reward: 0.2788
[VLM Debug] Step 40 Reward: 0.2842
[VLM Debug] Step 40 Reward: 0.2756
[VLM Debug] Step 116 Reward: 0.2925
[VLM Debug] Step 40 Reward: 0.2791
[VLM Debug] Step 42 Reward: 0.2808
[VLM Debug] Step 42 Reward: 0.2778
[VLM Debug] Step 118 Reward: 0.2874
[VLM Debug] Step 42 Reward: 0.2791
[VLM Debug] Step 44 Reward: 0.2817
[VLM Debug] Step 44 Reward: 0.2795
[VLM Debug] Step 120 Reward: 0.2839
[VLM Debug] Step 44 Reward: 0.2812
[VLM Debug] Step 46 Reward: 0.2822
[VLM Debug] Step 46 Reward: 0.2812
[VLM Debug] Step 122 Reward: 0.2866
[VLM Debug] Step 46 Reward: 0.2810
[VLM Debug] Step 48 Reward: 0.2817
[VLM Debug] Step 48 Reward: 0.2812
[VLM Debug] Step 124 Reward: 0.2917
[VLM Debug] Step 48 Reward: 0.2842
[VLM Debug] Step 50 Reward: 0.2771
[VLM Debug] Step 50 Reward: 0.2832
[VLM Debug] Step 126 Reward: 0.2949
[VLM Debug] Step 50 Reward: 0.2913
[VLM Debug] Step 52 Reward: 0.2839
[VLM Debug] Step 52 Reward: 0.2800
[VLM Debug] Step 128 Reward: 0.2886
[VLM Debug] Step 52 Reward: 0.2908
[VLM Debug] Step 54 Reward: 0.2820
[VLM Debug] Step 54 Reward: 0.2927
[VLM Debug] Step 130 Reward: 0.2881
[VLM Debug] Step 54 Reward: 0.2908
[VLM Debug] Step 56 Reward: 0.2893
[VLM Debug] Step 56 Reward: 0.2905
[VLM Debug] Step 132 Reward: 0.2920
[VLM Debug] Step 56 Reward: 0.2935
[VLM Debug] Step 58 Reward: 0.2854
[VLM Debug] Step 58 Reward: 0.2913
[VLM Debug] Step 134 Reward: 0.2861
[VLM Debug] Step 58 Reward: 0.2920
[VLM Debug] Step 60 Reward: 0.2944
[VLM Debug] Step 60 Reward: 0.2893
[VLM Debug] Step 136 Reward: 0.2922
[VLM Debug] Step 60 Reward: 0.2903
[VLM Debug] Step 62 Reward: 0.2920
[VLM Debug] Step 62 Reward: 0.2937
[VLM Debug] Step 138 Reward: 0.2915
[VLM Debug] Step 62 Reward: 0.2871
[VLM Debug] Step 64 Reward: 0.2944
[VLM Debug] Step 64 Reward: 0.2930
[VLM Debug] Step 140 Reward: 0.3015
[VLM Debug] Step 64 Reward: 0.2886
[VLM Debug] Step 66 Reward: 0.2930
global_step=38220, episodic_return=40.367
[VLM Debug] Step 66 Reward: 0.2896
[VLM Debug] Reset Reward Calculated: 0.2810
[VLM Debug] Step 66 Reward: 0.2847
[VLM Debug] Step 68 Reward: 0.2903
[VLM Debug] Step 68 Reward: 0.2874
[VLM Debug] Step 2 Reward: 0.2773
[VLM Debug] Step 68 Reward: 0.2964
[VLM Debug] Step 70 Reward: 0.2837
[VLM Debug] Step 70 Reward: 0.2905
[VLM Debug] Step 4 Reward: 0.2771
[VLM Debug] Step 70 Reward: 0.2952
[VLM Debug] Step 72 Reward: 0.2952
[VLM Debug] Step 72 Reward: 0.2869
[VLM Debug] Step 6 Reward: 0.2786
[VLM Debug] Step 72 Reward: 0.2910
[VLM Debug] Step 74 Reward: 0.2932
[VLM Debug] Step 74 Reward: 0.2947
[VLM Debug] Step 8 Reward: 0.2788
[VLM Debug] Step 74 Reward: 0.2974
[VLM Debug] Step 76 Reward: 0.2981
[VLM Debug] Step 76 Reward: 0.2932
[VLM Debug] Step 10 Reward: 0.2783
[VLM Debug] Step 76 Reward: 0.2981
[VLM Debug] Step 78 Reward: 0.2942
global_step=38268, episodic_return=22.297
global_step=38268, episodic_return=21.959
[VLM Debug] Step 78 Reward: 0.2910
[VLM Debug] Reset Reward Calculated: 0.2791
[VLM Debug] Step 12 Reward: 0.2800
[VLM Debug] Reset Reward Calculated: 0.2676
[VLM Debug] Step 80 Reward: 0.2971
[VLM Debug] Step 2 Reward: 0.2805
[VLM Debug] Step 14 Reward: 0.2798
[VLM Debug] Step 2 Reward: 0.2734
[VLM Debug] Step 82 Reward: 0.2976
[VLM Debug] Step 4 Reward: 0.2798
[VLM Debug] Step 16 Reward: 0.2771
[VLM Debug] Step 4 Reward: 0.2734
global_step=38288, episodic_return=23.183
[VLM Debug] Reset Reward Calculated: 0.2837
[VLM Debug] Step 6 Reward: 0.2808
[VLM Debug] Step 18 Reward: 0.2776
[VLM Debug] Step 6 Reward: 0.2773
[VLM Debug] Step 2 Reward: 0.2847
[VLM Debug] Step 8 Reward: 0.2832
[VLM Debug] Step 20 Reward: 0.2791
[VLM Debug] Step 8 Reward: 0.2773
[VLM Debug] Step 4 Reward: 0.2847
[VLM Debug] Step 10 Reward: 0.2808
[VLM Debug] Step 22 Reward: 0.2839
[VLM Debug] Step 10 Reward: 0.2800
[VLM Debug] Step 6 Reward: 0.2825
[VLM Debug] Step 12 Reward: 0.2798
[VLM Debug] Step 24 Reward: 0.2825
[VLM Debug] Step 12 Reward: 0.2800
[VLM Debug] Step 8 Reward: 0.2791
[VLM Debug] Step 14 Reward: 0.2795
[VLM Debug] Step 26 Reward: 0.2791
[VLM Debug] Step 14 Reward: 0.2800
[VLM Debug] Step 10 Reward: 0.2791
[VLM Debug] Step 16 Reward: 0.2795
[VLM Debug] Step 28 Reward: 0.2832
[VLM Debug] Step 16 Reward: 0.2791
[VLM Debug] Step 12 Reward: 0.2800
[VLM Debug] Step 18 Reward: 0.2817
[VLM Debug] Step 30 Reward: 0.2847
[VLM Debug] Step 18 Reward: 0.2791
[VLM Debug] Step 14 Reward: 0.2830
[VLM Debug] Step 20 Reward: 0.2773
[VLM Debug] Step 32 Reward: 0.2847
[VLM Debug] Step 20 Reward: 0.2803
[VLM Debug] Step 16 Reward: 0.2830
[VLM Debug] Step 22 Reward: 0.2773
[VLM Debug] Step 34 Reward: 0.2854
[VLM Debug] Step 22 Reward: 0.2803
[VLM Debug] Step 18 Reward: 0.2812
[VLM Debug] Step 24 Reward: 0.2732
[VLM Debug] Step 36 Reward: 0.2874
[VLM Debug] Step 24 Reward: 0.2778
[VLM Debug] Step 20 Reward: 0.2812
[VLM Debug] Step 26 Reward: 0.2771
[VLM Debug] Step 38 Reward: 0.2871
[VLM Debug] Step 26 Reward: 0.2795
[VLM Debug] Step 22 Reward: 0.2837
[VLM Debug] Step 28 Reward: 0.2766
[VLM Debug] Step 40 Reward: 0.2881
[VLM Debug] Step 28 Reward: 0.2771
[VLM Debug] Step 24 Reward: 0.2805
[VLM Debug] Step 30 Reward: 0.2781
[VLM Debug] Step 42 Reward: 0.2844
[VLM Debug] Step 30 Reward: 0.2815
[VLM Debug] Step 26 Reward: 0.2805
[VLM Debug] Step 32 Reward: 0.2810
[VLM Debug] Step 44 Reward: 0.2791
[VLM Debug] Step 32 Reward: 0.2800
SPS: 173
[VLM Debug] Step 28 Reward: 0.2854
[VLM Debug] Step 34 Reward: 0.2810
[VLM Debug] Step 46 Reward: 0.2795
[VLM Debug] Step 34 Reward: 0.2854
[VLM Debug] Step 30 Reward: 0.2861
[VLM Debug] Step 36 Reward: 0.2854
[VLM Debug] Step 48 Reward: 0.2881
[VLM Debug] Step 36 Reward: 0.2825
[VLM Debug] Step 32 Reward: 0.2822
[VLM Debug] Step 38 Reward: 0.2830
[VLM Debug] Step 50 Reward: 0.2905
[VLM Debug] Step 38 Reward: 0.2913
[VLM Debug] Step 34 Reward: 0.2866
[VLM Debug] Step 40 Reward: 0.2820
[VLM Debug] Step 52 Reward: 0.2893
[VLM Debug] Step 40 Reward: 0.2903
[VLM Debug] Step 36 Reward: 0.2754
[VLM Debug] Step 42 Reward: 0.2917
[VLM Debug] Step 54 Reward: 0.2898
[VLM Debug] Step 42 Reward: 0.2898
[VLM Debug] Step 38 Reward: 0.2742
[VLM Debug] Step 44 Reward: 0.2888
[VLM Debug] Step 56 Reward: 0.2925
[VLM Debug] Step 44 Reward: 0.2927
[VLM Debug] Step 40 Reward: 0.2712
[VLM Debug] Step 46 Reward: 0.2883
[VLM Debug] Step 58 Reward: 0.2881
[VLM Debug] Step 46 Reward: 0.2944
[VLM Debug] Step 42 Reward: 0.2712
[VLM Debug] Step 48 Reward: 0.2881
[VLM Debug] Step 60 Reward: 0.2976
[VLM Debug] Step 48 Reward: 0.2954
[VLM Debug] Step 44 Reward: 0.2722
[VLM Debug] Step 50 Reward: 0.2888
[VLM Debug] Step 62 Reward: 0.2944
[VLM Debug] Step 50 Reward: 0.2910
[VLM Debug] Step 46 Reward: 0.2722
[VLM Debug] Step 52 Reward: 0.2930
[VLM Debug] Step 64 Reward: 0.2900
[VLM Debug] Step 52 Reward: 0.2903
[VLM Debug] Step 48 Reward: 0.2773
[VLM Debug] Step 54 Reward: 0.2937
[VLM Debug] Step 66 Reward: 0.2910
[VLM Debug] Step 54 Reward: 0.2847
[VLM Debug] Step 50 Reward: 0.2827
[VLM Debug] Step 56 Reward: 0.2910
[VLM Debug] Step 68 Reward: 0.2834
[VLM Debug] Step 56 Reward: 0.2854
[VLM Debug] Step 52 Reward: 0.2827
[VLM Debug] Step 58 Reward: 0.2856
[VLM Debug] Step 70 Reward: 0.2861
[VLM Debug] Step 58 Reward: 0.2993
[VLM Debug] Step 54 Reward: 0.2822
[VLM Debug] Step 60 Reward: 0.2874
[VLM Debug] Step 72 Reward: 0.2883
[VLM Debug] Step 60 Reward: 0.2964
[VLM Debug] Step 56 Reward: 0.2842
[VLM Debug] Step 62 Reward: 0.2903
[VLM Debug] Step 74 Reward: 0.2859
[VLM Debug] Step 62 Reward: 0.2961
global_step=38520, episodic_return=17.614
[VLM Debug] Step 58 Reward: 0.2842
[VLM Debug] Reset Reward Calculated: 0.2852
[VLM Debug] Step 64 Reward: 0.2856
[VLM Debug] Step 76 Reward: 0.2844
[VLM Debug] Step 60 Reward: 0.2852
[VLM Debug] Step 2 Reward: 0.2756
[VLM Debug] Step 66 Reward: 0.2979
[VLM Debug] Step 78 Reward: 0.2920
[VLM Debug] Step 62 Reward: 0.2896
[VLM Debug] Step 4 Reward: 0.2808
[VLM Debug] Step 68 Reward: 0.2949
[VLM Debug] Step 80 Reward: 0.2888
[VLM Debug] Step 64 Reward: 0.2896
[VLM Debug] Step 6 Reward: 0.2852
[VLM Debug] Step 70 Reward: 0.2952
[VLM Debug] Step 82 Reward: 0.2932
[VLM Debug] Step 66 Reward: 0.2920
[VLM Debug] Step 8 Reward: 0.2852
[VLM Debug] Step 72 Reward: 0.2966
[VLM Debug] Step 84 Reward: 0.2927
[VLM Debug] Step 68 Reward: 0.2930
[VLM Debug] Step 10 Reward: 0.2837
global_step=38564, episodic_return=20.788
[VLM Debug] Reset Reward Calculated: 0.2744
[VLM Debug] Step 86 Reward: 0.2898
[VLM Debug] Step 70 Reward: 0.2922
[VLM Debug] Step 12 Reward: 0.2871
[VLM Debug] Step 2 Reward: 0.2791
[VLM Debug] Step 88 Reward: 0.2917
[VLM Debug] Step 72 Reward: 0.2903
[VLM Debug] Step 14 Reward: 0.2898
[VLM Debug] Step 4 Reward: 0.2793
[VLM Debug] Step 90 Reward: 0.2808
[VLM Debug] Step 74 Reward: 0.2908
[VLM Debug] Step 16 Reward: 0.2888
[VLM Debug] Step 6 Reward: 0.2793
[VLM Debug] Step 92 Reward: 0.2864
[VLM Debug] Step 76 Reward: 0.2903
[VLM Debug] Step 18 Reward: 0.2888
[VLM Debug] Step 8 Reward: 0.2805
[VLM Debug] Step 94 Reward: 0.2878
[VLM Debug] Step 78 Reward: 0.2864
[VLM Debug] Step 20 Reward: 0.2871
[VLM Debug] Step 10 Reward: 0.2805
[VLM Debug] Step 96 Reward: 0.2852
[VLM Debug] Step 80 Reward: 0.2869
[VLM Debug] Step 22 Reward: 0.2883
[VLM Debug] Step 12 Reward: 0.2798
[VLM Debug] Step 98 Reward: 0.2837
[VLM Debug] Step 82 Reward: 0.2859
[VLM Debug] Step 24 Reward: 0.2900
[VLM Debug] Step 14 Reward: 0.2788
[VLM Debug] Step 100 Reward: 0.2651
[VLM Debug] Step 84 Reward: 0.2815
[VLM Debug] Step 26 Reward: 0.2903
[VLM Debug] Step 16 Reward: 0.2795
[VLM Debug] Step 102 Reward: 0.2798
[VLM Debug] Step 86 Reward: 0.2832
[VLM Debug] Step 28 Reward: 0.2898
[VLM Debug] Step 18 Reward: 0.2795
[VLM Debug] Step 104 Reward: 0.2808
[VLM Debug] Step 88 Reward: 0.2847
[VLM Debug] Step 30 Reward: 0.2927
[VLM Debug] Step 20 Reward: 0.2776
[VLM Debug] Step 106 Reward: 0.2810
[VLM Debug] Step 90 Reward: 0.2866
[VLM Debug] Step 32 Reward: 0.2925
[VLM Debug] Step 22 Reward: 0.2786
[VLM Debug] Step 108 Reward: 0.2805
[VLM Debug] Step 92 Reward: 0.2847
[VLM Debug] Step 34 Reward: 0.2891
[VLM Debug] Step 24 Reward: 0.2786
[VLM Debug] Step 110 Reward: 0.2727
[VLM Debug] Step 94 Reward: 0.2881
[VLM Debug] Step 36 Reward: 0.2859
[VLM Debug] Step 26 Reward: 0.2793
[VLM Debug] Step 112 Reward: 0.2747
[VLM Debug] Step 96 Reward: 0.2883
[VLM Debug] Step 38 Reward: 0.2869
[VLM Debug] Step 28 Reward: 0.2773
[VLM Debug] Step 114 Reward: 0.2878
[VLM Debug] Step 98 Reward: 0.2849
[VLM Debug] Step 40 Reward: 0.2915
[VLM Debug] Step 30 Reward: 0.2803
[VLM Debug] Step 116 Reward: 0.2922
[VLM Debug] Step 100 Reward: 0.2847
[VLM Debug] Step 42 Reward: 0.2874
[VLM Debug] Step 32 Reward: 0.2778
[VLM Debug] Step 118 Reward: 0.2893
[VLM Debug] Step 102 Reward: 0.2849
[VLM Debug] Step 44 Reward: 0.2917
[VLM Debug] Step 34 Reward: 0.2795
[VLM Debug] Step 120 Reward: 0.2888
[VLM Debug] Step 104 Reward: 0.2856
[VLM Debug] Step 46 Reward: 0.2935
[VLM Debug] Step 36 Reward: 0.2764
[VLM Debug] Step 122 Reward: 0.2932
[VLM Debug] Step 106 Reward: 0.2886
[VLM Debug] Step 48 Reward: 0.2944
[VLM Debug] Step 38 Reward: 0.2812
[VLM Debug] Step 124 Reward: 0.2910
[VLM Debug] Step 108 Reward: 0.2947
[VLM Debug] Step 50 Reward: 0.2937
[VLM Debug] Step 40 Reward: 0.2832
[VLM Debug] Step 126 Reward: 0.2869
[VLM Debug] Step 110 Reward: 0.2930
[VLM Debug] Step 52 Reward: 0.2974
[VLM Debug] Step 42 Reward: 0.2800
[VLM Debug] Step 128 Reward: 0.2944
[VLM Debug] Step 112 Reward: 0.2983
[VLM Debug] Step 54 Reward: 0.2998
[VLM Debug] Step 44 Reward: 0.2900
[VLM Debug] Step 130 Reward: 0.2969
global_step=38744, episodic_return=32.118
[VLM Debug] Reset Reward Calculated: 0.2817
[VLM Debug] Step 56 Reward: 0.2935
global_step=38748, episodic_return=16.192
[VLM Debug] Step 46 Reward: 0.2886
[VLM Debug] Step 132 Reward: 0.2957
[VLM Debug] Reset Reward Calculated: 0.2798
[VLM Debug] Step 2 Reward: 0.2817
[VLM Debug] Step 48 Reward: 0.2903
[VLM Debug] Step 134 Reward: 0.2922
[VLM Debug] Step 2 Reward: 0.2825
[VLM Debug] Step 4 Reward: 0.2856
[VLM Debug] Step 50 Reward: 0.2883
[VLM Debug] Step 136 Reward: 0.2861
[VLM Debug] Step 4 Reward: 0.2825
[VLM Debug] Step 6 Reward: 0.2837
[VLM Debug] Step 52 Reward: 0.2903
[VLM Debug] Step 138 Reward: 0.2903
[VLM Debug] Step 6 Reward: 0.2842
[VLM Debug] Step 8 Reward: 0.2817
[VLM Debug] Step 54 Reward: 0.2891
[VLM Debug] Step 140 Reward: 0.2949
[VLM Debug] Step 8 Reward: 0.2842
[VLM Debug] Step 10 Reward: 0.2817
[VLM Debug] Step 56 Reward: 0.2883
[VLM Debug] Step 142 Reward: 0.2949
[VLM Debug] Step 10 Reward: 0.2820
global_step=38792, episodic_return=40.573
[VLM Debug] Step 12 Reward: 0.2830
[VLM Debug] Reset Reward Calculated: 0.2805
[VLM Debug] Step 58 Reward: 0.2881
[VLM Debug] Step 12 Reward: 0.2778
[VLM Debug] Step 14 Reward: 0.2808
[VLM Debug] Step 2 Reward: 0.2791
[VLM Debug] Step 60 Reward: 0.2869
[VLM Debug] Step 14 Reward: 0.2788
[VLM Debug] Step 16 Reward: 0.2808
[VLM Debug] Step 4 Reward: 0.2791
[VLM Debug] Step 62 Reward: 0.2905
[VLM Debug] Step 16 Reward: 0.2812
[VLM Debug] Step 18 Reward: 0.2798
[VLM Debug] Step 6 Reward: 0.2791
[VLM Debug] Step 64 Reward: 0.2849
[VLM Debug] Step 18 Reward: 0.2805
[VLM Debug] Step 20 Reward: 0.2815
[VLM Debug] Step 8 Reward: 0.2803
[VLM Debug] Step 66 Reward: 0.2961
[VLM Debug] Step 20 Reward: 0.2793
[VLM Debug] Step 22 Reward: 0.2815
[VLM Debug] Step 10 Reward: 0.2812
[VLM Debug] Step 68 Reward: 0.2974
[VLM Debug] Step 22 Reward: 0.2793
[VLM Debug] Step 24 Reward: 0.2805
[VLM Debug] Step 12 Reward: 0.2815
[VLM Debug] Step 70 Reward: 0.2917
[VLM Debug] Step 24 Reward: 0.2773
[VLM Debug] Step 26 Reward: 0.2830
[VLM Debug] Step 14 Reward: 0.2815
[VLM Debug] Step 72 Reward: 0.2974
[VLM Debug] Step 26 Reward: 0.2793
[VLM Debug] Step 28 Reward: 0.2810
[VLM Debug] Step 16 Reward: 0.2825
[VLM Debug] Step 74 Reward: 0.2930
[VLM Debug] Step 28 Reward: 0.2803
[VLM Debug] Step 30 Reward: 0.2791
[VLM Debug] Step 18 Reward: 0.2842
[VLM Debug] Step 76 Reward: 0.3003
[VLM Debug] Step 30 Reward: 0.2771
global_step=38872, episodic_return=21.609
[VLM Debug] Step 32 Reward: 0.2786
[VLM Debug] Reset Reward Calculated: 0.2659
[VLM Debug] Step 20 Reward: 0.2842
[VLM Debug] Step 32 Reward: 0.2798
[VLM Debug] Step 34 Reward: 0.2812
[VLM Debug] Step 2 Reward: 0.2751
[VLM Debug] Step 22 Reward: 0.2820
[VLM Debug] Step 34 Reward: 0.2812
[VLM Debug] Step 36 Reward: 0.2832
[VLM Debug] Step 4 Reward: 0.2659
[VLM Debug] Step 24 Reward: 0.2837
[VLM Debug] Step 36 Reward: 0.2812
[VLM Debug] Step 38 Reward: 0.2800
[VLM Debug] Step 6 Reward: 0.2737
[VLM Debug] Step 26 Reward: 0.2817
[VLM Debug] Step 38 Reward: 0.2812
[VLM Debug] Step 40 Reward: 0.2839
[VLM Debug] Step 8 Reward: 0.2676
[VLM Debug] Step 28 Reward: 0.2832
[VLM Debug] Step 40 Reward: 0.2825
SPS: 173
[VLM Debug] Step 42 Reward: 0.2869
[VLM Debug] Step 10 Reward: 0.2676
[VLM Debug] Step 30 Reward: 0.2798
[VLM Debug] Step 42 Reward: 0.2913
[VLM Debug] Step 44 Reward: 0.2925
[VLM Debug] Step 12 Reward: 0.2734
[VLM Debug] Step 32 Reward: 0.2815
[VLM Debug] Step 44 Reward: 0.2908
[VLM Debug] Step 46 Reward: 0.2927
[VLM Debug] Step 14 Reward: 0.2773
[VLM Debug] Step 34 Reward: 0.2800
[VLM Debug] Step 46 Reward: 0.2893
[VLM Debug] Step 48 Reward: 0.2944
[VLM Debug] Step 16 Reward: 0.2810
[VLM Debug] Step 36 Reward: 0.2800
[VLM Debug] Step 48 Reward: 0.2915
[VLM Debug] Step 50 Reward: 0.2964
[VLM Debug] Step 18 Reward: 0.2773
[VLM Debug] Step 38 Reward: 0.2805
[VLM Debug] Step 50 Reward: 0.2925
[VLM Debug] Step 52 Reward: 0.2947
[VLM Debug] Step 20 Reward: 0.2773
[VLM Debug] Step 40 Reward: 0.2764
[VLM Debug] Step 52 Reward: 0.2905
[VLM Debug] Step 54 Reward: 0.2935
[VLM Debug] Step 22 Reward: 0.2798
[VLM Debug] Step 42 Reward: 0.2815
[VLM Debug] Step 54 Reward: 0.2878
[VLM Debug] Step 56 Reward: 0.2871
[VLM Debug] Step 24 Reward: 0.2798
[VLM Debug] Step 44 Reward: 0.2781
[VLM Debug] Step 56 Reward: 0.2920
[VLM Debug] Step 58 Reward: 0.2888
[VLM Debug] Step 26 Reward: 0.2749
[VLM Debug] Step 46 Reward: 0.2815
[VLM Debug] Step 58 Reward: 0.2878
[VLM Debug] Step 60 Reward: 0.2944
[VLM Debug] Step 28 Reward: 0.2749
[VLM Debug] Step 48 Reward: 0.2903
[VLM Debug] Step 60 Reward: 0.2913
[VLM Debug] Step 62 Reward: 0.2930
[VLM Debug] Step 30 Reward: 0.2734
[VLM Debug] Step 50 Reward: 0.2893
[VLM Debug] Step 62 Reward: 0.2915
global_step=39000, episodic_return=17.975
[VLM Debug] Reset Reward Calculated: 0.2847
[VLM Debug] Step 32 Reward: 0.2734
[VLM Debug] Step 52 Reward: 0.2898
[VLM Debug] Step 64 Reward: 0.2935
[VLM Debug] Step 2 Reward: 0.2842
[VLM Debug] Step 34 Reward: 0.2754
[VLM Debug] Step 54 Reward: 0.2900
[VLM Debug] Step 66 Reward: 0.2969
[VLM Debug] Step 4 Reward: 0.2842
[VLM Debug] Step 36 Reward: 0.2734
[VLM Debug] Step 56 Reward: 0.2896
global_step=39020, episodic_return=19.078
[VLM Debug] Reset Reward Calculated: 0.2793
[VLM Debug] Step 6 Reward: 0.2842
[VLM Debug] Step 38 Reward: 0.2732
[VLM Debug] Step 58 Reward: 0.2893
[VLM Debug] Step 2 Reward: 0.2793
[VLM Debug] Step 8 Reward: 0.2837
[VLM Debug] Step 40 Reward: 0.2732
[VLM Debug] Step 60 Reward: 0.2837
[VLM Debug] Step 4 Reward: 0.2839
[VLM Debug] Step 10 Reward: 0.2854
[VLM Debug] Step 42 Reward: 0.2771
[VLM Debug] Step 62 Reward: 0.2856
[VLM Debug] Step 6 Reward: 0.2820
[VLM Debug] Step 12 Reward: 0.2837
[VLM Debug] Step 44 Reward: 0.2742
[VLM Debug] Step 64 Reward: 0.2896
[VLM Debug] Step 8 Reward: 0.2856
[VLM Debug] Step 14 Reward: 0.2805
[VLM Debug] Step 46 Reward: 0.2739
[VLM Debug] Step 66 Reward: 0.2935
[VLM Debug] Step 10 Reward: 0.2822
[VLM Debug] Step 16 Reward: 0.2822
[VLM Debug] Step 48 Reward: 0.2739
[VLM Debug] Step 68 Reward: 0.2915
[VLM Debug] Step 12 Reward: 0.2856
[VLM Debug] Step 18 Reward: 0.2830
[VLM Debug] Step 50 Reward: 0.2781
[VLM Debug] Step 70 Reward: 0.2922
[VLM Debug] Step 14 Reward: 0.2812
[VLM Debug] Step 20 Reward: 0.2842
[VLM Debug] Step 52 Reward: 0.2810
[VLM Debug] Step 72 Reward: 0.2966
[VLM Debug] Step 16 Reward: 0.2803
[VLM Debug] Step 22 Reward: 0.2812
[VLM Debug] Step 54 Reward: 0.2810
[VLM Debug] Step 74 Reward: 0.2988
[VLM Debug] Step 18 Reward: 0.2815
[VLM Debug] Step 24 Reward: 0.2815
[VLM Debug] Step 56 Reward: 0.2854
[VLM Debug] Step 76 Reward: 0.3013
[VLM Debug] Step 20 Reward: 0.2793
global_step=39104, episodic_return=21.948
[VLM Debug] Step 26 Reward: 0.2800
[VLM Debug] Step 58 Reward: 0.2820
[VLM Debug] Reset Reward Calculated: 0.2781
[VLM Debug] Step 22 Reward: 0.2800
[VLM Debug] Step 28 Reward: 0.2822
[VLM Debug] Step 60 Reward: 0.2795
[VLM Debug] Step 2 Reward: 0.2778
[VLM Debug] Step 24 Reward: 0.2810
[VLM Debug] Step 30 Reward: 0.2803
[VLM Debug] Step 62 Reward: 0.2815
[VLM Debug] Step 4 Reward: 0.2783
[VLM Debug] Step 26 Reward: 0.2791
[VLM Debug] Step 32 Reward: 0.2808
[VLM Debug] Step 64 Reward: 0.2922
[VLM Debug] Step 6 Reward: 0.2781
[VLM Debug] Step 28 Reward: 0.2786
[VLM Debug] Step 34 Reward: 0.2815
[VLM Debug] Step 66 Reward: 0.2883
[VLM Debug] Step 8 Reward: 0.2781
[VLM Debug] Step 30 Reward: 0.2842
[VLM Debug] Step 36 Reward: 0.2854
[VLM Debug] Step 68 Reward: 0.2898
[VLM Debug] Step 10 Reward: 0.2781
[VLM Debug] Step 32 Reward: 0.2778
[VLM Debug] Step 38 Reward: 0.2839
[VLM Debug] Step 70 Reward: 0.2876
[VLM Debug] Step 12 Reward: 0.2842
[VLM Debug] Step 34 Reward: 0.2842
[VLM Debug] Step 40 Reward: 0.2905
[VLM Debug] Step 72 Reward: 0.2908
[VLM Debug] Step 14 Reward: 0.2842
[VLM Debug] Step 36 Reward: 0.2869
[VLM Debug] Step 42 Reward: 0.2900
[VLM Debug] Step 74 Reward: 0.2925
[VLM Debug] Step 16 Reward: 0.2820
[VLM Debug] Step 38 Reward: 0.2935
[VLM Debug] Step 44 Reward: 0.2922
[VLM Debug] Step 76 Reward: 0.2878
[VLM Debug] Step 18 Reward: 0.2854
[VLM Debug] Step 40 Reward: 0.2944
[VLM Debug] Step 46 Reward: 0.2917
[VLM Debug] Step 78 Reward: 0.2847
[VLM Debug] Step 20 Reward: 0.2847
[VLM Debug] Step 42 Reward: 0.2944
[VLM Debug] Step 48 Reward: 0.2910
[VLM Debug] Step 80 Reward: 0.2891
[VLM Debug] Step 22 Reward: 0.2825
[VLM Debug] Step 44 Reward: 0.2954
[VLM Debug] Step 50 Reward: 0.2913
[VLM Debug] Step 82 Reward: 0.2920
[VLM Debug] Step 24 Reward: 0.2795
[VLM Debug] Step 46 Reward: 0.2949
[VLM Debug] Step 52 Reward: 0.2881
[VLM Debug] Step 84 Reward: 0.2871
[VLM Debug] Step 26 Reward: 0.2815
[VLM Debug] Step 48 Reward: 0.2920
[VLM Debug] Step 54 Reward: 0.2832
[VLM Debug] Step 86 Reward: 0.2986
[VLM Debug] Step 28 Reward: 0.2910
[VLM Debug] Step 50 Reward: 0.2883
[VLM Debug] Step 56 Reward: 0.2993
[VLM Debug] Step 88 Reward: 0.2964
[VLM Debug] Step 30 Reward: 0.2883
[VLM Debug] Step 52 Reward: 0.2847
[VLM Debug] Step 58 Reward: 0.2932
[VLM Debug] Step 90 Reward: 0.2922
[VLM Debug] Step 32 Reward: 0.2908
[VLM Debug] Step 54 Reward: 0.2957
[VLM Debug] Step 60 Reward: 0.2979
[VLM Debug] Step 92 Reward: 0.2959
[VLM Debug] Step 34 Reward: 0.2878
[VLM Debug] Step 56 Reward: 0.2930
global_step=39248, episodic_return=17.446
global_step=39248, episodic_return=15.984
[VLM Debug] Reset Reward Calculated: 0.2781
[VLM Debug] Step 94 Reward: 0.2998
[VLM Debug] Step 36 Reward: 0.2927
[VLM Debug] Reset Reward Calculated: 0.2800
[VLM Debug] Step 2 Reward: 0.2781
[VLM Debug] Step 96 Reward: 0.2886
[VLM Debug] Step 38 Reward: 0.2893
[VLM Debug] Step 2 Reward: 0.2781
global_step=39260, episodic_return=26.995
[VLM Debug] Reset Reward Calculated: 0.2783
[VLM Debug] Step 4 Reward: 0.2800
[VLM Debug] Step 40 Reward: 0.2874
[VLM Debug] Step 4 Reward: 0.2788
[VLM Debug] Step 2 Reward: 0.2739
[VLM Debug] Step 6 Reward: 0.2834
[VLM Debug] Step 42 Reward: 0.2905
[VLM Debug] Step 6 Reward: 0.2783
[VLM Debug] Step 4 Reward: 0.2756
[VLM Debug] Step 8 Reward: 0.2842
[VLM Debug] Step 44 Reward: 0.2869
[VLM Debug] Step 8 Reward: 0.2739
[VLM Debug] Step 6 Reward: 0.2756
[VLM Debug] Step 10 Reward: 0.2834
[VLM Debug] Step 46 Reward: 0.2886
[VLM Debug] Step 10 Reward: 0.2756
[VLM Debug] Step 8 Reward: 0.2803
[VLM Debug] Step 12 Reward: 0.2810
[VLM Debug] Step 48 Reward: 0.2849
[VLM Debug] Step 12 Reward: 0.2778
[VLM Debug] Step 10 Reward: 0.2817
[VLM Debug] Step 14 Reward: 0.2827
[VLM Debug] Step 50 Reward: 0.2925
[VLM Debug] Step 14 Reward: 0.2778
[VLM Debug] Step 12 Reward: 0.2791
[VLM Debug] Step 16 Reward: 0.2820
[VLM Debug] Step 52 Reward: 0.2917
[VLM Debug] Step 16 Reward: 0.2781
[VLM Debug] Step 14 Reward: 0.2791
[VLM Debug] Step 18 Reward: 0.2859
[VLM Debug] Step 54 Reward: 0.2920
[VLM Debug] Step 18 Reward: 0.2781
[VLM Debug] Step 16 Reward: 0.2778
[VLM Debug] Step 20 Reward: 0.2864
[VLM Debug] Step 56 Reward: 0.2974
[VLM Debug] Step 20 Reward: 0.2820
[VLM Debug] Step 18 Reward: 0.2795
[VLM Debug] Step 22 Reward: 0.2854
[VLM Debug] Step 58 Reward: 0.2925
[VLM Debug] Step 22 Reward: 0.2842
[VLM Debug] Step 20 Reward: 0.2800
global_step=39344, episodic_return=16.875
[VLM Debug] Step 24 Reward: 0.2817
[VLM Debug] Reset Reward Calculated: 0.2844
[VLM Debug] Step 24 Reward: 0.2820
[VLM Debug] Step 22 Reward: 0.2764
[VLM Debug] Step 26 Reward: 0.2844
[VLM Debug] Step 2 Reward: 0.2844
[VLM Debug] Step 26 Reward: 0.2808
[VLM Debug] Step 24 Reward: 0.2815
[VLM Debug] Step 28 Reward: 0.2861
[VLM Debug] Step 4 Reward: 0.2754
[VLM Debug] Step 28 Reward: 0.2827
[VLM Debug] Step 26 Reward: 0.2842
[VLM Debug] Step 30 Reward: 0.2883
[VLM Debug] Step 6 Reward: 0.2761
[VLM Debug] Step 30 Reward: 0.2842
[VLM Debug] Step 28 Reward: 0.2812
[VLM Debug] Step 32 Reward: 0.2881
[VLM Debug] Step 8 Reward: 0.2800
[VLM Debug] Step 32 Reward: 0.2800
[VLM Debug] Step 30 Reward: 0.2800
[VLM Debug] Step 34 Reward: 0.2891
[VLM Debug] Step 10 Reward: 0.2800
[VLM Debug] Step 34 Reward: 0.2815
[VLM Debug] Step 32 Reward: 0.2881
[VLM Debug] Step 36 Reward: 0.2900
[VLM Debug] Step 12 Reward: 0.2788
[VLM Debug] Step 36 Reward: 0.2925
[VLM Debug] Step 34 Reward: 0.2905
[VLM Debug] Step 38 Reward: 0.2927
[VLM Debug] Step 14 Reward: 0.2788
[VLM Debug] Step 38 Reward: 0.2883
[VLM Debug] Step 36 Reward: 0.2913
[VLM Debug] Step 40 Reward: 0.2896
[VLM Debug] Step 16 Reward: 0.2781
[VLM Debug] Step 40 Reward: 0.2903
[VLM Debug] Step 38 Reward: 0.2900
[VLM Debug] Step 42 Reward: 0.2891
[VLM Debug] Step 18 Reward: 0.2781
[VLM Debug] Step 42 Reward: 0.2903
[VLM Debug] Step 40 Reward: 0.2910
SPS: 173
[VLM Debug] Step 44 Reward: 0.2886
[VLM Debug] Step 20 Reward: 0.2781
[VLM Debug] Step 44 Reward: 0.2903
[VLM Debug] Step 42 Reward: 0.2930
[VLM Debug] Step 46 Reward: 0.2871
[VLM Debug] Step 22 Reward: 0.2842
[VLM Debug] Step 46 Reward: 0.2915
[VLM Debug] Step 44 Reward: 0.2905
[VLM Debug] Step 48 Reward: 0.2834
[VLM Debug] Step 24 Reward: 0.2842
[VLM Debug] Step 48 Reward: 0.2874
[VLM Debug] Step 46 Reward: 0.2927
[VLM Debug] Step 50 Reward: 0.2849
[VLM Debug] Step 26 Reward: 0.2810
[VLM Debug] Step 50 Reward: 0.2917
[VLM Debug] Step 48 Reward: 0.2917
[VLM Debug] Step 52 Reward: 0.2905
[VLM Debug] Step 28 Reward: 0.2808
[VLM Debug] Step 52 Reward: 0.2849
[VLM Debug] Step 50 Reward: 0.2847
[VLM Debug] Step 54 Reward: 0.2925
[VLM Debug] Step 30 Reward: 0.2839
[VLM Debug] Step 54 Reward: 0.2866
[VLM Debug] Step 52 Reward: 0.2866
[VLM Debug] Step 56 Reward: 0.2947
[VLM Debug] Step 32 Reward: 0.2827
[VLM Debug] Step 56 Reward: 0.2866
[VLM Debug] Step 54 Reward: 0.2969
[VLM Debug] Step 58 Reward: 0.2961
[VLM Debug] Step 34 Reward: 0.2808
[VLM Debug] Step 58 Reward: 0.2930
[VLM Debug] Step 56 Reward: 0.2935
[VLM Debug] Step 60 Reward: 0.2949
[VLM Debug] Step 36 Reward: 0.2800
[VLM Debug] Step 60 Reward: 0.2964
global_step=39492, episodic_return=16.211
[VLM Debug] Reset Reward Calculated: 0.2798
[VLM Debug] Step 62 Reward: 0.2944
[VLM Debug] Step 38 Reward: 0.2815
[VLM Debug] Step 62 Reward: 0.2952
[VLM Debug] Step 2 Reward: 0.2759
[VLM Debug] Step 64 Reward: 0.2974
[VLM Debug] Step 40 Reward: 0.2927
[VLM Debug] Step 64 Reward: 0.2935
[VLM Debug] Step 4 Reward: 0.2732
[VLM Debug] Step 66 Reward: 0.2998
[VLM Debug] Step 42 Reward: 0.2922
[VLM Debug] Step 66 Reward: 0.2971
[VLM Debug] Step 6 Reward: 0.2793
[VLM Debug] Step 68 Reward: 0.2935
[VLM Debug] Step 44 Reward: 0.2903
[VLM Debug] Step 68 Reward: 0.2961
global_step=39524, episodic_return=19.564
[VLM Debug] Reset Reward Calculated: 0.2791
[VLM Debug] Step 8 Reward: 0.2793
global_step=39528, episodic_return=19.691
[VLM Debug] Step 46 Reward: 0.2908
[VLM Debug] Reset Reward Calculated: 0.2778
[VLM Debug] Step 2 Reward: 0.2791
[VLM Debug] Step 10 Reward: 0.2788
[VLM Debug] Step 48 Reward: 0.2900
[VLM Debug] Step 2 Reward: 0.2791
[VLM Debug] Step 4 Reward: 0.2793
[VLM Debug] Step 12 Reward: 0.2788
[VLM Debug] Step 50 Reward: 0.2910
[VLM Debug] Step 4 Reward: 0.2791
[VLM Debug] Step 6 Reward: 0.2812
[VLM Debug] Step 14 Reward: 0.2817
[VLM Debug] Step 52 Reward: 0.2910
[VLM Debug] Step 6 Reward: 0.2788
[VLM Debug] Step 8 Reward: 0.2812
[VLM Debug] Step 16 Reward: 0.2817
[VLM Debug] Step 54 Reward: 0.2900
[VLM Debug] Step 8 Reward: 0.2805
[VLM Debug] Step 10 Reward: 0.2817
[VLM Debug] Step 18 Reward: 0.2812
[VLM Debug] Step 56 Reward: 0.2876
[VLM Debug] Step 10 Reward: 0.2778
[VLM Debug] Step 12 Reward: 0.2817
[VLM Debug] Step 20 Reward: 0.2812
[VLM Debug] Step 58 Reward: 0.2920
[VLM Debug] Step 12 Reward: 0.2805
[VLM Debug] Step 14 Reward: 0.2856
[VLM Debug] Step 22 Reward: 0.2812
[VLM Debug] Step 60 Reward: 0.2871
[VLM Debug] Step 14 Reward: 0.2778
[VLM Debug] Step 16 Reward: 0.2844
[VLM Debug] Step 24 Reward: 0.2793
[VLM Debug] Step 62 Reward: 0.2947
[VLM Debug] Step 16 Reward: 0.2764
[VLM Debug] Step 18 Reward: 0.2812
[VLM Debug] Step 26 Reward: 0.2805
[VLM Debug] Step 64 Reward: 0.2932
[VLM Debug] Step 18 Reward: 0.2803
[VLM Debug] Step 20 Reward: 0.2812
[VLM Debug] Step 28 Reward: 0.2793
[VLM Debug] Step 66 Reward: 0.2908
[VLM Debug] Step 20 Reward: 0.2832
[VLM Debug] Step 22 Reward: 0.2808
[VLM Debug] Step 30 Reward: 0.2793
[VLM Debug] Step 68 Reward: 0.2942
[VLM Debug] Step 22 Reward: 0.2817
[VLM Debug] Step 24 Reward: 0.2798
[VLM Debug] Step 32 Reward: 0.2793
global_step=39624, episodic_return=19.674
[VLM Debug] Reset Reward Calculated: 0.2791
[VLM Debug] Step 24 Reward: 0.2842
[VLM Debug] Step 26 Reward: 0.2788
[VLM Debug] Step 34 Reward: 0.2773
[VLM Debug] Step 2 Reward: 0.2805
[VLM Debug] Step 26 Reward: 0.2825
[VLM Debug] Step 28 Reward: 0.2815
[VLM Debug] Step 36 Reward: 0.2793
[VLM Debug] Step 4 Reward: 0.2805
[VLM Debug] Step 28 Reward: 0.2866
[VLM Debug] Step 30 Reward: 0.2805
[VLM Debug] Step 38 Reward: 0.2793
[VLM Debug] Step 6 Reward: 0.2788
[VLM Debug] Step 30 Reward: 0.2903
[VLM Debug] Step 32 Reward: 0.2830
[VLM Debug] Step 40 Reward: 0.2771
[VLM Debug] Step 8 Reward: 0.2827
[VLM Debug] Step 32 Reward: 0.2903
[VLM Debug] Step 34 Reward: 0.2810
[VLM Debug] Step 42 Reward: 0.2756
[VLM Debug] Step 10 Reward: 0.2827
[VLM Debug] Step 34 Reward: 0.2952
[VLM Debug] Step 36 Reward: 0.2788
[VLM Debug] Step 44 Reward: 0.2778
[VLM Debug] Step 12 Reward: 0.2820
[VLM Debug] Step 36 Reward: 0.2944
[VLM Debug] Step 38 Reward: 0.2769
[VLM Debug] Step 46 Reward: 0.2747
[VLM Debug] Step 14 Reward: 0.2820
[VLM Debug] Step 38 Reward: 0.2964
[VLM Debug] Step 40 Reward: 0.2791
[VLM Debug] Step 48 Reward: 0.2815
[VLM Debug] Step 16 Reward: 0.2788
[VLM Debug] Step 40 Reward: 0.2888
[VLM Debug] Step 42 Reward: 0.2800
[VLM Debug] Step 50 Reward: 0.2812
[VLM Debug] Step 18 Reward: 0.2849
[VLM Debug] Step 42 Reward: 0.2871
[VLM Debug] Step 44 Reward: 0.2810
[VLM Debug] Step 52 Reward: 0.2817
[VLM Debug] Step 20 Reward: 0.2881
[VLM Debug] Step 44 Reward: 0.2905
[VLM Debug] Step 46 Reward: 0.2842
[VLM Debug] Step 54 Reward: 0.2815
[VLM Debug] Step 22 Reward: 0.2874
[VLM Debug] Step 46 Reward: 0.2834
[VLM Debug] Step 48 Reward: 0.2910
[VLM Debug] Step 56 Reward: 0.2910
[VLM Debug] Step 24 Reward: 0.2881
[VLM Debug] Step 48 Reward: 0.2954
[VLM Debug] Step 50 Reward: 0.2910
[VLM Debug] Step 58 Reward: 0.2898
[VLM Debug] Step 26 Reward: 0.2888
[VLM Debug] Step 50 Reward: 0.2922
[VLM Debug] Step 52 Reward: 0.2900
[VLM Debug] Step 60 Reward: 0.2905
global_step=39736, episodic_return=14.543
[VLM Debug] Step 28 Reward: 0.2888
[VLM Debug] Reset Reward Calculated: 0.2732
[VLM Debug] Step 54 Reward: 0.2915
[VLM Debug] Step 62 Reward: 0.2903
[VLM Debug] Step 30 Reward: 0.2844
[VLM Debug] Step 2 Reward: 0.2732
[VLM Debug] Step 56 Reward: 0.2920
[VLM Debug] Step 64 Reward: 0.2908
[VLM Debug] Step 32 Reward: 0.2849
[VLM Debug] Step 4 Reward: 0.2791
[VLM Debug] Step 58 Reward: 0.2896
[VLM Debug] Step 66 Reward: 0.2915
[VLM Debug] Step 34 Reward: 0.2844
[VLM Debug] Step 6 Reward: 0.2793
[VLM Debug] Step 60 Reward: 0.2856
[VLM Debug] Step 68 Reward: 0.2900
[VLM Debug] Step 36 Reward: 0.2874
[VLM Debug] Step 8 Reward: 0.2805
[VLM Debug] Step 62 Reward: 0.2913
[VLM Debug] Step 70 Reward: 0.2869
[VLM Debug] Step 38 Reward: 0.2844
[VLM Debug] Step 10 Reward: 0.2805
[VLM Debug] Step 64 Reward: 0.2834
[VLM Debug] Step 72 Reward: 0.2881
[VLM Debug] Step 40 Reward: 0.2839
[VLM Debug] Step 12 Reward: 0.2793
[VLM Debug] Step 66 Reward: 0.2942
[VLM Debug] Step 74 Reward: 0.2856
[VLM Debug] Step 42 Reward: 0.2849
[VLM Debug] Step 14 Reward: 0.2817
[VLM Debug] Step 68 Reward: 0.2908
[VLM Debug] Step 76 Reward: 0.2976
[VLM Debug] Step 44 Reward: 0.2852
[VLM Debug] Step 16 Reward: 0.2798
[VLM Debug] Step 70 Reward: 0.2954
[VLM Debug] Step 78 Reward: 0.2905
[VLM Debug] Step 46 Reward: 0.2815
[VLM Debug] Step 18 Reward: 0.2734
global_step=39812, episodic_return=20.175
[VLM Debug] Reset Reward Calculated: 0.2825
[VLM Debug] Step 80 Reward: 0.2935
[VLM Debug] Step 48 Reward: 0.2795
[VLM Debug] Step 20 Reward: 0.2793
[VLM Debug] Step 2 Reward: 0.2825
[VLM Debug] Step 82 Reward: 0.2969
[VLM Debug] Step 50 Reward: 0.2825
[VLM Debug] Step 22 Reward: 0.2732
global_step=39828, episodic_return=23.500
[VLM Debug] Step 4 Reward: 0.2847
[VLM Debug] Reset Reward Calculated: 0.2820
[VLM Debug] Step 52 Reward: 0.2808
[VLM Debug] Step 24 Reward: 0.2771
[VLM Debug] Step 6 Reward: 0.2825
[VLM Debug] Step 2 Reward: 0.2842
[VLM Debug] Step 54 Reward: 0.2793
[VLM Debug] Step 26 Reward: 0.2739
[VLM Debug] Step 8 Reward: 0.2815
[VLM Debug] Step 4 Reward: 0.2822
[VLM Debug] Step 56 Reward: 0.2842
[VLM Debug] Step 28 Reward: 0.2781
[VLM Debug] Step 10 Reward: 0.2815
[VLM Debug] Step 6 Reward: 0.2812
[VLM Debug] Step 58 Reward: 0.2913
[VLM Debug] Step 30 Reward: 0.2842
[VLM Debug] Step 12 Reward: 0.2859
[VLM Debug] Step 8 Reward: 0.2812
[VLM Debug] Step 60 Reward: 0.2913
[VLM Debug] Step 32 Reward: 0.2820
[VLM Debug] Step 14 Reward: 0.2849
[VLM Debug] Step 10 Reward: 0.2805
[VLM Debug] Step 62 Reward: 0.2903
[VLM Debug] Step 34 Reward: 0.2827
[VLM Debug] Step 16 Reward: 0.2834
[VLM Debug] Step 12 Reward: 0.2822
[VLM Debug] Step 64 Reward: 0.2930
[VLM Debug] Step 36 Reward: 0.2842
[VLM Debug] Step 18 Reward: 0.2859
[VLM Debug] Step 14 Reward: 0.2839
[VLM Debug] Step 66 Reward: 0.2947
[VLM Debug] Step 38 Reward: 0.2800
[VLM Debug] Step 20 Reward: 0.2859
[VLM Debug] Step 16 Reward: 0.2839
[VLM Debug] Step 68 Reward: 0.2874
[VLM Debug] Step 40 Reward: 0.2874
[VLM Debug] Step 22 Reward: 0.2891
[VLM Debug] Step 18 Reward: 0.2854
[VLM Debug] Step 70 Reward: 0.2891
[VLM Debug] Step 42 Reward: 0.2910
[VLM Debug] Step 24 Reward: 0.2891
[VLM Debug] Step 20 Reward: 0.2822
[VLM Debug] Step 72 Reward: 0.2825
[VLM Debug] Step 44 Reward: 0.2896
[VLM Debug] Step 26 Reward: 0.2854
[VLM Debug] Step 22 Reward: 0.2866
[VLM Debug] Step 74 Reward: 0.2927
[VLM Debug] Step 46 Reward: 0.2881
[VLM Debug] Step 28 Reward: 0.2817
[VLM Debug] Step 24 Reward: 0.2881
[VLM Debug] Step 76 Reward: 0.2949
[VLM Debug] Step 48 Reward: 0.2886
[VLM Debug] Step 30 Reward: 0.2817
[VLM Debug] Step 26 Reward: 0.2852
SPS: 173
[VLM Debug] Step 78 Reward: 0.2925
[VLM Debug] Step 50 Reward: 0.2927
[VLM Debug] Step 32 Reward: 0.2832
[VLM Debug] Step 28 Reward: 0.2861
[VLM Debug] Step 80 Reward: 0.2988
[VLM Debug] Step 52 Reward: 0.2925
[VLM Debug] Step 34 Reward: 0.2808
[VLM Debug] Step 30 Reward: 0.2791
global_step=39952, episodic_return=23.158
[VLM Debug] Reset Reward Calculated: 0.2773
[VLM Debug] Step 54 Reward: 0.2908
[VLM Debug] Step 36 Reward: 0.2861
[VLM Debug] Step 32 Reward: 0.2812
[VLM Debug] Step 2 Reward: 0.2803
[VLM Debug] Step 56 Reward: 0.2852
[VLM Debug] Step 38 Reward: 0.2798
[VLM Debug] Step 34 Reward: 0.2922
[VLM Debug] Step 4 Reward: 0.2803
[VLM Debug] Step 58 Reward: 0.2856
[VLM Debug] Step 40 Reward: 0.2852
[VLM Debug] Step 36 Reward: 0.2881
[VLM Debug] Step 6 Reward: 0.2805
[VLM Debug] Step 60 Reward: 0.2898
[VLM Debug] Step 42 Reward: 0.2808
[VLM Debug] Step 38 Reward: 0.2883
[VLM Debug] Step 8 Reward: 0.2791
[VLM Debug] Step 62 Reward: 0.2930
[VLM Debug] Step 44 Reward: 0.2776
[VLM Debug] Step 40 Reward: 0.2939
[VLM Debug] Step 10 Reward: 0.2795
[VLM Debug] Step 64 Reward: 0.2976
[VLM Debug] Step 46 Reward: 0.2834
[VLM Debug] Step 42 Reward: 0.2927
[VLM Debug] Step 12 Reward: 0.2800
[VLM Debug] Step 66 Reward: 0.2952
[VLM Debug] Step 48 Reward: 0.2834
[VLM Debug] Step 44 Reward: 0.2954
[VLM Debug] Step 14 Reward: 0.2764
[VLM Debug] Step 68 Reward: 0.2935
[VLM Debug] Step 50 Reward: 0.2859
[VLM Debug] Step 46 Reward: 0.2966
[VLM Debug] Step 16 Reward: 0.2852
[VLM Debug] Step 70 Reward: 0.2976
[VLM Debug] Step 52 Reward: 0.2920
[VLM Debug] Step 48 Reward: 0.2917
global_step=40024, episodic_return=13.735
[VLM Debug] Reset Reward Calculated: 0.2798
[VLM Debug] Step 18 Reward: 0.2825
[VLM Debug] Step 72 Reward: 0.2957
global_step=40028, episodic_return=20.488
[VLM Debug] Step 54 Reward: 0.2888
[VLM Debug] Reset Reward Calculated: 0.2754
[VLM Debug] Step 2 Reward: 0.2798
[VLM Debug] Step 20 Reward: 0.2795
[VLM Debug] Step 56 Reward: 0.2920
[VLM Debug] Step 2 Reward: 0.2769
[VLM Debug] Step 4 Reward: 0.2786
[VLM Debug] Step 22 Reward: 0.2842
[VLM Debug] Step 58 Reward: 0.2947
[VLM Debug] Step 4 Reward: 0.2769
[VLM Debug] Step 6 Reward: 0.2786
[VLM Debug] Step 24 Reward: 0.2893
[VLM Debug] Step 60 Reward: 0.2903
[VLM Debug] Step 6 Reward: 0.2761
[VLM Debug] Step 8 Reward: 0.2830
[VLM Debug] Step 26 Reward: 0.2905
[VLM Debug] Step 62 Reward: 0.2927
[VLM Debug] Step 8 Reward: 0.2742
[VLM Debug] Step 10 Reward: 0.2800
[VLM Debug] Step 28 Reward: 0.2908
[VLM Debug] Step 64 Reward: 0.2839
[VLM Debug] Step 10 Reward: 0.2742
[VLM Debug] Step 12 Reward: 0.2822
[VLM Debug] Step 30 Reward: 0.2896
[VLM Debug] Step 66 Reward: 0.2834
[VLM Debug] Step 12 Reward: 0.2771
[VLM Debug] Step 14 Reward: 0.2773
[VLM Debug] Step 32 Reward: 0.2910
[VLM Debug] Step 68 Reward: 0.2930
[VLM Debug] Step 14 Reward: 0.2761
[VLM Debug] Step 16 Reward: 0.2756
[VLM Debug] Step 34 Reward: 0.2922
[VLM Debug] Step 70 Reward: 0.2910
[VLM Debug] Step 16 Reward: 0.2803
global_step=40096, episodic_return=19.979
[VLM Debug] Reset Reward Calculated: 0.2744
[VLM Debug] Step 18 Reward: 0.2756
[VLM Debug] Step 36 Reward: 0.2893
[VLM Debug] Step 18 Reward: 0.2803
[VLM Debug] Step 2 Reward: 0.2744
[VLM Debug] Step 20 Reward: 0.2781
[VLM Debug] Step 38 Reward: 0.2871
[VLM Debug] Step 20 Reward: 0.2756
[VLM Debug] Step 4 Reward: 0.2744
[VLM Debug] Step 22 Reward: 0.2764
[VLM Debug] Step 40 Reward: 0.2891
[VLM Debug] Step 22 Reward: 0.2756
[VLM Debug] Step 6 Reward: 0.2791
[VLM Debug] Step 24 Reward: 0.2815
[VLM Debug] Step 42 Reward: 0.2849
[VLM Debug] Step 24 Reward: 0.2756
[VLM Debug] Step 8 Reward: 0.2791
[VLM Debug] Step 26 Reward: 0.2812
[VLM Debug] Step 44 Reward: 0.2947
[VLM Debug] Step 26 Reward: 0.2781
[VLM Debug] Step 10 Reward: 0.2791
[VLM Debug] Step 28 Reward: 0.2810
[VLM Debug] Step 46 Reward: 0.2944
[VLM Debug] Step 28 Reward: 0.2781
[VLM Debug] Step 12 Reward: 0.2791
[VLM Debug] Step 30 Reward: 0.2842
[VLM Debug] Step 48 Reward: 0.2908
[VLM Debug] Step 30 Reward: 0.2810
[VLM Debug] Step 14 Reward: 0.2791
[VLM Debug] Step 32 Reward: 0.2844
[VLM Debug] Step 50 Reward: 0.2952
global_step=40156, episodic_return=14.295
[VLM Debug] Reset Reward Calculated: 0.2693
[VLM Debug] Step 32 Reward: 0.2810
[VLM Debug] Step 16 Reward: 0.2793
[VLM Debug] Step 34 Reward: 0.2913
[VLM Debug] Step 2 Reward: 0.2659
[VLM Debug] Step 34 Reward: 0.2852
[VLM Debug] Step 18 Reward: 0.2793
[VLM Debug] Step 36 Reward: 0.2915
[VLM Debug] Step 4 Reward: 0.2737
[VLM Debug] Step 36 Reward: 0.2854
[VLM Debug] Step 20 Reward: 0.2793
[VLM Debug] Step 38 Reward: 0.2900
[VLM Debug] Step 6 Reward: 0.2737
[VLM Debug] Step 38 Reward: 0.2817
[VLM Debug] Step 22 Reward: 0.2812
[VLM Debug] Step 40 Reward: 0.2944
[VLM Debug] Step 8 Reward: 0.2676
[VLM Debug] Step 40 Reward: 0.2844
[VLM Debug] Step 24 Reward: 0.2812
[VLM Debug] Step 42 Reward: 0.2925
[VLM Debug] Step 10 Reward: 0.2676
[VLM Debug] Step 42 Reward: 0.2881
[VLM Debug] Step 26 Reward: 0.2817
[VLM Debug] Step 44 Reward: 0.2888
[VLM Debug] Step 12 Reward: 0.2734
[VLM Debug] Step 44 Reward: 0.2905
[VLM Debug] Step 28 Reward: 0.2812
[VLM Debug] Step 46 Reward: 0.2871
[VLM Debug] Step 14 Reward: 0.2734
[VLM Debug] Step 46 Reward: 0.2903
[VLM Debug] Step 30 Reward: 0.2827
[VLM Debug] Step 48 Reward: 0.2905
[VLM Debug] Step 16 Reward: 0.2725
[VLM Debug] Step 48 Reward: 0.2908
[VLM Debug] Step 32 Reward: 0.2842
[VLM Debug] Step 50 Reward: 0.2864
[VLM Debug] Step 18 Reward: 0.2734
[VLM Debug] Step 50 Reward: 0.2927
[VLM Debug] Step 34 Reward: 0.2803
[VLM Debug] Step 52 Reward: 0.2952
[VLM Debug] Step 20 Reward: 0.2769
[VLM Debug] Step 52 Reward: 0.2930
[VLM Debug] Step 36 Reward: 0.2803
[VLM Debug] Step 54 Reward: 0.2922
[VLM Debug] Step 22 Reward: 0.2793
[VLM Debug] Step 54 Reward: 0.2942
[VLM Debug] Step 38 Reward: 0.2815
[VLM Debug] Step 56 Reward: 0.2949
global_step=40252, episodic_return=15.930
[VLM Debug] Reset Reward Calculated: 0.2800
[VLM Debug] Step 24 Reward: 0.2773
[VLM Debug] Step 56 Reward: 0.2910
[VLM Debug] Step 40 Reward: 0.2815
[VLM Debug] Step 2 Reward: 0.2805
[VLM Debug] Step 26 Reward: 0.2773
[VLM Debug] Step 58 Reward: 0.2883
[VLM Debug] Step 42 Reward: 0.2805
[VLM Debug] Step 4 Reward: 0.2800
[VLM Debug] Step 28 Reward: 0.2771
[VLM Debug] Step 60 Reward: 0.2871
[VLM Debug] Step 44 Reward: 0.2830
[VLM Debug] Step 6 Reward: 0.2800
[VLM Debug] Step 30 Reward: 0.2803
[VLM Debug] Step 62 Reward: 0.2856
[VLM Debug] Step 46 Reward: 0.2800
[VLM Debug] Step 8 Reward: 0.2773
[VLM Debug] Step 32 Reward: 0.2756
[VLM Debug] Step 64 Reward: 0.2979
[VLM Debug] Step 48 Reward: 0.2805
[VLM Debug] Step 10 Reward: 0.2773
[VLM Debug] Step 34 Reward: 0.2778
[VLM Debug] Step 66 Reward: 0.2942
[VLM Debug] Step 50 Reward: 0.2786
[VLM Debug] Step 12 Reward: 0.2756
[VLM Debug] Step 36 Reward: 0.2778
[VLM Debug] Step 68 Reward: 0.2935
[VLM Debug] Step 52 Reward: 0.2842
[VLM Debug] Step 14 Reward: 0.2778
[VLM Debug] Step 38 Reward: 0.2764
[VLM Debug] Step 70 Reward: 0.2969
[VLM Debug] Step 54 Reward: 0.2800
global_step=40316, episodic_return=20.171
[VLM Debug] Step 16 Reward: 0.2810
[VLM Debug] Step 40 Reward: 0.2812
[VLM Debug] Reset Reward Calculated: 0.2847
[VLM Debug] Step 56 Reward: 0.2844
[VLM Debug] Step 18 Reward: 0.2773
[VLM Debug] Step 42 Reward: 0.2800
[VLM Debug] Step 2 Reward: 0.2825
[VLM Debug] Step 58 Reward: 0.2881
[VLM Debug] Step 20 Reward: 0.2852
[VLM Debug] Step 44 Reward: 0.2812
[VLM Debug] Step 4 Reward: 0.2834
[VLM Debug] Step 60 Reward: 0.2922
[VLM Debug] Step 22 Reward: 0.2854
[VLM Debug] Step 46 Reward: 0.2817
[VLM Debug] Step 6 Reward: 0.2791
[VLM Debug] Step 62 Reward: 0.2913
[VLM Debug] Step 24 Reward: 0.2817
[VLM Debug] Step 48 Reward: 0.2859
[VLM Debug] Step 8 Reward: 0.2805
[VLM Debug] Step 64 Reward: 0.2900
[VLM Debug] Step 26 Reward: 0.2825
[VLM Debug] Step 50 Reward: 0.2905
[VLM Debug] Step 10 Reward: 0.2788
[VLM Debug] Step 66 Reward: 0.2910
[VLM Debug] Step 28 Reward: 0.2927
[VLM Debug] Step 52 Reward: 0.2908
[VLM Debug] Step 12 Reward: 0.2830
[VLM Debug] Step 68 Reward: 0.2920
[VLM Debug] Step 30 Reward: 0.2905
[VLM Debug] Step 54 Reward: 0.2908
[VLM Debug] Step 14 Reward: 0.2812
[VLM Debug] Step 70 Reward: 0.2910
[VLM Debug] Step 32 Reward: 0.2908
[VLM Debug] Step 56 Reward: 0.2944
[VLM Debug] Step 16 Reward: 0.2822
[VLM Debug] Step 72 Reward: 0.2878
[VLM Debug] Step 34 Reward: 0.2903
[VLM Debug] Step 58 Reward: 0.2937
[VLM Debug] Step 18 Reward: 0.2822
[VLM Debug] Step 74 Reward: 0.2871
[VLM Debug] Step 36 Reward: 0.2935
[VLM Debug] Step 60 Reward: 0.2888
[VLM Debug] Step 20 Reward: 0.2844
[VLM Debug] Step 76 Reward: 0.2847
[VLM Debug] Step 38 Reward: 0.2927
[VLM Debug] Step 62 Reward: 0.2871
[VLM Debug] Step 22 Reward: 0.2859
[VLM Debug] Step 78 Reward: 0.2949
[VLM Debug] Step 40 Reward: 0.2896
[VLM Debug] Step 64 Reward: 0.2905
[VLM Debug] Step 24 Reward: 0.2896
[VLM Debug] Step 80 Reward: 0.2964
[VLM Debug] Step 42 Reward: 0.2871
[VLM Debug] Step 66 Reward: 0.2834
[VLM Debug] Step 26 Reward: 0.2891
[VLM Debug] Step 82 Reward: 0.2959
global_step=40428, episodic_return=23.242
[VLM Debug] Reset Reward Calculated: 0.2812
[VLM Debug] Step 44 Reward: 0.2903
[VLM Debug] Step 68 Reward: 0.2954
[VLM Debug] Step 28 Reward: 0.2888
[VLM Debug] Step 2 Reward: 0.2817
[VLM Debug] Step 46 Reward: 0.2839
[VLM Debug] Step 70 Reward: 0.2922
[VLM Debug] Step 30 Reward: 0.2888
[VLM Debug] Step 4 Reward: 0.2817
[VLM Debug] Step 48 Reward: 0.2927
[VLM Debug] Step 72 Reward: 0.2949
[VLM Debug] Step 32 Reward: 0.2869
global_step=40448, episodic_return=20.214
SPS: 173
[VLM Debug] Reset Reward Calculated: 0.2810
[VLM Debug] Step 6 Reward: 0.2844
[VLM Debug] Step 50 Reward: 0.2915
[VLM Debug] Step 34 Reward: 0.2888
[VLM Debug] Step 2 Reward: 0.2842
[VLM Debug] Step 8 Reward: 0.2856
[VLM Debug] Step 52 Reward: 0.2920
[VLM Debug] Step 36 Reward: 0.2859
[VLM Debug] Step 4 Reward: 0.2820
[VLM Debug] Step 10 Reward: 0.2854
[VLM Debug] Step 54 Reward: 0.2983
[VLM Debug] Step 38 Reward: 0.2859
global_step=40472, episodic_return=15.417
[VLM Debug] Reset Reward Calculated: 0.2737
[VLM Debug] Step 6 Reward: 0.2810
[VLM Debug] Step 12 Reward: 0.2844
[VLM Debug] Step 40 Reward: 0.2859
[VLM Debug] Step 2 Reward: 0.2661
[VLM Debug] Step 8 Reward: 0.2820
[VLM Debug] Step 14 Reward: 0.2795
[VLM Debug] Step 42 Reward: 0.2874
[VLM Debug] Step 4 Reward: 0.2769
[VLM Debug] Step 10 Reward: 0.2844
[VLM Debug] Step 16 Reward: 0.2815
[VLM Debug] Step 44 Reward: 0.2881
[VLM Debug] Step 6 Reward: 0.2761
[VLM Debug] Step 12 Reward: 0.2827
[VLM Debug] Step 18 Reward: 0.2776
[VLM Debug] Step 46 Reward: 0.2869
[VLM Debug] Step 8 Reward: 0.2761
[VLM Debug] Step 14 Reward: 0.2827
[VLM Debug] Step 20 Reward: 0.2798
[VLM Debug] Step 48 Reward: 0.2864
[VLM Debug] Step 10 Reward: 0.2742
[VLM Debug] Step 16 Reward: 0.2756
[VLM Debug] Step 22 Reward: 0.2805
[VLM Debug] Step 50 Reward: 0.2871
[VLM Debug] Step 12 Reward: 0.2766
[VLM Debug] Step 18 Reward: 0.2876
[VLM Debug] Step 24 Reward: 0.2825
[VLM Debug] Step 52 Reward: 0.2891
[VLM Debug] Step 14 Reward: 0.2756
[VLM Debug] Step 20 Reward: 0.2917
[VLM Debug] Step 26 Reward: 0.2776
[VLM Debug] Step 54 Reward: 0.2837
[VLM Debug] Step 16 Reward: 0.2788
[VLM Debug] Step 22 Reward: 0.2893
[VLM Debug] Step 28 Reward: 0.2844
[VLM Debug] Step 56 Reward: 0.2886
[VLM Debug] Step 18 Reward: 0.2778
[VLM Debug] Step 24 Reward: 0.2886
[VLM Debug] Step 30 Reward: 0.2788
[VLM Debug] Step 58 Reward: 0.2849
[VLM Debug] Step 20 Reward: 0.2805
[VLM Debug] Step 26 Reward: 0.2898
[VLM Debug] Step 32 Reward: 0.2830
[VLM Debug] Step 60 Reward: 0.2866
[VLM Debug] Step 22 Reward: 0.2778
[VLM Debug] Step 28 Reward: 0.2874
[VLM Debug] Step 34 Reward: 0.2856
[VLM Debug] Step 62 Reward: 0.2795
[VLM Debug] Step 24 Reward: 0.2764
[VLM Debug] Step 30 Reward: 0.2898
[VLM Debug] Step 36 Reward: 0.2920
[VLM Debug] Step 64 Reward: 0.2812
[VLM Debug] Step 26 Reward: 0.2803
[VLM Debug] Step 32 Reward: 0.2927
[VLM Debug] Step 38 Reward: 0.2927
[VLM Debug] Step 66 Reward: 0.2922
[VLM Debug] Step 28 Reward: 0.2837
[VLM Debug] Step 34 Reward: 0.2925
[VLM Debug] Step 40 Reward: 0.2944
[VLM Debug] Step 68 Reward: 0.2881
[VLM Debug] Step 30 Reward: 0.2778
[VLM Debug] Step 36 Reward: 0.2910
[VLM Debug] Step 42 Reward: 0.2964
[VLM Debug] Step 70 Reward: 0.2900
[VLM Debug] Step 32 Reward: 0.2834
[VLM Debug] Step 38 Reward: 0.2913
[VLM Debug] Step 44 Reward: 0.2891
[VLM Debug] Step 72 Reward: 0.2905
[VLM Debug] Step 34 Reward: 0.2866
[VLM Debug] Step 40 Reward: 0.2878
[VLM Debug] Step 46 Reward: 0.2881
[VLM Debug] Step 74 Reward: 0.2932
[VLM Debug] Step 36 Reward: 0.2864
[VLM Debug] Step 42 Reward: 0.2891
[VLM Debug] Step 48 Reward: 0.2847
[VLM Debug] Step 76 Reward: 0.2974
[VLM Debug] Step 38 Reward: 0.2922
[VLM Debug] Step 44 Reward: 0.2856
[VLM Debug] Step 50 Reward: 0.2874
[VLM Debug] Step 78 Reward: 0.2937
[VLM Debug] Step 40 Reward: 0.2903
[VLM Debug] Step 46 Reward: 0.2932
[VLM Debug] Step 52 Reward: 0.2944
[VLM Debug] Step 80 Reward: 0.2842
[VLM Debug] Step 42 Reward: 0.2944
[VLM Debug] Step 48 Reward: 0.2944
global_step=40644, episodic_return=23.188
[VLM Debug] Step 54 Reward: 0.2905
[VLM Debug] Reset Reward Calculated: 0.2817
[VLM Debug] Step 44 Reward: 0.2952
[VLM Debug] Step 50 Reward: 0.2917
global_step=40652, episodic_return=15.689
[VLM Debug] Reset Reward Calculated: 0.2795
[VLM Debug] Step 2 Reward: 0.2837
[VLM Debug] Step 46 Reward: 0.2937
[VLM Debug] Step 52 Reward: 0.2979
[VLM Debug] Step 2 Reward: 0.2798
[VLM Debug] Step 4 Reward: 0.2856
global_step=40664, episodic_return=15.253
[VLM Debug] Step 48 Reward: 0.2910
[VLM Debug] Reset Reward Calculated: 0.2805
[VLM Debug] Step 4 Reward: 0.2817
[VLM Debug] Step 6 Reward: 0.2856
[VLM Debug] Step 50 Reward: 0.2937
[VLM Debug] Step 2 Reward: 0.2808
[VLM Debug] Step 6 Reward: 0.2803
[VLM Debug] Step 8 Reward: 0.2812
[VLM Debug] Step 52 Reward: 0.2861
[VLM Debug] Step 4 Reward: 0.2798
[VLM Debug] Step 8 Reward: 0.2822
[VLM Debug] Step 10 Reward: 0.2812
[VLM Debug] Step 54 Reward: 0.2856
[VLM Debug] Step 6 Reward: 0.2798
[VLM Debug] Step 10 Reward: 0.2834
[VLM Debug] Step 12 Reward: 0.2803
[VLM Debug] Step 56 Reward: 0.2957
[VLM Debug] Step 8 Reward: 0.2815
global_step=40700, episodic_return=15.836
[VLM Debug] Step 12 Reward: 0.2834
[VLM Debug] Reset Reward Calculated: 0.2773
[VLM Debug] Step 14 Reward: 0.2815
[VLM Debug] Step 10 Reward: 0.2805
[VLM Debug] Step 14 Reward: 0.2832
[VLM Debug] Step 2 Reward: 0.2800
[VLM Debug] Step 16 Reward: 0.2815
[VLM Debug] Step 12 Reward: 0.2800
[VLM Debug] Step 16 Reward: 0.2852
[VLM Debug] Step 4 Reward: 0.2793
[VLM Debug] Step 18 Reward: 0.2793
[VLM Debug] Step 14 Reward: 0.2791
[VLM Debug] Step 18 Reward: 0.2798
[VLM Debug] Step 6 Reward: 0.2793
[VLM Debug] Step 20 Reward: 0.2798
[VLM Debug] Step 16 Reward: 0.2803
[VLM Debug] Step 20 Reward: 0.2798
[VLM Debug] Step 8 Reward: 0.2771
[VLM Debug] Step 22 Reward: 0.2805
[VLM Debug] Step 18 Reward: 0.2771
[VLM Debug] Step 22 Reward: 0.2781
[VLM Debug] Step 10 Reward: 0.2732
[VLM Debug] Step 24 Reward: 0.2808
[VLM Debug] Step 20 Reward: 0.2798
[VLM Debug] Step 24 Reward: 0.2832
[VLM Debug] Step 12 Reward: 0.2771
[VLM Debug] Step 26 Reward: 0.2769
[VLM Debug] Step 22 Reward: 0.2815
[VLM Debug] Step 26 Reward: 0.2761
[VLM Debug] Step 14 Reward: 0.2742
[VLM Debug] Step 28 Reward: 0.2832
[VLM Debug] Step 24 Reward: 0.2800
[VLM Debug] Step 28 Reward: 0.2817
[VLM Debug] Step 16 Reward: 0.2739
[VLM Debug] Step 30 Reward: 0.2800
[VLM Debug] Step 26 Reward: 0.2810
[VLM Debug] Step 30 Reward: 0.2822
[VLM Debug] Step 18 Reward: 0.2820
[VLM Debug] Step 32 Reward: 0.2800
[VLM Debug] Step 28 Reward: 0.2842
[VLM Debug] Step 32 Reward: 0.2849
[VLM Debug] Step 20 Reward: 0.2844
[VLM Debug] Step 34 Reward: 0.2927
[VLM Debug] Step 30 Reward: 0.2905
[VLM Debug] Step 34 Reward: 0.2896
[VLM Debug] Step 22 Reward: 0.2842
[VLM Debug] Step 36 Reward: 0.2898
[VLM Debug] Step 32 Reward: 0.2903
[VLM Debug] Step 36 Reward: 0.2854
[VLM Debug] Step 24 Reward: 0.2820
[VLM Debug] Step 38 Reward: 0.2908
[VLM Debug] Step 34 Reward: 0.2917
[VLM Debug] Step 38 Reward: 0.2944
[VLM Debug] Step 26 Reward: 0.2830
[VLM Debug] Step 40 Reward: 0.2910
[VLM Debug] Step 36 Reward: 0.2932
[VLM Debug] Step 40 Reward: 0.2964
[VLM Debug] Step 28 Reward: 0.2781
[VLM Debug] Step 42 Reward: 0.2917
[VLM Debug] Step 38 Reward: 0.2930
[VLM Debug] Step 42 Reward: 0.2959
[VLM Debug] Step 30 Reward: 0.2820
[VLM Debug] Step 44 Reward: 0.2917
[VLM Debug] Step 40 Reward: 0.2905
[VLM Debug] Step 44 Reward: 0.2957
[VLM Debug] Step 32 Reward: 0.2832
[VLM Debug] Step 46 Reward: 0.2849
[VLM Debug] Step 42 Reward: 0.2927
[VLM Debug] Step 46 Reward: 0.2952
[VLM Debug] Step 34 Reward: 0.2910
[VLM Debug] Step 48 Reward: 0.2866
[VLM Debug] Step 44 Reward: 0.2910
[VLM Debug] Step 48 Reward: 0.2871
[VLM Debug] Step 36 Reward: 0.2896
[VLM Debug] Step 50 Reward: 0.2876
[VLM Debug] Step 46 Reward: 0.2871
[VLM Debug] Step 50 Reward: 0.2844
[VLM Debug] Step 38 Reward: 0.2883
[VLM Debug] Step 52 Reward: 0.2935
[VLM Debug] Step 48 Reward: 0.2834
global_step=40860, episodic_return=14.538
[VLM Debug] Reset Reward Calculated: 0.2734
[VLM Debug] Step 40 Reward: 0.2896
[VLM Debug] Step 54 Reward: 0.2930
[VLM Debug] Step 50 Reward: 0.2930
[VLM Debug] Step 2 Reward: 0.2734
[VLM Debug] Step 42 Reward: 0.2915
[VLM Debug] Step 56 Reward: 0.2920
[VLM Debug] Step 52 Reward: 0.2905
[VLM Debug] Step 4 Reward: 0.2754
[VLM Debug] Step 44 Reward: 0.2920
[VLM Debug] Step 58 Reward: 0.2981
global_step=40880, episodic_return=15.105
[VLM Debug] Reset Reward Calculated: 0.2803
global_step=40884, episodic_return=16.851
[VLM Debug] Step 6 Reward: 0.2793
[VLM Debug] Step 46 Reward: 0.2903
[VLM Debug] Reset Reward Calculated: 0.2747
[VLM Debug] Step 2 Reward: 0.2803
[VLM Debug] Step 8 Reward: 0.2793
[VLM Debug] Step 48 Reward: 0.2864
[VLM Debug] Step 2 Reward: 0.2686
[VLM Debug] Step 4 Reward: 0.2820
[VLM Debug] Step 10 Reward: 0.2800
[VLM Debug] Step 50 Reward: 0.2869
[VLM Debug] Step 4 Reward: 0.2747
[VLM Debug] Step 6 Reward: 0.2791
[VLM Debug] Step 12 Reward: 0.2798
[VLM Debug] Step 52 Reward: 0.2874
[VLM Debug] Step 6 Reward: 0.2686
[VLM Debug] Step 8 Reward: 0.2791
[VLM Debug] Step 14 Reward: 0.2795
[VLM Debug] Step 54 Reward: 0.2930
[VLM Debug] Step 8 Reward: 0.2732
[VLM Debug] Step 10 Reward: 0.2805
[VLM Debug] Step 16 Reward: 0.2805
[VLM Debug] Step 56 Reward: 0.2952
[VLM Debug] Step 10 Reward: 0.2732
[VLM Debug] Step 12 Reward: 0.2805
[VLM Debug] Step 18 Reward: 0.2820
[VLM Debug] Step 58 Reward: 0.2932
[VLM Debug] Step 12 Reward: 0.2732
[VLM Debug] Step 14 Reward: 0.2817
[VLM Debug] Step 20 Reward: 0.2791
[VLM Debug] Step 60 Reward: 0.2944
[VLM Debug] Step 14 Reward: 0.2732
[VLM Debug] Step 16 Reward: 0.2764
global_step=40948, episodic_return=17.360
[VLM Debug] Step 22 Reward: 0.2749
[VLM Debug] Reset Reward Calculated: 0.2842
[VLM Debug] Step 16 Reward: 0.2686
[VLM Debug] Step 18 Reward: 0.2764
[VLM Debug] Step 24 Reward: 0.2808
[VLM Debug] Step 2 Reward: 0.2842
[VLM Debug] Step 18 Reward: 0.2686
SPS: 173
[VLM Debug] Step 20 Reward: 0.2798
[VLM Debug] Step 26 Reward: 0.2810
[VLM Debug] Step 4 Reward: 0.2842
[VLM Debug] Step 20 Reward: 0.2742
[VLM Debug] Step 22 Reward: 0.2798
[VLM Debug] Step 28 Reward: 0.2793
[VLM Debug] Step 6 Reward: 0.2837
[VLM Debug] Step 22 Reward: 0.2781
[VLM Debug] Step 24 Reward: 0.2803
[VLM Debug] Step 30 Reward: 0.2854
[VLM Debug] Step 8 Reward: 0.2812
[VLM Debug] Step 24 Reward: 0.2761
[VLM Debug] Step 26 Reward: 0.2812
[VLM Debug] Step 32 Reward: 0.2839
[VLM Debug] Step 10 Reward: 0.2817
[VLM Debug] Step 26 Reward: 0.2788
[VLM Debug] Step 28 Reward: 0.2812
[VLM Debug] Step 34 Reward: 0.2913
[VLM Debug] Step 12 Reward: 0.2832
[VLM Debug] Step 28 Reward: 0.2788
[VLM Debug] Step 30 Reward: 0.2839
[VLM Debug] Step 36 Reward: 0.2908
[VLM Debug] Step 14 Reward: 0.2839
[VLM Debug] Step 30 Reward: 0.2800
[VLM Debug] Step 32 Reward: 0.2859
[VLM Debug] Step 38 Reward: 0.2888
[VLM Debug] Step 16 Reward: 0.2844
[VLM Debug] Step 32 Reward: 0.2800
[VLM Debug] Step 34 Reward: 0.2859
[VLM Debug] Step 40 Reward: 0.2935
[VLM Debug] Step 18 Reward: 0.2832
[VLM Debug] Step 34 Reward: 0.2810
[VLM Debug] Step 36 Reward: 0.2856
[VLM Debug] Step 42 Reward: 0.2927
[VLM Debug] Step 20 Reward: 0.2815
[VLM Debug] Step 36 Reward: 0.2827
[VLM Debug] Step 38 Reward: 0.2866
[VLM Debug] Step 44 Reward: 0.2896
[VLM Debug] Step 22 Reward: 0.2786
[VLM Debug] Step 38 Reward: 0.2820
[VLM Debug] Step 40 Reward: 0.2844
[VLM Debug] Step 46 Reward: 0.2883
[VLM Debug] Step 24 Reward: 0.2822
[VLM Debug] Step 40 Reward: 0.2822
[VLM Debug] Step 42 Reward: 0.2874
[VLM Debug] Step 48 Reward: 0.2883
[VLM Debug] Step 26 Reward: 0.2788
[VLM Debug] Step 42 Reward: 0.2827
[VLM Debug] Step 44 Reward: 0.2825
[VLM Debug] Step 50 Reward: 0.2834
[VLM Debug] Step 28 Reward: 0.2776
[VLM Debug] Step 44 Reward: 0.2839
[VLM Debug] Step 46 Reward: 0.2817
[VLM Debug] Step 52 Reward: 0.2942
[VLM Debug] Step 30 Reward: 0.2812
[VLM Debug] Step 46 Reward: 0.2871
[VLM Debug] Step 48 Reward: 0.2837
[VLM Debug] Step 54 Reward: 0.2908
[VLM Debug] Step 32 Reward: 0.2834
[VLM Debug] Step 48 Reward: 0.2874
[VLM Debug] Step 50 Reward: 0.2822
[VLM Debug] Step 56 Reward: 0.2944
[VLM Debug] Step 34 Reward: 0.2886
[VLM Debug] Step 50 Reward: 0.2891
[VLM Debug] Step 52 Reward: 0.2864
global_step=41092, episodic_return=16.193
[VLM Debug] Reset Reward Calculated: 0.2847
[VLM Debug] Step 36 Reward: 0.2869
[VLM Debug] Step 52 Reward: 0.2886
[VLM Debug] Step 54 Reward: 0.2834
[VLM Debug] Step 2 Reward: 0.2817
[VLM Debug] Step 38 Reward: 0.2900
[VLM Debug] Step 54 Reward: 0.2891
[VLM Debug] Step 56 Reward: 0.2869
[VLM Debug] Step 4 Reward: 0.2842
[VLM Debug] Step 40 Reward: 0.2942
[VLM Debug] Step 56 Reward: 0.2891
[VLM Debug] Step 58 Reward: 0.2786
[VLM Debug] Step 6 Reward: 0.2842
[VLM Debug] Step 42 Reward: 0.2976
[VLM Debug] Step 58 Reward: 0.2881
[VLM Debug] Step 60 Reward: 0.2849
[VLM Debug] Step 8 Reward: 0.2832
[VLM Debug] Step 44 Reward: 0.2964
[VLM Debug] Step 60 Reward: 0.2839
[VLM Debug] Step 62 Reward: 0.2815
[VLM Debug] Step 10 Reward: 0.2842
[VLM Debug] Step 46 Reward: 0.2935
[VLM Debug] Step 62 Reward: 0.2900
[VLM Debug] Step 64 Reward: 0.2900
[VLM Debug] Step 12 Reward: 0.2822
[VLM Debug] Step 48 Reward: 0.2866
[VLM Debug] Step 64 Reward: 0.2864
[VLM Debug] Step 66 Reward: 0.2893
[VLM Debug] Step 14 Reward: 0.2822
[VLM Debug] Step 50 Reward: 0.2822
[VLM Debug] Step 66 Reward: 0.2837
[VLM Debug] Step 68 Reward: 0.2905
[VLM Debug] Step 16 Reward: 0.2856
[VLM Debug] Step 52 Reward: 0.2954
[VLM Debug] Step 68 Reward: 0.2893
global_step=41160, episodic_return=14.838
[VLM Debug] Reset Reward Calculated: 0.2803
[VLM Debug] Step 70 Reward: 0.2920
[VLM Debug] Step 18 Reward: 0.2812
[VLM Debug] Step 70 Reward: 0.2898
[VLM Debug] Step 2 Reward: 0.2803
[VLM Debug] Step 72 Reward: 0.2925
[VLM Debug] Step 20 Reward: 0.2817
[VLM Debug] Step 72 Reward: 0.2922
[VLM Debug] Step 4 Reward: 0.2803
[VLM Debug] Step 74 Reward: 0.2969
[VLM Debug] Step 22 Reward: 0.2815
[VLM Debug] Step 74 Reward: 0.2908
[VLM Debug] Step 6 Reward: 0.2803
[VLM Debug] Step 76 Reward: 0.2937
[VLM Debug] Step 24 Reward: 0.2805
[VLM Debug] Step 76 Reward: 0.2986
[VLM Debug] Step 8 Reward: 0.2815
[VLM Debug] Step 78 Reward: 0.2847
[VLM Debug] Step 26 Reward: 0.2830
[VLM Debug] Step 78 Reward: 0.2937
global_step=41200, episodic_return=22.439
[VLM Debug] Step 10 Reward: 0.2815
[VLM Debug] Reset Reward Calculated: 0.2849
[VLM Debug] Step 28 Reward: 0.2788
[VLM Debug] Step 80 Reward: 0.2957
[VLM Debug] Step 12 Reward: 0.2876
[VLM Debug] Step 2 Reward: 0.2822
[VLM Debug] Step 30 Reward: 0.2776
[VLM Debug] Step 82 Reward: 0.2974
[VLM Debug] Step 14 Reward: 0.2891
[VLM Debug] Step 4 Reward: 0.2822
[VLM Debug] Step 32 Reward: 0.2808
[VLM Debug] Step 84 Reward: 0.2998
[VLM Debug] Step 16 Reward: 0.2861
[VLM Debug] Step 6 Reward: 0.2812
global_step=41228, episodic_return=24.058
[VLM Debug] Step 34 Reward: 0.2815
[VLM Debug] Reset Reward Calculated: 0.2791
[VLM Debug] Step 18 Reward: 0.2825
[VLM Debug] Step 8 Reward: 0.2812
[VLM Debug] Step 36 Reward: 0.2812
[VLM Debug] Step 2 Reward: 0.2798
[VLM Debug] Step 20 Reward: 0.2817
[VLM Debug] Step 10 Reward: 0.2832
[VLM Debug] Step 38 Reward: 0.2825
[VLM Debug] Step 4 Reward: 0.2793
[VLM Debug] Step 22 Reward: 0.2849
[VLM Debug] Step 12 Reward: 0.2854
[VLM Debug] Step 40 Reward: 0.2913
[VLM Debug] Step 6 Reward: 0.2798
[VLM Debug] Step 24 Reward: 0.2852
[VLM Debug] Step 14 Reward: 0.2832
[VLM Debug] Step 42 Reward: 0.2910
[VLM Debug] Step 8 Reward: 0.2798
[VLM Debug] Step 26 Reward: 0.2832
[VLM Debug] Step 16 Reward: 0.2830
[VLM Debug] Step 44 Reward: 0.2927
[VLM Debug] Step 10 Reward: 0.2749
[VLM Debug] Step 28 Reward: 0.2798
[VLM Debug] Step 18 Reward: 0.2837
[VLM Debug] Step 46 Reward: 0.2944
[VLM Debug] Step 12 Reward: 0.2749
[VLM Debug] Step 30 Reward: 0.2822
[VLM Debug] Step 20 Reward: 0.2874
[VLM Debug] Step 48 Reward: 0.2952
[VLM Debug] Step 14 Reward: 0.2734
[VLM Debug] Step 32 Reward: 0.2817
[VLM Debug] Step 22 Reward: 0.2864
[VLM Debug] Step 50 Reward: 0.2891
[VLM Debug] Step 16 Reward: 0.2676
[VLM Debug] Step 34 Reward: 0.2771
[VLM Debug] Step 24 Reward: 0.2866
[VLM Debug] Step 52 Reward: 0.2905
[VLM Debug] Step 18 Reward: 0.2676
[VLM Debug] Step 36 Reward: 0.2839
[VLM Debug] Step 26 Reward: 0.2849
[VLM Debug] Step 54 Reward: 0.2847
[VLM Debug] Step 20 Reward: 0.2737
[VLM Debug] Step 38 Reward: 0.2896
[VLM Debug] Step 28 Reward: 0.2888
[VLM Debug] Step 56 Reward: 0.2866
[VLM Debug] Step 22 Reward: 0.2747
[VLM Debug] Step 40 Reward: 0.2852
[VLM Debug] Step 30 Reward: 0.2881
[VLM Debug] Step 58 Reward: 0.2976
[VLM Debug] Step 24 Reward: 0.2747
[VLM Debug] Step 42 Reward: 0.2900
[VLM Debug] Step 32 Reward: 0.2832
[VLM Debug] Step 60 Reward: 0.2900
[VLM Debug] Step 26 Reward: 0.2661
[VLM Debug] Step 44 Reward: 0.2961
[VLM Debug] Step 34 Reward: 0.2795
[VLM Debug] Step 62 Reward: 0.2952
[VLM Debug] Step 28 Reward: 0.2769
global_step=41344, episodic_return=17.702
[VLM Debug] Reset Reward Calculated: 0.2852
[VLM Debug] Step 46 Reward: 0.2925
[VLM Debug] Step 36 Reward: 0.2727
[VLM Debug] Step 30 Reward: 0.2754
[VLM Debug] Step 2 Reward: 0.2852
[VLM Debug] Step 48 Reward: 0.2959
[VLM Debug] Step 38 Reward: 0.2837
[VLM Debug] Step 32 Reward: 0.2761
[VLM Debug] Step 4 Reward: 0.2869
[VLM Debug] Step 50 Reward: 0.2954
[VLM Debug] Step 40 Reward: 0.2878
[VLM Debug] Step 34 Reward: 0.2761
[VLM Debug] Step 6 Reward: 0.2852
[VLM Debug] Step 52 Reward: 0.2944
[VLM Debug] Step 42 Reward: 0.2898
[VLM Debug] Step 36 Reward: 0.2852
[VLM Debug] Step 8 Reward: 0.2800
[VLM Debug] Step 54 Reward: 0.2849
[VLM Debug] Step 44 Reward: 0.2888
[VLM Debug] Step 38 Reward: 0.2849
[VLM Debug] Step 10 Reward: 0.2832
[VLM Debug] Step 56 Reward: 0.2842
[VLM Debug] Step 46 Reward: 0.2896
global_step=41388, episodic_return=15.990
[VLM Debug] Reset Reward Calculated: 0.2888
[VLM Debug] Step 40 Reward: 0.2756
[VLM Debug] Step 12 Reward: 0.2927
[VLM Debug] Step 48 Reward: 0.2866
[VLM Debug] Step 2 Reward: 0.2737
[VLM Debug] Step 42 Reward: 0.2812
[VLM Debug] Step 14 Reward: 0.2905
[VLM Debug] Step 50 Reward: 0.2795
[VLM Debug] Step 4 Reward: 0.2754
[VLM Debug] Step 44 Reward: 0.2812
[VLM Debug] Step 16 Reward: 0.2905
[VLM Debug] Step 52 Reward: 0.2839
[VLM Debug] Step 6 Reward: 0.2754
[VLM Debug] Step 46 Reward: 0.2761
[VLM Debug] Step 18 Reward: 0.2903
[VLM Debug] Step 54 Reward: 0.2830
[VLM Debug] Step 8 Reward: 0.2769
[VLM Debug] Step 48 Reward: 0.2832
[VLM Debug] Step 20 Reward: 0.2898
[VLM Debug] Step 56 Reward: 0.2903
[VLM Debug] Step 10 Reward: 0.2769
[VLM Debug] Step 50 Reward: 0.2820
[VLM Debug] Step 22 Reward: 0.2903
[VLM Debug] Step 58 Reward: 0.2927
[VLM Debug] Step 12 Reward: 0.2756
[VLM Debug] Step 52 Reward: 0.2781
[VLM Debug] Step 24 Reward: 0.2915
[VLM Debug] Step 60 Reward: 0.2927
[VLM Debug] Step 14 Reward: 0.2761
[VLM Debug] Step 54 Reward: 0.2852
[VLM Debug] Step 26 Reward: 0.2925
[VLM Debug] Step 62 Reward: 0.2864
[VLM Debug] Step 16 Reward: 0.2788
[VLM Debug] Step 56 Reward: 0.2869
[VLM Debug] Step 28 Reward: 0.2910
[VLM Debug] Step 64 Reward: 0.2849
[VLM Debug] Step 18 Reward: 0.2739
[VLM Debug] Step 58 Reward: 0.2881
[VLM Debug] Step 30 Reward: 0.2913
[VLM Debug] Step 66 Reward: 0.2844
[VLM Debug] Step 20 Reward: 0.2739
[VLM Debug] Step 60 Reward: 0.2886
SPS: 173
[VLM Debug] Step 32 Reward: 0.2874
[VLM Debug] Step 68 Reward: 0.2869
[VLM Debug] Step 22 Reward: 0.2783
[VLM Debug] Step 62 Reward: 0.2878
[VLM Debug] Step 34 Reward: 0.2900
[VLM Debug] Step 70 Reward: 0.2883
[VLM Debug] Step 24 Reward: 0.2778
[VLM Debug] Step 64 Reward: 0.2876
[VLM Debug] Step 36 Reward: 0.2874
[VLM Debug] Step 72 Reward: 0.2834
[VLM Debug] Step 26 Reward: 0.2795
[VLM Debug] Step 66 Reward: 0.2898
[VLM Debug] Step 38 Reward: 0.2964
[VLM Debug] Step 74 Reward: 0.2793
[VLM Debug] Step 28 Reward: 0.2800
[VLM Debug] Step 68 Reward: 0.2891
[VLM Debug] Step 40 Reward: 0.2905
[VLM Debug] Step 76 Reward: 0.2793
[VLM Debug] Step 30 Reward: 0.2764
[VLM Debug] Step 70 Reward: 0.2896
[VLM Debug] Step 42 Reward: 0.2935
[VLM Debug] Step 78 Reward: 0.2886
[VLM Debug] Step 32 Reward: 0.2812
[VLM Debug] Step 72 Reward: 0.2891
[VLM Debug] Step 44 Reward: 0.2969
[VLM Debug] Step 80 Reward: 0.2893
global_step=41524, episodic_return=12.734
[VLM Debug] Reset Reward Calculated: 0.2788
[VLM Debug] Step 34 Reward: 0.2812
[VLM Debug] Step 74 Reward: 0.2886
[VLM Debug] Step 82 Reward: 0.2922
[VLM Debug] Step 2 Reward: 0.2773
[VLM Debug] Step 36 Reward: 0.2842
[VLM Debug] Step 76 Reward: 0.2871
[VLM Debug] Step 84 Reward: 0.2842
[VLM Debug] Step 4 Reward: 0.2771
[VLM Debug] Step 38 Reward: 0.2810
[VLM Debug] Step 78 Reward: 0.2834
[VLM Debug] Step 86 Reward: 0.2893
[VLM Debug] Step 6 Reward: 0.2744
[VLM Debug] Step 40 Reward: 0.2842
[VLM Debug] Step 80 Reward: 0.2869
[VLM Debug] Step 88 Reward: 0.2832
[VLM Debug] Step 8 Reward: 0.2744
[VLM Debug] Step 42 Reward: 0.2881
[VLM Debug] Step 82 Reward: 0.2900
[VLM Debug] Step 90 Reward: 0.2810
[VLM Debug] Step 10 Reward: 0.2744
[VLM Debug] Step 44 Reward: 0.2898
[VLM Debug] Step 84 Reward: 0.2954
[VLM Debug] Step 92 Reward: 0.2842
[VLM Debug] Step 12 Reward: 0.2791
[VLM Debug] Step 46 Reward: 0.2898
[VLM Debug] Step 86 Reward: 0.2949
[VLM Debug] Step 94 Reward: 0.2852
[VLM Debug] Step 14 Reward: 0.2791
[VLM Debug] Step 48 Reward: 0.2898
[VLM Debug] Step 88 Reward: 0.2913
[VLM Debug] Step 96 Reward: 0.2893
[VLM Debug] Step 16 Reward: 0.2793
[VLM Debug] Step 50 Reward: 0.2935
[VLM Debug] Step 90 Reward: 0.2959
[VLM Debug] Step 98 Reward: 0.2876
[VLM Debug] Step 18 Reward: 0.2793
[VLM Debug] Step 52 Reward: 0.2925
[VLM Debug] Step 92 Reward: 0.2903
[VLM Debug] Step 100 Reward: 0.2905
[VLM Debug] Step 20 Reward: 0.2793
[VLM Debug] Step 54 Reward: 0.2910
[VLM Debug] Step 94 Reward: 0.2957
[VLM Debug] Step 102 Reward: 0.2915
[VLM Debug] Step 22 Reward: 0.2805
[VLM Debug] Step 56 Reward: 0.2856
[VLM Debug] Step 96 Reward: 0.2954
[VLM Debug] Step 104 Reward: 0.2881
[VLM Debug] Step 24 Reward: 0.2795
[VLM Debug] Step 58 Reward: 0.2896
[VLM Debug] Step 98 Reward: 0.2959
[VLM Debug] Step 106 Reward: 0.2896
[VLM Debug] Step 26 Reward: 0.2788
[VLM Debug] Step 60 Reward: 0.2900
[VLM Debug] Step 100 Reward: 0.2891
global_step=41632, episodic_return=28.309
[VLM Debug] Step 108 Reward: 0.2883
[VLM Debug] Reset Reward Calculated: 0.2856
[VLM Debug] Step 28 Reward: 0.2798
[VLM Debug] Step 62 Reward: 0.2864
[VLM Debug] Step 110 Reward: 0.2852
[VLM Debug] Step 2 Reward: 0.2839
[VLM Debug] Step 30 Reward: 0.2817
[VLM Debug] Step 64 Reward: 0.2961
[VLM Debug] Step 112 Reward: 0.2886
[VLM Debug] Step 4 Reward: 0.2827
[VLM Debug] Step 32 Reward: 0.2815
[VLM Debug] Step 66 Reward: 0.2942
[VLM Debug] Step 114 Reward: 0.2900
[VLM Debug] Step 6 Reward: 0.2849
[VLM Debug] Step 34 Reward: 0.2805
[VLM Debug] Step 68 Reward: 0.2925
[VLM Debug] Step 116 Reward: 0.2888
[VLM Debug] Step 8 Reward: 0.2854
[VLM Debug] Step 36 Reward: 0.2805
[VLM Debug] Step 70 Reward: 0.2969
[VLM Debug] Step 118 Reward: 0.2910
[VLM Debug] Step 10 Reward: 0.2844
global_step=41676, episodic_return=20.141
[VLM Debug] Step 38 Reward: 0.2791
[VLM Debug] Reset Reward Calculated: 0.2832
[VLM Debug] Step 120 Reward: 0.2917
[VLM Debug] Step 12 Reward: 0.2832
[VLM Debug] Step 40 Reward: 0.2800
[VLM Debug] Step 2 Reward: 0.2754
[VLM Debug] Step 122 Reward: 0.2915
[VLM Debug] Step 14 Reward: 0.2827
[VLM Debug] Step 42 Reward: 0.2791
[VLM Debug] Step 4 Reward: 0.2754
[VLM Debug] Step 124 Reward: 0.2927
[VLM Debug] Step 16 Reward: 0.2786
[VLM Debug] Step 44 Reward: 0.2778
[VLM Debug] Step 6 Reward: 0.2769
global_step=41704, episodic_return=35.777
[VLM Debug] Reset Reward Calculated: 0.2856
[VLM Debug] Step 18 Reward: 0.2795
[VLM Debug] Step 46 Reward: 0.2764
[VLM Debug] Step 8 Reward: 0.2769
[VLM Debug] Step 2 Reward: 0.2830
[VLM Debug] Step 20 Reward: 0.2837
[VLM Debug] Step 48 Reward: 0.2837
[VLM Debug] Step 10 Reward: 0.2761
[VLM Debug] Step 4 Reward: 0.2852
[VLM Debug] Step 22 Reward: 0.2751
[VLM Debug] Step 50 Reward: 0.2800
[VLM Debug] Step 12 Reward: 0.2788
[VLM Debug] Step 6 Reward: 0.2852
[VLM Debug] Step 24 Reward: 0.2842
[VLM Debug] Step 52 Reward: 0.2842
[VLM Debug] Step 14 Reward: 0.2739
[VLM Debug] Step 8 Reward: 0.2844
[VLM Debug] Step 26 Reward: 0.2817
[VLM Debug] Step 54 Reward: 0.2881
[VLM Debug] Step 16 Reward: 0.2739
[VLM Debug] Step 10 Reward: 0.2832
[VLM Debug] Step 28 Reward: 0.2842
[VLM Debug] Step 56 Reward: 0.2922
[VLM Debug] Step 18 Reward: 0.2778
[VLM Debug] Step 12 Reward: 0.2827
[VLM Debug] Step 30 Reward: 0.2859
[VLM Debug] Step 58 Reward: 0.2913
[VLM Debug] Step 20 Reward: 0.2781
[VLM Debug] Step 14 Reward: 0.2769
[VLM Debug] Step 32 Reward: 0.2905
[VLM Debug] Step 60 Reward: 0.2900
[VLM Debug] Step 22 Reward: 0.2781
[VLM Debug] Step 16 Reward: 0.2786
[VLM Debug] Step 34 Reward: 0.2900
[VLM Debug] Step 62 Reward: 0.2910
[VLM Debug] Step 24 Reward: 0.2842
[VLM Debug] Step 18 Reward: 0.2830
[VLM Debug] Step 36 Reward: 0.2910
[VLM Debug] Step 64 Reward: 0.2935
[VLM Debug] Step 26 Reward: 0.2842
[VLM Debug] Step 20 Reward: 0.2791
[VLM Debug] Step 38 Reward: 0.2917
[VLM Debug] Step 66 Reward: 0.2900
[VLM Debug] Step 28 Reward: 0.2808
[VLM Debug] Step 22 Reward: 0.2771
[VLM Debug] Step 40 Reward: 0.2910
[VLM Debug] Step 68 Reward: 0.2869
[VLM Debug] Step 30 Reward: 0.2827
[VLM Debug] Step 24 Reward: 0.2839
[VLM Debug] Step 42 Reward: 0.2913
[VLM Debug] Step 70 Reward: 0.2876
[VLM Debug] Step 32 Reward: 0.2827
[VLM Debug] Step 26 Reward: 0.2852
[VLM Debug] Step 44 Reward: 0.2905
[VLM Debug] Step 72 Reward: 0.2856
[VLM Debug] Step 34 Reward: 0.2756
[VLM Debug] Step 28 Reward: 0.2874
[VLM Debug] Step 46 Reward: 0.2842
[VLM Debug] Step 74 Reward: 0.2927
[VLM Debug] Step 36 Reward: 0.2852
[VLM Debug] Step 30 Reward: 0.2896
[VLM Debug] Step 48 Reward: 0.2949
[VLM Debug] Step 76 Reward: 0.2949
[VLM Debug] Step 38 Reward: 0.2922
[VLM Debug] Step 32 Reward: 0.2952
[VLM Debug] Step 50 Reward: 0.2949
[VLM Debug] Step 78 Reward: 0.2952
[VLM Debug] Step 40 Reward: 0.2903
[VLM Debug] Step 34 Reward: 0.2896
[VLM Debug] Step 52 Reward: 0.2942
global_step=41844, episodic_return=14.881
[VLM Debug] Step 80 Reward: 0.2969
[VLM Debug] Step 42 Reward: 0.2883
[VLM Debug] Reset Reward Calculated: 0.2800
global_step=41848, episodic_return=22.647
[VLM Debug] Reset Reward Calculated: 0.2812
[VLM Debug] Step 36 Reward: 0.2915
[VLM Debug] Step 44 Reward: 0.2900
[VLM Debug] Step 2 Reward: 0.2791
[VLM Debug] Step 2 Reward: 0.2812
[VLM Debug] Step 38 Reward: 0.2959
[VLM Debug] Step 46 Reward: 0.2908
[VLM Debug] Step 4 Reward: 0.2825
[VLM Debug] Step 4 Reward: 0.2810
[VLM Debug] Step 40 Reward: 0.2937
[VLM Debug] Step 48 Reward: 0.2935
[VLM Debug] Step 6 Reward: 0.2834
[VLM Debug] Step 6 Reward: 0.2812
[VLM Debug] Step 42 Reward: 0.2905
[VLM Debug] Step 50 Reward: 0.2920
[VLM Debug] Step 8 Reward: 0.2854
[VLM Debug] Step 8 Reward: 0.2803
[VLM Debug] Step 44 Reward: 0.2834
[VLM Debug] Step 52 Reward: 0.2952
[VLM Debug] Step 10 Reward: 0.2837
[VLM Debug] Step 10 Reward: 0.2803
[VLM Debug] Step 46 Reward: 0.2954
[VLM Debug] Step 54 Reward: 0.2898
[VLM Debug] Step 12 Reward: 0.2861
[VLM Debug] Step 12 Reward: 0.2815
[VLM Debug] Step 48 Reward: 0.2949
[VLM Debug] Step 56 Reward: 0.2869
[VLM Debug] Step 14 Reward: 0.2837
[VLM Debug] Step 14 Reward: 0.2815
[VLM Debug] Step 50 Reward: 0.2932
global_step=41908, episodic_return=14.327
[VLM Debug] Step 58 Reward: 0.2886
[VLM Debug] Reset Reward Calculated: 0.2795
[VLM Debug] Step 16 Reward: 0.2837
[VLM Debug] Step 16 Reward: 0.2805
[VLM Debug] Step 60 Reward: 0.2849
[VLM Debug] Step 2 Reward: 0.2805
[VLM Debug] Step 18 Reward: 0.2844
[VLM Debug] Step 18 Reward: 0.2800
[VLM Debug] Step 62 Reward: 0.2930
[VLM Debug] Step 4 Reward: 0.2805
[VLM Debug] Step 20 Reward: 0.2834
[VLM Debug] Step 20 Reward: 0.2800
[VLM Debug] Step 64 Reward: 0.2891
[VLM Debug] Step 6 Reward: 0.2825
[VLM Debug] Step 22 Reward: 0.2871
[VLM Debug] Step 22 Reward: 0.2788
[VLM Debug] Step 66 Reward: 0.2910
[VLM Debug] Step 8 Reward: 0.2825
[VLM Debug] Step 24 Reward: 0.2859
[VLM Debug] Step 24 Reward: 0.2805
[VLM Debug] Step 68 Reward: 0.2981
[VLM Debug] Step 10 Reward: 0.2842
[VLM Debug] Step 26 Reward: 0.2859
[VLM Debug] Step 26 Reward: 0.2808
global_step=41956, episodic_return=19.624
[VLM Debug] Reset Reward Calculated: 0.2834
[VLM Debug] Step 12 Reward: 0.2842
[VLM Debug] Step 28 Reward: 0.2891
[VLM Debug] Step 28 Reward: 0.2837
[VLM Debug] Step 2 Reward: 0.2847
[VLM Debug] Step 14 Reward: 0.2834
[VLM Debug] Step 30 Reward: 0.2854
[VLM Debug] Step 30 Reward: 0.2810
[VLM Debug] Step 4 Reward: 0.2837
[VLM Debug] Step 16 Reward: 0.2842
[VLM Debug] Step 32 Reward: 0.2812
[VLM Debug] Step 32 Reward: 0.2842
[VLM Debug] Step 6 Reward: 0.2847
[VLM Debug] Step 18 Reward: 0.2856
[VLM Debug] Step 34 Reward: 0.2832
SPS: 173
[VLM Debug] Step 34 Reward: 0.2888
[VLM Debug] Step 8 Reward: 0.2825
[VLM Debug] Step 20 Reward: 0.2856
[VLM Debug] Step 36 Reward: 0.2842
[VLM Debug] Step 36 Reward: 0.2883
[VLM Debug] Step 10 Reward: 0.2825
[VLM Debug] Step 22 Reward: 0.2812
[VLM Debug] Step 38 Reward: 0.2822
[VLM Debug] Step 38 Reward: 0.2878
[VLM Debug] Step 12 Reward: 0.2791
[VLM Debug] Step 24 Reward: 0.2812
[VLM Debug] Step 40 Reward: 0.2815
[VLM Debug] Step 40 Reward: 0.2908
[VLM Debug] Step 14 Reward: 0.2852
[VLM Debug] Step 26 Reward: 0.2798
[VLM Debug] Step 42 Reward: 0.2800
[VLM Debug] Step 42 Reward: 0.2920
[VLM Debug] Step 16 Reward: 0.2832
[VLM Debug] Step 28 Reward: 0.2815
[VLM Debug] Step 44 Reward: 0.2837
[VLM Debug] Step 44 Reward: 0.2917
[VLM Debug] Step 18 Reward: 0.2820
[VLM Debug] Step 30 Reward: 0.2805
[VLM Debug] Step 46 Reward: 0.2795
[VLM Debug] Step 46 Reward: 0.2842
[VLM Debug] Step 20 Reward: 0.2837
[VLM Debug] Step 32 Reward: 0.2800
[VLM Debug] Step 48 Reward: 0.2817
[VLM Debug] Step 48 Reward: 0.2866
[VLM Debug] Step 22 Reward: 0.2856
[VLM Debug] Step 34 Reward: 0.2810
[VLM Debug] Step 50 Reward: 0.2854
[VLM Debug] Step 50 Reward: 0.2874
[VLM Debug] Step 24 Reward: 0.2864
[VLM Debug] Step 36 Reward: 0.2791
[VLM Debug] Step 52 Reward: 0.2844
[VLM Debug] Step 52 Reward: 0.2944
[VLM Debug] Step 26 Reward: 0.2856
[VLM Debug] Step 38 Reward: 0.2776
[VLM Debug] Step 54 Reward: 0.2903
[VLM Debug] Step 54 Reward: 0.2981
[VLM Debug] Step 28 Reward: 0.2878
[VLM Debug] Step 40 Reward: 0.2830
[VLM Debug] Step 56 Reward: 0.2893
[VLM Debug] Step 56 Reward: 0.2917
[VLM Debug] Step 30 Reward: 0.2903
[VLM Debug] Step 42 Reward: 0.2832
[VLM Debug] Step 58 Reward: 0.2935
[VLM Debug] Step 58 Reward: 0.2966
[VLM Debug] Step 32 Reward: 0.2898
[VLM Debug] Step 44 Reward: 0.2861
[VLM Debug] Step 60 Reward: 0.2937
[VLM Debug] Step 60 Reward: 0.2944
[VLM Debug] Step 34 Reward: 0.2893
[VLM Debug] Step 46 Reward: 0.2900
[VLM Debug] Step 62 Reward: 0.2891
[VLM Debug] Step 62 Reward: 0.3018
[VLM Debug] Step 36 Reward: 0.2876
[VLM Debug] Step 48 Reward: 0.2871
[VLM Debug] Step 64 Reward: 0.2903
global_step=42104, episodic_return=18.024
[VLM Debug] Reset Reward Calculated: 0.2773
[VLM Debug] Step 38 Reward: 0.2773
[VLM Debug] Step 50 Reward: 0.2917
[VLM Debug] Step 66 Reward: 0.2874
[VLM Debug] Step 2 Reward: 0.2793
[VLM Debug] Step 40 Reward: 0.2844
[VLM Debug] Step 52 Reward: 0.2932
[VLM Debug] Step 68 Reward: 0.2922
[VLM Debug] Step 4 Reward: 0.2747
[VLM Debug] Step 42 Reward: 0.2898
[VLM Debug] Step 54 Reward: 0.2954
[VLM Debug] Step 70 Reward: 0.2915
[VLM Debug] Step 6 Reward: 0.2747
[VLM Debug] Step 44 Reward: 0.2886
[VLM Debug] Step 56 Reward: 0.2952
[VLM Debug] Step 72 Reward: 0.2935
[VLM Debug] Step 8 Reward: 0.2771
[VLM Debug] Step 46 Reward: 0.2878
[VLM Debug] Step 58 Reward: 0.2920
[VLM Debug] Step 74 Reward: 0.2964
[VLM Debug] Step 10 Reward: 0.2793
[VLM Debug] Step 48 Reward: 0.2886
[VLM Debug] Step 60 Reward: 0.2847
[VLM Debug] Step 76 Reward: 0.2988
global_step=42152, episodic_return=21.745
[VLM Debug] Step 12 Reward: 0.2793
[VLM Debug] Reset Reward Calculated: 0.2744
[VLM Debug] Step 50 Reward: 0.2927
[VLM Debug] Step 62 Reward: 0.2869
[VLM Debug] Step 14 Reward: 0.2793
[VLM Debug] Step 2 Reward: 0.2749
[VLM Debug] Step 52 Reward: 0.2903
[VLM Debug] Step 64 Reward: 0.2925
[VLM Debug] Step 16 Reward: 0.2788
[VLM Debug] Step 4 Reward: 0.2798
[VLM Debug] Step 54 Reward: 0.2954
[VLM Debug] Step 66 Reward: 0.2944
[VLM Debug] Step 18 Reward: 0.2773
[VLM Debug] Step 6 Reward: 0.2793
global_step=42180, episodic_return=19.101
[VLM Debug] Step 56 Reward: 0.2927
[VLM Debug] Reset Reward Calculated: 0.2849
[VLM Debug] Step 20 Reward: 0.2776
[VLM Debug] Step 8 Reward: 0.2798
[VLM Debug] Step 58 Reward: 0.2910
[VLM Debug] Step 2 Reward: 0.2847
[VLM Debug] Step 22 Reward: 0.2776
[VLM Debug] Step 10 Reward: 0.2786
[VLM Debug] Step 60 Reward: 0.2910
[VLM Debug] Step 4 Reward: 0.2847
[VLM Debug] Step 24 Reward: 0.2793
[VLM Debug] Step 12 Reward: 0.2786
[VLM Debug] Step 62 Reward: 0.2844
[VLM Debug] Step 6 Reward: 0.2866
[VLM Debug] Step 26 Reward: 0.2830
[VLM Debug] Step 14 Reward: 0.2805
[VLM Debug] Step 64 Reward: 0.2864
[VLM Debug] Step 8 Reward: 0.2825
[VLM Debug] Step 28 Reward: 0.2805
[VLM Debug] Step 16 Reward: 0.2800
[VLM Debug] Step 66 Reward: 0.2864
[VLM Debug] Step 10 Reward: 0.2825
[VLM Debug] Step 30 Reward: 0.2820
[VLM Debug] Step 18 Reward: 0.2800
[VLM Debug] Step 68 Reward: 0.2839
[VLM Debug] Step 12 Reward: 0.2759
[VLM Debug] Step 32 Reward: 0.2837
[VLM Debug] Step 20 Reward: 0.2773
[VLM Debug] Step 70 Reward: 0.2812
[VLM Debug] Step 14 Reward: 0.2791
[VLM Debug] Step 34 Reward: 0.2822
[VLM Debug] Step 22 Reward: 0.2778
[VLM Debug] Step 72 Reward: 0.2861
[VLM Debug] Step 16 Reward: 0.2805
[VLM Debug] Step 36 Reward: 0.2847
[VLM Debug] Step 24 Reward: 0.2756
[VLM Debug] Step 74 Reward: 0.2893
[VLM Debug] Step 18 Reward: 0.2805
[VLM Debug] Step 38 Reward: 0.2839
[VLM Debug] Step 26 Reward: 0.2783
[VLM Debug] Step 76 Reward: 0.2915
[VLM Debug] Step 20 Reward: 0.2805
[VLM Debug] Step 40 Reward: 0.2825
[VLM Debug] Step 28 Reward: 0.2810
[VLM Debug] Step 78 Reward: 0.2876
[VLM Debug] Step 22 Reward: 0.2788
[VLM Debug] Step 42 Reward: 0.2866
[VLM Debug] Step 30 Reward: 0.2810
[VLM Debug] Step 80 Reward: 0.2917
[VLM Debug] Step 24 Reward: 0.2788
[VLM Debug] Step 44 Reward: 0.2874
[VLM Debug] Step 32 Reward: 0.2854
[VLM Debug] Step 82 Reward: 0.2844
[VLM Debug] Step 26 Reward: 0.2827
[VLM Debug] Step 46 Reward: 0.2871
[VLM Debug] Step 34 Reward: 0.2825
[VLM Debug] Step 84 Reward: 0.2842
[VLM Debug] Step 28 Reward: 0.2812
[VLM Debug] Step 48 Reward: 0.2898
[VLM Debug] Step 36 Reward: 0.2800
[VLM Debug] Step 86 Reward: 0.2834
[VLM Debug] Step 30 Reward: 0.2812
[VLM Debug] Step 50 Reward: 0.2891
[VLM Debug] Step 38 Reward: 0.2891
[VLM Debug] Step 88 Reward: 0.2881
[VLM Debug] Step 32 Reward: 0.2822
[VLM Debug] Step 52 Reward: 0.2820
[VLM Debug] Step 40 Reward: 0.2883
[VLM Debug] Step 90 Reward: 0.2837
[VLM Debug] Step 34 Reward: 0.2822
[VLM Debug] Step 54 Reward: 0.2861
[VLM Debug] Step 42 Reward: 0.2898
[VLM Debug] Step 92 Reward: 0.2703
[VLM Debug] Step 36 Reward: 0.2844
[VLM Debug] Step 56 Reward: 0.2856
[VLM Debug] Step 44 Reward: 0.2878
[VLM Debug] Step 94 Reward: 0.2810
[VLM Debug] Step 38 Reward: 0.2844
[VLM Debug] Step 58 Reward: 0.2893
[VLM Debug] Step 46 Reward: 0.2910
[VLM Debug] Step 96 Reward: 0.2808
[VLM Debug] Step 40 Reward: 0.2825
[VLM Debug] Step 60 Reward: 0.2888
[VLM Debug] Step 48 Reward: 0.2920
[VLM Debug] Step 98 Reward: 0.2849
[VLM Debug] Step 42 Reward: 0.2859
[VLM Debug] Step 62 Reward: 0.2920
[VLM Debug] Step 50 Reward: 0.2900
[VLM Debug] Step 100 Reward: 0.2842
[VLM Debug] Step 44 Reward: 0.2859
[VLM Debug] Step 64 Reward: 0.2935
[VLM Debug] Step 52 Reward: 0.2837
[VLM Debug] Step 102 Reward: 0.2686
[VLM Debug] Step 46 Reward: 0.2891
[VLM Debug] Step 66 Reward: 0.2905
[VLM Debug] Step 54 Reward: 0.2854
[VLM Debug] Step 104 Reward: 0.2827
[VLM Debug] Step 48 Reward: 0.2891
[VLM Debug] Step 68 Reward: 0.2920
[VLM Debug] Step 56 Reward: 0.2898
[VLM Debug] Step 106 Reward: 0.2903
[VLM Debug] Step 50 Reward: 0.2878
[VLM Debug] Step 70 Reward: 0.2898
[VLM Debug] Step 58 Reward: 0.2927
[VLM Debug] Step 108 Reward: 0.2852
[VLM Debug] Step 52 Reward: 0.2888
[VLM Debug] Step 72 Reward: 0.2898
[VLM Debug] Step 60 Reward: 0.2896
[VLM Debug] Step 110 Reward: 0.2944
[VLM Debug] Step 54 Reward: 0.2859
[VLM Debug] Step 74 Reward: 0.2891
[VLM Debug] Step 62 Reward: 0.2949
[VLM Debug] Step 112 Reward: 0.2920
[VLM Debug] Step 56 Reward: 0.2803
[VLM Debug] Step 76 Reward: 0.2847
[VLM Debug] Step 64 Reward: 0.2954
[VLM Debug] Step 114 Reward: 0.2883
[VLM Debug] Step 58 Reward: 0.2854
[VLM Debug] Step 78 Reward: 0.2874
[VLM Debug] Step 66 Reward: 0.2974
[VLM Debug] Step 116 Reward: 0.2913
[VLM Debug] Step 60 Reward: 0.2881
[VLM Debug] Step 80 Reward: 0.2961
[VLM Debug] Step 68 Reward: 0.2998
[VLM Debug] Step 118 Reward: 0.2903
[VLM Debug] Step 62 Reward: 0.2874
[VLM Debug] Step 82 Reward: 0.2937
[VLM Debug] Step 70 Reward: 0.2935
global_step=42436, episodic_return=19.942
[VLM Debug] Step 120 Reward: 0.2952
[VLM Debug] Step 64 Reward: 0.2869
[VLM Debug] Reset Reward Calculated: 0.2788
[VLM Debug] Step 84 Reward: 0.2954
[VLM Debug] Step 122 Reward: 0.2952
[VLM Debug] Step 66 Reward: 0.2864
[VLM Debug] Step 2 Reward: 0.2788
[VLM Debug] Step 86 Reward: 0.2913
[VLM Debug] Step 124 Reward: 0.2971
[VLM Debug] Step 68 Reward: 0.2881
[VLM Debug] Step 4 Reward: 0.2788
[VLM Debug] Step 88 Reward: 0.2925
[VLM Debug] Step 126 Reward: 0.2874
[VLM Debug] Step 70 Reward: 0.2891
[VLM Debug] Step 6 Reward: 0.2812
[VLM Debug] Step 90 Reward: 0.2822
[VLM Debug] Step 128 Reward: 0.2905
[VLM Debug] Step 72 Reward: 0.2871
[VLM Debug] Step 8 Reward: 0.2756
[VLM Debug] Step 92 Reward: 0.2859
[VLM Debug] Step 130 Reward: 0.2952
[VLM Debug] Step 74 Reward: 0.2837
[VLM Debug] Step 10 Reward: 0.2756
[VLM Debug] Step 94 Reward: 0.2825
[VLM Debug] Step 132 Reward: 0.2966
[VLM Debug] Step 76 Reward: 0.2822
[VLM Debug] Step 12 Reward: 0.2756
global_step=42488, episodic_return=37.861
[VLM Debug] Step 96 Reward: 0.2881
[VLM Debug] Reset Reward Calculated: 0.2834
[VLM Debug] Step 78 Reward: 0.2852
[VLM Debug] Step 14 Reward: 0.2791
SPS: 173
[VLM Debug] Step 98 Reward: 0.2795
[VLM Debug] Step 2 Reward: 0.2820
[VLM Debug] Step 80 Reward: 0.2808
[VLM Debug] Step 16 Reward: 0.2791
[VLM Debug] Step 100 Reward: 0.2815
[VLM Debug] Step 4 Reward: 0.2810
[VLM Debug] Step 82 Reward: 0.2861
[VLM Debug] Step 18 Reward: 0.2791
[VLM Debug] Step 102 Reward: 0.2869
[VLM Debug] Step 6 Reward: 0.2854
[VLM Debug] Step 84 Reward: 0.2856
[VLM Debug] Step 20 Reward: 0.2791
[VLM Debug] Step 104 Reward: 0.2839
[VLM Debug] Step 8 Reward: 0.2844
[VLM Debug] Step 86 Reward: 0.2898
[VLM Debug] Step 22 Reward: 0.2810
[VLM Debug] Step 106 Reward: 0.2866
[VLM Debug] Step 10 Reward: 0.2830
[VLM Debug] Step 88 Reward: 0.2969
[VLM Debug] Step 24 Reward: 0.2810
[VLM Debug] Step 108 Reward: 0.2837
[VLM Debug] Step 12 Reward: 0.2810
[VLM Debug] Step 90 Reward: 0.2957
[VLM Debug] Step 26 Reward: 0.2810
[VLM Debug] Step 110 Reward: 0.2881
[VLM Debug] Step 14 Reward: 0.2793
[VLM Debug] Step 92 Reward: 0.2957
[VLM Debug] Step 28 Reward: 0.2810
[VLM Debug] Step 112 Reward: 0.2825
[VLM Debug] Step 16 Reward: 0.2874
[VLM Debug] Step 94 Reward: 0.2930
[VLM Debug] Step 30 Reward: 0.2791
[VLM Debug] Step 114 Reward: 0.2939
[VLM Debug] Step 18 Reward: 0.2922
[VLM Debug] Step 96 Reward: 0.2881
[VLM Debug] Step 32 Reward: 0.2810
[VLM Debug] Step 116 Reward: 0.2759
[VLM Debug] Step 20 Reward: 0.2903
[VLM Debug] Step 98 Reward: 0.2834
[VLM Debug] Step 34 Reward: 0.2810
[VLM Debug] Step 118 Reward: 0.2805
[VLM Debug] Step 22 Reward: 0.2898
[VLM Debug] Step 100 Reward: 0.2925
[VLM Debug] Step 36 Reward: 0.2791
[VLM Debug] Step 120 Reward: 0.2756
[VLM Debug] Step 24 Reward: 0.2896
global_step=42588, episodic_return=28.816
[VLM Debug] Reset Reward Calculated: 0.2686
[VLM Debug] Step 38 Reward: 0.2791
[VLM Debug] Step 122 Reward: 0.2944
[VLM Debug] Step 26 Reward: 0.2891
[VLM Debug] Step 2 Reward: 0.2686
[VLM Debug] Step 40 Reward: 0.2756
[VLM Debug] Step 124 Reward: 0.2915
[VLM Debug] Step 28 Reward: 0.2935
[VLM Debug] Step 4 Reward: 0.2732
[VLM Debug] Step 42 Reward: 0.2849
[VLM Debug] Step 126 Reward: 0.2849
[VLM Debug] Step 30 Reward: 0.2920
[VLM Debug] Step 6 Reward: 0.2793
[VLM Debug] Step 44 Reward: 0.2849
[VLM Debug] Step 128 Reward: 0.2876
[VLM Debug] Step 32 Reward: 0.2952
[VLM Debug] Step 8 Reward: 0.2793
[VLM Debug] Step 46 Reward: 0.2781
[VLM Debug] Step 130 Reward: 0.2949
[VLM Debug] Step 34 Reward: 0.2898
[VLM Debug] Step 10 Reward: 0.2793
[VLM Debug] Step 48 Reward: 0.2800
[VLM Debug] Step 132 Reward: 0.2864
[VLM Debug] Step 36 Reward: 0.2869
[VLM Debug] Step 12 Reward: 0.2793
[VLM Debug] Step 50 Reward: 0.2842
[VLM Debug] Step 134 Reward: 0.2847
[VLM Debug] Step 38 Reward: 0.2876
[VLM Debug] Step 14 Reward: 0.2732
[VLM Debug] Step 52 Reward: 0.2847
[VLM Debug] Step 136 Reward: 0.2905
[VLM Debug] Step 40 Reward: 0.2849
[VLM Debug] Step 16 Reward: 0.2771
[VLM Debug] Step 54 Reward: 0.2800
[VLM Debug] Step 138 Reward: 0.2839
[VLM Debug] Step 42 Reward: 0.2927
[VLM Debug] Step 18 Reward: 0.2771
[VLM Debug] Step 56 Reward: 0.2800
[VLM Debug] Step 140 Reward: 0.2920
[VLM Debug] Step 44 Reward: 0.2969
[VLM Debug] Step 20 Reward: 0.2756
[VLM Debug] Step 58 Reward: 0.2800
[VLM Debug] Step 142 Reward: 0.2961
[VLM Debug] Step 46 Reward: 0.2922
[VLM Debug] Step 22 Reward: 0.2756
[VLM Debug] Step 60 Reward: 0.2822
[VLM Debug] Step 144 Reward: 0.3003
[VLM Debug] Step 48 Reward: 0.2971
global_step=42684, episodic_return=41.119
[VLM Debug] Reset Reward Calculated: 0.2808
[VLM Debug] Step 24 Reward: 0.2778
[VLM Debug] Step 62 Reward: 0.2788
[VLM Debug] Step 50 Reward: 0.2942
global_step=42692, episodic_return=14.424
[VLM Debug] Step 2 Reward: 0.2832
[VLM Debug] Reset Reward Calculated: 0.2798
[VLM Debug] Step 26 Reward: 0.2800
[VLM Debug] Step 64 Reward: 0.2788
[VLM Debug] Step 4 Reward: 0.2798
[VLM Debug] Step 2 Reward: 0.2793
[VLM Debug] Step 28 Reward: 0.2773
[VLM Debug] Step 66 Reward: 0.2820
[VLM Debug] Step 6 Reward: 0.2771
[VLM Debug] Step 4 Reward: 0.2793
[VLM Debug] Step 30 Reward: 0.2815
[VLM Debug] Step 68 Reward: 0.2820
[VLM Debug] Step 8 Reward: 0.2771
[VLM Debug] Step 6 Reward: 0.2793
[VLM Debug] Step 32 Reward: 0.2852
[VLM Debug] Step 70 Reward: 0.2864
[VLM Debug] Step 10 Reward: 0.2800
[VLM Debug] Step 8 Reward: 0.2798
[VLM Debug] Step 34 Reward: 0.2788
[VLM Debug] Step 72 Reward: 0.2864
[VLM Debug] Step 12 Reward: 0.2791
[VLM Debug] Step 10 Reward: 0.2798
[VLM Debug] Step 36 Reward: 0.2834
[VLM Debug] Step 74 Reward: 0.2854
[VLM Debug] Step 14 Reward: 0.2805
[VLM Debug] Step 12 Reward: 0.2798
[VLM Debug] Step 38 Reward: 0.2881
[VLM Debug] Step 76 Reward: 0.2852
[VLM Debug] Step 16 Reward: 0.2764
[VLM Debug] Step 14 Reward: 0.2798
[VLM Debug] Step 40 Reward: 0.2900
[VLM Debug] Step 78 Reward: 0.2864
[VLM Debug] Step 18 Reward: 0.2798
[VLM Debug] Step 16 Reward: 0.2749
[VLM Debug] Step 42 Reward: 0.2854
[VLM Debug] Step 80 Reward: 0.2900
[VLM Debug] Step 20 Reward: 0.2803
[VLM Debug] Step 18 Reward: 0.2749
[VLM Debug] Step 44 Reward: 0.2927
[VLM Debug] Step 82 Reward: 0.2883
[VLM Debug] Step 22 Reward: 0.2791
[VLM Debug] Step 20 Reward: 0.2646
[VLM Debug] Step 46 Reward: 0.2939
[VLM Debug] Step 84 Reward: 0.2874
[VLM Debug] Step 24 Reward: 0.2834
[VLM Debug] Step 22 Reward: 0.2646
[VLM Debug] Step 48 Reward: 0.2939
[VLM Debug] Step 86 Reward: 0.2903
[VLM Debug] Step 26 Reward: 0.2788
[VLM Debug] Step 24 Reward: 0.2646
[VLM Debug] Step 50 Reward: 0.2952
[VLM Debug] Step 88 Reward: 0.2881
[VLM Debug] Step 28 Reward: 0.2827
[VLM Debug] Step 26 Reward: 0.2737
[VLM Debug] Step 52 Reward: 0.2932
[VLM Debug] Step 90 Reward: 0.2888
[VLM Debug] Step 30 Reward: 0.2800
[VLM Debug] Step 28 Reward: 0.2737
[VLM Debug] Step 54 Reward: 0.2920
[VLM Debug] Step 92 Reward: 0.2908
[VLM Debug] Step 32 Reward: 0.2820
[VLM Debug] Step 30 Reward: 0.2737
[VLM Debug] Step 56 Reward: 0.2847
[VLM Debug] Step 94 Reward: 0.2891
[VLM Debug] Step 34 Reward: 0.2788
[VLM Debug] Step 32 Reward: 0.2737
[VLM Debug] Step 58 Reward: 0.2869
[VLM Debug] Step 96 Reward: 0.2883
[VLM Debug] Step 36 Reward: 0.2788
[VLM Debug] Step 34 Reward: 0.2659
[VLM Debug] Step 60 Reward: 0.2925
[VLM Debug] Step 98 Reward: 0.2825
[VLM Debug] Step 38 Reward: 0.2844
[VLM Debug] Step 36 Reward: 0.2661
[VLM Debug] Step 62 Reward: 0.2944
[VLM Debug] Step 100 Reward: 0.2861
global_step=42840, episodic_return=17.543
[VLM Debug] Reset Reward Calculated: 0.2781
[VLM Debug] Step 40 Reward: 0.2876
[VLM Debug] Step 38 Reward: 0.2661
[VLM Debug] Step 102 Reward: 0.2900
[VLM Debug] Step 2 Reward: 0.2742
[VLM Debug] Step 42 Reward: 0.2869
[VLM Debug] Step 40 Reward: 0.2661
[VLM Debug] Step 104 Reward: 0.2898
[VLM Debug] Step 4 Reward: 0.2742
[VLM Debug] Step 44 Reward: 0.2869
[VLM Debug] Step 42 Reward: 0.2661
[VLM Debug] Step 106 Reward: 0.2935
[VLM Debug] Step 6 Reward: 0.2761
[VLM Debug] Step 46 Reward: 0.2874
[VLM Debug] Step 44 Reward: 0.2754
[VLM Debug] Step 108 Reward: 0.2937
[VLM Debug] Step 8 Reward: 0.2739
[VLM Debug] Step 48 Reward: 0.2874
[VLM Debug] Step 46 Reward: 0.2754
[VLM Debug] Step 110 Reward: 0.2944
[VLM Debug] Step 10 Reward: 0.2739
[VLM Debug] Step 50 Reward: 0.2854
[VLM Debug] Step 48 Reward: 0.2754
[VLM Debug] Step 112 Reward: 0.2910
[VLM Debug] Step 12 Reward: 0.2781
[VLM Debug] Step 52 Reward: 0.2883
[VLM Debug] Step 50 Reward: 0.2754
[VLM Debug] Step 114 Reward: 0.2974
[VLM Debug] Step 14 Reward: 0.2778
[VLM Debug] Step 54 Reward: 0.2874
[VLM Debug] Step 52 Reward: 0.2761
[VLM Debug] Step 116 Reward: 0.2925
[VLM Debug] Step 16 Reward: 0.2810
global_step=42908, episodic_return=33.205
[VLM Debug] Step 56 Reward: 0.2864
[VLM Debug] Step 54 Reward: 0.2852
[VLM Debug] Reset Reward Calculated: 0.2776
[VLM Debug] Step 18 Reward: 0.2842
[VLM Debug] Step 58 Reward: 0.2891
[VLM Debug] Step 56 Reward: 0.2852
[VLM Debug] Step 2 Reward: 0.2793
[VLM Debug] Step 20 Reward: 0.2820
[VLM Debug] Step 60 Reward: 0.2881
[VLM Debug] Step 58 Reward: 0.2852
[VLM Debug] Step 4 Reward: 0.2776
[VLM Debug] Step 22 Reward: 0.2827
[VLM Debug] Step 62 Reward: 0.2891
[VLM Debug] Step 60 Reward: 0.2849
[VLM Debug] Step 6 Reward: 0.2771
[VLM Debug] Step 24 Reward: 0.2842
[VLM Debug] Step 64 Reward: 0.2886
[VLM Debug] Step 62 Reward: 0.2756
[VLM Debug] Step 8 Reward: 0.2800
[VLM Debug] Step 26 Reward: 0.2756
[VLM Debug] Step 66 Reward: 0.2886
[VLM Debug] Step 64 Reward: 0.2756
[VLM Debug] Step 10 Reward: 0.2800
[VLM Debug] Step 28 Reward: 0.2886
[VLM Debug] Step 68 Reward: 0.2856
[VLM Debug] Step 66 Reward: 0.2812
[VLM Debug] Step 12 Reward: 0.2778
[VLM Debug] Step 30 Reward: 0.2891
[VLM Debug] Step 70 Reward: 0.2869
[VLM Debug] Step 68 Reward: 0.2812
[VLM Debug] Step 14 Reward: 0.2773
[VLM Debug] Step 32 Reward: 0.2905
[VLM Debug] Step 72 Reward: 0.2839
[VLM Debug] Step 70 Reward: 0.2812
[VLM Debug] Step 16 Reward: 0.2773
[VLM Debug] Step 34 Reward: 0.2903
[VLM Debug] Step 74 Reward: 0.2834
[VLM Debug] Step 72 Reward: 0.2761
[VLM Debug] Step 18 Reward: 0.2825
[VLM Debug] Step 36 Reward: 0.2908
[VLM Debug] Step 76 Reward: 0.2893
[VLM Debug] Step 74 Reward: 0.2761
[VLM Debug] Step 20 Reward: 0.2825
[VLM Debug] Step 38 Reward: 0.2891
[VLM Debug] Step 78 Reward: 0.2886
[VLM Debug] Step 76 Reward: 0.2761
[VLM Debug] Step 22 Reward: 0.2847
[VLM Debug] Step 40 Reward: 0.2915
[VLM Debug] Step 80 Reward: 0.2883
[VLM Debug] Step 78 Reward: 0.2812
[VLM Debug] Step 24 Reward: 0.2842
SPS: 173
[VLM Debug] Step 42 Reward: 0.2925
[VLM Debug] Step 82 Reward: 0.2908
[VLM Debug] Step 80 Reward: 0.2812
[VLM Debug] Step 26 Reward: 0.2842
[VLM Debug] Step 44 Reward: 0.2903
[VLM Debug] Step 84 Reward: 0.2961
[VLM Debug] Step 82 Reward: 0.2834
[VLM Debug] Step 28 Reward: 0.2842
[VLM Debug] Step 46 Reward: 0.2864
[VLM Debug] Step 86 Reward: 0.2954
[VLM Debug] Step 84 Reward: 0.2847
[VLM Debug] Step 30 Reward: 0.2842
[VLM Debug] Step 48 Reward: 0.2876
[VLM Debug] Step 88 Reward: 0.2920
[VLM Debug] Step 86 Reward: 0.2847
[VLM Debug] Step 32 Reward: 0.2837
[VLM Debug] Step 50 Reward: 0.2866
[VLM Debug] Step 90 Reward: 0.2856
[VLM Debug] Step 88 Reward: 0.2869
[VLM Debug] Step 34 Reward: 0.2837
[VLM Debug] Step 52 Reward: 0.2937
[VLM Debug] Step 92 Reward: 0.3005
[VLM Debug] Step 90 Reward: 0.2881
[VLM Debug] Step 36 Reward: 0.2805
[VLM Debug] Step 54 Reward: 0.2942
[VLM Debug] Step 94 Reward: 0.2905
[VLM Debug] Step 92 Reward: 0.2859
[VLM Debug] Step 38 Reward: 0.2822
[VLM Debug] Step 56 Reward: 0.2930
[VLM Debug] Step 96 Reward: 0.2964
[VLM Debug] Step 94 Reward: 0.2878
[VLM Debug] Step 40 Reward: 0.2830
[VLM Debug] Step 58 Reward: 0.2971
[VLM Debug] Step 98 Reward: 0.2976
[VLM Debug] Step 96 Reward: 0.2886
[VLM Debug] Step 42 Reward: 0.2856
[VLM Debug] Step 60 Reward: 0.2988
[VLM Debug] Step 100 Reward: 0.2908
[VLM Debug] Step 98 Reward: 0.2908
[VLM Debug] Step 44 Reward: 0.2834
global_step=43088, episodic_return=17.414
[VLM Debug] Reset Reward Calculated: 0.2839
global_step=43092, episodic_return=28.861
[VLM Debug] Reset Reward Calculated: 0.2815
[VLM Debug] Step 100 Reward: 0.2903
[VLM Debug] Step 46 Reward: 0.2795
[VLM Debug] Step 2 Reward: 0.2839
[VLM Debug] Step 2 Reward: 0.2815
[VLM Debug] Step 102 Reward: 0.2905
[VLM Debug] Step 48 Reward: 0.2798
[VLM Debug] Step 4 Reward: 0.2759
[VLM Debug] Step 4 Reward: 0.2815
[VLM Debug] Step 104 Reward: 0.2881
[VLM Debug] Step 50 Reward: 0.2786
[VLM Debug] Step 6 Reward: 0.2759
[VLM Debug] Step 6 Reward: 0.2815
[VLM Debug] Step 106 Reward: 0.2847
[VLM Debug] Step 52 Reward: 0.2817
[VLM Debug] Step 8 Reward: 0.2764
[VLM Debug] Step 8 Reward: 0.2805
[VLM Debug] Step 108 Reward: 0.2866
[VLM Debug] Step 54 Reward: 0.2776
[VLM Debug] Step 10 Reward: 0.2798
[VLM Debug] Step 10 Reward: 0.2830
[VLM Debug] Step 110 Reward: 0.2822
[VLM Debug] Step 56 Reward: 0.2832
[VLM Debug] Step 12 Reward: 0.2798
[VLM Debug] Step 12 Reward: 0.2791
[VLM Debug] Step 112 Reward: 0.2837
[VLM Debug] Step 58 Reward: 0.2781
[VLM Debug] Step 14 Reward: 0.2803
[VLM Debug] Step 14 Reward: 0.2791
[VLM Debug] Step 114 Reward: 0.2844
[VLM Debug] Step 60 Reward: 0.2825
[VLM Debug] Step 16 Reward: 0.2803
[VLM Debug] Step 16 Reward: 0.2817
[VLM Debug] Step 116 Reward: 0.2874
[VLM Debug] Step 62 Reward: 0.2886
[VLM Debug] Step 18 Reward: 0.2803
[VLM Debug] Step 18 Reward: 0.2778
[VLM Debug] Step 118 Reward: 0.2900
[VLM Debug] Step 64 Reward: 0.2920
[VLM Debug] Step 20 Reward: 0.2812
[VLM Debug] Step 20 Reward: 0.2805
[VLM Debug] Step 120 Reward: 0.2944
[VLM Debug] Step 66 Reward: 0.2908
[VLM Debug] Step 22 Reward: 0.2812
[VLM Debug] Step 22 Reward: 0.2786
[VLM Debug] Step 122 Reward: 0.2910
[VLM Debug] Step 68 Reward: 0.2910
[VLM Debug] Step 24 Reward: 0.2871
[VLM Debug] Step 24 Reward: 0.2842
[VLM Debug] Step 124 Reward: 0.2971
[VLM Debug] Step 70 Reward: 0.2920
[VLM Debug] Step 26 Reward: 0.2859
[VLM Debug] Step 26 Reward: 0.2800
[VLM Debug] Step 126 Reward: 0.2944
[VLM Debug] Step 72 Reward: 0.2910
[VLM Debug] Step 28 Reward: 0.2834
[VLM Debug] Step 28 Reward: 0.2842
[VLM Debug] Step 128 Reward: 0.2900
[VLM Debug] Step 74 Reward: 0.2896
[VLM Debug] Step 30 Reward: 0.2856
[VLM Debug] Step 30 Reward: 0.2854
[VLM Debug] Step 130 Reward: 0.2966
[VLM Debug] Step 76 Reward: 0.2874
[VLM Debug] Step 32 Reward: 0.2891
[VLM Debug] Step 32 Reward: 0.2913
[VLM Debug] Step 132 Reward: 0.2944
[VLM Debug] Step 78 Reward: 0.2944
[VLM Debug] Step 34 Reward: 0.2874
[VLM Debug] Step 34 Reward: 0.2913
[VLM Debug] Step 134 Reward: 0.2981
[VLM Debug] Step 80 Reward: 0.2966
[VLM Debug] Step 36 Reward: 0.2837
[VLM Debug] Step 36 Reward: 0.2893
[VLM Debug] Step 136 Reward: 0.2974
[VLM Debug] Step 82 Reward: 0.2915
[VLM Debug] Step 38 Reward: 0.2812
global_step=43244, episodic_return=38.544
[VLM Debug] Step 38 Reward: 0.2920
[VLM Debug] Reset Reward Calculated: 0.2791
[VLM Debug] Step 84 Reward: 0.2964
[VLM Debug] Step 40 Reward: 0.2839
[VLM Debug] Step 40 Reward: 0.2920
[VLM Debug] Step 2 Reward: 0.2830
[VLM Debug] Step 86 Reward: 0.2959
[VLM Debug] Step 42 Reward: 0.2852
[VLM Debug] Step 42 Reward: 0.2898
[VLM Debug] Step 4 Reward: 0.2800
[VLM Debug] Step 88 Reward: 0.2881
[VLM Debug] Step 44 Reward: 0.2832
[VLM Debug] Step 44 Reward: 0.2878
[VLM Debug] Step 6 Reward: 0.2803
[VLM Debug] Step 90 Reward: 0.2957
[VLM Debug] Step 46 Reward: 0.2815
global_step=43276, episodic_return=25.911
[VLM Debug] Step 46 Reward: 0.2883
[VLM Debug] Step 8 Reward: 0.2791
[VLM Debug] Reset Reward Calculated: 0.2793
[VLM Debug] Step 48 Reward: 0.2786
[VLM Debug] Step 48 Reward: 0.2837
[VLM Debug] Step 10 Reward: 0.2778
[VLM Debug] Step 2 Reward: 0.2793
[VLM Debug] Step 50 Reward: 0.2832
[VLM Debug] Step 50 Reward: 0.2952
[VLM Debug] Step 12 Reward: 0.2795
[VLM Debug] Step 4 Reward: 0.2800
[VLM Debug] Step 52 Reward: 0.2795
[VLM Debug] Step 52 Reward: 0.2949
[VLM Debug] Step 14 Reward: 0.2764
[VLM Debug] Step 6 Reward: 0.2803
[VLM Debug] Step 54 Reward: 0.2859
[VLM Debug] Step 54 Reward: 0.2925
[VLM Debug] Step 16 Reward: 0.2852
[VLM Debug] Step 8 Reward: 0.2803
[VLM Debug] Step 56 Reward: 0.2849
[VLM Debug] Step 56 Reward: 0.2988
[VLM Debug] Step 18 Reward: 0.2781
[VLM Debug] Step 10 Reward: 0.2771
[VLM Debug] Step 58 Reward: 0.2888
[VLM Debug] Step 58 Reward: 0.2981
[VLM Debug] Step 20 Reward: 0.2820
[VLM Debug] Step 12 Reward: 0.2788
global_step=43328, episodic_return=16.590
[VLM Debug] Reset Reward Calculated: 0.2808
[VLM Debug] Step 60 Reward: 0.2869
[VLM Debug] Step 22 Reward: 0.2922
[VLM Debug] Step 14 Reward: 0.2788
[VLM Debug] Step 2 Reward: 0.2808
[VLM Debug] Step 62 Reward: 0.2903
[VLM Debug] Step 24 Reward: 0.2886
[VLM Debug] Step 16 Reward: 0.2778
[VLM Debug] Step 4 Reward: 0.2812
[VLM Debug] Step 64 Reward: 0.2915
[VLM Debug] Step 26 Reward: 0.2903
[VLM Debug] Step 18 Reward: 0.2817
[VLM Debug] Step 6 Reward: 0.2844
[VLM Debug] Step 66 Reward: 0.2930
[VLM Debug] Step 28 Reward: 0.2883
[VLM Debug] Step 20 Reward: 0.2817
[VLM Debug] Step 8 Reward: 0.2842
[VLM Debug] Step 68 Reward: 0.2910
[VLM Debug] Step 30 Reward: 0.2898
[VLM Debug] Step 22 Reward: 0.2832
[VLM Debug] Step 10 Reward: 0.2842
[VLM Debug] Step 70 Reward: 0.2856
[VLM Debug] Step 32 Reward: 0.2896
[VLM Debug] Step 24 Reward: 0.2812
[VLM Debug] Step 12 Reward: 0.2834
[VLM Debug] Step 72 Reward: 0.2883
[VLM Debug] Step 34 Reward: 0.2883
[VLM Debug] Step 26 Reward: 0.2798
[VLM Debug] Step 14 Reward: 0.2803
[VLM Debug] Step 74 Reward: 0.2871
[VLM Debug] Step 36 Reward: 0.2834
[VLM Debug] Step 28 Reward: 0.2788
[VLM Debug] Step 16 Reward: 0.2795
[VLM Debug] Step 76 Reward: 0.2952
[VLM Debug] Step 38 Reward: 0.2854
[VLM Debug] Step 30 Reward: 0.2815
[VLM Debug] Step 18 Reward: 0.2817
[VLM Debug] Step 78 Reward: 0.2920
[VLM Debug] Step 40 Reward: 0.2898
[VLM Debug] Step 32 Reward: 0.2800
[VLM Debug] Step 20 Reward: 0.2795
[VLM Debug] Step 80 Reward: 0.2974
[VLM Debug] Step 42 Reward: 0.2937
[VLM Debug] Step 34 Reward: 0.2800
[VLM Debug] Step 22 Reward: 0.2786
[VLM Debug] Step 82 Reward: 0.2966
[VLM Debug] Step 44 Reward: 0.2954
[VLM Debug] Step 36 Reward: 0.2773
global_step=43424, episodic_return=23.660
[VLM Debug] Step 24 Reward: 0.2795
[VLM Debug] Reset Reward Calculated: 0.2808
[VLM Debug] Step 46 Reward: 0.2986
[VLM Debug] Step 38 Reward: 0.2771
[VLM Debug] Step 26 Reward: 0.2808
[VLM Debug] Step 2 Reward: 0.2832
[VLM Debug] Step 48 Reward: 0.2927
[VLM Debug] Step 40 Reward: 0.2795
[VLM Debug] Step 28 Reward: 0.2751
[VLM Debug] Step 4 Reward: 0.2812
[VLM Debug] Step 50 Reward: 0.2947
[VLM Debug] Step 42 Reward: 0.2764
[VLM Debug] Step 30 Reward: 0.2808
[VLM Debug] Step 6 Reward: 0.2803
[VLM Debug] Step 52 Reward: 0.2937
[VLM Debug] Step 44 Reward: 0.2852
[VLM Debug] Step 32 Reward: 0.2817
[VLM Debug] Step 8 Reward: 0.2834
[VLM Debug] Step 54 Reward: 0.3013
[VLM Debug] Step 46 Reward: 0.2810
[VLM Debug] Step 34 Reward: 0.2854
[VLM Debug] Step 10 Reward: 0.2832
[VLM Debug] Step 56 Reward: 0.2954
[VLM Debug] Step 48 Reward: 0.2827
global_step=43472, episodic_return=16.089
[VLM Debug] Step 36 Reward: 0.2839
[VLM Debug] Reset Reward Calculated: 0.2791
[VLM Debug] Step 12 Reward: 0.2815
[VLM Debug] Step 50 Reward: 0.2910
[VLM Debug] Step 38 Reward: 0.2869
[VLM Debug] Step 2 Reward: 0.2793
[VLM Debug] Step 14 Reward: 0.2827
[VLM Debug] Step 52 Reward: 0.2896
[VLM Debug] Step 40 Reward: 0.2910
[VLM Debug] Step 4 Reward: 0.2800
[VLM Debug] Step 16 Reward: 0.2786
[VLM Debug] Step 54 Reward: 0.2898
[VLM Debug] Step 42 Reward: 0.2903
[VLM Debug] Step 6 Reward: 0.2800
[VLM Debug] Step 18 Reward: 0.2805
[VLM Debug] Step 56 Reward: 0.2927
[VLM Debug] Step 44 Reward: 0.2944
[VLM Debug] Step 8 Reward: 0.2798
[VLM Debug] Step 20 Reward: 0.2820
[VLM Debug] Step 58 Reward: 0.2908
[VLM Debug] Step 46 Reward: 0.2952
[VLM Debug] Step 10 Reward: 0.2803
[VLM Debug] Step 22 Reward: 0.2751
[VLM Debug] Step 60 Reward: 0.2874
SPS: 173
[VLM Debug] Step 48 Reward: 0.2891
[VLM Debug] Step 12 Reward: 0.2825
[VLM Debug] Step 24 Reward: 0.2808
[VLM Debug] Step 62 Reward: 0.2834
[VLM Debug] Step 50 Reward: 0.2893
[VLM Debug] Step 14 Reward: 0.2825
[VLM Debug] Step 26 Reward: 0.2812
[VLM Debug] Step 64 Reward: 0.2854
[VLM Debug] Step 52 Reward: 0.2874
[VLM Debug] Step 16 Reward: 0.2844
[VLM Debug] Step 28 Reward: 0.2834
[VLM Debug] Step 66 Reward: 0.2908
[VLM Debug] Step 54 Reward: 0.2930
[VLM Debug] Step 18 Reward: 0.2844
[VLM Debug] Step 30 Reward: 0.2866
[VLM Debug] Step 68 Reward: 0.2913
[VLM Debug] Step 56 Reward: 0.2930
[VLM Debug] Step 20 Reward: 0.2837
[VLM Debug] Step 32 Reward: 0.2869
[VLM Debug] Step 70 Reward: 0.2913
[VLM Debug] Step 58 Reward: 0.2917
[VLM Debug] Step 22 Reward: 0.2832
[VLM Debug] Step 34 Reward: 0.2925
[VLM Debug] Step 72 Reward: 0.2954
[VLM Debug] Step 60 Reward: 0.2964
[VLM Debug] Step 24 Reward: 0.2822
[VLM Debug] Step 36 Reward: 0.2937
[VLM Debug] Step 74 Reward: 0.2939
[VLM Debug] Step 62 Reward: 0.2998
[VLM Debug] Step 26 Reward: 0.2856
[VLM Debug] Step 38 Reward: 0.2937
[VLM Debug] Step 76 Reward: 0.2944
[VLM Debug] Step 64 Reward: 0.2903
[VLM Debug] Step 28 Reward: 0.2856
[VLM Debug] Step 40 Reward: 0.2947
global_step=43588, episodic_return=18.296
[VLM Debug] Reset Reward Calculated: 0.2788
[VLM Debug] Step 78 Reward: 0.2976
[VLM Debug] Step 30 Reward: 0.2803
[VLM Debug] Step 42 Reward: 0.2927
[VLM Debug] Step 2 Reward: 0.2778
[VLM Debug] Step 80 Reward: 0.2908
global_step=43600, episodic_return=22.739
[VLM Debug] Step 32 Reward: 0.2825
[VLM Debug] Step 44 Reward: 0.2917
[VLM Debug] Reset Reward Calculated: 0.2805
[VLM Debug] Step 4 Reward: 0.2817
[VLM Debug] Step 34 Reward: 0.2786
[VLM Debug] Step 46 Reward: 0.2869
[VLM Debug] Step 2 Reward: 0.2788
[VLM Debug] Step 6 Reward: 0.2837
[VLM Debug] Step 36 Reward: 0.2822
[VLM Debug] Step 48 Reward: 0.2920
[VLM Debug] Step 4 Reward: 0.2788
[VLM Debug] Step 8 Reward: 0.2812
[VLM Debug] Step 38 Reward: 0.2837
[VLM Debug] Step 50 Reward: 0.2905
[VLM Debug] Step 6 Reward: 0.2791
[VLM Debug] Step 10 Reward: 0.2832
[VLM Debug] Step 40 Reward: 0.2776
[VLM Debug] Step 52 Reward: 0.2935
[VLM Debug] Step 8 Reward: 0.2834
[VLM Debug] Step 12 Reward: 0.2798
[VLM Debug] Step 42 Reward: 0.2817
[VLM Debug] Step 54 Reward: 0.2961
[VLM Debug] Step 10 Reward: 0.2834
[VLM Debug] Step 14 Reward: 0.2795
global_step=43648, episodic_return=15.738
[VLM Debug] Step 44 Reward: 0.2834
[VLM Debug] Reset Reward Calculated: 0.2751
[VLM Debug] Step 12 Reward: 0.2854
[VLM Debug] Step 16 Reward: 0.2815
[VLM Debug] Step 46 Reward: 0.2883
[VLM Debug] Step 2 Reward: 0.2751
[VLM Debug] Step 14 Reward: 0.2871
[VLM Debug] Step 18 Reward: 0.2800
[VLM Debug] Step 48 Reward: 0.2869
[VLM Debug] Step 4 Reward: 0.2754
[VLM Debug] Step 16 Reward: 0.2859
[VLM Debug] Step 20 Reward: 0.2791
[VLM Debug] Step 50 Reward: 0.2927
[VLM Debug] Step 6 Reward: 0.2744
[VLM Debug] Step 18 Reward: 0.2844
[VLM Debug] Step 22 Reward: 0.2803
[VLM Debug] Step 52 Reward: 0.2920
[VLM Debug] Step 8 Reward: 0.2744
[VLM Debug] Step 20 Reward: 0.2891
[VLM Debug] Step 24 Reward: 0.2791
[VLM Debug] Step 54 Reward: 0.2947
[VLM Debug] Step 10 Reward: 0.2791
[VLM Debug] Step 22 Reward: 0.2854
[VLM Debug] Step 26 Reward: 0.2729
[VLM Debug] Step 56 Reward: 0.2949
[VLM Debug] Step 12 Reward: 0.2805
[VLM Debug] Step 24 Reward: 0.2837
[VLM Debug] Step 28 Reward: 0.2815
[VLM Debug] Step 58 Reward: 0.2930
[VLM Debug] Step 14 Reward: 0.2793
[VLM Debug] Step 26 Reward: 0.2822
[VLM Debug] Step 30 Reward: 0.2847
[VLM Debug] Step 60 Reward: 0.2888
[VLM Debug] Step 16 Reward: 0.2793
[VLM Debug] Step 28 Reward: 0.2839
[VLM Debug] Step 32 Reward: 0.2754
[VLM Debug] Step 62 Reward: 0.2842
[VLM Debug] Step 18 Reward: 0.2832
[VLM Debug] Step 30 Reward: 0.2844
[VLM Debug] Step 34 Reward: 0.2900
[VLM Debug] Step 64 Reward: 0.2966
[VLM Debug] Step 20 Reward: 0.2812
[VLM Debug] Step 32 Reward: 0.2827
[VLM Debug] Step 36 Reward: 0.2874
[VLM Debug] Step 66 Reward: 0.2910
[VLM Debug] Step 22 Reward: 0.2856
[VLM Debug] Step 34 Reward: 0.2769
[VLM Debug] Step 38 Reward: 0.2871
[VLM Debug] Step 68 Reward: 0.2971
[VLM Debug] Step 24 Reward: 0.2830
[VLM Debug] Step 36 Reward: 0.2830
[VLM Debug] Step 40 Reward: 0.2898
global_step=43752, episodic_return=19.687
[VLM Debug] Reset Reward Calculated: 0.2812
[VLM Debug] Step 26 Reward: 0.2849
[VLM Debug] Step 38 Reward: 0.2776
[VLM Debug] Step 42 Reward: 0.2908
[VLM Debug] Step 2 Reward: 0.2832
[VLM Debug] Step 28 Reward: 0.2849
[VLM Debug] Step 40 Reward: 0.2795
[VLM Debug] Step 44 Reward: 0.2849
[VLM Debug] Step 4 Reward: 0.2842
[VLM Debug] Step 30 Reward: 0.2837
[VLM Debug] Step 42 Reward: 0.2815
[VLM Debug] Step 46 Reward: 0.2866
[VLM Debug] Step 6 Reward: 0.2800
[VLM Debug] Step 32 Reward: 0.2844
[VLM Debug] Step 44 Reward: 0.2852
[VLM Debug] Step 48 Reward: 0.2837
[VLM Debug] Step 8 Reward: 0.2822
[VLM Debug] Step 34 Reward: 0.2832
[VLM Debug] Step 46 Reward: 0.2886
[VLM Debug] Step 50 Reward: 0.2876
[VLM Debug] Step 10 Reward: 0.2861
[VLM Debug] Step 36 Reward: 0.2827
[VLM Debug] Step 48 Reward: 0.2920
[VLM Debug] Step 52 Reward: 0.2893
[VLM Debug] Step 12 Reward: 0.2852
[VLM Debug] Step 38 Reward: 0.2766
[VLM Debug] Step 50 Reward: 0.2927
[VLM Debug] Step 54 Reward: 0.2917
[VLM Debug] Step 14 Reward: 0.2815
[VLM Debug] Step 40 Reward: 0.2786
[VLM Debug] Step 52 Reward: 0.2954
[VLM Debug] Step 56 Reward: 0.2905
[VLM Debug] Step 16 Reward: 0.2805
[VLM Debug] Step 42 Reward: 0.2822
[VLM Debug] Step 54 Reward: 0.2952
[VLM Debug] Step 58 Reward: 0.2947
[VLM Debug] Step 18 Reward: 0.2812
[VLM Debug] Step 44 Reward: 0.2837
[VLM Debug] Step 56 Reward: 0.2905
[VLM Debug] Step 60 Reward: 0.2896
[VLM Debug] Step 20 Reward: 0.2788
[VLM Debug] Step 46 Reward: 0.2773
[VLM Debug] Step 58 Reward: 0.2905
[VLM Debug] Step 62 Reward: 0.2971
[VLM Debug] Step 22 Reward: 0.2791
[VLM Debug] Step 48 Reward: 0.2795
[VLM Debug] Step 60 Reward: 0.2869
[VLM Debug] Step 64 Reward: 0.2947
[VLM Debug] Step 24 Reward: 0.2839
[VLM Debug] Step 50 Reward: 0.2852
[VLM Debug] Step 62 Reward: 0.2932
[VLM Debug] Step 66 Reward: 0.2969
[VLM Debug] Step 26 Reward: 0.2869
[VLM Debug] Step 52 Reward: 0.2874
[VLM Debug] Step 64 Reward: 0.2952
[VLM Debug] Step 68 Reward: 0.2917
[VLM Debug] Step 28 Reward: 0.2864
[VLM Debug] Step 54 Reward: 0.2910
[VLM Debug] Step 66 Reward: 0.2910
global_step=43868, episodic_return=19.690
[VLM Debug] Reset Reward Calculated: 0.2744
[VLM Debug] Step 30 Reward: 0.2849
[VLM Debug] Step 56 Reward: 0.2952
[VLM Debug] Step 68 Reward: 0.2986
[VLM Debug] Step 2 Reward: 0.2744
[VLM Debug] Step 32 Reward: 0.2944
[VLM Debug] Step 58 Reward: 0.2896
[VLM Debug] Step 70 Reward: 0.2983
[VLM Debug] Step 4 Reward: 0.2744
global_step=43888, episodic_return=20.340
[VLM Debug] Step 34 Reward: 0.2964
[VLM Debug] Step 60 Reward: 0.2925
[VLM Debug] Reset Reward Calculated: 0.2805
[VLM Debug] Step 6 Reward: 0.2798
[VLM Debug] Step 36 Reward: 0.2959
[VLM Debug] Step 62 Reward: 0.2952
[VLM Debug] Step 2 Reward: 0.2788
[VLM Debug] Step 8 Reward: 0.2798
[VLM Debug] Step 38 Reward: 0.2957
[VLM Debug] Step 64 Reward: 0.2930
[VLM Debug] Step 4 Reward: 0.2788
[VLM Debug] Step 10 Reward: 0.2798
[VLM Debug] Step 40 Reward: 0.2952
[VLM Debug] Step 66 Reward: 0.2891
[VLM Debug] Step 6 Reward: 0.2827
[VLM Debug] Step 12 Reward: 0.2786
[VLM Debug] Step 42 Reward: 0.2839
[VLM Debug] Step 68 Reward: 0.2834
[VLM Debug] Step 8 Reward: 0.2827
[VLM Debug] Step 14 Reward: 0.2786
[VLM Debug] Step 44 Reward: 0.2878
[VLM Debug] Step 70 Reward: 0.2993
[VLM Debug] Step 10 Reward: 0.2827
[VLM Debug] Step 16 Reward: 0.2800
[VLM Debug] Step 46 Reward: 0.2925
[VLM Debug] Step 72 Reward: 0.2939
[VLM Debug] Step 12 Reward: 0.2820
[VLM Debug] Step 18 Reward: 0.2800
global_step=43944, episodic_return=13.453
[VLM Debug] Reset Reward Calculated: 0.2800
[VLM Debug] Step 74 Reward: 0.2942
[VLM Debug] Step 14 Reward: 0.2820
global_step=43948, episodic_return=21.023
[VLM Debug] Step 20 Reward: 0.2791
[VLM Debug] Reset Reward Calculated: 0.2852
[VLM Debug] Step 2 Reward: 0.2844
[VLM Debug] Step 16 Reward: 0.2788
[VLM Debug] Step 22 Reward: 0.2803
[VLM Debug] Step 2 Reward: 0.2744
[VLM Debug] Step 4 Reward: 0.2842
[VLM Debug] Step 18 Reward: 0.2788
[VLM Debug] Step 24 Reward: 0.2791
[VLM Debug] Step 4 Reward: 0.2747
[VLM Debug] Step 6 Reward: 0.2842
[VLM Debug] Step 20 Reward: 0.2874
[VLM Debug] Step 26 Reward: 0.2778
[VLM Debug] Step 6 Reward: 0.2747
[VLM Debug] Step 8 Reward: 0.2820
[VLM Debug] Step 22 Reward: 0.2883
[VLM Debug] Step 28 Reward: 0.2800
[VLM Debug] Step 8 Reward: 0.2761
[VLM Debug] Step 10 Reward: 0.2808
[VLM Debug] Step 24 Reward: 0.2874
[VLM Debug] Step 30 Reward: 0.2815
[VLM Debug] Step 10 Reward: 0.2754
[VLM Debug] Step 12 Reward: 0.2839
[VLM Debug] Step 26 Reward: 0.2874
[VLM Debug] Step 32 Reward: 0.2830
[VLM Debug] Step 12 Reward: 0.2754
[VLM Debug] Step 14 Reward: 0.2827
[VLM Debug] Step 28 Reward: 0.2878
[VLM Debug] Step 34 Reward: 0.2805
[VLM Debug] Step 14 Reward: 0.2744
[VLM Debug] Step 16 Reward: 0.2874
[VLM Debug] Step 30 Reward: 0.2881
[VLM Debug] Step 36 Reward: 0.2815
[VLM Debug] Step 16 Reward: 0.2791
[VLM Debug] Step 18 Reward: 0.2852
[VLM Debug] Step 32 Reward: 0.2847
[VLM Debug] Step 38 Reward: 0.2900
[VLM Debug] Step 18 Reward: 0.2791
[VLM Debug] Step 20 Reward: 0.2898
[VLM Debug] Step 34 Reward: 0.2861
[VLM Debug] Step 40 Reward: 0.2871
[VLM Debug] Step 20 Reward: 0.2732
SPS: 173
[VLM Debug] Step 22 Reward: 0.2893
[VLM Debug] Step 36 Reward: 0.2849
[VLM Debug] Step 42 Reward: 0.2886
[VLM Debug] Step 22 Reward: 0.2793
[VLM Debug] Step 24 Reward: 0.2874
[VLM Debug] Step 38 Reward: 0.2871
[VLM Debug] Step 44 Reward: 0.2888
[VLM Debug] Step 24 Reward: 0.2791
[VLM Debug] Step 26 Reward: 0.2883
[VLM Debug] Step 40 Reward: 0.2832
[VLM Debug] Step 46 Reward: 0.2893
[VLM Debug] Step 26 Reward: 0.2771
[VLM Debug] Step 28 Reward: 0.2883
[VLM Debug] Step 42 Reward: 0.2817
[VLM Debug] Step 48 Reward: 0.2925
[VLM Debug] Step 28 Reward: 0.2793
[VLM Debug] Step 30 Reward: 0.2893
[VLM Debug] Step 44 Reward: 0.2830
[VLM Debug] Step 50 Reward: 0.2910
[VLM Debug] Step 30 Reward: 0.2842
[VLM Debug] Step 32 Reward: 0.2927
[VLM Debug] Step 46 Reward: 0.2842
[VLM Debug] Step 52 Reward: 0.2812
[VLM Debug] Step 32 Reward: 0.2842
[VLM Debug] Step 34 Reward: 0.2932
[VLM Debug] Step 48 Reward: 0.2832
[VLM Debug] Step 54 Reward: 0.2871
[VLM Debug] Step 34 Reward: 0.2842
[VLM Debug] Step 36 Reward: 0.2874
[VLM Debug] Step 50 Reward: 0.2817
[VLM Debug] Step 56 Reward: 0.2944
[VLM Debug] Step 36 Reward: 0.2815
[VLM Debug] Step 38 Reward: 0.2859
[VLM Debug] Step 52 Reward: 0.2874
[VLM Debug] Step 58 Reward: 0.2900
[VLM Debug] Step 38 Reward: 0.2839
[VLM Debug] Step 40 Reward: 0.2883
[VLM Debug] Step 54 Reward: 0.2871
[VLM Debug] Step 60 Reward: 0.2964
[VLM Debug] Step 40 Reward: 0.2891
[VLM Debug] Step 42 Reward: 0.2917
[VLM Debug] Step 56 Reward: 0.2937
[VLM Debug] Step 62 Reward: 0.2954
[VLM Debug] Step 42 Reward: 0.2856
[VLM Debug] Step 44 Reward: 0.2876
[VLM Debug] Step 58 Reward: 0.2939
[VLM Debug] Step 64 Reward: 0.2898
[VLM Debug] Step 44 Reward: 0.2844
[VLM Debug] Step 46 Reward: 0.2961
[VLM Debug] Step 60 Reward: 0.2954
[VLM Debug] Step 66 Reward: 0.2939
[VLM Debug] Step 46 Reward: 0.2891
[VLM Debug] Step 48 Reward: 0.2986
[VLM Debug] Step 62 Reward: 0.2903
[VLM Debug] Step 68 Reward: 0.2954
[VLM Debug] Step 48 Reward: 0.2891
[VLM Debug] Step 50 Reward: 0.2937
[VLM Debug] Step 64 Reward: 0.2915
[VLM Debug] Step 70 Reward: 0.2935
[VLM Debug] Step 50 Reward: 0.2874
[VLM Debug] Step 52 Reward: 0.2964
[VLM Debug] Step 66 Reward: 0.2849
[VLM Debug] Step 72 Reward: 0.2983
[VLM Debug] Step 52 Reward: 0.2874
[VLM Debug] Step 54 Reward: 0.2942
[VLM Debug] Step 68 Reward: 0.2964
[VLM Debug] Step 74 Reward: 0.3018
[VLM Debug] Step 54 Reward: 0.2825
[VLM Debug] Step 56 Reward: 0.2983
[VLM Debug] Step 70 Reward: 0.2930
[VLM Debug] Step 76 Reward: 0.2986
[VLM Debug] Step 56 Reward: 0.2832
global_step=44176, episodic_return=21.719
global_step=44176, episodic_return=16.463
[VLM Debug] Reset Reward Calculated: 0.2803
[VLM Debug] Reset Reward Calculated: 0.2800
[VLM Debug] Step 72 Reward: 0.2971
[VLM Debug] Step 58 Reward: 0.2842
[VLM Debug] Step 2 Reward: 0.2798
[VLM Debug] Step 2 Reward: 0.2791
[VLM Debug] Step 74 Reward: 0.2925
[VLM Debug] Step 60 Reward: 0.2808
[VLM Debug] Step 4 Reward: 0.2798
[VLM Debug] Step 4 Reward: 0.2800
[VLM Debug] Step 76 Reward: 0.2930
global_step=44196, episodic_return=21.767
[VLM Debug] Step 62 Reward: 0.2852
[VLM Debug] Reset Reward Calculated: 0.2852
[VLM Debug] Step 6 Reward: 0.2798
[VLM Debug] Step 6 Reward: 0.2830
[VLM Debug] Step 64 Reward: 0.2798
[VLM Debug] Step 2 Reward: 0.2744
[VLM Debug] Step 8 Reward: 0.2732
[VLM Debug] Step 8 Reward: 0.2800
[VLM Debug] Step 66 Reward: 0.2830
[VLM Debug] Step 4 Reward: 0.2744
[VLM Debug] Step 10 Reward: 0.2732
[VLM Debug] Step 10 Reward: 0.2817
[VLM Debug] Step 68 Reward: 0.2788
[VLM Debug] Step 6 Reward: 0.2693
[VLM Debug] Step 12 Reward: 0.2732
[VLM Debug] Step 12 Reward: 0.2791
[VLM Debug] Step 70 Reward: 0.2856
[VLM Debug] Step 8 Reward: 0.2693
[VLM Debug] Step 14 Reward: 0.2732
[VLM Debug] Step 14 Reward: 0.2791
[VLM Debug] Step 72 Reward: 0.2781
[VLM Debug] Step 10 Reward: 0.2751
[VLM Debug] Step 16 Reward: 0.2793
[VLM Debug] Step 16 Reward: 0.2786
[VLM Debug] Step 74 Reward: 0.2834
[VLM Debug] Step 12 Reward: 0.2751
[VLM Debug] Step 18 Reward: 0.2793
[VLM Debug] Step 18 Reward: 0.2808
[VLM Debug] Step 76 Reward: 0.2869
[VLM Debug] Step 14 Reward: 0.2749
[VLM Debug] Step 20 Reward: 0.2793
[VLM Debug] Step 20 Reward: 0.2842
[VLM Debug] Step 78 Reward: 0.2908
[VLM Debug] Step 16 Reward: 0.2749
[VLM Debug] Step 22 Reward: 0.2791
[VLM Debug] Step 22 Reward: 0.2800
[VLM Debug] Step 80 Reward: 0.2935
[VLM Debug] Step 18 Reward: 0.2798
[VLM Debug] Step 24 Reward: 0.2812
[VLM Debug] Step 24 Reward: 0.2842
[VLM Debug] Step 82 Reward: 0.2939
[VLM Debug] Step 20 Reward: 0.2798
[VLM Debug] Step 26 Reward: 0.2812
[VLM Debug] Step 26 Reward: 0.2842
[VLM Debug] Step 84 Reward: 0.2910
[VLM Debug] Step 22 Reward: 0.2793
[VLM Debug] Step 28 Reward: 0.2812
[VLM Debug] Step 28 Reward: 0.2905
[VLM Debug] Step 86 Reward: 0.2883
[VLM Debug] Step 24 Reward: 0.2793
[VLM Debug] Step 30 Reward: 0.2817
[VLM Debug] Step 30 Reward: 0.2908
[VLM Debug] Step 88 Reward: 0.2871
[VLM Debug] Step 26 Reward: 0.2795
[VLM Debug] Step 32 Reward: 0.2812
[VLM Debug] Step 32 Reward: 0.2893
[VLM Debug] Step 90 Reward: 0.2920
[VLM Debug] Step 28 Reward: 0.2795
[VLM Debug] Step 34 Reward: 0.2812
[VLM Debug] Step 34 Reward: 0.2932
[VLM Debug] Step 92 Reward: 0.2986
[VLM Debug] Step 30 Reward: 0.2798
[VLM Debug] Step 36 Reward: 0.2834
[VLM Debug] Step 36 Reward: 0.2947
[VLM Debug] Step 94 Reward: 0.2913
[VLM Debug] Step 32 Reward: 0.2798
[VLM Debug] Step 38 Reward: 0.2803
[VLM Debug] Step 38 Reward: 0.2910
[VLM Debug] Step 96 Reward: 0.2964
[VLM Debug] Step 34 Reward: 0.2795
[VLM Debug] Step 40 Reward: 0.2815
[VLM Debug] Step 40 Reward: 0.2864
[VLM Debug] Step 98 Reward: 0.2998
[VLM Debug] Step 36 Reward: 0.2815
[VLM Debug] Step 42 Reward: 0.2793
[VLM Debug] Step 42 Reward: 0.2903
[VLM Debug] Step 100 Reward: 0.2935
[VLM Debug] Step 38 Reward: 0.2815
global_step=44352, episodic_return=28.409
[VLM Debug] Step 44 Reward: 0.2805
[VLM Debug] Step 44 Reward: 0.2866
[VLM Debug] Reset Reward Calculated: 0.2822
[VLM Debug] Step 40 Reward: 0.2817
[VLM Debug] Step 46 Reward: 0.2791
[VLM Debug] Step 46 Reward: 0.2930
[VLM Debug] Step 2 Reward: 0.2847
[VLM Debug] Step 42 Reward: 0.2800
[VLM Debug] Step 48 Reward: 0.2803
[VLM Debug] Step 48 Reward: 0.2935
[VLM Debug] Step 4 Reward: 0.2866
[VLM Debug] Step 44 Reward: 0.2822
[VLM Debug] Step 50 Reward: 0.2805
[VLM Debug] Step 50 Reward: 0.2910
[VLM Debug] Step 6 Reward: 0.2839
[VLM Debug] Step 46 Reward: 0.2773
[VLM Debug] Step 52 Reward: 0.2764
[VLM Debug] Step 52 Reward: 0.2961
[VLM Debug] Step 8 Reward: 0.2839
[VLM Debug] Step 48 Reward: 0.2783
[VLM Debug] Step 54 Reward: 0.2832
[VLM Debug] Step 54 Reward: 0.2961
[VLM Debug] Step 10 Reward: 0.2839
[VLM Debug] Step 50 Reward: 0.2778
[VLM Debug] Step 56 Reward: 0.2778
[VLM Debug] Step 56 Reward: 0.2900
[VLM Debug] Step 12 Reward: 0.2842
[VLM Debug] Step 52 Reward: 0.2795
[VLM Debug] Step 58 Reward: 0.2842
[VLM Debug] Step 58 Reward: 0.2969
[VLM Debug] Step 14 Reward: 0.2759
[VLM Debug] Step 54 Reward: 0.2769
[VLM Debug] Step 60 Reward: 0.2866
[VLM Debug] Step 60 Reward: 0.2964
[VLM Debug] Step 16 Reward: 0.2759
[VLM Debug] Step 56 Reward: 0.2815
global_step=44424, episodic_return=17.519
[VLM Debug] Step 62 Reward: 0.2903
[VLM Debug] Reset Reward Calculated: 0.2847
[VLM Debug] Step 18 Reward: 0.2759
[VLM Debug] Step 58 Reward: 0.2798
[VLM Debug] Step 64 Reward: 0.2898
[VLM Debug] Step 2 Reward: 0.2825
[VLM Debug] Step 20 Reward: 0.2759
[VLM Debug] Step 60 Reward: 0.2817
[VLM Debug] Step 66 Reward: 0.2932
[VLM Debug] Step 4 Reward: 0.2842
[VLM Debug] Step 22 Reward: 0.2800
[VLM Debug] Step 62 Reward: 0.2859
[VLM Debug] Step 68 Reward: 0.2932
[VLM Debug] Step 6 Reward: 0.2842
[VLM Debug] Step 24 Reward: 0.2800
[VLM Debug] Step 64 Reward: 0.2905
[VLM Debug] Step 70 Reward: 0.2908
[VLM Debug] Step 8 Reward: 0.2842
[VLM Debug] Step 26 Reward: 0.2800
[VLM Debug] Step 66 Reward: 0.2925
[VLM Debug] Step 72 Reward: 0.2864
[VLM Debug] Step 10 Reward: 0.2842
[VLM Debug] Step 28 Reward: 0.2800
[VLM Debug] Step 68 Reward: 0.2937
[VLM Debug] Step 74 Reward: 0.2869
[VLM Debug] Step 12 Reward: 0.2842
[VLM Debug] Step 30 Reward: 0.2800
[VLM Debug] Step 70 Reward: 0.2937
[VLM Debug] Step 76 Reward: 0.2869
[VLM Debug] Step 14 Reward: 0.2842
[VLM Debug] Step 32 Reward: 0.2791
[VLM Debug] Step 72 Reward: 0.2952
[VLM Debug] Step 78 Reward: 0.2920
[VLM Debug] Step 16 Reward: 0.2842
[VLM Debug] Step 34 Reward: 0.2791
[VLM Debug] Step 74 Reward: 0.2896
[VLM Debug] Step 80 Reward: 0.2969
[VLM Debug] Step 18 Reward: 0.2820
[VLM Debug] Step 36 Reward: 0.2791
[VLM Debug] Step 76 Reward: 0.2903
[VLM Debug] Step 82 Reward: 0.2922
[VLM Debug] Step 20 Reward: 0.2778
[VLM Debug] Step 38 Reward: 0.2791
[VLM Debug] Step 78 Reward: 0.2874
[VLM Debug] Step 84 Reward: 0.2959
[VLM Debug] Step 22 Reward: 0.2817
[VLM Debug] Step 40 Reward: 0.2834
[VLM Debug] Step 80 Reward: 0.2915
[VLM Debug] Step 86 Reward: 0.2998
[VLM Debug] Step 24 Reward: 0.2817
[VLM Debug] Step 42 Reward: 0.2834
[VLM Debug] Step 82 Reward: 0.2905
[VLM Debug] Step 88 Reward: 0.2957
[VLM Debug] Step 26 Reward: 0.2856
[VLM Debug] Step 44 Reward: 0.2834
[VLM Debug] Step 84 Reward: 0.2922
global_step=44536, episodic_return=25.240
[VLM Debug] Reset Reward Calculated: 0.2744
[VLM Debug] Step 28 Reward: 0.2834
[VLM Debug] Step 46 Reward: 0.2834
[VLM Debug] Step 86 Reward: 0.2959
SPS: 173
[VLM Debug] Step 2 Reward: 0.2761
[VLM Debug] Step 30 Reward: 0.2812
[VLM Debug] Step 48 Reward: 0.2834
[VLM Debug] Step 88 Reward: 0.2993
[VLM Debug] Step 4 Reward: 0.2693
[VLM Debug] Step 32 Reward: 0.2769
[VLM Debug] Step 50 Reward: 0.2854
global_step=44556, episodic_return=25.149
[VLM Debug] Reset Reward Calculated: 0.2744
[VLM Debug] Step 6 Reward: 0.2751
[VLM Debug] Step 34 Reward: 0.2822
[VLM Debug] Step 52 Reward: 0.2871
[VLM Debug] Step 2 Reward: 0.2744
[VLM Debug] Step 8 Reward: 0.2751
[VLM Debug] Step 36 Reward: 0.2869
[VLM Debug] Step 54 Reward: 0.2871
[VLM Debug] Step 4 Reward: 0.2747
[VLM Debug] Step 10 Reward: 0.2646
[VLM Debug] Step 38 Reward: 0.2832
[VLM Debug] Step 56 Reward: 0.2834
[VLM Debug] Step 6 Reward: 0.2756
[VLM Debug] Step 12 Reward: 0.2646
[VLM Debug] Step 40 Reward: 0.2842
[VLM Debug] Step 58 Reward: 0.2849
[VLM Debug] Step 8 Reward: 0.2793
[VLM Debug] Step 14 Reward: 0.2749
[VLM Debug] Step 42 Reward: 0.2817
[VLM Debug] Step 60 Reward: 0.2856
[VLM Debug] Step 10 Reward: 0.2756
[VLM Debug] Step 16 Reward: 0.2749
[VLM Debug] Step 44 Reward: 0.2874
[VLM Debug] Step 62 Reward: 0.2866
[VLM Debug] Step 12 Reward: 0.2771
[VLM Debug] Step 18 Reward: 0.2798
[VLM Debug] Step 46 Reward: 0.2896
[VLM Debug] Step 64 Reward: 0.2852
[VLM Debug] Step 14 Reward: 0.2783
[VLM Debug] Step 20 Reward: 0.2798
[VLM Debug] Step 48 Reward: 0.2854
[VLM Debug] Step 66 Reward: 0.2856
[VLM Debug] Step 16 Reward: 0.2783
[VLM Debug] Step 22 Reward: 0.2793
[VLM Debug] Step 50 Reward: 0.2959
[VLM Debug] Step 68 Reward: 0.2817
[VLM Debug] Step 18 Reward: 0.2798
[VLM Debug] Step 24 Reward: 0.2793
[VLM Debug] Step 52 Reward: 0.2959
[VLM Debug] Step 70 Reward: 0.2827
[VLM Debug] Step 20 Reward: 0.2798
[VLM Debug] Step 26 Reward: 0.2815
[VLM Debug] Step 54 Reward: 0.2964
[VLM Debug] Step 72 Reward: 0.2822
[VLM Debug] Step 22 Reward: 0.2771
[VLM Debug] Step 28 Reward: 0.2815
[VLM Debug] Step 56 Reward: 0.2922
[VLM Debug] Step 74 Reward: 0.2852
[VLM Debug] Step 24 Reward: 0.2776
[VLM Debug] Step 30 Reward: 0.2798
[VLM Debug] Step 58 Reward: 0.2903
[VLM Debug] Step 76 Reward: 0.2798
[VLM Debug] Step 26 Reward: 0.2808
[VLM Debug] Step 32 Reward: 0.2798
[VLM Debug] Step 60 Reward: 0.2837
[VLM Debug] Step 78 Reward: 0.2822
[VLM Debug] Step 28 Reward: 0.2847
[VLM Debug] Step 34 Reward: 0.2805
[VLM Debug] Step 62 Reward: 0.2974
[VLM Debug] Step 80 Reward: 0.2776
[VLM Debug] Step 30 Reward: 0.2834
[VLM Debug] Step 36 Reward: 0.2800
[VLM Debug] Step 64 Reward: 0.2937
[VLM Debug] Step 82 Reward: 0.2830
[VLM Debug] Step 32 Reward: 0.2847
[VLM Debug] Step 38 Reward: 0.2830
[VLM Debug] Step 66 Reward: 0.2974
[VLM Debug] Step 84 Reward: 0.2788
[VLM Debug] Step 34 Reward: 0.2839
[VLM Debug] Step 40 Reward: 0.2800
[VLM Debug] Step 68 Reward: 0.2986
[VLM Debug] Step 86 Reward: 0.2883
[VLM Debug] Step 36 Reward: 0.2825
[VLM Debug] Step 42 Reward: 0.2788
[VLM Debug] Step 70 Reward: 0.2935
[VLM Debug] Step 88 Reward: 0.2869
global_step=44708, episodic_return=20.066
[VLM Debug] Reset Reward Calculated: 0.2788
[VLM Debug] Step 38 Reward: 0.2866
[VLM Debug] Step 44 Reward: 0.2805
[VLM Debug] Step 90 Reward: 0.2903
[VLM Debug] Step 2 Reward: 0.2788
[VLM Debug] Step 40 Reward: 0.2856
[VLM Debug] Step 46 Reward: 0.2786
[VLM Debug] Step 92 Reward: 0.2915
[VLM Debug] Step 4 Reward: 0.2739
[VLM Debug] Step 42 Reward: 0.2878
[VLM Debug] Step 48 Reward: 0.2842
[VLM Debug] Step 94 Reward: 0.2925
[VLM Debug] Step 6 Reward: 0.2781
[VLM Debug] Step 44 Reward: 0.2805
[VLM Debug] Step 50 Reward: 0.2781
[VLM Debug] Step 96 Reward: 0.2898
[VLM Debug] Step 8 Reward: 0.2781
[VLM Debug] Step 46 Reward: 0.2808
[VLM Debug] Step 52 Reward: 0.2842
[VLM Debug] Step 98 Reward: 0.2878
[VLM Debug] Step 10 Reward: 0.2778
[VLM Debug] Step 48 Reward: 0.2822
[VLM Debug] Step 54 Reward: 0.2861
[VLM Debug] Step 100 Reward: 0.2900
[VLM Debug] Step 12 Reward: 0.2764
[VLM Debug] Step 50 Reward: 0.2773
[VLM Debug] Step 56 Reward: 0.2896
[VLM Debug] Step 102 Reward: 0.2910
[VLM Debug] Step 14 Reward: 0.2764
[VLM Debug] Step 52 Reward: 0.2849
[VLM Debug] Step 58 Reward: 0.2886
[VLM Debug] Step 104 Reward: 0.2930
[VLM Debug] Step 16 Reward: 0.2815
[VLM Debug] Step 54 Reward: 0.2893
[VLM Debug] Step 60 Reward: 0.2949
[VLM Debug] Step 106 Reward: 0.2920
[VLM Debug] Step 18 Reward: 0.2854
[VLM Debug] Step 56 Reward: 0.2891
[VLM Debug] Step 62 Reward: 0.2959
[VLM Debug] Step 108 Reward: 0.2971
[VLM Debug] Step 20 Reward: 0.2825
[VLM Debug] Step 58 Reward: 0.2896
[VLM Debug] Step 64 Reward: 0.2959
[VLM Debug] Step 110 Reward: 0.2998
[VLM Debug] Step 22 Reward: 0.2795
[VLM Debug] Step 60 Reward: 0.2903
[VLM Debug] Step 66 Reward: 0.2947
[VLM Debug] Step 112 Reward: 0.2908
global_step=44804, episodic_return=31.850
[VLM Debug] Step 24 Reward: 0.2898
[VLM Debug] Reset Reward Calculated: 0.2815
[VLM Debug] Step 62 Reward: 0.2920
[VLM Debug] Step 68 Reward: 0.2935
[VLM Debug] Step 26 Reward: 0.2910
[VLM Debug] Step 2 Reward: 0.2815
[VLM Debug] Step 64 Reward: 0.2878
[VLM Debug] Step 70 Reward: 0.2861
[VLM Debug] Step 28 Reward: 0.2871
[VLM Debug] Step 4 Reward: 0.2795
[VLM Debug] Step 66 Reward: 0.2896
[VLM Debug] Step 72 Reward: 0.2822
[VLM Debug] Step 30 Reward: 0.2900
[VLM Debug] Step 6 Reward: 0.2812
[VLM Debug] Step 68 Reward: 0.2939
[VLM Debug] Step 74 Reward: 0.2981
[VLM Debug] Step 32 Reward: 0.2891
[VLM Debug] Step 8 Reward: 0.2815
[VLM Debug] Step 70 Reward: 0.2927
global_step=44840, episodic_return=21.132
[VLM Debug] Reset Reward Calculated: 0.2800
[VLM Debug] Step 34 Reward: 0.2908
[VLM Debug] Step 10 Reward: 0.2815
[VLM Debug] Step 72 Reward: 0.2793
[VLM Debug] Step 2 Reward: 0.2800
[VLM Debug] Step 36 Reward: 0.2891
[VLM Debug] Step 12 Reward: 0.2815
[VLM Debug] Step 74 Reward: 0.2778
[VLM Debug] Step 4 Reward: 0.2832
[VLM Debug] Step 38 Reward: 0.2881
[VLM Debug] Step 14 Reward: 0.2827
[VLM Debug] Step 76 Reward: 0.2764
[VLM Debug] Step 6 Reward: 0.2812
[VLM Debug] Step 40 Reward: 0.2830
[VLM Debug] Step 16 Reward: 0.2786
[VLM Debug] Step 78 Reward: 0.2791
[VLM Debug] Step 8 Reward: 0.2822
[VLM Debug] Step 42 Reward: 0.2856
[VLM Debug] Step 18 Reward: 0.2798
[VLM Debug] Step 80 Reward: 0.2732
[VLM Debug] Step 10 Reward: 0.2837
[VLM Debug] Step 44 Reward: 0.2905
[VLM Debug] Step 20 Reward: 0.2827
[VLM Debug] Step 82 Reward: 0.2766
[VLM Debug] Step 12 Reward: 0.2805
[VLM Debug] Step 46 Reward: 0.2908
[VLM Debug] Step 22 Reward: 0.2837
[VLM Debug] Step 84 Reward: 0.2791
[VLM Debug] Step 14 Reward: 0.2854
[VLM Debug] Step 48 Reward: 0.2930
[VLM Debug] Step 24 Reward: 0.2751
[VLM Debug] Step 86 Reward: 0.2925
[VLM Debug] Step 16 Reward: 0.2854
[VLM Debug] Step 50 Reward: 0.2954
[VLM Debug] Step 26 Reward: 0.2859
[VLM Debug] Step 88 Reward: 0.2903
[VLM Debug] Step 18 Reward: 0.2825
[VLM Debug] Step 52 Reward: 0.2896
[VLM Debug] Step 28 Reward: 0.2815
[VLM Debug] Step 90 Reward: 0.2878
[VLM Debug] Step 20 Reward: 0.2866
[VLM Debug] Step 54 Reward: 0.2971
[VLM Debug] Step 30 Reward: 0.2854
[VLM Debug] Step 92 Reward: 0.2900
[VLM Debug] Step 22 Reward: 0.2849
[VLM Debug] Step 56 Reward: 0.2983
[VLM Debug] Step 32 Reward: 0.2866
[VLM Debug] Step 94 Reward: 0.2852
[VLM Debug] Step 24 Reward: 0.2742
[VLM Debug] Step 58 Reward: 0.2976
[VLM Debug] Step 34 Reward: 0.2913
[VLM Debug] Step 96 Reward: 0.2810
[VLM Debug] Step 26 Reward: 0.2720
[VLM Debug] Step 60 Reward: 0.2996
[VLM Debug] Step 36 Reward: 0.2913
[VLM Debug] Step 98 Reward: 0.2834
[VLM Debug] Step 28 Reward: 0.2727
[VLM Debug] Step 62 Reward: 0.2954
[VLM Debug] Step 38 Reward: 0.2900
[VLM Debug] Step 100 Reward: 0.2878
global_step=44960, episodic_return=17.782
[VLM Debug] Step 30 Reward: 0.2749
[VLM Debug] Reset Reward Calculated: 0.2759
[VLM Debug] Step 40 Reward: 0.2898
[VLM Debug] Step 102 Reward: 0.2922
[VLM Debug] Step 32 Reward: 0.2791
[VLM Debug] Step 2 Reward: 0.2800
[VLM Debug] Step 42 Reward: 0.2910
[VLM Debug] Step 104 Reward: 0.2917
[VLM Debug] Step 34 Reward: 0.2805
[VLM Debug] Step 4 Reward: 0.2800
[VLM Debug] Step 44 Reward: 0.2856
[VLM Debug] Step 106 Reward: 0.2900
[VLM Debug] Step 36 Reward: 0.2825
[VLM Debug] Step 6 Reward: 0.2803
[VLM Debug] Step 46 Reward: 0.2854
[VLM Debug] Step 108 Reward: 0.2954
[VLM Debug] Step 38 Reward: 0.2817
[VLM Debug] Step 8 Reward: 0.2803
[VLM Debug] Step 48 Reward: 0.2849
[VLM Debug] Step 110 Reward: 0.2893
[VLM Debug] Step 40 Reward: 0.2830
[VLM Debug] Step 10 Reward: 0.2812
[VLM Debug] Step 50 Reward: 0.2905
[VLM Debug] Step 112 Reward: 0.2957
[VLM Debug] Step 42 Reward: 0.2847
[VLM Debug] Step 12 Reward: 0.2812
[VLM Debug] Step 52 Reward: 0.2974
[VLM Debug] Step 114 Reward: 0.2888
[VLM Debug] Step 44 Reward: 0.2847
[VLM Debug] Step 14 Reward: 0.2854
[VLM Debug] Step 54 Reward: 0.2896
[VLM Debug] Step 116 Reward: 0.2920
[VLM Debug] Step 46 Reward: 0.2844
[VLM Debug] Step 16 Reward: 0.2812
[VLM Debug] Step 56 Reward: 0.2947
[VLM Debug] Step 118 Reward: 0.2910
[VLM Debug] Step 48 Reward: 0.2854
[VLM Debug] Step 18 Reward: 0.2839
[VLM Debug] Step 58 Reward: 0.2996
[VLM Debug] Step 120 Reward: 0.2886
[VLM Debug] Step 50 Reward: 0.2825
[VLM Debug] Step 20 Reward: 0.2859
[VLM Debug] Step 60 Reward: 0.2935
[VLM Debug] Step 122 Reward: 0.2949
global_step=45048, episodic_return=34.693
[VLM Debug] Step 52 Reward: 0.2803
[VLM Debug] Step 22 Reward: 0.2876
[VLM Debug] Reset Reward Calculated: 0.2783
[VLM Debug] Step 62 Reward: 0.2961
SPS: 173
[VLM Debug] Step 54 Reward: 0.2803
[VLM Debug] Step 24 Reward: 0.2844
[VLM Debug] Step 2 Reward: 0.2791
[VLM Debug] Step 64 Reward: 0.2952
[VLM Debug] Step 56 Reward: 0.2844
[VLM Debug] Step 26 Reward: 0.2842
[VLM Debug] Step 4 Reward: 0.2776
global_step=45068, episodic_return=18.631
[VLM Debug] Reset Reward Calculated: 0.2761
[VLM Debug] Step 58 Reward: 0.2827
[VLM Debug] Step 28 Reward: 0.2842
[VLM Debug] Step 6 Reward: 0.2805
[VLM Debug] Step 2 Reward: 0.2761
[VLM Debug] Step 60 Reward: 0.2812
[VLM Debug] Step 30 Reward: 0.2822
[VLM Debug] Step 8 Reward: 0.2798
[VLM Debug] Step 4 Reward: 0.2781
[VLM Debug] Step 62 Reward: 0.2854
[VLM Debug] Step 32 Reward: 0.2856
[VLM Debug] Step 10 Reward: 0.2771
[VLM Debug] Step 6 Reward: 0.2810
[VLM Debug] Step 64 Reward: 0.2808
[VLM Debug] Step 34 Reward: 0.2842
[VLM Debug] Step 12 Reward: 0.2815
[VLM Debug] Step 8 Reward: 0.2810
[VLM Debug] Step 66 Reward: 0.2837
[VLM Debug] Step 36 Reward: 0.2815
[VLM Debug] Step 14 Reward: 0.2839
[VLM Debug] Step 10 Reward: 0.2808
[VLM Debug] Step 68 Reward: 0.2896
[VLM Debug] Step 38 Reward: 0.2815
[VLM Debug] Step 16 Reward: 0.2832
[VLM Debug] Step 12 Reward: 0.2808
[VLM Debug] Step 70 Reward: 0.2900
[VLM Debug] Step 40 Reward: 0.2800
[VLM Debug] Step 18 Reward: 0.2791
[VLM Debug] Step 14 Reward: 0.2822
[VLM Debug] Step 72 Reward: 0.2830
[VLM Debug] Step 42 Reward: 0.2805
[VLM Debug] Step 20 Reward: 0.2842
[VLM Debug] Step 16 Reward: 0.2864
[VLM Debug] Step 74 Reward: 0.2832
[VLM Debug] Step 44 Reward: 0.2791
[VLM Debug] Step 22 Reward: 0.2905
[VLM Debug] Step 18 Reward: 0.2854
[VLM Debug] Step 76 Reward: 0.2791
[VLM Debug] Step 46 Reward: 0.2791
[VLM Debug] Step 24 Reward: 0.2896
[VLM Debug] Step 20 Reward: 0.2844
[VLM Debug] Step 78 Reward: 0.2817
[VLM Debug] Step 48 Reward: 0.2800
[VLM Debug] Step 26 Reward: 0.2898
[VLM Debug] Step 22 Reward: 0.2866
[VLM Debug] Step 80 Reward: 0.2881
[VLM Debug] Step 50 Reward: 0.2842
[VLM Debug] Step 28 Reward: 0.2908
[VLM Debug] Step 24 Reward: 0.2881
[VLM Debug] Step 82 Reward: 0.2910
[VLM Debug] Step 52 Reward: 0.2844
[VLM Debug] Step 30 Reward: 0.2910
[VLM Debug] Step 26 Reward: 0.2864
[VLM Debug] Step 84 Reward: 0.2957
[VLM Debug] Step 54 Reward: 0.2913
[VLM Debug] Step 32 Reward: 0.2915
[VLM Debug] Step 28 Reward: 0.2878
[VLM Debug] Step 86 Reward: 0.2979
[VLM Debug] Step 56 Reward: 0.2908
[VLM Debug] Step 34 Reward: 0.2900
[VLM Debug] Step 30 Reward: 0.2908
[VLM Debug] Step 88 Reward: 0.2935
[VLM Debug] Step 58 Reward: 0.2932
[VLM Debug] Step 36 Reward: 0.2869
[VLM Debug] Step 32 Reward: 0.2886
[VLM Debug] Step 90 Reward: 0.2844
[VLM Debug] Step 60 Reward: 0.2920
[VLM Debug] Step 38 Reward: 0.2939
[VLM Debug] Step 34 Reward: 0.2891
[VLM Debug] Step 92 Reward: 0.2954
[VLM Debug] Step 62 Reward: 0.2898
[VLM Debug] Step 40 Reward: 0.2859
[VLM Debug] Step 36 Reward: 0.2896
[VLM Debug] Step 94 Reward: 0.2866
[VLM Debug] Step 64 Reward: 0.2871
[VLM Debug] Step 42 Reward: 0.2964
global_step=45220, episodic_return=26.665
[VLM Debug] Reset Reward Calculated: 0.2788
[VLM Debug] Step 38 Reward: 0.2839
[VLM Debug] Step 66 Reward: 0.2939
[VLM Debug] Step 44 Reward: 0.2949
[VLM Debug] Step 2 Reward: 0.2788
[VLM Debug] Step 40 Reward: 0.2913
[VLM Debug] Step 68 Reward: 0.2925
[VLM Debug] Step 46 Reward: 0.2932
[VLM Debug] Step 4 Reward: 0.2773
[VLM Debug] Step 42 Reward: 0.2842
[VLM Debug] Step 70 Reward: 0.2932
[VLM Debug] Step 48 Reward: 0.2908
[VLM Debug] Step 6 Reward: 0.2773
[VLM Debug] Step 44 Reward: 0.2844
[VLM Debug] Step 72 Reward: 0.2949
[VLM Debug] Step 50 Reward: 0.2947
[VLM Debug] Step 8 Reward: 0.2783
[VLM Debug] Step 46 Reward: 0.2864
[VLM Debug] Step 74 Reward: 0.2949
[VLM Debug] Step 52 Reward: 0.2903
[VLM Debug] Step 10 Reward: 0.2783
[VLM Debug] Step 48 Reward: 0.2900
[VLM Debug] Step 76 Reward: 0.2949
[VLM Debug] Step 54 Reward: 0.2986
global_step=45268, episodic_return=15.509
[VLM Debug] Step 12 Reward: 0.2800
[VLM Debug] Step 50 Reward: 0.2942
[VLM Debug] Reset Reward Calculated: 0.2751
[VLM Debug] Step 78 Reward: 0.2974
[VLM Debug] Step 14 Reward: 0.2732
[VLM Debug] Step 52 Reward: 0.2910
[VLM Debug] Step 2 Reward: 0.2749
[VLM Debug] Step 80 Reward: 0.2983
[VLM Debug] Step 16 Reward: 0.2759
[VLM Debug] Step 54 Reward: 0.2930
[VLM Debug] Step 4 Reward: 0.2659
[VLM Debug] Step 82 Reward: 0.2971
[VLM Debug] Step 18 Reward: 0.2803
[VLM Debug] Step 56 Reward: 0.2905
[VLM Debug] Step 6 Reward: 0.2737
global_step=45296, episodic_return=23.763
[VLM Debug] Reset Reward Calculated: 0.2820
[VLM Debug] Step 20 Reward: 0.2803
[VLM Debug] Step 58 Reward: 0.2964
[VLM Debug] Step 8 Reward: 0.2737
[VLM Debug] Step 2 Reward: 0.2839
[VLM Debug] Step 22 Reward: 0.2771
[VLM Debug] Step 60 Reward: 0.2966
[VLM Debug] Step 10 Reward: 0.2646
[VLM Debug] Step 4 Reward: 0.2839
[VLM Debug] Step 24 Reward: 0.2771
[VLM Debug] Step 62 Reward: 0.2971
[VLM Debug] Step 12 Reward: 0.2646
[VLM Debug] Step 6 Reward: 0.2759
[VLM Debug] Step 26 Reward: 0.2793
[VLM Debug] Step 64 Reward: 0.2957
[VLM Debug] Step 14 Reward: 0.2749
[VLM Debug] Step 8 Reward: 0.2759
[VLM Debug] Step 28 Reward: 0.2825
[VLM Debug] Step 66 Reward: 0.2932
[VLM Debug] Step 16 Reward: 0.2749
global_step=45336, episodic_return=18.965
[VLM Debug] Step 10 Reward: 0.2761
[VLM Debug] Reset Reward Calculated: 0.2771
[VLM Debug] Step 30 Reward: 0.2847
[VLM Debug] Step 18 Reward: 0.2798
[VLM Debug] Step 12 Reward: 0.2800
[VLM Debug] Step 2 Reward: 0.2800
[VLM Debug] Step 32 Reward: 0.2817
[VLM Debug] Step 20 Reward: 0.2798
[VLM Debug] Step 14 Reward: 0.2805
[VLM Debug] Step 4 Reward: 0.2803
[VLM Debug] Step 34 Reward: 0.2825
[VLM Debug] Step 22 Reward: 0.2793
[VLM Debug] Step 16 Reward: 0.2827
[VLM Debug] Step 6 Reward: 0.2803
[VLM Debug] Step 36 Reward: 0.2815
[VLM Debug] Step 24 Reward: 0.2817
[VLM Debug] Step 18 Reward: 0.2827
[VLM Debug] Step 8 Reward: 0.2771
[VLM Debug] Step 38 Reward: 0.2844
[VLM Debug] Step 26 Reward: 0.2795
[VLM Debug] Step 20 Reward: 0.2820
[VLM Debug] Step 10 Reward: 0.2771
[VLM Debug] Step 40 Reward: 0.2891
[VLM Debug] Step 28 Reward: 0.2815
[VLM Debug] Step 22 Reward: 0.2820
[VLM Debug] Step 12 Reward: 0.2771
[VLM Debug] Step 42 Reward: 0.2849
[VLM Debug] Step 30 Reward: 0.2815
[VLM Debug] Step 24 Reward: 0.2788
[VLM Debug] Step 14 Reward: 0.2778
[VLM Debug] Step 44 Reward: 0.2861
[VLM Debug] Step 32 Reward: 0.2815
[VLM Debug] Step 26 Reward: 0.2844
[VLM Debug] Step 16 Reward: 0.2771
[VLM Debug] Step 46 Reward: 0.2852
[VLM Debug] Step 34 Reward: 0.2815
[VLM Debug] Step 28 Reward: 0.2844
[VLM Debug] Step 18 Reward: 0.2788
[VLM Debug] Step 48 Reward: 0.2861
[VLM Debug] Step 36 Reward: 0.2805
[VLM Debug] Step 30 Reward: 0.2869
[VLM Debug] Step 20 Reward: 0.2778
[VLM Debug] Step 50 Reward: 0.2844
[VLM Debug] Step 38 Reward: 0.2830
[VLM Debug] Step 32 Reward: 0.2869
[VLM Debug] Step 22 Reward: 0.2817
[VLM Debug] Step 52 Reward: 0.2839
[VLM Debug] Step 40 Reward: 0.2791
[VLM Debug] Step 34 Reward: 0.2869
[VLM Debug] Step 24 Reward: 0.2837
[VLM Debug] Step 54 Reward: 0.2842
[VLM Debug] Step 42 Reward: 0.2800
[VLM Debug] Step 36 Reward: 0.2844
[VLM Debug] Step 26 Reward: 0.2817
[VLM Debug] Step 56 Reward: 0.2808
[VLM Debug] Step 44 Reward: 0.2803
[VLM Debug] Step 38 Reward: 0.2788
[VLM Debug] Step 28 Reward: 0.2812
[VLM Debug] Step 58 Reward: 0.2795
[VLM Debug] Step 46 Reward: 0.2805
[VLM Debug] Step 40 Reward: 0.2788
[VLM Debug] Step 30 Reward: 0.2832
[VLM Debug] Step 60 Reward: 0.2827
[VLM Debug] Step 48 Reward: 0.2786
[VLM Debug] Step 42 Reward: 0.2769
[VLM Debug] Step 32 Reward: 0.2798
[VLM Debug] Step 62 Reward: 0.2822
[VLM Debug] Step 50 Reward: 0.2832
[VLM Debug] Step 44 Reward: 0.2854
[VLM Debug] Step 34 Reward: 0.2795
[VLM Debug] Step 64 Reward: 0.2788
[VLM Debug] Step 52 Reward: 0.2793
[VLM Debug] Step 46 Reward: 0.2854
[VLM Debug] Step 36 Reward: 0.2815
[VLM Debug] Step 66 Reward: 0.2856
[VLM Debug] Step 54 Reward: 0.2849
[VLM Debug] Step 48 Reward: 0.2837
[VLM Debug] Step 38 Reward: 0.2800
[VLM Debug] Step 68 Reward: 0.2817
[VLM Debug] Step 56 Reward: 0.2883
[VLM Debug] Step 50 Reward: 0.2812
[VLM Debug] Step 40 Reward: 0.2791
[VLM Debug] Step 70 Reward: 0.2861
[VLM Debug] Step 58 Reward: 0.2900
[VLM Debug] Step 52 Reward: 0.2859
[VLM Debug] Step 42 Reward: 0.2803
[VLM Debug] Step 72 Reward: 0.2871
[VLM Debug] Step 60 Reward: 0.2920
[VLM Debug] Step 54 Reward: 0.2876
[VLM Debug] Step 44 Reward: 0.2771
[VLM Debug] Step 74 Reward: 0.2937
[VLM Debug] Step 62 Reward: 0.2917
[VLM Debug] Step 56 Reward: 0.2830
[VLM Debug] Step 46 Reward: 0.2795
[VLM Debug] Step 76 Reward: 0.2939
[VLM Debug] Step 64 Reward: 0.2930
[VLM Debug] Step 58 Reward: 0.2837
[VLM Debug] Step 48 Reward: 0.2812
[VLM Debug] Step 78 Reward: 0.2947
[VLM Debug] Step 66 Reward: 0.2910
[VLM Debug] Step 60 Reward: 0.2832
[VLM Debug] Step 50 Reward: 0.2812
[VLM Debug] Step 80 Reward: 0.2891
[VLM Debug] Step 68 Reward: 0.2891
[VLM Debug] Step 62 Reward: 0.2852
[VLM Debug] Step 52 Reward: 0.2817
[VLM Debug] Step 82 Reward: 0.2881
[VLM Debug] Step 70 Reward: 0.2871
[VLM Debug] Step 64 Reward: 0.2822
[VLM Debug] Step 54 Reward: 0.2815
[VLM Debug] Step 84 Reward: 0.2847
[VLM Debug] Step 72 Reward: 0.2871
[VLM Debug] Step 66 Reward: 0.2827
[VLM Debug] Step 56 Reward: 0.2903
[VLM Debug] Step 86 Reward: 0.2935
[VLM Debug] Step 74 Reward: 0.2856
SPS: 173
[VLM Debug] Step 68 Reward: 0.2800
[VLM Debug] Step 58 Reward: 0.2883
[VLM Debug] Step 88 Reward: 0.2913
[VLM Debug] Step 76 Reward: 0.2961
[VLM Debug] Step 70 Reward: 0.2812
[VLM Debug] Step 60 Reward: 0.2878
[VLM Debug] Step 90 Reward: 0.2935
[VLM Debug] Step 78 Reward: 0.2920
[VLM Debug] Step 72 Reward: 0.2751
[VLM Debug] Step 62 Reward: 0.2910
[VLM Debug] Step 92 Reward: 0.2974
[VLM Debug] Step 80 Reward: 0.2974
[VLM Debug] Step 74 Reward: 0.2859
[VLM Debug] Step 64 Reward: 0.2925
[VLM Debug] Step 94 Reward: 0.2983
[VLM Debug] Step 82 Reward: 0.2983
global_step=45600, episodic_return=26.695
[VLM Debug] Reset Reward Calculated: 0.2825
[VLM Debug] Step 76 Reward: 0.2849
[VLM Debug] Step 66 Reward: 0.2908
[VLM Debug] Step 84 Reward: 0.2935
[VLM Debug] Step 2 Reward: 0.2791
[VLM Debug] Step 78 Reward: 0.2866
[VLM Debug] Step 68 Reward: 0.2852
global_step=45612, episodic_return=24.025
[VLM Debug] Reset Reward Calculated: 0.2747
[VLM Debug] Step 4 Reward: 0.2805
[VLM Debug] Step 80 Reward: 0.2913
[VLM Debug] Step 70 Reward: 0.2856
[VLM Debug] Step 2 Reward: 0.2793
[VLM Debug] Step 6 Reward: 0.2788
[VLM Debug] Step 82 Reward: 0.2898
[VLM Debug] Step 72 Reward: 0.2849
[VLM Debug] Step 4 Reward: 0.2793
[VLM Debug] Step 8 Reward: 0.2788
[VLM Debug] Step 84 Reward: 0.2915
[VLM Debug] Step 74 Reward: 0.2966
[VLM Debug] Step 6 Reward: 0.2771
[VLM Debug] Step 10 Reward: 0.2788
[VLM Debug] Step 86 Reward: 0.2917
[VLM Debug] Step 76 Reward: 0.2961
[VLM Debug] Step 8 Reward: 0.2744
[VLM Debug] Step 12 Reward: 0.2827
[VLM Debug] Step 88 Reward: 0.2898
[VLM Debug] Step 78 Reward: 0.2917
[VLM Debug] Step 10 Reward: 0.2800
[VLM Debug] Step 14 Reward: 0.2788
[VLM Debug] Step 90 Reward: 0.2878
[VLM Debug] Step 80 Reward: 0.2971
[VLM Debug] Step 12 Reward: 0.2800
[VLM Debug] Step 16 Reward: 0.2788
[VLM Debug] Step 92 Reward: 0.2903
[VLM Debug] Step 82 Reward: 0.2935
[VLM Debug] Step 14 Reward: 0.2759
[VLM Debug] Step 18 Reward: 0.2827
[VLM Debug] Step 94 Reward: 0.2917
[VLM Debug] Step 84 Reward: 0.2898
[VLM Debug] Step 16 Reward: 0.2803
[VLM Debug] Step 20 Reward: 0.2827
[VLM Debug] Step 96 Reward: 0.2986
[VLM Debug] Step 86 Reward: 0.2952
[VLM Debug] Step 18 Reward: 0.2800
[VLM Debug] Step 22 Reward: 0.2827
[VLM Debug] Step 98 Reward: 0.2913
[VLM Debug] Step 88 Reward: 0.2981
[VLM Debug] Step 20 Reward: 0.2773
[VLM Debug] Step 24 Reward: 0.2820
[VLM Debug] Step 100 Reward: 0.2961
[VLM Debug] Step 90 Reward: 0.2954
global_step=45700, episodic_return=25.597
[VLM Debug] Reset Reward Calculated: 0.2847
[VLM Debug] Step 22 Reward: 0.2825
[VLM Debug] Step 26 Reward: 0.2854
[VLM Debug] Step 102 Reward: 0.2991
[VLM Debug] Step 2 Reward: 0.2842
[VLM Debug] Step 24 Reward: 0.2798
[VLM Debug] Step 28 Reward: 0.2825
[VLM Debug] Step 104 Reward: 0.2996
[VLM Debug] Step 4 Reward: 0.2842
[VLM Debug] Step 26 Reward: 0.2798
[VLM Debug] Step 30 Reward: 0.2837
[VLM Debug] Step 106 Reward: 0.2954
[VLM Debug] Step 6 Reward: 0.2844
[VLM Debug] Step 28 Reward: 0.2791
[VLM Debug] Step 32 Reward: 0.2844
[VLM Debug] Step 108 Reward: 0.2917
[VLM Debug] Step 8 Reward: 0.2837
[VLM Debug] Step 30 Reward: 0.2834
[VLM Debug] Step 34 Reward: 0.2861
[VLM Debug] Step 110 Reward: 0.2861
[VLM Debug] Step 10 Reward: 0.2874
[VLM Debug] Step 32 Reward: 0.2800
[VLM Debug] Step 36 Reward: 0.2878
[VLM Debug] Step 112 Reward: 0.2854
[VLM Debug] Step 12 Reward: 0.2812
[VLM Debug] Step 34 Reward: 0.2820
[VLM Debug] Step 38 Reward: 0.2878
[VLM Debug] Step 114 Reward: 0.2849
[VLM Debug] Step 14 Reward: 0.2812
[VLM Debug] Step 36 Reward: 0.2788
[VLM Debug] Step 40 Reward: 0.2881
[VLM Debug] Step 116 Reward: 0.2944
global_step=45764, episodic_return=33.113
[VLM Debug] Reset Reward Calculated: 0.2751
[VLM Debug] Step 16 Reward: 0.2839
[VLM Debug] Step 38 Reward: 0.2859
[VLM Debug] Step 42 Reward: 0.2861
[VLM Debug] Step 2 Reward: 0.2751
[VLM Debug] Step 18 Reward: 0.2852
[VLM Debug] Step 40 Reward: 0.2896
[VLM Debug] Step 44 Reward: 0.2861
[VLM Debug] Step 4 Reward: 0.2661
[VLM Debug] Step 20 Reward: 0.2832
[VLM Debug] Step 42 Reward: 0.2891
[VLM Debug] Step 46 Reward: 0.2844
[VLM Debug] Step 6 Reward: 0.2747
[VLM Debug] Step 22 Reward: 0.2852
[VLM Debug] Step 44 Reward: 0.2888
[VLM Debug] Step 48 Reward: 0.2861
[VLM Debug] Step 8 Reward: 0.2747
[VLM Debug] Step 24 Reward: 0.2766
[VLM Debug] Step 46 Reward: 0.2888
[VLM Debug] Step 50 Reward: 0.2864
[VLM Debug] Step 10 Reward: 0.2686
[VLM Debug] Step 26 Reward: 0.2822
[VLM Debug] Step 48 Reward: 0.2869
[VLM Debug] Step 52 Reward: 0.2837
[VLM Debug] Step 12 Reward: 0.2649
[VLM Debug] Step 28 Reward: 0.2837
[VLM Debug] Step 50 Reward: 0.2827
[VLM Debug] Step 54 Reward: 0.2849
[VLM Debug] Step 14 Reward: 0.2771
[VLM Debug] Step 30 Reward: 0.2776
[VLM Debug] Step 52 Reward: 0.2827
[VLM Debug] Step 56 Reward: 0.2832
[VLM Debug] Step 16 Reward: 0.2773
[VLM Debug] Step 32 Reward: 0.2817
[VLM Debug] Step 54 Reward: 0.2805
[VLM Debug] Step 58 Reward: 0.2856
[VLM Debug] Step 18 Reward: 0.2771
[VLM Debug] Step 34 Reward: 0.2849
[VLM Debug] Step 56 Reward: 0.2859
[VLM Debug] Step 60 Reward: 0.2820
[VLM Debug] Step 20 Reward: 0.2771
[VLM Debug] Step 36 Reward: 0.2888
[VLM Debug] Step 58 Reward: 0.2854
[VLM Debug] Step 62 Reward: 0.2903
[VLM Debug] Step 22 Reward: 0.2766
[VLM Debug] Step 38 Reward: 0.2905
[VLM Debug] Step 60 Reward: 0.2854
[VLM Debug] Step 64 Reward: 0.2910
[VLM Debug] Step 24 Reward: 0.2739
[VLM Debug] Step 40 Reward: 0.2903
[VLM Debug] Step 62 Reward: 0.2881
[VLM Debug] Step 66 Reward: 0.2932
[VLM Debug] Step 26 Reward: 0.2739
[VLM Debug] Step 42 Reward: 0.2915
[VLM Debug] Step 64 Reward: 0.2886
[VLM Debug] Step 68 Reward: 0.2908
[VLM Debug] Step 28 Reward: 0.2795
[VLM Debug] Step 44 Reward: 0.2917
[VLM Debug] Step 66 Reward: 0.2876
[VLM Debug] Step 70 Reward: 0.2976
[VLM Debug] Step 30 Reward: 0.2842
[VLM Debug] Step 46 Reward: 0.2910
[VLM Debug] Step 68 Reward: 0.2881
[VLM Debug] Step 72 Reward: 0.2898
[VLM Debug] Step 32 Reward: 0.2842
[VLM Debug] Step 48 Reward: 0.2871
[VLM Debug] Step 70 Reward: 0.2834
[VLM Debug] Step 74 Reward: 0.2927
[VLM Debug] Step 34 Reward: 0.2820
[VLM Debug] Step 50 Reward: 0.2871
[VLM Debug] Step 72 Reward: 0.2861
[VLM Debug] Step 76 Reward: 0.2878
[VLM Debug] Step 36 Reward: 0.2827
[VLM Debug] Step 52 Reward: 0.2874
[VLM Debug] Step 74 Reward: 0.2837
[VLM Debug] Step 78 Reward: 0.2957
[VLM Debug] Step 38 Reward: 0.2781
[VLM Debug] Step 54 Reward: 0.2915
[VLM Debug] Step 76 Reward: 0.2847
[VLM Debug] Step 80 Reward: 0.2913
[VLM Debug] Step 40 Reward: 0.2820
[VLM Debug] Step 56 Reward: 0.2922
[VLM Debug] Step 78 Reward: 0.2842
[VLM Debug] Step 82 Reward: 0.2939
[VLM Debug] Step 42 Reward: 0.2815
[VLM Debug] Step 58 Reward: 0.2964
[VLM Debug] Step 80 Reward: 0.2856
[VLM Debug] Step 84 Reward: 0.2959
[VLM Debug] Step 44 Reward: 0.2910
[VLM Debug] Step 60 Reward: 0.2976
[VLM Debug] Step 82 Reward: 0.2832
[VLM Debug] Step 86 Reward: 0.2976
[VLM Debug] Step 46 Reward: 0.2886
[VLM Debug] Step 62 Reward: 0.2964
[VLM Debug] Step 84 Reward: 0.2898
global_step=45952, episodic_return=24.900
[VLM Debug] Reset Reward Calculated: 0.2773
global_step=45956, episodic_return=18.065
[VLM Debug] Step 48 Reward: 0.2908
[VLM Debug] Reset Reward Calculated: 0.2759
[VLM Debug] Step 86 Reward: 0.2854
[VLM Debug] Step 2 Reward: 0.2825
[VLM Debug] Step 50 Reward: 0.2891
[VLM Debug] Step 2 Reward: 0.2803
[VLM Debug] Step 88 Reward: 0.2896
[VLM Debug] Step 4 Reward: 0.2825
[VLM Debug] Step 52 Reward: 0.2910
[VLM Debug] Step 4 Reward: 0.2771
[VLM Debug] Step 90 Reward: 0.2925
[VLM Debug] Step 6 Reward: 0.2842
[VLM Debug] Step 54 Reward: 0.2898
[VLM Debug] Step 6 Reward: 0.2805
[VLM Debug] Step 92 Reward: 0.2969
[VLM Debug] Step 8 Reward: 0.2842
[VLM Debug] Step 56 Reward: 0.2878
[VLM Debug] Step 8 Reward: 0.2842
[VLM Debug] Step 94 Reward: 0.2910
[VLM Debug] Step 10 Reward: 0.2832
[VLM Debug] Step 58 Reward: 0.2847
[VLM Debug] Step 10 Reward: 0.2842
[VLM Debug] Step 96 Reward: 0.2847
[VLM Debug] Step 12 Reward: 0.2842
[VLM Debug] Step 60 Reward: 0.2896
[VLM Debug] Step 12 Reward: 0.2844
[VLM Debug] Step 98 Reward: 0.2939
[VLM Debug] Step 14 Reward: 0.2832
[VLM Debug] Step 62 Reward: 0.2939
[VLM Debug] Step 14 Reward: 0.2854
[VLM Debug] Step 100 Reward: 0.2905
[VLM Debug] Step 16 Reward: 0.2837
[VLM Debug] Step 64 Reward: 0.2908
[VLM Debug] Step 16 Reward: 0.2830
[VLM Debug] Step 102 Reward: 0.2952
[VLM Debug] Step 18 Reward: 0.2825
[VLM Debug] Step 66 Reward: 0.2891
[VLM Debug] Step 18 Reward: 0.2837
[VLM Debug] Step 104 Reward: 0.2937
[VLM Debug] Step 20 Reward: 0.2812
[VLM Debug] Step 68 Reward: 0.2927
[VLM Debug] Step 20 Reward: 0.2837
[VLM Debug] Step 106 Reward: 0.2947
[VLM Debug] Step 22 Reward: 0.2805
[VLM Debug] Step 70 Reward: 0.2905
[VLM Debug] Step 22 Reward: 0.2832
[VLM Debug] Step 108 Reward: 0.2976
global_step=46048, episodic_return=30.776
[VLM Debug] Step 24 Reward: 0.2839
[VLM Debug] Reset Reward Calculated: 0.2805
[VLM Debug] Step 72 Reward: 0.2935
[VLM Debug] Step 24 Reward: 0.2822
[VLM Debug] Step 26 Reward: 0.2854
[VLM Debug] Step 2 Reward: 0.2793
[VLM Debug] Step 74 Reward: 0.2961
[VLM Debug] Step 26 Reward: 0.2822
[VLM Debug] Step 28 Reward: 0.2832
[VLM Debug] Step 4 Reward: 0.2842
[VLM Debug] Step 76 Reward: 0.2952
[VLM Debug] Step 28 Reward: 0.2839
[VLM Debug] Step 30 Reward: 0.2827
[VLM Debug] Step 6 Reward: 0.2842
[VLM Debug] Step 78 Reward: 0.2903
[VLM Debug] Step 30 Reward: 0.2854
SPS: 173
[VLM Debug] Step 32 Reward: 0.2769
[VLM Debug] Step 8 Reward: 0.2844
global_step=46084, episodic_return=22.366
[VLM Debug] Reset Reward Calculated: 0.2800
[VLM Debug] Step 32 Reward: 0.2834
[VLM Debug] Step 34 Reward: 0.2822
[VLM Debug] Step 10 Reward: 0.2844
[VLM Debug] Step 2 Reward: 0.2800
[VLM Debug] Step 34 Reward: 0.2852
[VLM Debug] Step 36 Reward: 0.2837
[VLM Debug] Step 12 Reward: 0.2891
[VLM Debug] Step 4 Reward: 0.2788
[VLM Debug] Step 36 Reward: 0.2786
[VLM Debug] Step 38 Reward: 0.2776
[VLM Debug] Step 14 Reward: 0.2891
[VLM Debug] Step 6 Reward: 0.2788
[VLM Debug] Step 38 Reward: 0.2822
[VLM Debug] Step 40 Reward: 0.2817
[VLM Debug] Step 16 Reward: 0.2876
[VLM Debug] Step 8 Reward: 0.2739
[VLM Debug] Step 40 Reward: 0.2808
[VLM Debug] Step 42 Reward: 0.2834
[VLM Debug] Step 18 Reward: 0.2837
[VLM Debug] Step 10 Reward: 0.2766
[VLM Debug] Step 42 Reward: 0.2795
[VLM Debug] Step 44 Reward: 0.2910
[VLM Debug] Step 20 Reward: 0.2837
[VLM Debug] Step 12 Reward: 0.2778
[VLM Debug] Step 44 Reward: 0.2812
[VLM Debug] Step 46 Reward: 0.2905
[VLM Debug] Step 22 Reward: 0.2837
[VLM Debug] Step 14 Reward: 0.2778
[VLM Debug] Step 46 Reward: 0.2849
[VLM Debug] Step 48 Reward: 0.2903
[VLM Debug] Step 24 Reward: 0.2805
[VLM Debug] Step 16 Reward: 0.2781
[VLM Debug] Step 48 Reward: 0.2886
[VLM Debug] Step 50 Reward: 0.2915
[VLM Debug] Step 26 Reward: 0.2827
[VLM Debug] Step 18 Reward: 0.2781
[VLM Debug] Step 50 Reward: 0.2905
[VLM Debug] Step 52 Reward: 0.2910
[VLM Debug] Step 28 Reward: 0.2852
[VLM Debug] Step 20 Reward: 0.2781
[VLM Debug] Step 52 Reward: 0.2900
[VLM Debug] Step 54 Reward: 0.2896
[VLM Debug] Step 30 Reward: 0.2822
[VLM Debug] Step 22 Reward: 0.2842
[VLM Debug] Step 54 Reward: 0.2925
[VLM Debug] Step 56 Reward: 0.2896
[VLM Debug] Step 32 Reward: 0.2852
[VLM Debug] Step 24 Reward: 0.2820
[VLM Debug] Step 56 Reward: 0.2910
[VLM Debug] Step 58 Reward: 0.2920
[VLM Debug] Step 34 Reward: 0.2815
[VLM Debug] Step 26 Reward: 0.2820
[VLM Debug] Step 58 Reward: 0.2896
[VLM Debug] Step 60 Reward: 0.2932
[VLM Debug] Step 36 Reward: 0.2822
[VLM Debug] Step 28 Reward: 0.2827
[VLM Debug] Step 60 Reward: 0.2878
[VLM Debug] Step 62 Reward: 0.2964
[VLM Debug] Step 38 Reward: 0.2812
[VLM Debug] Step 30 Reward: 0.2837
[VLM Debug] Step 62 Reward: 0.2903
[VLM Debug] Step 64 Reward: 0.2908
[VLM Debug] Step 40 Reward: 0.2788
[VLM Debug] Step 32 Reward: 0.2820
[VLM Debug] Step 64 Reward: 0.2917
[VLM Debug] Step 66 Reward: 0.2908
[VLM Debug] Step 42 Reward: 0.2849
[VLM Debug] Step 34 Reward: 0.2815
[VLM Debug] Step 66 Reward: 0.2935
[VLM Debug] Step 68 Reward: 0.2935
[VLM Debug] Step 44 Reward: 0.2822
[VLM Debug] Step 36 Reward: 0.2922
[VLM Debug] Step 68 Reward: 0.2896
[VLM Debug] Step 70 Reward: 0.2991
[VLM Debug] Step 46 Reward: 0.2886
[VLM Debug] Step 38 Reward: 0.2886
[VLM Debug] Step 70 Reward: 0.2908
[VLM Debug] Step 72 Reward: 0.2952
[VLM Debug] Step 48 Reward: 0.2935
[VLM Debug] Step 40 Reward: 0.2888
[VLM Debug] Step 72 Reward: 0.2952
[VLM Debug] Step 74 Reward: 0.2905
[VLM Debug] Step 50 Reward: 0.2900
[VLM Debug] Step 42 Reward: 0.2883
[VLM Debug] Step 74 Reward: 0.2920
[VLM Debug] Step 76 Reward: 0.2886
[VLM Debug] Step 52 Reward: 0.2942
[VLM Debug] Step 44 Reward: 0.2898
[VLM Debug] Step 76 Reward: 0.2964
[VLM Debug] Step 78 Reward: 0.2871
[VLM Debug] Step 54 Reward: 0.2937
global_step=46268, episodic_return=22.013
[VLM Debug] Step 46 Reward: 0.2893
[VLM Debug] Reset Reward Calculated: 0.2761
[VLM Debug] Step 80 Reward: 0.2871
[VLM Debug] Step 56 Reward: 0.2913
[VLM Debug] Step 48 Reward: 0.2874
[VLM Debug] Step 2 Reward: 0.2646
[VLM Debug] Step 82 Reward: 0.2888
[VLM Debug] Step 58 Reward: 0.2888
[VLM Debug] Step 50 Reward: 0.2917
[VLM Debug] Step 4 Reward: 0.2646
[VLM Debug] Step 84 Reward: 0.2903
[VLM Debug] Step 60 Reward: 0.2830
[VLM Debug] Step 52 Reward: 0.2847
[VLM Debug] Step 6 Reward: 0.2749
[VLM Debug] Step 86 Reward: 0.2883
[VLM Debug] Step 62 Reward: 0.2964
[VLM Debug] Step 54 Reward: 0.2866
[VLM Debug] Step 8 Reward: 0.2749
[VLM Debug] Step 88 Reward: 0.2954
[VLM Debug] Step 64 Reward: 0.2949
[VLM Debug] Step 56 Reward: 0.2869
[VLM Debug] Step 10 Reward: 0.2773
[VLM Debug] Step 90 Reward: 0.2910
[VLM Debug] Step 66 Reward: 0.2947
[VLM Debug] Step 58 Reward: 0.2932
[VLM Debug] Step 12 Reward: 0.2786
[VLM Debug] Step 92 Reward: 0.2957
[VLM Debug] Step 68 Reward: 0.2954
[VLM Debug] Step 60 Reward: 0.2961
[VLM Debug] Step 14 Reward: 0.2805
[VLM Debug] Step 94 Reward: 0.2947
[VLM Debug] Step 70 Reward: 0.2974
[VLM Debug] Step 62 Reward: 0.2932
[VLM Debug] Step 16 Reward: 0.2805
[VLM Debug] Step 96 Reward: 0.2852
[VLM Debug] Step 72 Reward: 0.2983
[VLM Debug] Step 64 Reward: 0.2964
[VLM Debug] Step 18 Reward: 0.2830
[VLM Debug] Step 98 Reward: 0.2854
[VLM Debug] Step 74 Reward: 0.2981
[VLM Debug] Step 66 Reward: 0.2944
[VLM Debug] Step 20 Reward: 0.2791
[VLM Debug] Step 100 Reward: 0.2761
[VLM Debug] Step 76 Reward: 0.2905
[VLM Debug] Step 68 Reward: 0.2964
[VLM Debug] Step 22 Reward: 0.2791
[VLM Debug] Step 102 Reward: 0.2859
[VLM Debug] Step 78 Reward: 0.2832
[VLM Debug] Step 70 Reward: 0.2922
[VLM Debug] Step 24 Reward: 0.2817
[VLM Debug] Step 104 Reward: 0.2852
[VLM Debug] Step 80 Reward: 0.2900
[VLM Debug] Step 72 Reward: 0.2930
[VLM Debug] Step 26 Reward: 0.2791
[VLM Debug] Step 106 Reward: 0.2930
[VLM Debug] Step 82 Reward: 0.2947
global_step=46380, episodic_return=20.851
[VLM Debug] Reset Reward Calculated: 0.2751
[VLM Debug] Step 28 Reward: 0.2805
[VLM Debug] Step 108 Reward: 0.2803
[VLM Debug] Step 84 Reward: 0.2947
[VLM Debug] Step 2 Reward: 0.2751
[VLM Debug] Step 30 Reward: 0.2764
[VLM Debug] Step 110 Reward: 0.2896
[VLM Debug] Step 86 Reward: 0.2937
[VLM Debug] Step 4 Reward: 0.2751
[VLM Debug] Step 32 Reward: 0.2791
[VLM Debug] Step 112 Reward: 0.2825
[VLM Debug] Step 88 Reward: 0.2944
[VLM Debug] Step 6 Reward: 0.2751
[VLM Debug] Step 34 Reward: 0.2812
[VLM Debug] Step 114 Reward: 0.2915
[VLM Debug] Step 90 Reward: 0.2917
[VLM Debug] Step 8 Reward: 0.2676
[VLM Debug] Step 36 Reward: 0.2810
global_step=46416, episodic_return=33.015
[VLM Debug] Reset Reward Calculated: 0.2864
[VLM Debug] Step 92 Reward: 0.2952
[VLM Debug] Step 10 Reward: 0.2734
[VLM Debug] Step 38 Reward: 0.2827
[VLM Debug] Step 2 Reward: 0.2864
[VLM Debug] Step 94 Reward: 0.2927
[VLM Debug] Step 12 Reward: 0.2734
[VLM Debug] Step 40 Reward: 0.2927
[VLM Debug] Step 4 Reward: 0.2773
[VLM Debug] Step 96 Reward: 0.2859
[VLM Debug] Step 14 Reward: 0.2773
[VLM Debug] Step 42 Reward: 0.2898
[VLM Debug] Step 6 Reward: 0.2773
[VLM Debug] Step 98 Reward: 0.2859
[VLM Debug] Step 16 Reward: 0.2793
[VLM Debug] Step 44 Reward: 0.2903
[VLM Debug] Step 8 Reward: 0.2773
[VLM Debug] Step 100 Reward: 0.2883
[VLM Debug] Step 18 Reward: 0.2793
[VLM Debug] Step 46 Reward: 0.2908
[VLM Debug] Step 10 Reward: 0.2793
[VLM Debug] Step 102 Reward: 0.2854
[VLM Debug] Step 20 Reward: 0.2793
[VLM Debug] Step 48 Reward: 0.2893
[VLM Debug] Step 12 Reward: 0.2786
[VLM Debug] Step 104 Reward: 0.2898
[VLM Debug] Step 22 Reward: 0.2732
[VLM Debug] Step 50 Reward: 0.2874
[VLM Debug] Step 14 Reward: 0.2786
[VLM Debug] Step 106 Reward: 0.2856
[VLM Debug] Step 24 Reward: 0.2732
[VLM Debug] Step 52 Reward: 0.2905
[VLM Debug] Step 16 Reward: 0.2783
[VLM Debug] Step 108 Reward: 0.2859
[VLM Debug] Step 26 Reward: 0.2742
[VLM Debug] Step 54 Reward: 0.2869
[VLM Debug] Step 18 Reward: 0.2783
[VLM Debug] Step 110 Reward: 0.2942
[VLM Debug] Step 28 Reward: 0.2742
[VLM Debug] Step 56 Reward: 0.2920
[VLM Debug] Step 20 Reward: 0.2825
[VLM Debug] Step 112 Reward: 0.2842
[VLM Debug] Step 30 Reward: 0.2739
[VLM Debug] Step 58 Reward: 0.2925
[VLM Debug] Step 22 Reward: 0.2815
[VLM Debug] Step 114 Reward: 0.2783
[VLM Debug] Step 32 Reward: 0.2788
[VLM Debug] Step 60 Reward: 0.2913
[VLM Debug] Step 24 Reward: 0.2805
[VLM Debug] Step 116 Reward: 0.2959
global_step=46516, episodic_return=33.422
[VLM Debug] Step 34 Reward: 0.2844
[VLM Debug] Step 62 Reward: 0.2944
[VLM Debug] Reset Reward Calculated: 0.2827
[VLM Debug] Step 26 Reward: 0.2847
[VLM Debug] Step 36 Reward: 0.2842
[VLM Debug] Step 64 Reward: 0.2937
[VLM Debug] Step 2 Reward: 0.2810
[VLM Debug] Step 28 Reward: 0.2812
[VLM Debug] Step 38 Reward: 0.2808
[VLM Debug] Step 66 Reward: 0.2966
[VLM Debug] Step 4 Reward: 0.2832
[VLM Debug] Step 30 Reward: 0.2844
[VLM Debug] Step 40 Reward: 0.2827
[VLM Debug] Step 68 Reward: 0.3010
[VLM Debug] Step 6 Reward: 0.2793
[VLM Debug] Step 32 Reward: 0.2856
[VLM Debug] Step 42 Reward: 0.2874
[VLM Debug] Step 70 Reward: 0.2908
[VLM Debug] Step 8 Reward: 0.2793
[VLM Debug] Step 34 Reward: 0.2871
[VLM Debug] Step 44 Reward: 0.2852
[VLM Debug] Step 72 Reward: 0.2959
[VLM Debug] Step 10 Reward: 0.2776
global_step=46560, episodic_return=20.469
[VLM Debug] Step 36 Reward: 0.2876
[VLM Debug] Reset Reward Calculated: 0.2737
[VLM Debug] Step 46 Reward: 0.2886
[VLM Debug] Step 12 Reward: 0.2776
[VLM Debug] Step 38 Reward: 0.2891
[VLM Debug] Step 2 Reward: 0.2659
[VLM Debug] Step 48 Reward: 0.2893
[VLM Debug] Step 14 Reward: 0.2805
[VLM Debug] Step 40 Reward: 0.2891
[VLM Debug] Step 4 Reward: 0.2751
[VLM Debug] Step 50 Reward: 0.2881
[VLM Debug] Step 16 Reward: 0.2805
[VLM Debug] Step 42 Reward: 0.2881
[VLM Debug] Step 6 Reward: 0.2751
[VLM Debug] Step 52 Reward: 0.2871
[VLM Debug] Step 18 Reward: 0.2805
SPS: 173
[VLM Debug] Step 44 Reward: 0.2842
[VLM Debug] Step 8 Reward: 0.2751
[VLM Debug] Step 54 Reward: 0.2891
[VLM Debug] Step 20 Reward: 0.2759
[VLM Debug] Step 46 Reward: 0.2876
[VLM Debug] Step 10 Reward: 0.2661
[VLM Debug] Step 56 Reward: 0.2871
[VLM Debug] Step 22 Reward: 0.2759
[VLM Debug] Step 48 Reward: 0.2871
[VLM Debug] Step 12 Reward: 0.2661
[VLM Debug] Step 58 Reward: 0.2896
[VLM Debug] Step 24 Reward: 0.2800
[VLM Debug] Step 50 Reward: 0.2878
[VLM Debug] Step 14 Reward: 0.2661
[VLM Debug] Step 60 Reward: 0.2852
[VLM Debug] Step 26 Reward: 0.2805
[VLM Debug] Step 52 Reward: 0.2920
[VLM Debug] Step 16 Reward: 0.2747
[VLM Debug] Step 62 Reward: 0.2866
[VLM Debug] Step 28 Reward: 0.2805
[VLM Debug] Step 54 Reward: 0.2959
[VLM Debug] Step 18 Reward: 0.2761
[VLM Debug] Step 64 Reward: 0.2837
[VLM Debug] Step 30 Reward: 0.2830
[VLM Debug] Step 56 Reward: 0.2952
[VLM Debug] Step 20 Reward: 0.2761
[VLM Debug] Step 66 Reward: 0.2886
[VLM Debug] Step 32 Reward: 0.2830
[VLM Debug] Step 58 Reward: 0.2939
[VLM Debug] Step 22 Reward: 0.2742
[VLM Debug] Step 68 Reward: 0.2905
[VLM Debug] Step 34 Reward: 0.2812
[VLM Debug] Step 60 Reward: 0.2915
[VLM Debug] Step 24 Reward: 0.2739
[VLM Debug] Step 70 Reward: 0.2947
[VLM Debug] Step 36 Reward: 0.2812
[VLM Debug] Step 62 Reward: 0.2900
[VLM Debug] Step 26 Reward: 0.2739
[VLM Debug] Step 72 Reward: 0.2891
[VLM Debug] Step 38 Reward: 0.2812
[VLM Debug] Step 64 Reward: 0.2869
[VLM Debug] Step 28 Reward: 0.2778
[VLM Debug] Step 74 Reward: 0.2917
[VLM Debug] Step 40 Reward: 0.2837
[VLM Debug] Step 66 Reward: 0.2898
[VLM Debug] Step 30 Reward: 0.2778
[VLM Debug] Step 76 Reward: 0.2925
[VLM Debug] Step 42 Reward: 0.2856
[VLM Debug] Step 68 Reward: 0.2893
[VLM Debug] Step 32 Reward: 0.2810
[VLM Debug] Step 78 Reward: 0.2913
[VLM Debug] Step 44 Reward: 0.2837
[VLM Debug] Step 70 Reward: 0.2905
[VLM Debug] Step 34 Reward: 0.2842
[VLM Debug] Step 80 Reward: 0.2944
[VLM Debug] Step 46 Reward: 0.2837
[VLM Debug] Step 72 Reward: 0.2900
[VLM Debug] Step 36 Reward: 0.2810
[VLM Debug] Step 82 Reward: 0.2913
[VLM Debug] Step 48 Reward: 0.2856
[VLM Debug] Step 74 Reward: 0.2888
[VLM Debug] Step 38 Reward: 0.2827
[VLM Debug] Step 84 Reward: 0.2959
[VLM Debug] Step 50 Reward: 0.2849
[VLM Debug] Step 76 Reward: 0.2839
[VLM Debug] Step 40 Reward: 0.2822
[VLM Debug] Step 86 Reward: 0.2954
[VLM Debug] Step 52 Reward: 0.2849
[VLM Debug] Step 78 Reward: 0.2878
[VLM Debug] Step 42 Reward: 0.2854
[VLM Debug] Step 88 Reward: 0.2957
[VLM Debug] Step 54 Reward: 0.2888
[VLM Debug] Step 80 Reward: 0.2896
[VLM Debug] Step 44 Reward: 0.2852
[VLM Debug] Step 90 Reward: 0.2832
[VLM Debug] Step 56 Reward: 0.2881
[VLM Debug] Step 82 Reward: 0.2856
[VLM Debug] Step 46 Reward: 0.2871
[VLM Debug] Step 92 Reward: 0.2830
[VLM Debug] Step 58 Reward: 0.2844
[VLM Debug] Step 84 Reward: 0.2810
[VLM Debug] Step 48 Reward: 0.2888
[VLM Debug] Step 94 Reward: 0.2859
[VLM Debug] Step 60 Reward: 0.2776
[VLM Debug] Step 86 Reward: 0.2786
[VLM Debug] Step 50 Reward: 0.2891
[VLM Debug] Step 96 Reward: 0.2812
[VLM Debug] Step 62 Reward: 0.2747
[VLM Debug] Step 88 Reward: 0.2856
[VLM Debug] Step 52 Reward: 0.2871
[VLM Debug] Step 98 Reward: 0.2815
[VLM Debug] Step 64 Reward: 0.2773
[VLM Debug] Step 90 Reward: 0.2886
[VLM Debug] Step 54 Reward: 0.2891
[VLM Debug] Step 100 Reward: 0.2898
[VLM Debug] Step 66 Reward: 0.2822
[VLM Debug] Step 92 Reward: 0.2830
[VLM Debug] Step 56 Reward: 0.2886
[VLM Debug] Step 102 Reward: 0.2839
[VLM Debug] Step 68 Reward: 0.2881
[VLM Debug] Step 94 Reward: 0.2834
[VLM Debug] Step 58 Reward: 0.2881
[VLM Debug] Step 104 Reward: 0.2805
[VLM Debug] Step 70 Reward: 0.2883
[VLM Debug] Step 96 Reward: 0.2888
[VLM Debug] Step 60 Reward: 0.2859
[VLM Debug] Step 106 Reward: 0.2864
[VLM Debug] Step 72 Reward: 0.2844
[VLM Debug] Step 98 Reward: 0.2793
[VLM Debug] Step 62 Reward: 0.2866
[VLM Debug] Step 108 Reward: 0.2891
[VLM Debug] Step 74 Reward: 0.2844
[VLM Debug] Step 100 Reward: 0.2834
[VLM Debug] Step 64 Reward: 0.2837
[VLM Debug] Step 110 Reward: 0.2805
[VLM Debug] Step 76 Reward: 0.2800
[VLM Debug] Step 102 Reward: 0.2749
[VLM Debug] Step 66 Reward: 0.2847
[VLM Debug] Step 112 Reward: 0.2903
[VLM Debug] Step 78 Reward: 0.2815
[VLM Debug] Step 104 Reward: 0.2852
[VLM Debug] Step 68 Reward: 0.2893
[VLM Debug] Step 114 Reward: 0.2932
[VLM Debug] Step 80 Reward: 0.2759
[VLM Debug] Step 106 Reward: 0.2920
[VLM Debug] Step 70 Reward: 0.2964
[VLM Debug] Step 116 Reward: 0.2878
[VLM Debug] Step 82 Reward: 0.2817
[VLM Debug] Step 108 Reward: 0.2942
[VLM Debug] Step 72 Reward: 0.2917
[VLM Debug] Step 118 Reward: 0.2900
[VLM Debug] Step 84 Reward: 0.2866
[VLM Debug] Step 110 Reward: 0.2871
[VLM Debug] Step 74 Reward: 0.2913
[VLM Debug] Step 120 Reward: 0.2935
[VLM Debug] Step 86 Reward: 0.2905
[VLM Debug] Step 112 Reward: 0.2932
[VLM Debug] Step 76 Reward: 0.2893
[VLM Debug] Step 122 Reward: 0.2959
[VLM Debug] Step 88 Reward: 0.2944
[VLM Debug] Step 114 Reward: 0.2969
[VLM Debug] Step 78 Reward: 0.2903
[VLM Debug] Step 124 Reward: 0.2954
[VLM Debug] Step 90 Reward: 0.2944
global_step=46880, episodic_return=35.307
[VLM Debug] Step 116 Reward: 0.2935
[VLM Debug] Reset Reward Calculated: 0.2788
[VLM Debug] Step 80 Reward: 0.2964
[VLM Debug] Step 92 Reward: 0.2896
[VLM Debug] Step 118 Reward: 0.2915
[VLM Debug] Step 2 Reward: 0.2788
[VLM Debug] Step 82 Reward: 0.2930
[VLM Debug] Step 94 Reward: 0.2871
[VLM Debug] Step 120 Reward: 0.2847
[VLM Debug] Step 4 Reward: 0.2781
[VLM Debug] Step 84 Reward: 0.2917
[VLM Debug] Step 96 Reward: 0.2732
[VLM Debug] Step 122 Reward: 0.2905
[VLM Debug] Step 6 Reward: 0.2781
[VLM Debug] Step 86 Reward: 0.2998
[VLM Debug] Step 98 Reward: 0.2825
[VLM Debug] Step 124 Reward: 0.2832
[VLM Debug] Step 8 Reward: 0.2842
[VLM Debug] Step 88 Reward: 0.2976
[VLM Debug] Step 100 Reward: 0.2878
global_step=46920, episodic_return=35.764
[VLM Debug] Reset Reward Calculated: 0.2788
[VLM Debug] Step 10 Reward: 0.2773
[VLM Debug] Step 90 Reward: 0.3013
[VLM Debug] Step 102 Reward: 0.2883
[VLM Debug] Step 2 Reward: 0.2810
[VLM Debug] Step 12 Reward: 0.2810
[VLM Debug] Step 92 Reward: 0.2996
[VLM Debug] Step 104 Reward: 0.2893
global_step=46936, episodic_return=26.398
[VLM Debug] Step 4 Reward: 0.2844
[VLM Debug] Step 14 Reward: 0.2854
[VLM Debug] Reset Reward Calculated: 0.2751
[VLM Debug] Step 106 Reward: 0.2893
[VLM Debug] Step 6 Reward: 0.2844
[VLM Debug] Step 16 Reward: 0.2852
[VLM Debug] Step 2 Reward: 0.2659
[VLM Debug] Step 108 Reward: 0.2898
[VLM Debug] Step 8 Reward: 0.2781
[VLM Debug] Step 18 Reward: 0.2832
[VLM Debug] Step 4 Reward: 0.2659
[VLM Debug] Step 110 Reward: 0.2888
[VLM Debug] Step 10 Reward: 0.2795
[VLM Debug] Step 20 Reward: 0.2844
[VLM Debug] Step 6 Reward: 0.2747
[VLM Debug] Step 112 Reward: 0.2883
[VLM Debug] Step 12 Reward: 0.2778
[VLM Debug] Step 22 Reward: 0.2825
[VLM Debug] Step 8 Reward: 0.2747
[VLM Debug] Step 114 Reward: 0.2839
[VLM Debug] Step 14 Reward: 0.2800
[VLM Debug] Step 24 Reward: 0.2913
[VLM Debug] Step 10 Reward: 0.2686
[VLM Debug] Step 116 Reward: 0.2920
[VLM Debug] Step 16 Reward: 0.2810
[VLM Debug] Step 26 Reward: 0.2898
[VLM Debug] Step 12 Reward: 0.2686
[VLM Debug] Step 118 Reward: 0.2893
[VLM Debug] Step 18 Reward: 0.2810
[VLM Debug] Step 28 Reward: 0.2905
[VLM Debug] Step 14 Reward: 0.2732
[VLM Debug] Step 120 Reward: 0.2937
[VLM Debug] Step 20 Reward: 0.2751
[VLM Debug] Step 30 Reward: 0.2891
[VLM Debug] Step 16 Reward: 0.2771
[VLM Debug] Step 122 Reward: 0.2932
[VLM Debug] Step 22 Reward: 0.2773
[VLM Debug] Step 32 Reward: 0.2915
[VLM Debug] Step 18 Reward: 0.2773
[VLM Debug] Step 124 Reward: 0.2957
[VLM Debug] Step 24 Reward: 0.2854
[VLM Debug] Step 34 Reward: 0.2920
[VLM Debug] Step 20 Reward: 0.2771
[VLM Debug] Step 126 Reward: 0.2932
[VLM Debug] Step 26 Reward: 0.2839
[VLM Debug] Step 36 Reward: 0.2910
[VLM Debug] Step 22 Reward: 0.2756
[VLM Debug] Step 128 Reward: 0.2942
[VLM Debug] Step 28 Reward: 0.2832
[VLM Debug] Step 38 Reward: 0.2871
[VLM Debug] Step 24 Reward: 0.2781
[VLM Debug] Step 130 Reward: 0.2930
[VLM Debug] Step 30 Reward: 0.2810
[VLM Debug] Step 40 Reward: 0.2866
[VLM Debug] Step 26 Reward: 0.2788
[VLM Debug] Step 132 Reward: 0.2878
[VLM Debug] Step 32 Reward: 0.2800
[VLM Debug] Step 42 Reward: 0.2874
[VLM Debug] Step 28 Reward: 0.2788
[VLM Debug] Step 134 Reward: 0.2979
[VLM Debug] Step 34 Reward: 0.2881
[VLM Debug] Step 44 Reward: 0.2944
[VLM Debug] Step 30 Reward: 0.2800
[VLM Debug] Step 136 Reward: 0.2966
[VLM Debug] Step 36 Reward: 0.2908
[VLM Debug] Step 46 Reward: 0.2932
[VLM Debug] Step 32 Reward: 0.2810
[VLM Debug] Step 138 Reward: 0.2986
[VLM Debug] Step 38 Reward: 0.2903
[VLM Debug] Step 48 Reward: 0.2891
[VLM Debug] Step 34 Reward: 0.2788
[VLM Debug] Step 140 Reward: 0.2974
[VLM Debug] Step 40 Reward: 0.2893
[VLM Debug] Step 50 Reward: 0.2949
[VLM Debug] Step 36 Reward: 0.2820
[VLM Debug] Step 142 Reward: 0.2961
[VLM Debug] Step 42 Reward: 0.2932
[VLM Debug] Step 52 Reward: 0.2935
[VLM Debug] Step 38 Reward: 0.2859
[VLM Debug] Step 144 Reward: 0.2903
[VLM Debug] Step 44 Reward: 0.2920
[VLM Debug] Step 54 Reward: 0.2979
[VLM Debug] Step 40 Reward: 0.2854
[VLM Debug] Step 146 Reward: 0.2898
SPS: 173
[VLM Debug] Step 46 Reward: 0.2910
[VLM Debug] Step 56 Reward: 0.2966
[VLM Debug] Step 42 Reward: 0.2852
global_step=47108, episodic_return=41.992
[VLM Debug] Reset Reward Calculated: 0.2798
[VLM Debug] Step 48 Reward: 0.2913
[VLM Debug] Step 58 Reward: 0.2920
[VLM Debug] Step 44 Reward: 0.2871
[VLM Debug] Step 2 Reward: 0.2800
[VLM Debug] Step 50 Reward: 0.2910
[VLM Debug] Step 60 Reward: 0.2803
[VLM Debug] Step 46 Reward: 0.2893
[VLM Debug] Step 4 Reward: 0.2793
[VLM Debug] Step 52 Reward: 0.2913
[VLM Debug] Step 62 Reward: 0.2886
[VLM Debug] Step 48 Reward: 0.2886
[VLM Debug] Step 6 Reward: 0.2788
[VLM Debug] Step 54 Reward: 0.2913
[VLM Debug] Step 64 Reward: 0.2861
[VLM Debug] Step 50 Reward: 0.2891
[VLM Debug] Step 8 Reward: 0.2788
[VLM Debug] Step 56 Reward: 0.2922
[VLM Debug] Step 66 Reward: 0.2834
[VLM Debug] Step 52 Reward: 0.2881
[VLM Debug] Step 10 Reward: 0.2778
[VLM Debug] Step 58 Reward: 0.2944
[VLM Debug] Step 68 Reward: 0.2900
[VLM Debug] Step 54 Reward: 0.2886
[VLM Debug] Step 12 Reward: 0.2820
[VLM Debug] Step 60 Reward: 0.2942
[VLM Debug] Step 70 Reward: 0.2888
[VLM Debug] Step 56 Reward: 0.2903
[VLM Debug] Step 14 Reward: 0.2856
[VLM Debug] Step 62 Reward: 0.2944
[VLM Debug] Step 72 Reward: 0.2876
[VLM Debug] Step 58 Reward: 0.2891
[VLM Debug] Step 16 Reward: 0.2856
[VLM Debug] Step 64 Reward: 0.2925
[VLM Debug] Step 74 Reward: 0.2891
[VLM Debug] Step 60 Reward: 0.2883
[VLM Debug] Step 18 Reward: 0.2856
[VLM Debug] Step 66 Reward: 0.2981
[VLM Debug] Step 76 Reward: 0.2759
[VLM Debug] Step 62 Reward: 0.2844
[VLM Debug] Step 20 Reward: 0.2817
[VLM Debug] Step 68 Reward: 0.2947
[VLM Debug] Step 78 Reward: 0.2900
[VLM Debug] Step 64 Reward: 0.2847
[VLM Debug] Step 22 Reward: 0.2817
[VLM Debug] Step 70 Reward: 0.2815
[VLM Debug] Step 80 Reward: 0.2913
[VLM Debug] Step 66 Reward: 0.2866
[VLM Debug] Step 24 Reward: 0.2812
[VLM Debug] Step 72 Reward: 0.2856
[VLM Debug] Step 82 Reward: 0.2876
[VLM Debug] Step 68 Reward: 0.2891
[VLM Debug] Step 26 Reward: 0.2805
[VLM Debug] Step 74 Reward: 0.2854
[VLM Debug] Step 84 Reward: 0.2937
[VLM Debug] Step 70 Reward: 0.2949
[VLM Debug] Step 28 Reward: 0.2805
[VLM Debug] Step 76 Reward: 0.2864
[VLM Debug] Step 86 Reward: 0.2959
[VLM Debug] Step 72 Reward: 0.2964
[VLM Debug] Step 30 Reward: 0.2795
[VLM Debug] Step 78 Reward: 0.2869
[VLM Debug] Step 88 Reward: 0.2920
[VLM Debug] Step 74 Reward: 0.2947
[VLM Debug] Step 32 Reward: 0.2795
global_step=47240, episodic_return=25.611
[VLM Debug] Step 80 Reward: 0.2891
[VLM Debug] Reset Reward Calculated: 0.2800
[VLM Debug] Step 76 Reward: 0.2922
[VLM Debug] Step 34 Reward: 0.2786
[VLM Debug] Step 82 Reward: 0.2817
[VLM Debug] Step 2 Reward: 0.2844
[VLM Debug] Step 78 Reward: 0.2976
[VLM Debug] Step 36 Reward: 0.2800
[VLM Debug] Step 84 Reward: 0.2876
[VLM Debug] Step 4 Reward: 0.2844
[VLM Debug] Step 80 Reward: 0.2942
[VLM Debug] Step 38 Reward: 0.2791
[VLM Debug] Step 86 Reward: 0.2649
[VLM Debug] Step 6 Reward: 0.2810
[VLM Debug] Step 82 Reward: 0.2979
[VLM Debug] Step 40 Reward: 0.2817
[VLM Debug] Step 88 Reward: 0.2830
[VLM Debug] Step 8 Reward: 0.2800
[VLM Debug] Step 84 Reward: 0.2974
[VLM Debug] Step 42 Reward: 0.2776
[VLM Debug] Step 90 Reward: 0.2883
[VLM Debug] Step 10 Reward: 0.2810
[VLM Debug] Step 86 Reward: 0.2942
[VLM Debug] Step 44 Reward: 0.2786
[VLM Debug] Step 92 Reward: 0.2949
[VLM Debug] Step 12 Reward: 0.2810
[VLM Debug] Step 88 Reward: 0.2820
[VLM Debug] Step 46 Reward: 0.2803
[VLM Debug] Step 94 Reward: 0.2854
[VLM Debug] Step 14 Reward: 0.2820
[VLM Debug] Step 90 Reward: 0.2852
[VLM Debug] Step 48 Reward: 0.2800
[VLM Debug] Step 96 Reward: 0.2964
[VLM Debug] Step 16 Reward: 0.2854
[VLM Debug] Step 92 Reward: 0.2883
[VLM Debug] Step 50 Reward: 0.2817
[VLM Debug] Step 98 Reward: 0.2903
[VLM Debug] Step 18 Reward: 0.2830
[VLM Debug] Step 94 Reward: 0.2800
[VLM Debug] Step 52 Reward: 0.2842
[VLM Debug] Step 100 Reward: 0.2935
[VLM Debug] Step 20 Reward: 0.2781
[VLM Debug] Step 96 Reward: 0.2930
[VLM Debug] Step 54 Reward: 0.2905
global_step=47328, episodic_return=28.947
[VLM Debug] Reset Reward Calculated: 0.2856
[VLM Debug] Step 22 Reward: 0.2820
[VLM Debug] Step 98 Reward: 0.2910
[VLM Debug] Step 56 Reward: 0.2898
[VLM Debug] Step 2 Reward: 0.2842
[VLM Debug] Step 24 Reward: 0.2815
[VLM Debug] Step 100 Reward: 0.2808
[VLM Debug] Step 58 Reward: 0.2891
[VLM Debug] Step 4 Reward: 0.2832
[VLM Debug] Step 26 Reward: 0.2832
[VLM Debug] Step 102 Reward: 0.2876
[VLM Debug] Step 60 Reward: 0.2930
[VLM Debug] Step 6 Reward: 0.2812
[VLM Debug] Step 28 Reward: 0.2886
[VLM Debug] Step 104 Reward: 0.2854
[VLM Debug] Step 62 Reward: 0.2925
[VLM Debug] Step 8 Reward: 0.2815
[VLM Debug] Step 30 Reward: 0.2903
[VLM Debug] Step 106 Reward: 0.2832
[VLM Debug] Step 64 Reward: 0.2920
[VLM Debug] Step 10 Reward: 0.2786
[VLM Debug] Step 32 Reward: 0.2883
[VLM Debug] Step 108 Reward: 0.2893
[VLM Debug] Step 66 Reward: 0.2869
[VLM Debug] Step 12 Reward: 0.2795
[VLM Debug] Step 34 Reward: 0.2898
[VLM Debug] Step 110 Reward: 0.2957
[VLM Debug] Step 68 Reward: 0.2915
[VLM Debug] Step 14 Reward: 0.2805
[VLM Debug] Step 36 Reward: 0.2915
[VLM Debug] Step 112 Reward: 0.2854
[VLM Debug] Step 70 Reward: 0.2932
[VLM Debug] Step 16 Reward: 0.2791
[VLM Debug] Step 38 Reward: 0.2886
[VLM Debug] Step 114 Reward: 0.2898
[VLM Debug] Step 72 Reward: 0.2900
[VLM Debug] Step 18 Reward: 0.2773
[VLM Debug] Step 40 Reward: 0.2854
[VLM Debug] Step 116 Reward: 0.2952
[VLM Debug] Step 74 Reward: 0.2952
[VLM Debug] Step 20 Reward: 0.2830
[VLM Debug] Step 42 Reward: 0.2852
[VLM Debug] Step 118 Reward: 0.2964
global_step=47412, episodic_return=33.625
[VLM Debug] Reset Reward Calculated: 0.2803
[VLM Debug] Step 76 Reward: 0.2883
[VLM Debug] Step 22 Reward: 0.2832
[VLM Debug] Step 44 Reward: 0.2883
[VLM Debug] Step 2 Reward: 0.2803
[VLM Debug] Step 78 Reward: 0.2957
[VLM Debug] Step 24 Reward: 0.2883
[VLM Debug] Step 46 Reward: 0.2893
[VLM Debug] Step 4 Reward: 0.2834
[VLM Debug] Step 80 Reward: 0.2930
[VLM Debug] Step 26 Reward: 0.2842
[VLM Debug] Step 48 Reward: 0.2971
[VLM Debug] Step 6 Reward: 0.2832
[VLM Debug] Step 82 Reward: 0.2996
[VLM Debug] Step 28 Reward: 0.2952
[VLM Debug] Step 50 Reward: 0.2915
[VLM Debug] Step 8 Reward: 0.2815
[VLM Debug] Step 84 Reward: 0.2988
[VLM Debug] Step 30 Reward: 0.2908
[VLM Debug] Step 52 Reward: 0.2905
[VLM Debug] Step 10 Reward: 0.2827
[VLM Debug] Step 86 Reward: 0.2896
[VLM Debug] Step 32 Reward: 0.2944
[VLM Debug] Step 54 Reward: 0.2886
[VLM Debug] Step 12 Reward: 0.2786
[VLM Debug] Step 88 Reward: 0.2825
[VLM Debug] Step 34 Reward: 0.2966
[VLM Debug] Step 56 Reward: 0.2966
[VLM Debug] Step 14 Reward: 0.2805
[VLM Debug] Step 90 Reward: 0.2866
[VLM Debug] Step 36 Reward: 0.2905
[VLM Debug] Step 58 Reward: 0.2961
[VLM Debug] Step 16 Reward: 0.2820
[VLM Debug] Step 92 Reward: 0.2852
[VLM Debug] Step 38 Reward: 0.2917
[VLM Debug] Step 60 Reward: 0.2988
[VLM Debug] Step 18 Reward: 0.2791
[VLM Debug] Step 94 Reward: 0.2866
[VLM Debug] Step 40 Reward: 0.2869
[VLM Debug] Step 62 Reward: 0.2983
[VLM Debug] Step 20 Reward: 0.2769
[VLM Debug] Step 96 Reward: 0.2888
[VLM Debug] Step 42 Reward: 0.2964
[VLM Debug] Step 64 Reward: 0.2952
[VLM Debug] Step 22 Reward: 0.2859
[VLM Debug] Step 98 Reward: 0.2874
[VLM Debug] Step 44 Reward: 0.2949
[VLM Debug] Step 66 Reward: 0.2861
[VLM Debug] Step 24 Reward: 0.2778
[VLM Debug] Step 100 Reward: 0.2908
[VLM Debug] Step 46 Reward: 0.2952
[VLM Debug] Step 68 Reward: 0.2852
[VLM Debug] Step 26 Reward: 0.2839
[VLM Debug] Step 102 Reward: 0.2939
[VLM Debug] Step 48 Reward: 0.2944
[VLM Debug] Step 70 Reward: 0.2856
[VLM Debug] Step 28 Reward: 0.2866
[VLM Debug] Step 104 Reward: 0.2825
[VLM Debug] Step 50 Reward: 0.2898
[VLM Debug] Step 72 Reward: 0.2830
[VLM Debug] Step 30 Reward: 0.2903
[VLM Debug] Step 106 Reward: 0.2849
[VLM Debug] Step 52 Reward: 0.2981
[VLM Debug] Step 74 Reward: 0.2839
[VLM Debug] Step 32 Reward: 0.2900
[VLM Debug] Step 108 Reward: 0.2949
[VLM Debug] Step 54 Reward: 0.2954
[VLM Debug] Step 76 Reward: 0.2886
[VLM Debug] Step 34 Reward: 0.2922
[VLM Debug] Step 110 Reward: 0.2871
[VLM Debug] Step 56 Reward: 0.2815
[VLM Debug] Step 78 Reward: 0.2861
[VLM Debug] Step 36 Reward: 0.2939
[VLM Debug] Step 112 Reward: 0.2896
[VLM Debug] Step 58 Reward: 0.2905
[VLM Debug] Step 80 Reward: 0.2795
[VLM Debug] Step 38 Reward: 0.2905
[VLM Debug] Step 114 Reward: 0.2957
[VLM Debug] Step 60 Reward: 0.2864
[VLM Debug] Step 82 Reward: 0.2874
[VLM Debug] Step 40 Reward: 0.2942
[VLM Debug] Step 116 Reward: 0.2925
[VLM Debug] Step 62 Reward: 0.2915
[VLM Debug] Step 84 Reward: 0.2883
global_step=47580, episodic_return=33.475
[VLM Debug] Step 42 Reward: 0.2891
[VLM Debug] Reset Reward Calculated: 0.2805
[VLM Debug] Step 64 Reward: 0.2927
[VLM Debug] Step 86 Reward: 0.2861
[VLM Debug] Step 44 Reward: 0.2856
[VLM Debug] Step 2 Reward: 0.2825
[VLM Debug] Step 66 Reward: 0.2842
[VLM Debug] Step 88 Reward: 0.2893
[VLM Debug] Step 46 Reward: 0.2937
[VLM Debug] Step 4 Reward: 0.2825
[VLM Debug] Step 68 Reward: 0.2917
[VLM Debug] Step 90 Reward: 0.2917
[VLM Debug] Step 48 Reward: 0.2954
[VLM Debug] Step 6 Reward: 0.2825
[VLM Debug] Step 70 Reward: 0.2852
[VLM Debug] Step 92 Reward: 0.2913
[VLM Debug] Step 50 Reward: 0.2957
[VLM Debug] Step 8 Reward: 0.2842
SPS: 173
[VLM Debug] Step 72 Reward: 0.2815
[VLM Debug] Step 94 Reward: 0.2905
[VLM Debug] Step 52 Reward: 0.2949
[VLM Debug] Step 10 Reward: 0.2842
[VLM Debug] Step 74 Reward: 0.2771
[VLM Debug] Step 96 Reward: 0.2937
global_step=47628, episodic_return=27.589
[VLM Debug] Reset Reward Calculated: 0.2776
[VLM Debug] Step 54 Reward: 0.2898
[VLM Debug] Step 12 Reward: 0.2832
[VLM Debug] Step 76 Reward: 0.2832
[VLM Debug] Step 2 Reward: 0.2771
[VLM Debug] Step 56 Reward: 0.2976
[VLM Debug] Step 14 Reward: 0.2812
[VLM Debug] Step 78 Reward: 0.2886
[VLM Debug] Step 4 Reward: 0.2761
[VLM Debug] Step 58 Reward: 0.2937
[VLM Debug] Step 16 Reward: 0.2822
[VLM Debug] Step 80 Reward: 0.2961
[VLM Debug] Step 6 Reward: 0.2803
[VLM Debug] Step 60 Reward: 0.2852
[VLM Debug] Step 18 Reward: 0.2839
[VLM Debug] Step 82 Reward: 0.2922
[VLM Debug] Step 8 Reward: 0.2817
[VLM Debug] Step 62 Reward: 0.2876
[VLM Debug] Step 20 Reward: 0.2812
[VLM Debug] Step 84 Reward: 0.2964
global_step=47668, episodic_return=24.175
[VLM Debug] Reset Reward Calculated: 0.2798
[VLM Debug] Step 10 Reward: 0.2803
[VLM Debug] Step 64 Reward: 0.2883
[VLM Debug] Step 22 Reward: 0.2817
[VLM Debug] Step 2 Reward: 0.2803
[VLM Debug] Step 12 Reward: 0.2771
[VLM Debug] Step 66 Reward: 0.2871
[VLM Debug] Step 24 Reward: 0.2798
[VLM Debug] Step 4 Reward: 0.2803
[VLM Debug] Step 14 Reward: 0.2778
[VLM Debug] Step 68 Reward: 0.2896
[VLM Debug] Step 26 Reward: 0.2815
[VLM Debug] Step 6 Reward: 0.2812
[VLM Debug] Step 16 Reward: 0.2800
[VLM Debug] Step 70 Reward: 0.2834
[VLM Debug] Step 28 Reward: 0.2800
[VLM Debug] Step 8 Reward: 0.2854
[VLM Debug] Step 18 Reward: 0.2810
[VLM Debug] Step 72 Reward: 0.2925
[VLM Debug] Step 30 Reward: 0.2800
[VLM Debug] Step 10 Reward: 0.2871
[VLM Debug] Step 20 Reward: 0.2773
[VLM Debug] Step 74 Reward: 0.2759
[VLM Debug] Step 32 Reward: 0.2788
[VLM Debug] Step 12 Reward: 0.2849
[VLM Debug] Step 22 Reward: 0.2852
[VLM Debug] Step 76 Reward: 0.2588
[VLM Debug] Step 34 Reward: 0.2749
[VLM Debug] Step 14 Reward: 0.2847
[VLM Debug] Step 24 Reward: 0.2832
[VLM Debug] Step 78 Reward: 0.2932
[VLM Debug] Step 36 Reward: 0.2803
[VLM Debug] Step 16 Reward: 0.2849
[VLM Debug] Step 26 Reward: 0.2817
[VLM Debug] Step 80 Reward: 0.2869
[VLM Debug] Step 38 Reward: 0.2842
[VLM Debug] Step 18 Reward: 0.2849
[VLM Debug] Step 28 Reward: 0.2825
[VLM Debug] Step 82 Reward: 0.2932
[VLM Debug] Step 40 Reward: 0.2800
[VLM Debug] Step 20 Reward: 0.2844
[VLM Debug] Step 30 Reward: 0.2927
[VLM Debug] Step 84 Reward: 0.2908
[VLM Debug] Step 42 Reward: 0.2927
[VLM Debug] Step 22 Reward: 0.2891
[VLM Debug] Step 32 Reward: 0.2905
[VLM Debug] Step 86 Reward: 0.2905
[VLM Debug] Step 44 Reward: 0.2922
global_step=47764, episodic_return=24.944
[VLM Debug] Step 24 Reward: 0.2874
[VLM Debug] Step 34 Reward: 0.2896
[VLM Debug] Reset Reward Calculated: 0.2834
[VLM Debug] Step 46 Reward: 0.2908
[VLM Debug] Step 26 Reward: 0.2844
[VLM Debug] Step 36 Reward: 0.2891
[VLM Debug] Step 2 Reward: 0.2803
[VLM Debug] Step 48 Reward: 0.2910
[VLM Debug] Step 28 Reward: 0.2839
[VLM Debug] Step 38 Reward: 0.2932
[VLM Debug] Step 4 Reward: 0.2832
[VLM Debug] Step 50 Reward: 0.2932
[VLM Debug] Step 30 Reward: 0.2849
[VLM Debug] Step 40 Reward: 0.2925
[VLM Debug] Step 6 Reward: 0.2847
[VLM Debug] Step 52 Reward: 0.2908
[VLM Debug] Step 32 Reward: 0.2822
[VLM Debug] Step 42 Reward: 0.2876
[VLM Debug] Step 8 Reward: 0.2825
[VLM Debug] Step 54 Reward: 0.2852
[VLM Debug] Step 34 Reward: 0.2852
[VLM Debug] Step 44 Reward: 0.2837
[VLM Debug] Step 10 Reward: 0.2825
[VLM Debug] Step 56 Reward: 0.2866
[VLM Debug] Step 36 Reward: 0.2786
[VLM Debug] Step 46 Reward: 0.2900
[VLM Debug] Step 12 Reward: 0.2805
[VLM Debug] Step 58 Reward: 0.2947
[VLM Debug] Step 38 Reward: 0.2827
[VLM Debug] Step 48 Reward: 0.2942
[VLM Debug] Step 14 Reward: 0.2800
[VLM Debug] Step 60 Reward: 0.2908
[VLM Debug] Step 40 Reward: 0.2751
[VLM Debug] Step 50 Reward: 0.2874
[VLM Debug] Step 16 Reward: 0.2830
[VLM Debug] Step 62 Reward: 0.2952
[VLM Debug] Step 42 Reward: 0.2820
[VLM Debug] Step 52 Reward: 0.2922
[VLM Debug] Step 18 Reward: 0.2812
[VLM Debug] Step 64 Reward: 0.2881
[VLM Debug] Step 44 Reward: 0.2793
[VLM Debug] Step 54 Reward: 0.2908
[VLM Debug] Step 20 Reward: 0.2815
[VLM Debug] Step 66 Reward: 0.2964
[VLM Debug] Step 46 Reward: 0.2842
[VLM Debug] Step 56 Reward: 0.2935
[VLM Debug] Step 22 Reward: 0.2837
[VLM Debug] Step 68 Reward: 0.2964
[VLM Debug] Step 48 Reward: 0.2869
[VLM Debug] Step 58 Reward: 0.2910
[VLM Debug] Step 24 Reward: 0.2856
[VLM Debug] Step 70 Reward: 0.2993
[VLM Debug] Step 50 Reward: 0.2913
[VLM Debug] Step 60 Reward: 0.2935
[VLM Debug] Step 26 Reward: 0.2837
[VLM Debug] Step 72 Reward: 0.2974
[VLM Debug] Step 52 Reward: 0.2903
[VLM Debug] Step 62 Reward: 0.2983
[VLM Debug] Step 28 Reward: 0.2837
[VLM Debug] Step 74 Reward: 0.2852
[VLM Debug] Step 54 Reward: 0.2944
[VLM Debug] Step 64 Reward: 0.2932
[VLM Debug] Step 30 Reward: 0.2869
[VLM Debug] Step 76 Reward: 0.2849
[VLM Debug] Step 56 Reward: 0.2910
[VLM Debug] Step 66 Reward: 0.2852
[VLM Debug] Step 32 Reward: 0.2776
[VLM Debug] Step 78 Reward: 0.2881
[VLM Debug] Step 58 Reward: 0.2842
[VLM Debug] Step 68 Reward: 0.2849
[VLM Debug] Step 34 Reward: 0.2776
[VLM Debug] Step 80 Reward: 0.2778
[VLM Debug] Step 60 Reward: 0.2915
[VLM Debug] Step 70 Reward: 0.2881
[VLM Debug] Step 36 Reward: 0.2764
[VLM Debug] Step 82 Reward: 0.2898
[VLM Debug] Step 62 Reward: 0.2937
[VLM Debug] Step 72 Reward: 0.2849
[VLM Debug] Step 38 Reward: 0.2810
[VLM Debug] Step 84 Reward: 0.2910
[VLM Debug] Step 64 Reward: 0.2959
[VLM Debug] Step 74 Reward: 0.2815
[VLM Debug] Step 40 Reward: 0.2776
[VLM Debug] Step 86 Reward: 0.2834
[VLM Debug] Step 66 Reward: 0.2949
[VLM Debug] Step 76 Reward: 0.2896
[VLM Debug] Step 42 Reward: 0.2795
[VLM Debug] Step 88 Reward: 0.2866
[VLM Debug] Step 68 Reward: 0.2952
[VLM Debug] Step 78 Reward: 0.2891
[VLM Debug] Step 44 Reward: 0.2773
[VLM Debug] Step 90 Reward: 0.2910
[VLM Debug] Step 70 Reward: 0.2959
[VLM Debug] Step 80 Reward: 0.2847
[VLM Debug] Step 46 Reward: 0.2837
[VLM Debug] Step 92 Reward: 0.2905
[VLM Debug] Step 72 Reward: 0.2932
[VLM Debug] Step 82 Reward: 0.2830
[VLM Debug] Step 48 Reward: 0.2881
[VLM Debug] Step 94 Reward: 0.2886
[VLM Debug] Step 74 Reward: 0.3018
[VLM Debug] Step 84 Reward: 0.2881
[VLM Debug] Step 50 Reward: 0.2893
[VLM Debug] Step 96 Reward: 0.2930
[VLM Debug] Step 76 Reward: 0.2954
[VLM Debug] Step 86 Reward: 0.2888
[VLM Debug] Step 52 Reward: 0.2856
[VLM Debug] Step 98 Reward: 0.2844
[VLM Debug] Step 78 Reward: 0.2839
[VLM Debug] Step 88 Reward: 0.2908
[VLM Debug] Step 54 Reward: 0.2900
[VLM Debug] Step 100 Reward: 0.2952
[VLM Debug] Step 80 Reward: 0.2825
[VLM Debug] Step 90 Reward: 0.2949
[VLM Debug] Step 56 Reward: 0.2815
[VLM Debug] Step 102 Reward: 0.2952
global_step=47992, episodic_return=29.254
[VLM Debug] Reset Reward Calculated: 0.2773
[VLM Debug] Step 82 Reward: 0.2849
[VLM Debug] Step 92 Reward: 0.2854
[VLM Debug] Step 58 Reward: 0.2839
[VLM Debug] Step 2 Reward: 0.2747
[VLM Debug] Step 84 Reward: 0.2847
[VLM Debug] Step 94 Reward: 0.2915
[VLM Debug] Step 60 Reward: 0.2869
[VLM Debug] Step 4 Reward: 0.2747
[VLM Debug] Step 86 Reward: 0.2891
[VLM Debug] Step 96 Reward: 0.2961
[VLM Debug] Step 62 Reward: 0.2930
[VLM Debug] Step 6 Reward: 0.2747
[VLM Debug] Step 88 Reward: 0.2844
[VLM Debug] Step 98 Reward: 0.2920
[VLM Debug] Step 64 Reward: 0.2920
[VLM Debug] Step 8 Reward: 0.2751
global_step=48028, episodic_return=28.403
[VLM Debug] Step 90 Reward: 0.2808
[VLM Debug] Reset Reward Calculated: 0.2844
[VLM Debug] Step 66 Reward: 0.2927
[VLM Debug] Step 10 Reward: 0.2751
[VLM Debug] Step 92 Reward: 0.2798
[VLM Debug] Step 2 Reward: 0.2737
[VLM Debug] Step 68 Reward: 0.2966
[VLM Debug] Step 12 Reward: 0.2751
[VLM Debug] Step 94 Reward: 0.2898
[VLM Debug] Step 4 Reward: 0.2661
[VLM Debug] Step 70 Reward: 0.2969
[VLM Debug] Step 14 Reward: 0.2646
[VLM Debug] Step 96 Reward: 0.2920
[VLM Debug] Step 6 Reward: 0.2661
[VLM Debug] Step 72 Reward: 0.2957
[VLM Debug] Step 16 Reward: 0.2646
[VLM Debug] Step 98 Reward: 0.2898
[VLM Debug] Step 8 Reward: 0.2747
[VLM Debug] Step 74 Reward: 0.2957
[VLM Debug] Step 18 Reward: 0.2676
[VLM Debug] Step 100 Reward: 0.2913
[VLM Debug] Step 10 Reward: 0.2676
[VLM Debug] Step 76 Reward: 0.2915
[VLM Debug] Step 20 Reward: 0.2734
[VLM Debug] Step 102 Reward: 0.2915
[VLM Debug] Step 12 Reward: 0.2725
[VLM Debug] Step 78 Reward: 0.2947
[VLM Debug] Step 22 Reward: 0.2734
[VLM Debug] Step 104 Reward: 0.2979
[VLM Debug] Step 14 Reward: 0.2734
[VLM Debug] Step 80 Reward: 0.2939
[VLM Debug] Step 24 Reward: 0.2734
global_step=48092, episodic_return=30.149
[VLM Debug] Reset Reward Calculated: 0.2844
[VLM Debug] Step 16 Reward: 0.2773
[VLM Debug] Step 82 Reward: 0.2961
[VLM Debug] Step 26 Reward: 0.2773
[VLM Debug] Step 2 Reward: 0.2781
[VLM Debug] Step 18 Reward: 0.2786
[VLM Debug] Step 84 Reward: 0.2939
[VLM Debug] Step 28 Reward: 0.2793
[VLM Debug] Step 4 Reward: 0.2781
[VLM Debug] Step 20 Reward: 0.2786
[VLM Debug] Step 86 Reward: 0.2937
[VLM Debug] Step 30 Reward: 0.2793
[VLM Debug] Step 6 Reward: 0.2783
[VLM Debug] Step 22 Reward: 0.2815
[VLM Debug] Step 88 Reward: 0.2957
[VLM Debug] Step 32 Reward: 0.2791
[VLM Debug] Step 8 Reward: 0.2795
[VLM Debug] Step 24 Reward: 0.2815
[VLM Debug] Step 90 Reward: 0.2969
SPS: 173
[VLM Debug] Step 34 Reward: 0.2791
[VLM Debug] Step 10 Reward: 0.2778
[VLM Debug] Step 26 Reward: 0.2815
[VLM Debug] Step 92 Reward: 0.3003
[VLM Debug] Step 36 Reward: 0.2803
[VLM Debug] Step 12 Reward: 0.2798
[VLM Debug] Step 28 Reward: 0.2815
[VLM Debug] Step 94 Reward: 0.2996
[VLM Debug] Step 38 Reward: 0.2803
[VLM Debug] Step 14 Reward: 0.2773
[VLM Debug] Step 30 Reward: 0.2815
[VLM Debug] Step 96 Reward: 0.2983
[VLM Debug] Step 40 Reward: 0.2778
[VLM Debug] Step 16 Reward: 0.2803
[VLM Debug] Step 32 Reward: 0.2815
[VLM Debug] Step 98 Reward: 0.2964
[VLM Debug] Step 42 Reward: 0.2783
[VLM Debug] Step 18 Reward: 0.2812
[VLM Debug] Step 34 Reward: 0.2815
[VLM Debug] Step 100 Reward: 0.3018
[VLM Debug] Step 44 Reward: 0.2810
[VLM Debug] Step 20 Reward: 0.2800
[VLM Debug] Step 36 Reward: 0.2830
[VLM Debug] Step 102 Reward: 0.2991
[VLM Debug] Step 46 Reward: 0.2820
[VLM Debug] Step 22 Reward: 0.2812
[VLM Debug] Step 38 Reward: 0.2800
[VLM Debug] Step 104 Reward: 0.2920
[VLM Debug] Step 48 Reward: 0.2854
[VLM Debug] Step 24 Reward: 0.2842
[VLM Debug] Step 40 Reward: 0.2791
[VLM Debug] Step 106 Reward: 0.2896
[VLM Debug] Step 50 Reward: 0.2827
[VLM Debug] Step 26 Reward: 0.2866
[VLM Debug] Step 42 Reward: 0.2800
[VLM Debug] Step 108 Reward: 0.2913
[VLM Debug] Step 52 Reward: 0.2852
[VLM Debug] Step 28 Reward: 0.2866
[VLM Debug] Step 44 Reward: 0.2788
[VLM Debug] Step 110 Reward: 0.2852
[VLM Debug] Step 54 Reward: 0.2922
[VLM Debug] Step 30 Reward: 0.2913
[VLM Debug] Step 46 Reward: 0.2810
[VLM Debug] Step 112 Reward: 0.2891
[VLM Debug] Step 56 Reward: 0.2886
[VLM Debug] Step 32 Reward: 0.2900
[VLM Debug] Step 48 Reward: 0.2754
[VLM Debug] Step 114 Reward: 0.2893
[VLM Debug] Step 58 Reward: 0.2903
[VLM Debug] Step 34 Reward: 0.2915
[VLM Debug] Step 50 Reward: 0.2842
[VLM Debug] Step 116 Reward: 0.2910
[VLM Debug] Step 60 Reward: 0.2903
[VLM Debug] Step 36 Reward: 0.2937
[VLM Debug] Step 52 Reward: 0.2781
[VLM Debug] Step 118 Reward: 0.2927
[VLM Debug] Step 62 Reward: 0.2903
[VLM Debug] Step 38 Reward: 0.2910
[VLM Debug] Step 54 Reward: 0.2842
[VLM Debug] Step 120 Reward: 0.2983
[VLM Debug] Step 64 Reward: 0.2905
global_step=48252, episodic_return=34.907
[VLM Debug] Step 40 Reward: 0.2856
[VLM Debug] Step 56 Reward: 0.2839
[VLM Debug] Reset Reward Calculated: 0.2805
[VLM Debug] Step 66 Reward: 0.2900
[VLM Debug] Step 42 Reward: 0.2900
[VLM Debug] Step 58 Reward: 0.2866
[VLM Debug] Step 2 Reward: 0.2825
[VLM Debug] Step 68 Reward: 0.2844
[VLM Debug] Step 44 Reward: 0.2954
[VLM Debug] Step 60 Reward: 0.2913
[VLM Debug] Step 4 Reward: 0.2847
[VLM Debug] Step 70 Reward: 0.2856
[VLM Debug] Step 46 Reward: 0.2925
[VLM Debug] Step 62 Reward: 0.2900
[VLM Debug] Step 6 Reward: 0.2847
[VLM Debug] Step 72 Reward: 0.2891
[VLM Debug] Step 48 Reward: 0.2935
[VLM Debug] Step 64 Reward: 0.2905
[VLM Debug] Step 8 Reward: 0.2825
[VLM Debug] Step 74 Reward: 0.2952
[VLM Debug] Step 50 Reward: 0.2881
[VLM Debug] Step 66 Reward: 0.2917
[VLM Debug] Step 10 Reward: 0.2825
[VLM Debug] Step 76 Reward: 0.2874
[VLM Debug] Step 52 Reward: 0.2959
[VLM Debug] Step 68 Reward: 0.2898
[VLM Debug] Step 12 Reward: 0.2844
[VLM Debug] Step 78 Reward: 0.2905
[VLM Debug] Step 54 Reward: 0.2915
[VLM Debug] Step 70 Reward: 0.2859
[VLM Debug] Step 14 Reward: 0.2876
[VLM Debug] Step 80 Reward: 0.2974
[VLM Debug] Step 56 Reward: 0.2966
[VLM Debug] Step 72 Reward: 0.2876
[VLM Debug] Step 16 Reward: 0.2844
[VLM Debug] Step 82 Reward: 0.2913
[VLM Debug] Step 58 Reward: 0.2979
[VLM Debug] Step 74 Reward: 0.2935
[VLM Debug] Step 18 Reward: 0.2844
[VLM Debug] Step 84 Reward: 0.2944
[VLM Debug] Step 60 Reward: 0.2903
[VLM Debug] Step 76 Reward: 0.2915
[VLM Debug] Step 20 Reward: 0.2842
[VLM Debug] Step 86 Reward: 0.2917
[VLM Debug] Step 62 Reward: 0.2886
[VLM Debug] Step 78 Reward: 0.2952
[VLM Debug] Step 22 Reward: 0.2842
[VLM Debug] Step 88 Reward: 0.2976
[VLM Debug] Step 64 Reward: 0.2886
[VLM Debug] Step 80 Reward: 0.2966
[VLM Debug] Step 24 Reward: 0.2822
[VLM Debug] Step 90 Reward: 0.2983
[VLM Debug] Step 66 Reward: 0.2852
[VLM Debug] Step 82 Reward: 0.2959
[VLM Debug] Step 26 Reward: 0.2856
[VLM Debug] Step 92 Reward: 0.2954
[VLM Debug] Step 68 Reward: 0.2761
[VLM Debug] Step 84 Reward: 0.2939
[VLM Debug] Step 28 Reward: 0.2856
[VLM Debug] Step 94 Reward: 0.2810
[VLM Debug] Step 70 Reward: 0.2820
[VLM Debug] Step 86 Reward: 0.3005
[VLM Debug] Step 30 Reward: 0.2834
[VLM Debug] Step 96 Reward: 0.2844
[VLM Debug] Step 72 Reward: 0.2866
[VLM Debug] Step 88 Reward: 0.2957
[VLM Debug] Step 32 Reward: 0.2815
[VLM Debug] Step 98 Reward: 0.2847
[VLM Debug] Step 74 Reward: 0.2820
[VLM Debug] Step 90 Reward: 0.2837
[VLM Debug] Step 34 Reward: 0.2769
[VLM Debug] Step 100 Reward: 0.2812
[VLM Debug] Step 76 Reward: 0.2905
[VLM Debug] Step 92 Reward: 0.2883
[VLM Debug] Step 36 Reward: 0.2800
[VLM Debug] Step 102 Reward: 0.2854
[VLM Debug] Step 78 Reward: 0.2898
[VLM Debug] Step 94 Reward: 0.2856
[VLM Debug] Step 38 Reward: 0.2827
[VLM Debug] Step 104 Reward: 0.2844
[VLM Debug] Step 80 Reward: 0.2917
[VLM Debug] Step 96 Reward: 0.2864
[VLM Debug] Step 40 Reward: 0.2751
[VLM Debug] Step 106 Reward: 0.2810
[VLM Debug] Step 82 Reward: 0.2888
[VLM Debug] Step 98 Reward: 0.2913
[VLM Debug] Step 42 Reward: 0.2859
[VLM Debug] Step 108 Reward: 0.2952
[VLM Debug] Step 84 Reward: 0.2900
[VLM Debug] Step 100 Reward: 0.2842
[VLM Debug] Step 44 Reward: 0.2788
[VLM Debug] Step 110 Reward: 0.2966
[VLM Debug] Step 86 Reward: 0.2878
[VLM Debug] Step 102 Reward: 0.2893
[VLM Debug] Step 46 Reward: 0.2852
global_step=48440, episodic_return=24.660
[VLM Debug] Reset Reward Calculated: 0.2812
[VLM Debug] Step 112 Reward: 0.3005
[VLM Debug] Step 104 Reward: 0.2712
[VLM Debug] Step 48 Reward: 0.2869
[VLM Debug] Step 2 Reward: 0.2817
[VLM Debug] Step 114 Reward: 0.2954
[VLM Debug] Step 106 Reward: 0.2900
[VLM Debug] Step 50 Reward: 0.2908
[VLM Debug] Step 4 Reward: 0.2817
[VLM Debug] Step 116 Reward: 0.2900
[VLM Debug] Step 108 Reward: 0.2922
[VLM Debug] Step 52 Reward: 0.2908
[VLM Debug] Step 6 Reward: 0.2856
[VLM Debug] Step 118 Reward: 0.2917
[VLM Debug] Step 110 Reward: 0.2881
[VLM Debug] Step 54 Reward: 0.2910
global_step=48472, episodic_return=33.829
[VLM Debug] Step 8 Reward: 0.2856
[VLM Debug] Reset Reward Calculated: 0.2874
[VLM Debug] Step 112 Reward: 0.2891
[VLM Debug] Step 56 Reward: 0.2920
[VLM Debug] Step 10 Reward: 0.2847
[VLM Debug] Step 2 Reward: 0.2847
[VLM Debug] Step 114 Reward: 0.2917
[VLM Debug] Step 58 Reward: 0.2905
[VLM Debug] Step 12 Reward: 0.2849
[VLM Debug] Step 4 Reward: 0.2847
[VLM Debug] Step 116 Reward: 0.2910
[VLM Debug] Step 60 Reward: 0.2896
global_step=48496, episodic_return=32.964
[VLM Debug] Step 14 Reward: 0.2839
[VLM Debug] Reset Reward Calculated: 0.2791
[VLM Debug] Step 6 Reward: 0.2866
[VLM Debug] Step 62 Reward: 0.2898
[VLM Debug] Step 16 Reward: 0.2837
[VLM Debug] Step 2 Reward: 0.2793
[VLM Debug] Step 8 Reward: 0.2871
[VLM Debug] Step 64 Reward: 0.2961
[VLM Debug] Step 18 Reward: 0.2844
[VLM Debug] Step 4 Reward: 0.2793
[VLM Debug] Step 10 Reward: 0.2876
[VLM Debug] Step 66 Reward: 0.2922
[VLM Debug] Step 20 Reward: 0.2812
[VLM Debug] Step 6 Reward: 0.2793
[VLM Debug] Step 12 Reward: 0.2876
[VLM Debug] Step 68 Reward: 0.2908
[VLM Debug] Step 22 Reward: 0.2815
[VLM Debug] Step 8 Reward: 0.2795
[VLM Debug] Step 14 Reward: 0.2874
[VLM Debug] Step 70 Reward: 0.2949
[VLM Debug] Step 24 Reward: 0.2786
[VLM Debug] Step 10 Reward: 0.2795
[VLM Debug] Step 16 Reward: 0.2874
[VLM Debug] Step 72 Reward: 0.2959
[VLM Debug] Step 26 Reward: 0.2798
[VLM Debug] Step 12 Reward: 0.2815
[VLM Debug] Step 18 Reward: 0.2871
[VLM Debug] Step 74 Reward: 0.2993
[VLM Debug] Step 28 Reward: 0.2832
[VLM Debug] Step 14 Reward: 0.2815
[VLM Debug] Step 20 Reward: 0.2891
[VLM Debug] Step 76 Reward: 0.2988
[VLM Debug] Step 30 Reward: 0.2795
[VLM Debug] Step 16 Reward: 0.2798
[VLM Debug] Step 22 Reward: 0.2878
[VLM Debug] Step 78 Reward: 0.2891
[VLM Debug] Step 32 Reward: 0.2859
[VLM Debug] Step 18 Reward: 0.2805
[VLM Debug] Step 24 Reward: 0.2861
[VLM Debug] Step 80 Reward: 0.2854
[VLM Debug] Step 34 Reward: 0.2788
[VLM Debug] Step 20 Reward: 0.2800
[VLM Debug] Step 26 Reward: 0.2834
[VLM Debug] Step 82 Reward: 0.2847
[VLM Debug] Step 36 Reward: 0.2852
[VLM Debug] Step 22 Reward: 0.2791
[VLM Debug] Step 28 Reward: 0.2727
[VLM Debug] Step 84 Reward: 0.2844
[VLM Debug] Step 38 Reward: 0.2869
[VLM Debug] Step 24 Reward: 0.2817
[VLM Debug] Step 30 Reward: 0.2781
[VLM Debug] Step 86 Reward: 0.2852
[VLM Debug] Step 40 Reward: 0.2908
[VLM Debug] Step 26 Reward: 0.2778
[VLM Debug] Step 32 Reward: 0.2881
[VLM Debug] Step 88 Reward: 0.2927
[VLM Debug] Step 42 Reward: 0.2891
[VLM Debug] Step 28 Reward: 0.2805
[VLM Debug] Step 34 Reward: 0.2905
[VLM Debug] Step 90 Reward: 0.2795
[VLM Debug] Step 44 Reward: 0.2905
[VLM Debug] Step 30 Reward: 0.2803
[VLM Debug] Step 36 Reward: 0.2891
[VLM Debug] Step 92 Reward: 0.2798
[VLM Debug] Step 46 Reward: 0.2881
[VLM Debug] Step 32 Reward: 0.2832
[VLM Debug] Step 38 Reward: 0.2913
[VLM Debug] Step 94 Reward: 0.2837
[VLM Debug] Step 48 Reward: 0.2834
[VLM Debug] Step 34 Reward: 0.2812
[VLM Debug] Step 40 Reward: 0.2896
[VLM Debug] Step 96 Reward: 0.2903
SPS: 173
[VLM Debug] Step 50 Reward: 0.2864
[VLM Debug] Step 36 Reward: 0.2800
[VLM Debug] Step 42 Reward: 0.2827
[VLM Debug] Step 98 Reward: 0.2900
[VLM Debug] Step 52 Reward: 0.2954
[VLM Debug] Step 38 Reward: 0.2927
[VLM Debug] Step 44 Reward: 0.2893
[VLM Debug] Step 100 Reward: 0.2925
[VLM Debug] Step 54 Reward: 0.2883
[VLM Debug] Step 40 Reward: 0.2898
[VLM Debug] Step 46 Reward: 0.2834
[VLM Debug] Step 102 Reward: 0.2893
[VLM Debug] Step 56 Reward: 0.2927
[VLM Debug] Step 42 Reward: 0.2903
[VLM Debug] Step 48 Reward: 0.2937
[VLM Debug] Step 104 Reward: 0.2981
[VLM Debug] Step 58 Reward: 0.2886
[VLM Debug] Step 44 Reward: 0.2927
[VLM Debug] Step 50 Reward: 0.2930
global_step=48676, episodic_return=30.127
[VLM Debug] Reset Reward Calculated: 0.2791
[VLM Debug] Step 60 Reward: 0.2954
[VLM Debug] Step 46 Reward: 0.2932
[VLM Debug] Step 52 Reward: 0.2898
[VLM Debug] Step 2 Reward: 0.2803
[VLM Debug] Step 62 Reward: 0.2959
[VLM Debug] Step 48 Reward: 0.2891
[VLM Debug] Step 54 Reward: 0.2920
[VLM Debug] Step 4 Reward: 0.2803
[VLM Debug] Step 64 Reward: 0.2969
[VLM Debug] Step 50 Reward: 0.2913
[VLM Debug] Step 56 Reward: 0.2644
[VLM Debug] Step 6 Reward: 0.2812
[VLM Debug] Step 66 Reward: 0.2954
[VLM Debug] Step 52 Reward: 0.2888
[VLM Debug] Step 58 Reward: 0.2778
[VLM Debug] Step 8 Reward: 0.2815
[VLM Debug] Step 68 Reward: 0.2932
[VLM Debug] Step 54 Reward: 0.2891
[VLM Debug] Step 60 Reward: 0.2764
[VLM Debug] Step 10 Reward: 0.2859
[VLM Debug] Step 70 Reward: 0.2849
[VLM Debug] Step 56 Reward: 0.2910
[VLM Debug] Step 62 Reward: 0.2791
[VLM Debug] Step 12 Reward: 0.2891
[VLM Debug] Step 72 Reward: 0.2871
[VLM Debug] Step 58 Reward: 0.2981
[VLM Debug] Step 64 Reward: 0.2732
[VLM Debug] Step 14 Reward: 0.2891
[VLM Debug] Step 74 Reward: 0.2852
[VLM Debug] Step 60 Reward: 0.2903
[VLM Debug] Step 66 Reward: 0.2751
[VLM Debug] Step 16 Reward: 0.2837
[VLM Debug] Step 76 Reward: 0.2849
[VLM Debug] Step 62 Reward: 0.2925
[VLM Debug] Step 68 Reward: 0.2756
[VLM Debug] Step 18 Reward: 0.2837
[VLM Debug] Step 78 Reward: 0.2827
[VLM Debug] Step 64 Reward: 0.2932
[VLM Debug] Step 70 Reward: 0.2908
[VLM Debug] Step 20 Reward: 0.2822
[VLM Debug] Step 80 Reward: 0.2871
[VLM Debug] Step 66 Reward: 0.2998
[VLM Debug] Step 72 Reward: 0.2910
[VLM Debug] Step 22 Reward: 0.2839
[VLM Debug] Step 82 Reward: 0.2830
[VLM Debug] Step 68 Reward: 0.2983
[VLM Debug] Step 74 Reward: 0.2903
[VLM Debug] Step 24 Reward: 0.2842
[VLM Debug] Step 84 Reward: 0.2922
[VLM Debug] Step 70 Reward: 0.2937
[VLM Debug] Step 76 Reward: 0.2896
[VLM Debug] Step 26 Reward: 0.2832
[VLM Debug] Step 86 Reward: 0.2891
[VLM Debug] Step 72 Reward: 0.2866
[VLM Debug] Step 78 Reward: 0.2917
[VLM Debug] Step 28 Reward: 0.2769
[VLM Debug] Step 88 Reward: 0.2805
[VLM Debug] Step 74 Reward: 0.2844
[VLM Debug] Step 80 Reward: 0.2869
[VLM Debug] Step 30 Reward: 0.2786
[VLM Debug] Step 90 Reward: 0.2881
[VLM Debug] Step 76 Reward: 0.2849
[VLM Debug] Step 82 Reward: 0.2849
[VLM Debug] Step 32 Reward: 0.2827
[VLM Debug] Step 92 Reward: 0.2937
[VLM Debug] Step 78 Reward: 0.2869
[VLM Debug] Step 84 Reward: 0.2832
[VLM Debug] Step 34 Reward: 0.2751
[VLM Debug] Step 94 Reward: 0.2859
[VLM Debug] Step 80 Reward: 0.2852
[VLM Debug] Step 86 Reward: 0.2837
[VLM Debug] Step 36 Reward: 0.2842
[VLM Debug] Step 96 Reward: 0.2930
[VLM Debug] Step 82 Reward: 0.2842
[VLM Debug] Step 88 Reward: 0.2886
[VLM Debug] Step 38 Reward: 0.2778
[VLM Debug] Step 98 Reward: 0.2905
[VLM Debug] Step 84 Reward: 0.2954
[VLM Debug] Step 90 Reward: 0.2876
global_step=48836, episodic_return=28.101
[VLM Debug] Reset Reward Calculated: 0.2676
[VLM Debug] Step 40 Reward: 0.2866
[VLM Debug] Step 86 Reward: 0.2727
[VLM Debug] Step 92 Reward: 0.2871
[VLM Debug] Step 2 Reward: 0.2734
[VLM Debug] Step 42 Reward: 0.2913
[VLM Debug] Step 88 Reward: 0.2800
[VLM Debug] Step 94 Reward: 0.2910
[VLM Debug] Step 4 Reward: 0.2734
[VLM Debug] Step 44 Reward: 0.2908
[VLM Debug] Step 90 Reward: 0.2937
[VLM Debug] Step 96 Reward: 0.2952
[VLM Debug] Step 6 Reward: 0.2732
[VLM Debug] Step 46 Reward: 0.2927
[VLM Debug] Step 92 Reward: 0.2881
[VLM Debug] Step 98 Reward: 0.2937
[VLM Debug] Step 8 Reward: 0.2793
[VLM Debug] Step 48 Reward: 0.2920
[VLM Debug] Step 94 Reward: 0.2920
[VLM Debug] Step 100 Reward: 0.2903
[VLM Debug] Step 10 Reward: 0.2793
[VLM Debug] Step 50 Reward: 0.2903
[VLM Debug] Step 96 Reward: 0.2922
[VLM Debug] Step 102 Reward: 0.2927
[VLM Debug] Step 12 Reward: 0.2815
[VLM Debug] Step 52 Reward: 0.2871
[VLM Debug] Step 98 Reward: 0.2917
[VLM Debug] Step 104 Reward: 0.2959
global_step=48892, episodic_return=28.060
[VLM Debug] Step 14 Reward: 0.2800
[VLM Debug] Reset Reward Calculated: 0.2793
[VLM Debug] Step 54 Reward: 0.2939
[VLM Debug] Step 106 Reward: 0.2961
[VLM Debug] Step 16 Reward: 0.2803
[VLM Debug] Step 2 Reward: 0.2773
[VLM Debug] Step 56 Reward: 0.2922
[VLM Debug] Step 108 Reward: 0.2949
[VLM Debug] Step 18 Reward: 0.2783
[VLM Debug] Step 4 Reward: 0.2791
[VLM Debug] Step 58 Reward: 0.2959
[VLM Debug] Step 110 Reward: 0.2922
[VLM Debug] Step 20 Reward: 0.2805
[VLM Debug] Step 6 Reward: 0.2795
[VLM Debug] Step 60 Reward: 0.2935
[VLM Debug] Step 112 Reward: 0.2935
[VLM Debug] Step 22 Reward: 0.2778
[VLM Debug] Step 8 Reward: 0.2805
[VLM Debug] Step 62 Reward: 0.2964
[VLM Debug] Step 114 Reward: 0.2834
[VLM Debug] Step 24 Reward: 0.2764
[VLM Debug] Step 10 Reward: 0.2791
[VLM Debug] Step 64 Reward: 0.2959
global_step=48936, episodic_return=32.979
[VLM Debug] Reset Reward Calculated: 0.2773
[VLM Debug] Step 26 Reward: 0.2812
[VLM Debug] Step 12 Reward: 0.2791
[VLM Debug] Step 66 Reward: 0.3000
[VLM Debug] Step 2 Reward: 0.2773
[VLM Debug] Step 28 Reward: 0.2800
[VLM Debug] Step 14 Reward: 0.2742
[VLM Debug] Step 68 Reward: 0.3022
[VLM Debug] Step 4 Reward: 0.2791
[VLM Debug] Step 30 Reward: 0.2832
[VLM Debug] Step 16 Reward: 0.2817
[VLM Debug] Step 70 Reward: 0.2944
[VLM Debug] Step 6 Reward: 0.2800
[VLM Debug] Step 32 Reward: 0.2825
[VLM Debug] Step 18 Reward: 0.2849
[VLM Debug] Step 72 Reward: 0.2830
[VLM Debug] Step 8 Reward: 0.2830
[VLM Debug] Step 34 Reward: 0.2905
[VLM Debug] Step 20 Reward: 0.2834
[VLM Debug] Step 74 Reward: 0.2898
[VLM Debug] Step 10 Reward: 0.2773
[VLM Debug] Step 36 Reward: 0.2913
[VLM Debug] Step 22 Reward: 0.2883
[VLM Debug] Step 76 Reward: 0.2817
[VLM Debug] Step 12 Reward: 0.2773
[VLM Debug] Step 38 Reward: 0.2908
[VLM Debug] Step 24 Reward: 0.2842
[VLM Debug] Step 78 Reward: 0.2837
[VLM Debug] Step 14 Reward: 0.2803
[VLM Debug] Step 40 Reward: 0.2900
[VLM Debug] Step 26 Reward: 0.2952
[VLM Debug] Step 80 Reward: 0.2874
[VLM Debug] Step 16 Reward: 0.2783
[VLM Debug] Step 42 Reward: 0.2913
[VLM Debug] Step 28 Reward: 0.2891
[VLM Debug] Step 82 Reward: 0.2871
[VLM Debug] Step 18 Reward: 0.2778
[VLM Debug] Step 44 Reward: 0.2891
[VLM Debug] Step 30 Reward: 0.2925
[VLM Debug] Step 84 Reward: 0.2874
[VLM Debug] Step 20 Reward: 0.2795
[VLM Debug] Step 46 Reward: 0.2847
[VLM Debug] Step 32 Reward: 0.2947
[VLM Debug] Step 86 Reward: 0.2886
[VLM Debug] Step 22 Reward: 0.2810
[VLM Debug] Step 48 Reward: 0.2896
[VLM Debug] Step 34 Reward: 0.2896
[VLM Debug] Step 88 Reward: 0.2871
[VLM Debug] Step 24 Reward: 0.2810
[VLM Debug] Step 50 Reward: 0.2869
[VLM Debug] Step 36 Reward: 0.2881
[VLM Debug] Step 90 Reward: 0.2896
[VLM Debug] Step 26 Reward: 0.2852
[VLM Debug] Step 52 Reward: 0.2949
[VLM Debug] Step 38 Reward: 0.2847
[VLM Debug] Step 92 Reward: 0.2920
[VLM Debug] Step 28 Reward: 0.2781
[VLM Debug] Step 54 Reward: 0.2971
[VLM Debug] Step 40 Reward: 0.2925
[VLM Debug] Step 94 Reward: 0.2881
[VLM Debug] Step 30 Reward: 0.2800
[VLM Debug] Step 56 Reward: 0.2915
[VLM Debug] Step 42 Reward: 0.2935
[VLM Debug] Step 96 Reward: 0.2930
[VLM Debug] Step 32 Reward: 0.2917
[VLM Debug] Step 58 Reward: 0.2966
[VLM Debug] Step 44 Reward: 0.2898
[VLM Debug] Step 98 Reward: 0.2913
global_step=49072, episodic_return=28.165
[VLM Debug] Reset Reward Calculated: 0.2771
[VLM Debug] Step 34 Reward: 0.2888
[VLM Debug] Step 60 Reward: 0.2969
[VLM Debug] Step 46 Reward: 0.2932
[VLM Debug] Step 2 Reward: 0.2791
[VLM Debug] Step 36 Reward: 0.2883
[VLM Debug] Step 62 Reward: 0.2932
[VLM Debug] Step 48 Reward: 0.2959
[VLM Debug] Step 4 Reward: 0.2803
[VLM Debug] Step 38 Reward: 0.2898
[VLM Debug] Step 64 Reward: 0.3003
[VLM Debug] Step 50 Reward: 0.2993
[VLM Debug] Step 6 Reward: 0.2793
[VLM Debug] Step 40 Reward: 0.2871
[VLM Debug] Step 66 Reward: 0.2952
[VLM Debug] Step 52 Reward: 0.2986
[VLM Debug] Step 8 Reward: 0.2793
[VLM Debug] Step 42 Reward: 0.2852
[VLM Debug] Step 68 Reward: 0.2832
[VLM Debug] Step 54 Reward: 0.2852
[VLM Debug] Step 10 Reward: 0.2812
[VLM Debug] Step 44 Reward: 0.2913
[VLM Debug] Step 70 Reward: 0.2788
[VLM Debug] Step 56 Reward: 0.2852
[VLM Debug] Step 12 Reward: 0.2808
[VLM Debug] Step 46 Reward: 0.2854
[VLM Debug] Step 72 Reward: 0.2891
[VLM Debug] Step 58 Reward: 0.2888
[VLM Debug] Step 14 Reward: 0.2808
[VLM Debug] Step 48 Reward: 0.2842
[VLM Debug] Step 74 Reward: 0.2820
[VLM Debug] Step 60 Reward: 0.2866
[VLM Debug] Step 16 Reward: 0.2788
[VLM Debug] Step 50 Reward: 0.2898
[VLM Debug] Step 76 Reward: 0.2837
[VLM Debug] Step 62 Reward: 0.2891
[VLM Debug] Step 18 Reward: 0.2795
[VLM Debug] Step 52 Reward: 0.2949
[VLM Debug] Step 78 Reward: 0.2891
[VLM Debug] Step 64 Reward: 0.2871
SPS: 173
[VLM Debug] Step 20 Reward: 0.2786
[VLM Debug] Step 54 Reward: 0.2900
[VLM Debug] Step 80 Reward: 0.2795
[VLM Debug] Step 66 Reward: 0.2876
[VLM Debug] Step 22 Reward: 0.2822
[VLM Debug] Step 56 Reward: 0.2908
[VLM Debug] Step 82 Reward: 0.2883
[VLM Debug] Step 68 Reward: 0.2649
[VLM Debug] Step 24 Reward: 0.2793
[VLM Debug] Step 58 Reward: 0.2942
[VLM Debug] Step 84 Reward: 0.2959
[VLM Debug] Step 70 Reward: 0.2866
[VLM Debug] Step 26 Reward: 0.2771
[VLM Debug] Step 60 Reward: 0.2869
[VLM Debug] Step 86 Reward: 0.2898
[VLM Debug] Step 72 Reward: 0.2930
[VLM Debug] Step 28 Reward: 0.2766
[VLM Debug] Step 62 Reward: 0.2974
[VLM Debug] Step 88 Reward: 0.2979
[VLM Debug] Step 74 Reward: 0.2876
[VLM Debug] Step 30 Reward: 0.2810
[VLM Debug] Step 64 Reward: 0.2915
[VLM Debug] Step 90 Reward: 0.2957
[VLM Debug] Step 76 Reward: 0.2937
[VLM Debug] Step 32 Reward: 0.2820
[VLM Debug] Step 66 Reward: 0.2947
[VLM Debug] Step 92 Reward: 0.2844
[VLM Debug] Step 78 Reward: 0.2966
[VLM Debug] Step 34 Reward: 0.2844
[VLM Debug] Step 68 Reward: 0.2944
[VLM Debug] Step 94 Reward: 0.2927
[VLM Debug] Step 80 Reward: 0.2949
global_step=49216, episodic_return=26.895
global_step=49216, episodic_return=22.974
[VLM Debug] Reset Reward Calculated: 0.2847
[VLM Debug] Reset Reward Calculated: 0.2776
[VLM Debug] Step 36 Reward: 0.2781
[VLM Debug] Step 70 Reward: 0.2952
[VLM Debug] Step 2 Reward: 0.2847
[VLM Debug] Step 2 Reward: 0.2776
[VLM Debug] Step 38 Reward: 0.2800
[VLM Debug] Step 72 Reward: 0.2803
[VLM Debug] Step 4 Reward: 0.2847
[VLM Debug] Step 4 Reward: 0.2783
[VLM Debug] Step 40 Reward: 0.2900
[VLM Debug] Step 74 Reward: 0.2881
[VLM Debug] Step 6 Reward: 0.2832
[VLM Debug] Step 6 Reward: 0.2800
[VLM Debug] Step 42 Reward: 0.2871
[VLM Debug] Step 76 Reward: 0.2898
[VLM Debug] Step 8 Reward: 0.2832
[VLM Debug] Step 8 Reward: 0.2800
[VLM Debug] Step 44 Reward: 0.2886
[VLM Debug] Step 78 Reward: 0.2812
[VLM Debug] Step 10 Reward: 0.2832
[VLM Debug] Step 10 Reward: 0.2732
[VLM Debug] Step 46 Reward: 0.2888
[VLM Debug] Step 80 Reward: 0.2815
[VLM Debug] Step 12 Reward: 0.2827
[VLM Debug] Step 12 Reward: 0.2732
[VLM Debug] Step 48 Reward: 0.2893
[VLM Debug] Step 82 Reward: 0.2803
[VLM Debug] Step 14 Reward: 0.2852
[VLM Debug] Step 14 Reward: 0.2793
[VLM Debug] Step 50 Reward: 0.2920
[VLM Debug] Step 84 Reward: 0.2878
[VLM Debug] Step 16 Reward: 0.2847
[VLM Debug] Step 16 Reward: 0.2793
[VLM Debug] Step 52 Reward: 0.2910
[VLM Debug] Step 86 Reward: 0.2930
[VLM Debug] Step 18 Reward: 0.2847
[VLM Debug] Step 18 Reward: 0.2812
[VLM Debug] Step 54 Reward: 0.2822
[VLM Debug] Step 88 Reward: 0.2917
[VLM Debug] Step 20 Reward: 0.2847
[VLM Debug] Step 20 Reward: 0.2812
[VLM Debug] Step 56 Reward: 0.2874
[VLM Debug] Step 90 Reward: 0.2891
[VLM Debug] Step 22 Reward: 0.2847
[VLM Debug] Step 22 Reward: 0.2832
[VLM Debug] Step 58 Reward: 0.2896
[VLM Debug] Step 92 Reward: 0.2952
[VLM Debug] Step 24 Reward: 0.2854
[VLM Debug] Step 24 Reward: 0.2812
[VLM Debug] Step 60 Reward: 0.2900
[VLM Debug] Step 94 Reward: 0.2947
[VLM Debug] Step 26 Reward: 0.2866
[VLM Debug] Step 26 Reward: 0.2834
[VLM Debug] Step 62 Reward: 0.2888
[VLM Debug] Step 96 Reward: 0.2888
global_step=49328, episodic_return=27.774
[VLM Debug] Step 28 Reward: 0.2842
[VLM Debug] Step 28 Reward: 0.2803
[VLM Debug] Step 64 Reward: 0.2974
[VLM Debug] Reset Reward Calculated: 0.2812
[VLM Debug] Step 30 Reward: 0.2888
[VLM Debug] Step 30 Reward: 0.2817
[VLM Debug] Step 66 Reward: 0.2869
[VLM Debug] Step 2 Reward: 0.2793
[VLM Debug] Step 32 Reward: 0.2881
[VLM Debug] Step 32 Reward: 0.2815
[VLM Debug] Step 68 Reward: 0.2944
[VLM Debug] Step 4 Reward: 0.2812
[VLM Debug] Step 34 Reward: 0.2844
[VLM Debug] Step 34 Reward: 0.2815
[VLM Debug] Step 70 Reward: 0.2920
[VLM Debug] Step 6 Reward: 0.2812
[VLM Debug] Step 36 Reward: 0.2834
[VLM Debug] Step 36 Reward: 0.2805
[VLM Debug] Step 72 Reward: 0.2964
[VLM Debug] Step 8 Reward: 0.2793
[VLM Debug] Step 38 Reward: 0.2791
[VLM Debug] Step 38 Reward: 0.2830
[VLM Debug] Step 74 Reward: 0.2986
[VLM Debug] Step 10 Reward: 0.2793
[VLM Debug] Step 40 Reward: 0.2839
[VLM Debug] Step 40 Reward: 0.2810
[VLM Debug] Step 76 Reward: 0.2954
[VLM Debug] Step 12 Reward: 0.2791
[VLM Debug] Step 42 Reward: 0.2852
[VLM Debug] Step 42 Reward: 0.2788
[VLM Debug] Step 78 Reward: 0.2800
[VLM Debug] Step 14 Reward: 0.2791
[VLM Debug] Step 44 Reward: 0.2893
[VLM Debug] Step 44 Reward: 0.2769
[VLM Debug] Step 80 Reward: 0.2864
[VLM Debug] Step 16 Reward: 0.2793
[VLM Debug] Step 46 Reward: 0.2886
[VLM Debug] Step 46 Reward: 0.2859
[VLM Debug] Step 82 Reward: 0.2856
[VLM Debug] Step 18 Reward: 0.2791
[VLM Debug] Step 48 Reward: 0.2905
[VLM Debug] Step 48 Reward: 0.2817
[VLM Debug] Step 84 Reward: 0.2812
[VLM Debug] Step 20 Reward: 0.2791
[VLM Debug] Step 50 Reward: 0.2893
[VLM Debug] Step 50 Reward: 0.2795
[VLM Debug] Step 86 Reward: 0.2808
[VLM Debug] Step 22 Reward: 0.2793
[VLM Debug] Step 52 Reward: 0.2883
[VLM Debug] Step 52 Reward: 0.2832
[VLM Debug] Step 88 Reward: 0.2871
[VLM Debug] Step 24 Reward: 0.2798
[VLM Debug] Step 54 Reward: 0.2834
[VLM Debug] Step 54 Reward: 0.2898
[VLM Debug] Step 90 Reward: 0.2822
[VLM Debug] Step 26 Reward: 0.2773
[VLM Debug] Step 56 Reward: 0.2878
[VLM Debug] Step 56 Reward: 0.2898
[VLM Debug] Step 92 Reward: 0.2886
[VLM Debug] Step 28 Reward: 0.2773
[VLM Debug] Step 58 Reward: 0.2881
[VLM Debug] Step 58 Reward: 0.2898
[VLM Debug] Step 94 Reward: 0.2969
[VLM Debug] Step 30 Reward: 0.2732
[VLM Debug] Step 60 Reward: 0.2910
[VLM Debug] Step 60 Reward: 0.2905
[VLM Debug] Step 96 Reward: 0.3003
[VLM Debug] Step 32 Reward: 0.2732
[VLM Debug] Step 62 Reward: 0.2644
[VLM Debug] Step 62 Reward: 0.2888
[VLM Debug] Step 98 Reward: 0.2954
[VLM Debug] Step 34 Reward: 0.2771
[VLM Debug] Step 64 Reward: 0.2778
[VLM Debug] Step 64 Reward: 0.2834
[VLM Debug] Step 100 Reward: 0.2900
[VLM Debug] Step 36 Reward: 0.2739
[VLM Debug] Step 66 Reward: 0.2817
[VLM Debug] Step 66 Reward: 0.2849
[VLM Debug] Step 102 Reward: 0.2891
[VLM Debug] Step 38 Reward: 0.2781
global_step=49484, episodic_return=29.164
[VLM Debug] Reset Reward Calculated: 0.2754
[VLM Debug] Step 68 Reward: 0.2791
[VLM Debug] Step 68 Reward: 0.2944
[VLM Debug] Step 40 Reward: 0.2810
[VLM Debug] Step 2 Reward: 0.2754
[VLM Debug] Step 70 Reward: 0.2766
[VLM Debug] Step 70 Reward: 0.2900
[VLM Debug] Step 42 Reward: 0.2810
[VLM Debug] Step 4 Reward: 0.2749
[VLM Debug] Step 72 Reward: 0.2773
[VLM Debug] Step 72 Reward: 0.2888
[VLM Debug] Step 44 Reward: 0.2854
[VLM Debug] Step 6 Reward: 0.2749
[VLM Debug] Step 74 Reward: 0.2788
[VLM Debug] Step 74 Reward: 0.2959
[VLM Debug] Step 46 Reward: 0.2854
[VLM Debug] Step 8 Reward: 0.2798
[VLM Debug] Step 76 Reward: 0.2900
[VLM Debug] Step 76 Reward: 0.2913
[VLM Debug] Step 48 Reward: 0.2805
[VLM Debug] Step 10 Reward: 0.2798
[VLM Debug] Step 78 Reward: 0.2888
[VLM Debug] Step 78 Reward: 0.2966
[VLM Debug] Step 50 Reward: 0.2874
[VLM Debug] Step 12 Reward: 0.2786
[VLM Debug] Step 80 Reward: 0.2866
[VLM Debug] Step 80 Reward: 0.2969
[VLM Debug] Step 52 Reward: 0.2893
[VLM Debug] Step 14 Reward: 0.2798
[VLM Debug] Step 82 Reward: 0.2898
[VLM Debug] Step 82 Reward: 0.3000
[VLM Debug] Step 54 Reward: 0.2871
[VLM Debug] Step 16 Reward: 0.2786
[VLM Debug] Step 84 Reward: 0.2871
[VLM Debug] Step 84 Reward: 0.2947
[VLM Debug] Step 56 Reward: 0.2900
[VLM Debug] Step 18 Reward: 0.2786
[VLM Debug] Step 86 Reward: 0.2876
[VLM Debug] Step 86 Reward: 0.2844
[VLM Debug] Step 58 Reward: 0.2908
[VLM Debug] Step 20 Reward: 0.2800
[VLM Debug] Step 88 Reward: 0.2815
[VLM Debug] Step 88 Reward: 0.2822
[VLM Debug] Step 60 Reward: 0.2932
[VLM Debug] Step 22 Reward: 0.2793
[VLM Debug] Step 90 Reward: 0.2825
[VLM Debug] Step 90 Reward: 0.2856
[VLM Debug] Step 62 Reward: 0.2930
[VLM Debug] Step 24 Reward: 0.2793
[VLM Debug] Step 92 Reward: 0.2842
[VLM Debug] Step 92 Reward: 0.2822
[VLM Debug] Step 64 Reward: 0.2944
[VLM Debug] Step 26 Reward: 0.2771
[VLM Debug] Step 94 Reward: 0.2856
[VLM Debug] Step 94 Reward: 0.2817
[VLM Debug] Step 66 Reward: 0.2910
[VLM Debug] Step 28 Reward: 0.2771
[VLM Debug] Step 96 Reward: 0.2832
[VLM Debug] Step 96 Reward: 0.2861
[VLM Debug] Step 68 Reward: 0.2883
[VLM Debug] Step 30 Reward: 0.2739
[VLM Debug] Step 98 Reward: 0.2856
[VLM Debug] Step 98 Reward: 0.2876
[VLM Debug] Step 70 Reward: 0.2920
[VLM Debug] Step 32 Reward: 0.2781
[VLM Debug] Step 100 Reward: 0.2861
[VLM Debug] Step 100 Reward: 0.2942
[VLM Debug] Step 72 Reward: 0.2927
[VLM Debug] Step 34 Reward: 0.2842
[VLM Debug] Step 102 Reward: 0.2815
[VLM Debug] Step 102 Reward: 0.2935
[VLM Debug] Step 74 Reward: 0.2913
[VLM Debug] Step 36 Reward: 0.2820
[VLM Debug] Step 104 Reward: 0.2842
[VLM Debug] Step 104 Reward: 0.2949
[VLM Debug] Step 76 Reward: 0.2944
[VLM Debug] Step 38 Reward: 0.2844
[VLM Debug] Step 106 Reward: 0.2827
[VLM Debug] Step 106 Reward: 0.2903
[VLM Debug] Step 78 Reward: 0.2942
[VLM Debug] Step 40 Reward: 0.2830
[VLM Debug] Step 108 Reward: 0.2891
[VLM Debug] Step 108 Reward: 0.2969
[VLM Debug] Step 80 Reward: 0.2966
[VLM Debug] Step 42 Reward: 0.2781
[VLM Debug] Step 110 Reward: 0.2908
[VLM Debug] Step 110 Reward: 0.2869
[VLM Debug] Step 82 Reward: 0.2966
[VLM Debug] Step 44 Reward: 0.2825
global_step=49664, episodic_return=31.676
SPS: 173
