Running on partition: a100-80gb
GPU: NVIDIA A100 80GB PCIe
Syncing dependencies with uv...
Starting training from /home/sohn31/Group-VLM-RL...
Turbo VLM Initialized: FP16=True, Skip=16, Goal='a pole balancing upright on a cart'
Text Features (FP16): [[ 1.2980e-03  3.0041e-03  1.3840e-02  2.2903e-02 -2.8595e-02  7.6561e-03
  -1.7822e-02 -3.7689e-02 -2.9480e-02  3.3936e-02  4.9347e-02 -1.9875e-03
   6.8665e-02 -2.3994e-03  1.3138e-02  7.4463e-02 -3.9368e-02 -1.0712e-02
  -3.8391e-02 -1.6907e-02  4.2572e-02  6.9008e-03 -2.3514e-02 -3.5095e-02
  -4.4212e-03  5.9082e-02  1.6479e-02  2.4765e-02  3.6259e-03 -2.4353e-02
  -1.5900e-02  5.2338e-02  5.3635e-03 -1.9083e-03  4.3678e-03  1.0384e-02
  -4.6051e-02 -9.9411e-03  2.9163e-03  3.3417e-02  3.9276e-02  2.3788e-02
   1.1208e-02  2.5787e-02  2.1393e-02 -2.1801e-03 -2.0279e-02  1.9516e-02
  -4.9042e-02 -4.6692e-02  2.9037e-02 -5.0140e-02 -7.6477e-02 -8.9569e-03
  -4.5715e-02 -1.1024e-02  1.2146e-02 -1.7578e-02  2.7695e-02 -2.5085e-02
   1.7685e-02 -2.1393e-02  2.3346e-03 -4.7455e-03 -6.9153e-02 -2.8458e-02
  -1.9424e-02  5.9082e-02  8.9951e-03 -2.0050e-02  2.4353e-02 -3.5522e-02
   5.0629e-02  6.2073e-02 -2.9564e-05 -2.6627e-02  1.6113e-02 -1.4755e-02
  -3.1972e-04 -1.7929e-02 -1.2543e-02  2.0660e-02  4.6134e-04  8.7051e-03
  -2.3117e-03  2.0508e-02 -4.1847e-03  1.2169e-02  5.3520e-03  2.1286e-02
  -2.8244e-02  1.7227e-02 -1.1530e-01  5.6946e-02 -2.1011e-02  7.4234e-03
  -6.7558e-03 -2.8198e-02 -2.6703e-03 -1.2299e-02  1.9196e-02  5.0354e-02
  -9.7198e-03  1.3199e-02  5.2124e-02 -4.5180e-04 -2.5894e-02 -6.5193e-03
   1.1856e-02 -2.6913e-03 -4.7668e-02 -8.7204e-03  2.5314e-02 -2.4887e-02
  -1.9760e-02  3.6713e-02 -6.6162e-02  2.2526e-03  1.4549e-02  9.1324e-03
   2.0523e-03 -6.7383e-02 -1.6922e-02 -2.6672e-02  2.9282e-02 -1.4999e-02
   1.2253e-02 -3.1311e-02 -4.4922e-02  2.5894e-02  7.5645e-03 -2.8931e-02
   1.6052e-02  4.7217e-01  2.5970e-02 -1.5053e-02  1.2115e-02 -4.7089e-02
   1.1368e-02 -5.4169e-02 -4.3030e-02  3.7415e-02 -2.1454e-02  6.7368e-03
  -3.5004e-02 -8.8272e-03 -3.3264e-02  1.4954e-02  5.8777e-02  2.1973e-02
   3.4885e-03 -6.0699e-02  5.8868e-02  1.2886e-02  4.1008e-03 -8.0719e-03
  -3.9032e-02 -8.1360e-02  8.2779e-04  7.6477e-02 -1.6235e-02  3.5309e-02
   4.1008e-03 -2.5269e-02 -2.6531e-03 -4.6875e-02  2.3438e-02  2.3346e-02
   1.1658e-02  4.1962e-02  5.6458e-02 -1.0796e-03  4.3945e-02  8.4839e-03
  -9.2407e-02  8.2245e-03  1.7654e-02  8.8348e-03  2.2018e-02 -2.5757e-02
   3.3936e-02 -6.9046e-04 -2.5757e-02  9.2163e-03  1.0178e-02  3.3508e-02
  -1.7746e-02 -2.5085e-02 -1.4832e-02 -2.8625e-02  4.2297e-02 -4.7035e-03
  -1.1053e-01  4.4952e-02 -3.0594e-02 -2.2385e-02 -4.3701e-02  5.4901e-02
   1.3428e-02  4.2297e-02 -9.6741e-03 -5.1117e-03  8.7357e-03  3.6133e-02
  -2.2171e-02 -4.0375e-02  5.3986e-02 -7.5493e-03  2.6321e-02 -3.7964e-02
   5.4291e-02 -3.0270e-03 -4.3335e-02  3.5858e-02 -6.1569e-03 -1.0567e-02
  -7.9422e-03 -5.4138e-02  8.3618e-03 -6.5979e-02  2.1286e-02 -1.6432e-03
  -2.2144e-03 -1.3863e-02  6.2332e-03 -2.9404e-02 -5.1727e-02  2.1759e-02
   1.6083e-02 -3.2654e-02  3.5461e-02  2.4643e-03  6.7871e-02  5.9280e-03
   4.6844e-02 -2.1267e-03  1.0818e-02  3.8319e-03 -1.0635e-02 -2.7313e-02
  -4.0970e-03  3.1067e-02 -3.0899e-02  3.1952e-02 -2.3758e-02  6.4636e-02
  -2.0187e-02  2.3743e-02  1.8845e-02  4.5891e-03 -3.6133e-02  9.4757e-03
   3.2867e-02  3.5309e-02  4.3915e-02 -4.5738e-03 -3.9001e-02  1.5121e-02
   5.2917e-02  4.8798e-02 -5.0537e-02  1.5579e-02 -3.5715e-04  1.7090e-02
  -1.7853e-02 -2.6703e-02  5.4810e-02  2.9182e-03 -2.4109e-02  2.4128e-03
  -7.4097e-02 -1.3474e-02  3.1219e-02 -3.1036e-02 -5.1239e-02 -2.3270e-02
  -1.7853e-02  1.5434e-02  6.3049e-02 -6.8893e-03  4.5837e-02 -2.0813e-02
  -2.9495e-02  2.2552e-02 -2.8976e-02  4.0253e-02  1.7151e-02  3.1799e-02
   2.4521e-02  6.8970e-02  7.7026e-02 -2.8275e-02 -1.8860e-02  4.3640e-02
  -2.1561e-02  6.1859e-02 -3.2837e-02 -7.6866e-03 -4.3945e-02 -2.4948e-02
   1.1681e-02 -3.4698e-02  3.0167e-02 -1.2634e-02 -3.6957e-02 -7.8674e-02
  -1.8143e-02  1.9852e-02 -1.2951e-03 -6.4148e-02  4.8218e-02  3.4637e-02
   4.7266e-01 -5.5023e-02 -2.7008e-02  3.1647e-02  3.0807e-02 -3.0441e-02
  -8.7967e-03  5.0545e-04  3.5309e-02  2.1576e-02  3.2166e-02  6.7024e-03
  -8.6548e-02  1.7303e-02  2.5879e-02 -3.1433e-02 -9.1705e-03 -1.2012e-01
  -3.3855e-03 -5.2704e-02 -6.2012e-02  3.8700e-03  2.4166e-03 -2.8400e-03
   9.0790e-03  6.0616e-03  3.6194e-02  3.5019e-03 -5.2521e-02  6.6681e-03
   8.5878e-04 -2.8107e-02  1.3031e-02  4.7852e-02  3.9490e-02  8.7214e-04
  -6.8283e-03 -1.0366e-03  7.6332e-03 -7.3166e-03  4.7188e-03 -3.7323e-02
  -3.1677e-02 -4.3945e-02 -1.1909e-02  2.4002e-02  3.1586e-02  3.3386e-02
  -1.3336e-02  1.6968e-02  9.1124e-04 -2.1317e-02  4.3243e-02 -4.5135e-02
  -1.7532e-02  5.8250e-03  2.6428e-02 -1.4519e-02 -1.7197e-02  2.2369e-02
   3.2318e-02  9.7656e-03 -2.2644e-02 -5.1308e-03 -7.0343e-03  2.2339e-02
   5.9845e-02 -3.6285e-02  1.8356e-02  6.7932e-02  4.5654e-02 -4.1779e-02
   8.0414e-03  1.5579e-02  1.9043e-02 -2.8744e-03 -2.0325e-02 -2.9709e-02
  -1.0229e-01  2.5696e-02  3.1376e-03 -1.5535e-03  1.2299e-02 -1.0704e-02
   1.5747e-02  3.0441e-02  2.5970e-02  1.9073e-02 -1.7212e-02  2.8076e-02
   1.3145e-02 -2.1576e-02 -8.0032e-03 -5.4741e-03 -2.0828e-02  1.7517e-02
   3.9825e-02  5.2002e-02 -3.1464e-02  1.4610e-03  6.2317e-02 -9.3918e-03
  -4.7112e-03 -1.1436e-02 -2.2491e-02 -4.2114e-02  4.9194e-02 -3.6163e-02
  -1.3939e-02 -9.7275e-03  1.7838e-02 -7.4341e-02  1.0757e-02  1.3256e-03
  -1.7441e-02 -2.7893e-02  1.5594e-02 -6.8855e-04 -7.5195e-02  5.4504e-02
   5.6496e-03 -1.8112e-02 -2.1225e-02 -5.3589e-02 -3.1860e-02 -5.1193e-03
  -2.2018e-02  3.5934e-03 -7.7972e-03 -9.0332e-03 -3.3051e-02 -4.4327e-03
  -3.3020e-02  4.0405e-02 -3.7018e-02 -1.9012e-02 -2.3136e-03  3.4668e-02
   1.4824e-02  2.8503e-02  5.4550e-03  3.5858e-02  1.2047e-02 -1.2291e-02
  -1.5778e-02  3.2501e-02 -3.0380e-02 -3.1097e-02  7.2556e-03  4.3854e-02
  -6.0883e-03  5.9128e-03  1.9150e-02 -2.6474e-02  2.7985e-02 -3.9917e-02
   2.4231e-02 -2.1896e-02  3.7441e-03 -2.2797e-02  4.0741e-03  6.7444e-03
   4.4098e-02  2.0695e-03 -1.3008e-02  1.7578e-02 -2.6703e-02  2.1286e-02
   2.9419e-02 -4.4128e-02  2.5415e-04 -6.9160e-03  2.8961e-02  4.8523e-03
   3.7140e-02  2.6703e-02  3.4882e-02  6.8474e-03  3.1433e-02 -4.2877e-02
   1.0628e-02  1.2915e-01  4.0497e-02 -1.5945e-02  5.4535e-02 -3.1799e-02
  -3.6011e-02  1.0643e-02 -3.8727e-02  3.7689e-02 -1.2978e-02  4.0710e-02
   4.3610e-02 -1.6953e-02 -6.1150e-03  3.1567e-03 -3.2745e-02 -3.0869e-02
   4.1321e-02 -2.7283e-02]]
Device: cuda, Model dtype: torch.float16
Turbo VLM Initialized: FP16=True, Skip=16, Goal='a pole balancing upright on a cart'
Text Features (FP16): [[ 1.2980e-03  3.0041e-03  1.3840e-02  2.2903e-02 -2.8595e-02  7.6561e-03
  -1.7822e-02 -3.7689e-02 -2.9480e-02  3.3936e-02  4.9347e-02 -1.9875e-03
   6.8665e-02 -2.3994e-03  1.3138e-02  7.4463e-02 -3.9368e-02 -1.0712e-02
  -3.8391e-02 -1.6907e-02  4.2572e-02  6.9008e-03 -2.3514e-02 -3.5095e-02
  -4.4212e-03  5.9082e-02  1.6479e-02  2.4765e-02  3.6259e-03 -2.4353e-02
  -1.5900e-02  5.2338e-02  5.3635e-03 -1.9083e-03  4.3678e-03  1.0384e-02
  -4.6051e-02 -9.9411e-03  2.9163e-03  3.3417e-02  3.9276e-02  2.3788e-02
   1.1208e-02  2.5787e-02  2.1393e-02 -2.1801e-03 -2.0279e-02  1.9516e-02
  -4.9042e-02 -4.6692e-02  2.9037e-02 -5.0140e-02 -7.6477e-02 -8.9569e-03
  -4.5715e-02 -1.1024e-02  1.2146e-02 -1.7578e-02  2.7695e-02 -2.5085e-02
   1.7685e-02 -2.1393e-02  2.3346e-03 -4.7455e-03 -6.9153e-02 -2.8458e-02
  -1.9424e-02  5.9082e-02  8.9951e-03 -2.0050e-02  2.4353e-02 -3.5522e-02
   5.0629e-02  6.2073e-02 -2.9564e-05 -2.6627e-02  1.6113e-02 -1.4755e-02
  -3.1972e-04 -1.7929e-02 -1.2543e-02  2.0660e-02  4.6134e-04  8.7051e-03
  -2.3117e-03  2.0508e-02 -4.1847e-03  1.2169e-02  5.3520e-03  2.1286e-02
  -2.8244e-02  1.7227e-02 -1.1530e-01  5.6946e-02 -2.1011e-02  7.4234e-03
  -6.7558e-03 -2.8198e-02 -2.6703e-03 -1.2299e-02  1.9196e-02  5.0354e-02
  -9.7198e-03  1.3199e-02  5.2124e-02 -4.5180e-04 -2.5894e-02 -6.5193e-03
   1.1856e-02 -2.6913e-03 -4.7668e-02 -8.7204e-03  2.5314e-02 -2.4887e-02
  -1.9760e-02  3.6713e-02 -6.6162e-02  2.2526e-03  1.4549e-02  9.1324e-03
   2.0523e-03 -6.7383e-02 -1.6922e-02 -2.6672e-02  2.9282e-02 -1.4999e-02
   1.2253e-02 -3.1311e-02 -4.4922e-02  2.5894e-02  7.5645e-03 -2.8931e-02
   1.6052e-02  4.7217e-01  2.5970e-02 -1.5053e-02  1.2115e-02 -4.7089e-02
   1.1368e-02 -5.4169e-02 -4.3030e-02  3.7415e-02 -2.1454e-02  6.7368e-03
  -3.5004e-02 -8.8272e-03 -3.3264e-02  1.4954e-02  5.8777e-02  2.1973e-02
   3.4885e-03 -6.0699e-02  5.8868e-02  1.2886e-02  4.1008e-03 -8.0719e-03
  -3.9032e-02 -8.1360e-02  8.2779e-04  7.6477e-02 -1.6235e-02  3.5309e-02
   4.1008e-03 -2.5269e-02 -2.6531e-03 -4.6875e-02  2.3438e-02  2.3346e-02
   1.1658e-02  4.1962e-02  5.6458e-02 -1.0796e-03  4.3945e-02  8.4839e-03
  -9.2407e-02  8.2245e-03  1.7654e-02  8.8348e-03  2.2018e-02 -2.5757e-02
   3.3936e-02 -6.9046e-04 -2.5757e-02  9.2163e-03  1.0178e-02  3.3508e-02
  -1.7746e-02 -2.5085e-02 -1.4832e-02 -2.8625e-02  4.2297e-02 -4.7035e-03
  -1.1053e-01  4.4952e-02 -3.0594e-02 -2.2385e-02 -4.3701e-02  5.4901e-02
   1.3428e-02  4.2297e-02 -9.6741e-03 -5.1117e-03  8.7357e-03  3.6133e-02
  -2.2171e-02 -4.0375e-02  5.3986e-02 -7.5493e-03  2.6321e-02 -3.7964e-02
   5.4291e-02 -3.0270e-03 -4.3335e-02  3.5858e-02 -6.1569e-03 -1.0567e-02
  -7.9422e-03 -5.4138e-02  8.3618e-03 -6.5979e-02  2.1286e-02 -1.6432e-03
  -2.2144e-03 -1.3863e-02  6.2332e-03 -2.9404e-02 -5.1727e-02  2.1759e-02
   1.6083e-02 -3.2654e-02  3.5461e-02  2.4643e-03  6.7871e-02  5.9280e-03
   4.6844e-02 -2.1267e-03  1.0818e-02  3.8319e-03 -1.0635e-02 -2.7313e-02
  -4.0970e-03  3.1067e-02 -3.0899e-02  3.1952e-02 -2.3758e-02  6.4636e-02
  -2.0187e-02  2.3743e-02  1.8845e-02  4.5891e-03 -3.6133e-02  9.4757e-03
   3.2867e-02  3.5309e-02  4.3915e-02 -4.5738e-03 -3.9001e-02  1.5121e-02
   5.2917e-02  4.8798e-02 -5.0537e-02  1.5579e-02 -3.5715e-04  1.7090e-02
  -1.7853e-02 -2.6703e-02  5.4810e-02  2.9182e-03 -2.4109e-02  2.4128e-03
  -7.4097e-02 -1.3474e-02  3.1219e-02 -3.1036e-02 -5.1239e-02 -2.3270e-02
  -1.7853e-02  1.5434e-02  6.3049e-02 -6.8893e-03  4.5837e-02 -2.0813e-02
  -2.9495e-02  2.2552e-02 -2.8976e-02  4.0253e-02  1.7151e-02  3.1799e-02
   2.4521e-02  6.8970e-02  7.7026e-02 -2.8275e-02 -1.8860e-02  4.3640e-02
  -2.1561e-02  6.1859e-02 -3.2837e-02 -7.6866e-03 -4.3945e-02 -2.4948e-02
   1.1681e-02 -3.4698e-02  3.0167e-02 -1.2634e-02 -3.6957e-02 -7.8674e-02
  -1.8143e-02  1.9852e-02 -1.2951e-03 -6.4148e-02  4.8218e-02  3.4637e-02
   4.7266e-01 -5.5023e-02 -2.7008e-02  3.1647e-02  3.0807e-02 -3.0441e-02
  -8.7967e-03  5.0545e-04  3.5309e-02  2.1576e-02  3.2166e-02  6.7024e-03
  -8.6548e-02  1.7303e-02  2.5879e-02 -3.1433e-02 -9.1705e-03 -1.2012e-01
  -3.3855e-03 -5.2704e-02 -6.2012e-02  3.8700e-03  2.4166e-03 -2.8400e-03
   9.0790e-03  6.0616e-03  3.6194e-02  3.5019e-03 -5.2521e-02  6.6681e-03
   8.5878e-04 -2.8107e-02  1.3031e-02  4.7852e-02  3.9490e-02  8.7214e-04
  -6.8283e-03 -1.0366e-03  7.6332e-03 -7.3166e-03  4.7188e-03 -3.7323e-02
  -3.1677e-02 -4.3945e-02 -1.1909e-02  2.4002e-02  3.1586e-02  3.3386e-02
  -1.3336e-02  1.6968e-02  9.1124e-04 -2.1317e-02  4.3243e-02 -4.5135e-02
  -1.7532e-02  5.8250e-03  2.6428e-02 -1.4519e-02 -1.7197e-02  2.2369e-02
   3.2318e-02  9.7656e-03 -2.2644e-02 -5.1308e-03 -7.0343e-03  2.2339e-02
   5.9845e-02 -3.6285e-02  1.8356e-02  6.7932e-02  4.5654e-02 -4.1779e-02
   8.0414e-03  1.5579e-02  1.9043e-02 -2.8744e-03 -2.0325e-02 -2.9709e-02
  -1.0229e-01  2.5696e-02  3.1376e-03 -1.5535e-03  1.2299e-02 -1.0704e-02
   1.5747e-02  3.0441e-02  2.5970e-02  1.9073e-02 -1.7212e-02  2.8076e-02
   1.3145e-02 -2.1576e-02 -8.0032e-03 -5.4741e-03 -2.0828e-02  1.7517e-02
   3.9825e-02  5.2002e-02 -3.1464e-02  1.4610e-03  6.2317e-02 -9.3918e-03
  -4.7112e-03 -1.1436e-02 -2.2491e-02 -4.2114e-02  4.9194e-02 -3.6163e-02
  -1.3939e-02 -9.7275e-03  1.7838e-02 -7.4341e-02  1.0757e-02  1.3256e-03
  -1.7441e-02 -2.7893e-02  1.5594e-02 -6.8855e-04 -7.5195e-02  5.4504e-02
   5.6496e-03 -1.8112e-02 -2.1225e-02 -5.3589e-02 -3.1860e-02 -5.1193e-03
  -2.2018e-02  3.5934e-03 -7.7972e-03 -9.0332e-03 -3.3051e-02 -4.4327e-03
  -3.3020e-02  4.0405e-02 -3.7018e-02 -1.9012e-02 -2.3136e-03  3.4668e-02
   1.4824e-02  2.8503e-02  5.4550e-03  3.5858e-02  1.2047e-02 -1.2291e-02
  -1.5778e-02  3.2501e-02 -3.0380e-02 -3.1097e-02  7.2556e-03  4.3854e-02
  -6.0883e-03  5.9128e-03  1.9150e-02 -2.6474e-02  2.7985e-02 -3.9917e-02
   2.4231e-02 -2.1896e-02  3.7441e-03 -2.2797e-02  4.0741e-03  6.7444e-03
   4.4098e-02  2.0695e-03 -1.3008e-02  1.7578e-02 -2.6703e-02  2.1286e-02
   2.9419e-02 -4.4128e-02  2.5415e-04 -6.9160e-03  2.8961e-02  4.8523e-03
   3.7140e-02  2.6703e-02  3.4882e-02  6.8474e-03  3.1433e-02 -4.2877e-02
   1.0628e-02  1.2915e-01  4.0497e-02 -1.5945e-02  5.4535e-02 -3.1799e-02
  -3.6011e-02  1.0643e-02 -3.8727e-02  3.7689e-02 -1.2978e-02  4.0710e-02
   4.3610e-02 -1.6953e-02 -6.1150e-03  3.1567e-03 -3.2745e-02 -3.0869e-02
   4.1321e-02 -2.7283e-02]]
Device: cuda, Model dtype: torch.float16
Turbo VLM Initialized: FP16=True, Skip=16, Goal='a pole balancing upright on a cart'
Text Features (FP16): [[ 1.2980e-03  3.0041e-03  1.3840e-02  2.2903e-02 -2.8595e-02  7.6561e-03
  -1.7822e-02 -3.7689e-02 -2.9480e-02  3.3936e-02  4.9347e-02 -1.9875e-03
   6.8665e-02 -2.3994e-03  1.3138e-02  7.4463e-02 -3.9368e-02 -1.0712e-02
  -3.8391e-02 -1.6907e-02  4.2572e-02  6.9008e-03 -2.3514e-02 -3.5095e-02
  -4.4212e-03  5.9082e-02  1.6479e-02  2.4765e-02  3.6259e-03 -2.4353e-02
  -1.5900e-02  5.2338e-02  5.3635e-03 -1.9083e-03  4.3678e-03  1.0384e-02
  -4.6051e-02 -9.9411e-03  2.9163e-03  3.3417e-02  3.9276e-02  2.3788e-02
   1.1208e-02  2.5787e-02  2.1393e-02 -2.1801e-03 -2.0279e-02  1.9516e-02
  -4.9042e-02 -4.6692e-02  2.9037e-02 -5.0140e-02 -7.6477e-02 -8.9569e-03
  -4.5715e-02 -1.1024e-02  1.2146e-02 -1.7578e-02  2.7695e-02 -2.5085e-02
   1.7685e-02 -2.1393e-02  2.3346e-03 -4.7455e-03 -6.9153e-02 -2.8458e-02
  -1.9424e-02  5.9082e-02  8.9951e-03 -2.0050e-02  2.4353e-02 -3.5522e-02
   5.0629e-02  6.2073e-02 -2.9564e-05 -2.6627e-02  1.6113e-02 -1.4755e-02
  -3.1972e-04 -1.7929e-02 -1.2543e-02  2.0660e-02  4.6134e-04  8.7051e-03
  -2.3117e-03  2.0508e-02 -4.1847e-03  1.2169e-02  5.3520e-03  2.1286e-02
  -2.8244e-02  1.7227e-02 -1.1530e-01  5.6946e-02 -2.1011e-02  7.4234e-03
  -6.7558e-03 -2.8198e-02 -2.6703e-03 -1.2299e-02  1.9196e-02  5.0354e-02
  -9.7198e-03  1.3199e-02  5.2124e-02 -4.5180e-04 -2.5894e-02 -6.5193e-03
   1.1856e-02 -2.6913e-03 -4.7668e-02 -8.7204e-03  2.5314e-02 -2.4887e-02
  -1.9760e-02  3.6713e-02 -6.6162e-02  2.2526e-03  1.4549e-02  9.1324e-03
   2.0523e-03 -6.7383e-02 -1.6922e-02 -2.6672e-02  2.9282e-02 -1.4999e-02
   1.2253e-02 -3.1311e-02 -4.4922e-02  2.5894e-02  7.5645e-03 -2.8931e-02
   1.6052e-02  4.7217e-01  2.5970e-02 -1.5053e-02  1.2115e-02 -4.7089e-02
   1.1368e-02 -5.4169e-02 -4.3030e-02  3.7415e-02 -2.1454e-02  6.7368e-03
  -3.5004e-02 -8.8272e-03 -3.3264e-02  1.4954e-02  5.8777e-02  2.1973e-02
   3.4885e-03 -6.0699e-02  5.8868e-02  1.2886e-02  4.1008e-03 -8.0719e-03
  -3.9032e-02 -8.1360e-02  8.2779e-04  7.6477e-02 -1.6235e-02  3.5309e-02
   4.1008e-03 -2.5269e-02 -2.6531e-03 -4.6875e-02  2.3438e-02  2.3346e-02
   1.1658e-02  4.1962e-02  5.6458e-02 -1.0796e-03  4.3945e-02  8.4839e-03
  -9.2407e-02  8.2245e-03  1.7654e-02  8.8348e-03  2.2018e-02 -2.5757e-02
   3.3936e-02 -6.9046e-04 -2.5757e-02  9.2163e-03  1.0178e-02  3.3508e-02
  -1.7746e-02 -2.5085e-02 -1.4832e-02 -2.8625e-02  4.2297e-02 -4.7035e-03
  -1.1053e-01  4.4952e-02 -3.0594e-02 -2.2385e-02 -4.3701e-02  5.4901e-02
   1.3428e-02  4.2297e-02 -9.6741e-03 -5.1117e-03  8.7357e-03  3.6133e-02
  -2.2171e-02 -4.0375e-02  5.3986e-02 -7.5493e-03  2.6321e-02 -3.7964e-02
   5.4291e-02 -3.0270e-03 -4.3335e-02  3.5858e-02 -6.1569e-03 -1.0567e-02
  -7.9422e-03 -5.4138e-02  8.3618e-03 -6.5979e-02  2.1286e-02 -1.6432e-03
  -2.2144e-03 -1.3863e-02  6.2332e-03 -2.9404e-02 -5.1727e-02  2.1759e-02
   1.6083e-02 -3.2654e-02  3.5461e-02  2.4643e-03  6.7871e-02  5.9280e-03
   4.6844e-02 -2.1267e-03  1.0818e-02  3.8319e-03 -1.0635e-02 -2.7313e-02
  -4.0970e-03  3.1067e-02 -3.0899e-02  3.1952e-02 -2.3758e-02  6.4636e-02
  -2.0187e-02  2.3743e-02  1.8845e-02  4.5891e-03 -3.6133e-02  9.4757e-03
   3.2867e-02  3.5309e-02  4.3915e-02 -4.5738e-03 -3.9001e-02  1.5121e-02
   5.2917e-02  4.8798e-02 -5.0537e-02  1.5579e-02 -3.5715e-04  1.7090e-02
  -1.7853e-02 -2.6703e-02  5.4810e-02  2.9182e-03 -2.4109e-02  2.4128e-03
  -7.4097e-02 -1.3474e-02  3.1219e-02 -3.1036e-02 -5.1239e-02 -2.3270e-02
  -1.7853e-02  1.5434e-02  6.3049e-02 -6.8893e-03  4.5837e-02 -2.0813e-02
  -2.9495e-02  2.2552e-02 -2.8976e-02  4.0253e-02  1.7151e-02  3.1799e-02
   2.4521e-02  6.8970e-02  7.7026e-02 -2.8275e-02 -1.8860e-02  4.3640e-02
  -2.1561e-02  6.1859e-02 -3.2837e-02 -7.6866e-03 -4.3945e-02 -2.4948e-02
   1.1681e-02 -3.4698e-02  3.0167e-02 -1.2634e-02 -3.6957e-02 -7.8674e-02
  -1.8143e-02  1.9852e-02 -1.2951e-03 -6.4148e-02  4.8218e-02  3.4637e-02
   4.7266e-01 -5.5023e-02 -2.7008e-02  3.1647e-02  3.0807e-02 -3.0441e-02
  -8.7967e-03  5.0545e-04  3.5309e-02  2.1576e-02  3.2166e-02  6.7024e-03
  -8.6548e-02  1.7303e-02  2.5879e-02 -3.1433e-02 -9.1705e-03 -1.2012e-01
  -3.3855e-03 -5.2704e-02 -6.2012e-02  3.8700e-03  2.4166e-03 -2.8400e-03
   9.0790e-03  6.0616e-03  3.6194e-02  3.5019e-03 -5.2521e-02  6.6681e-03
   8.5878e-04 -2.8107e-02  1.3031e-02  4.7852e-02  3.9490e-02  8.7214e-04
  -6.8283e-03 -1.0366e-03  7.6332e-03 -7.3166e-03  4.7188e-03 -3.7323e-02
  -3.1677e-02 -4.3945e-02 -1.1909e-02  2.4002e-02  3.1586e-02  3.3386e-02
  -1.3336e-02  1.6968e-02  9.1124e-04 -2.1317e-02  4.3243e-02 -4.5135e-02
  -1.7532e-02  5.8250e-03  2.6428e-02 -1.4519e-02 -1.7197e-02  2.2369e-02
   3.2318e-02  9.7656e-03 -2.2644e-02 -5.1308e-03 -7.0343e-03  2.2339e-02
   5.9845e-02 -3.6285e-02  1.8356e-02  6.7932e-02  4.5654e-02 -4.1779e-02
   8.0414e-03  1.5579e-02  1.9043e-02 -2.8744e-03 -2.0325e-02 -2.9709e-02
  -1.0229e-01  2.5696e-02  3.1376e-03 -1.5535e-03  1.2299e-02 -1.0704e-02
   1.5747e-02  3.0441e-02  2.5970e-02  1.9073e-02 -1.7212e-02  2.8076e-02
   1.3145e-02 -2.1576e-02 -8.0032e-03 -5.4741e-03 -2.0828e-02  1.7517e-02
   3.9825e-02  5.2002e-02 -3.1464e-02  1.4610e-03  6.2317e-02 -9.3918e-03
  -4.7112e-03 -1.1436e-02 -2.2491e-02 -4.2114e-02  4.9194e-02 -3.6163e-02
  -1.3939e-02 -9.7275e-03  1.7838e-02 -7.4341e-02  1.0757e-02  1.3256e-03
  -1.7441e-02 -2.7893e-02  1.5594e-02 -6.8855e-04 -7.5195e-02  5.4504e-02
   5.6496e-03 -1.8112e-02 -2.1225e-02 -5.3589e-02 -3.1860e-02 -5.1193e-03
  -2.2018e-02  3.5934e-03 -7.7972e-03 -9.0332e-03 -3.3051e-02 -4.4327e-03
  -3.3020e-02  4.0405e-02 -3.7018e-02 -1.9012e-02 -2.3136e-03  3.4668e-02
   1.4824e-02  2.8503e-02  5.4550e-03  3.5858e-02  1.2047e-02 -1.2291e-02
  -1.5778e-02  3.2501e-02 -3.0380e-02 -3.1097e-02  7.2556e-03  4.3854e-02
  -6.0883e-03  5.9128e-03  1.9150e-02 -2.6474e-02  2.7985e-02 -3.9917e-02
   2.4231e-02 -2.1896e-02  3.7441e-03 -2.2797e-02  4.0741e-03  6.7444e-03
   4.4098e-02  2.0695e-03 -1.3008e-02  1.7578e-02 -2.6703e-02  2.1286e-02
   2.9419e-02 -4.4128e-02  2.5415e-04 -6.9160e-03  2.8961e-02  4.8523e-03
   3.7140e-02  2.6703e-02  3.4882e-02  6.8474e-03  3.1433e-02 -4.2877e-02
   1.0628e-02  1.2915e-01  4.0497e-02 -1.5945e-02  5.4535e-02 -3.1799e-02
  -3.6011e-02  1.0643e-02 -3.8727e-02  3.7689e-02 -1.2978e-02  4.0710e-02
   4.3610e-02 -1.6953e-02 -6.1150e-03  3.1567e-03 -3.2745e-02 -3.0869e-02
   4.1321e-02 -2.7283e-02]]
Device: cuda, Model dtype: torch.float16
Turbo VLM Initialized: FP16=True, Skip=16, Goal='a pole balancing upright on a cart'
Text Features (FP16): [[ 1.2980e-03  3.0041e-03  1.3840e-02  2.2903e-02 -2.8595e-02  7.6561e-03
  -1.7822e-02 -3.7689e-02 -2.9480e-02  3.3936e-02  4.9347e-02 -1.9875e-03
   6.8665e-02 -2.3994e-03  1.3138e-02  7.4463e-02 -3.9368e-02 -1.0712e-02
  -3.8391e-02 -1.6907e-02  4.2572e-02  6.9008e-03 -2.3514e-02 -3.5095e-02
  -4.4212e-03  5.9082e-02  1.6479e-02  2.4765e-02  3.6259e-03 -2.4353e-02
  -1.5900e-02  5.2338e-02  5.3635e-03 -1.9083e-03  4.3678e-03  1.0384e-02
  -4.6051e-02 -9.9411e-03  2.9163e-03  3.3417e-02  3.9276e-02  2.3788e-02
   1.1208e-02  2.5787e-02  2.1393e-02 -2.1801e-03 -2.0279e-02  1.9516e-02
  -4.9042e-02 -4.6692e-02  2.9037e-02 -5.0140e-02 -7.6477e-02 -8.9569e-03
  -4.5715e-02 -1.1024e-02  1.2146e-02 -1.7578e-02  2.7695e-02 -2.5085e-02
   1.7685e-02 -2.1393e-02  2.3346e-03 -4.7455e-03 -6.9153e-02 -2.8458e-02
  -1.9424e-02  5.9082e-02  8.9951e-03 -2.0050e-02  2.4353e-02 -3.5522e-02
   5.0629e-02  6.2073e-02 -2.9564e-05 -2.6627e-02  1.6113e-02 -1.4755e-02
  -3.1972e-04 -1.7929e-02 -1.2543e-02  2.0660e-02  4.6134e-04  8.7051e-03
  -2.3117e-03  2.0508e-02 -4.1847e-03  1.2169e-02  5.3520e-03  2.1286e-02
  -2.8244e-02  1.7227e-02 -1.1530e-01  5.6946e-02 -2.1011e-02  7.4234e-03
  -6.7558e-03 -2.8198e-02 -2.6703e-03 -1.2299e-02  1.9196e-02  5.0354e-02
  -9.7198e-03  1.3199e-02  5.2124e-02 -4.5180e-04 -2.5894e-02 -6.5193e-03
   1.1856e-02 -2.6913e-03 -4.7668e-02 -8.7204e-03  2.5314e-02 -2.4887e-02
  -1.9760e-02  3.6713e-02 -6.6162e-02  2.2526e-03  1.4549e-02  9.1324e-03
   2.0523e-03 -6.7383e-02 -1.6922e-02 -2.6672e-02  2.9282e-02 -1.4999e-02
   1.2253e-02 -3.1311e-02 -4.4922e-02  2.5894e-02  7.5645e-03 -2.8931e-02
   1.6052e-02  4.7217e-01  2.5970e-02 -1.5053e-02  1.2115e-02 -4.7089e-02
   1.1368e-02 -5.4169e-02 -4.3030e-02  3.7415e-02 -2.1454e-02  6.7368e-03
  -3.5004e-02 -8.8272e-03 -3.3264e-02  1.4954e-02  5.8777e-02  2.1973e-02
   3.4885e-03 -6.0699e-02  5.8868e-02  1.2886e-02  4.1008e-03 -8.0719e-03
  -3.9032e-02 -8.1360e-02  8.2779e-04  7.6477e-02 -1.6235e-02  3.5309e-02
   4.1008e-03 -2.5269e-02 -2.6531e-03 -4.6875e-02  2.3438e-02  2.3346e-02
   1.1658e-02  4.1962e-02  5.6458e-02 -1.0796e-03  4.3945e-02  8.4839e-03
  -9.2407e-02  8.2245e-03  1.7654e-02  8.8348e-03  2.2018e-02 -2.5757e-02
   3.3936e-02 -6.9046e-04 -2.5757e-02  9.2163e-03  1.0178e-02  3.3508e-02
  -1.7746e-02 -2.5085e-02 -1.4832e-02 -2.8625e-02  4.2297e-02 -4.7035e-03
  -1.1053e-01  4.4952e-02 -3.0594e-02 -2.2385e-02 -4.3701e-02  5.4901e-02
   1.3428e-02  4.2297e-02 -9.6741e-03 -5.1117e-03  8.7357e-03  3.6133e-02
  -2.2171e-02 -4.0375e-02  5.3986e-02 -7.5493e-03  2.6321e-02 -3.7964e-02
   5.4291e-02 -3.0270e-03 -4.3335e-02  3.5858e-02 -6.1569e-03 -1.0567e-02
  -7.9422e-03 -5.4138e-02  8.3618e-03 -6.5979e-02  2.1286e-02 -1.6432e-03
  -2.2144e-03 -1.3863e-02  6.2332e-03 -2.9404e-02 -5.1727e-02  2.1759e-02
   1.6083e-02 -3.2654e-02  3.5461e-02  2.4643e-03  6.7871e-02  5.9280e-03
   4.6844e-02 -2.1267e-03  1.0818e-02  3.8319e-03 -1.0635e-02 -2.7313e-02
  -4.0970e-03  3.1067e-02 -3.0899e-02  3.1952e-02 -2.3758e-02  6.4636e-02
  -2.0187e-02  2.3743e-02  1.8845e-02  4.5891e-03 -3.6133e-02  9.4757e-03
   3.2867e-02  3.5309e-02  4.3915e-02 -4.5738e-03 -3.9001e-02  1.5121e-02
   5.2917e-02  4.8798e-02 -5.0537e-02  1.5579e-02 -3.5715e-04  1.7090e-02
  -1.7853e-02 -2.6703e-02  5.4810e-02  2.9182e-03 -2.4109e-02  2.4128e-03
  -7.4097e-02 -1.3474e-02  3.1219e-02 -3.1036e-02 -5.1239e-02 -2.3270e-02
  -1.7853e-02  1.5434e-02  6.3049e-02 -6.8893e-03  4.5837e-02 -2.0813e-02
  -2.9495e-02  2.2552e-02 -2.8976e-02  4.0253e-02  1.7151e-02  3.1799e-02
   2.4521e-02  6.8970e-02  7.7026e-02 -2.8275e-02 -1.8860e-02  4.3640e-02
  -2.1561e-02  6.1859e-02 -3.2837e-02 -7.6866e-03 -4.3945e-02 -2.4948e-02
   1.1681e-02 -3.4698e-02  3.0167e-02 -1.2634e-02 -3.6957e-02 -7.8674e-02
  -1.8143e-02  1.9852e-02 -1.2951e-03 -6.4148e-02  4.8218e-02  3.4637e-02
   4.7266e-01 -5.5023e-02 -2.7008e-02  3.1647e-02  3.0807e-02 -3.0441e-02
  -8.7967e-03  5.0545e-04  3.5309e-02  2.1576e-02  3.2166e-02  6.7024e-03
  -8.6548e-02  1.7303e-02  2.5879e-02 -3.1433e-02 -9.1705e-03 -1.2012e-01
  -3.3855e-03 -5.2704e-02 -6.2012e-02  3.8700e-03  2.4166e-03 -2.8400e-03
   9.0790e-03  6.0616e-03  3.6194e-02  3.5019e-03 -5.2521e-02  6.6681e-03
   8.5878e-04 -2.8107e-02  1.3031e-02  4.7852e-02  3.9490e-02  8.7214e-04
  -6.8283e-03 -1.0366e-03  7.6332e-03 -7.3166e-03  4.7188e-03 -3.7323e-02
  -3.1677e-02 -4.3945e-02 -1.1909e-02  2.4002e-02  3.1586e-02  3.3386e-02
  -1.3336e-02  1.6968e-02  9.1124e-04 -2.1317e-02  4.3243e-02 -4.5135e-02
  -1.7532e-02  5.8250e-03  2.6428e-02 -1.4519e-02 -1.7197e-02  2.2369e-02
   3.2318e-02  9.7656e-03 -2.2644e-02 -5.1308e-03 -7.0343e-03  2.2339e-02
   5.9845e-02 -3.6285e-02  1.8356e-02  6.7932e-02  4.5654e-02 -4.1779e-02
   8.0414e-03  1.5579e-02  1.9043e-02 -2.8744e-03 -2.0325e-02 -2.9709e-02
  -1.0229e-01  2.5696e-02  3.1376e-03 -1.5535e-03  1.2299e-02 -1.0704e-02
   1.5747e-02  3.0441e-02  2.5970e-02  1.9073e-02 -1.7212e-02  2.8076e-02
   1.3145e-02 -2.1576e-02 -8.0032e-03 -5.4741e-03 -2.0828e-02  1.7517e-02
   3.9825e-02  5.2002e-02 -3.1464e-02  1.4610e-03  6.2317e-02 -9.3918e-03
  -4.7112e-03 -1.1436e-02 -2.2491e-02 -4.2114e-02  4.9194e-02 -3.6163e-02
  -1.3939e-02 -9.7275e-03  1.7838e-02 -7.4341e-02  1.0757e-02  1.3256e-03
  -1.7441e-02 -2.7893e-02  1.5594e-02 -6.8855e-04 -7.5195e-02  5.4504e-02
   5.6496e-03 -1.8112e-02 -2.1225e-02 -5.3589e-02 -3.1860e-02 -5.1193e-03
  -2.2018e-02  3.5934e-03 -7.7972e-03 -9.0332e-03 -3.3051e-02 -4.4327e-03
  -3.3020e-02  4.0405e-02 -3.7018e-02 -1.9012e-02 -2.3136e-03  3.4668e-02
   1.4824e-02  2.8503e-02  5.4550e-03  3.5858e-02  1.2047e-02 -1.2291e-02
  -1.5778e-02  3.2501e-02 -3.0380e-02 -3.1097e-02  7.2556e-03  4.3854e-02
  -6.0883e-03  5.9128e-03  1.9150e-02 -2.6474e-02  2.7985e-02 -3.9917e-02
   2.4231e-02 -2.1896e-02  3.7441e-03 -2.2797e-02  4.0741e-03  6.7444e-03
   4.4098e-02  2.0695e-03 -1.3008e-02  1.7578e-02 -2.6703e-02  2.1286e-02
   2.9419e-02 -4.4128e-02  2.5415e-04 -6.9160e-03  2.8961e-02  4.8523e-03
   3.7140e-02  2.6703e-02  3.4882e-02  6.8474e-03  3.1433e-02 -4.2877e-02
   1.0628e-02  1.2915e-01  4.0497e-02 -1.5945e-02  5.4535e-02 -3.1799e-02
  -3.6011e-02  1.0643e-02 -3.8727e-02  3.7689e-02 -1.2978e-02  4.0710e-02
   4.3610e-02 -1.6953e-02 -6.1150e-03  3.1567e-03 -3.2745e-02 -3.0869e-02
   4.1321e-02 -2.7283e-02]]
Device: cuda, Model dtype: torch.float16
[VLM Debug] Reset Reward Calculated: 0.2773
[VLM Debug] Reset Reward Calculated: 0.2776
[VLM Debug] Reset Reward Calculated: 0.2808
[VLM Debug] Reset Reward Calculated: 0.2864
global_step=52, episodic_return=3.605
--> New best model saved with return: 3.61
[VLM Debug] Reset Reward Calculated: 0.2788
global_step=56, episodic_return=3.886
--> New best model saved with return: 3.89
[VLM Debug] Reset Reward Calculated: 0.2786
[VLM Debug] Step 16 Reward: 0.2871
[VLM Debug] Step 16 Reward: 0.2815
global_step=76, episodic_return=5.360
--> New best model saved with return: 5.36
[VLM Debug] Reset Reward Calculated: 0.2852
global_step=96, episodic_return=6.829
--> New best model saved with return: 6.83
[VLM Debug] Reset Reward Calculated: 0.2776
global_step=100, episodic_return=2.786
[VLM Debug] Reset Reward Calculated: 0.2737
[VLM Debug] Step 16 Reward: 0.2839
global_step=140, episodic_return=4.277
[VLM Debug] Reset Reward Calculated: 0.2793
[VLM Debug] Step 16 Reward: 0.2869
global_step=164, episodic_return=4.105
[VLM Debug] Reset Reward Calculated: 0.2749
[VLM Debug] Step 32 Reward: 0.2712
[VLM Debug] Step 16 Reward: 0.2744
global_step=212, episodic_return=3.024
[VLM Debug] Reset Reward Calculated: 0.2798
[VLM Debug] Step 32 Reward: 0.2957
global_step=240, episodic_return=9.936
--> New best model saved with return: 9.94
[VLM Debug] Reset Reward Calculated: 0.2844
[VLM Debug] Step 48 Reward: 0.2878
global_step=264, episodic_return=14.504
--> New best model saved with return: 14.50
[VLM Debug] Reset Reward Calculated: 0.2798
[VLM Debug] Step 32 Reward: 0.2915
[VLM Debug] Step 16 Reward: 0.2844
global_step=288, episodic_return=10.038
[VLM Debug] Reset Reward Calculated: 0.2783
[VLM Debug] Step 16 Reward: 0.2837
[VLM Debug] Step 16 Reward: 0.2856
[VLM Debug] Step 32 Reward: 0.2869
[VLM Debug] Step 16 Reward: 0.2842
global_step=356, episodic_return=9.895
[VLM Debug] Reset Reward Calculated: 0.2786
global_step=360, episodic_return=8.238
[VLM Debug] Reset Reward Calculated: 0.2830
global_step=388, episodic_return=8.481
[VLM Debug] Reset Reward Calculated: 0.2761
global_step=396, episodic_return=7.301
[VLM Debug] Reset Reward Calculated: 0.2761
global_step=400, episodic_return=2.786
global_step=400, episodic_return=2.547
[VLM Debug] Reset Reward Calculated: 0.2737
[VLM Debug] Reset Reward Calculated: 0.2834
global_step=452, episodic_return=4.142
[VLM Debug] Reset Reward Calculated: 0.2820
[VLM Debug] Step 16 Reward: 0.2888
global_step=464, episodic_return=4.431
[VLM Debug] Step 16 Reward: 0.2871
[VLM Debug] Reset Reward Calculated: 0.2817
[VLM Debug] Step 16 Reward: 0.2876
global_step=472, episodic_return=4.827
[VLM Debug] Reset Reward Calculated: 0.2791
global_step=476, episodic_return=4.967
[VLM Debug] Reset Reward Calculated: 0.2820
global_step=508, episodic_return=2.817
[VLM Debug] Reset Reward Calculated: 0.2764
SPS: 352
[VLM Debug] Step 16 Reward: 0.2847
global_step=532, episodic_return=3.907
[VLM Debug] Reset Reward Calculated: 0.2744
global_step=540, episodic_return=4.230
[VLM Debug] Reset Reward Calculated: 0.2800
global_step=564, episodic_return=3.593
[VLM Debug] Reset Reward Calculated: 0.2832
global_step=572, episodic_return=8.215
[VLM Debug] Reset Reward Calculated: 0.2771
[VLM Debug] Step 16 Reward: 0.2800
global_step=600, episodic_return=3.920
[VLM Debug] Reset Reward Calculated: 0.2793
global_step=616, episodic_return=3.398
[VLM Debug] Reset Reward Calculated: 0.2795
[VLM Debug] Step 16 Reward: 0.2883
global_step=648, episodic_return=5.021
[VLM Debug] Reset Reward Calculated: 0.2805
global_step=660, episodic_return=8.597
[VLM Debug] Reset Reward Calculated: 0.2646
[VLM Debug] Step 16 Reward: 0.2881
[VLM Debug] Step 16 Reward: 0.2886
global_step=684, episodic_return=5.630
[VLM Debug] Reset Reward Calculated: 0.2832
global_step=708, episodic_return=6.213
[VLM Debug] Reset Reward Calculated: 0.2793
[VLM Debug] Step 16 Reward: 0.2812
[VLM Debug] Step 16 Reward: 0.2922
global_step=736, episodic_return=5.895
global_step=736, episodic_return=4.846
[VLM Debug] Reset Reward Calculated: 0.2754
[VLM Debug] Reset Reward Calculated: 0.2842
[VLM Debug] Step 16 Reward: 0.2939
global_step=756, episodic_return=4.836
[VLM Debug] Reset Reward Calculated: 0.2803
[VLM Debug] Step 16 Reward: 0.2817
global_step=796, episodic_return=3.979
[VLM Debug] Reset Reward Calculated: 0.2744
[VLM Debug] Step 16 Reward: 0.2769
global_step=804, episodic_return=6.443
[VLM Debug] Reset Reward Calculated: 0.2791
[VLM Debug] Step 16 Reward: 0.2893
[VLM Debug] Step 16 Reward: 0.2866
[VLM Debug] Step 32 Reward: 0.2896
[VLM Debug] Step 16 Reward: 0.2876
global_step=880, episodic_return=5.049
[VLM Debug] Reset Reward Calculated: 0.2803
global_step=884, episodic_return=10.008
[VLM Debug] Reset Reward Calculated: 0.2759
[VLM Debug] Step 32 Reward: 0.2913
global_step=900, episodic_return=9.998
[VLM Debug] Reset Reward Calculated: 0.2744
global_step=924, episodic_return=8.702
[VLM Debug] Reset Reward Calculated: 0.2795
[VLM Debug] Step 16 Reward: 0.2913
global_step=948, episodic_return=3.019
[VLM Debug] Step 16 Reward: 0.2930
[VLM Debug] Reset Reward Calculated: 0.2844
global_step=952, episodic_return=4.431
[VLM Debug] Reset Reward Calculated: 0.2849
global_step=956, episodic_return=5.078
[VLM Debug] Reset Reward Calculated: 0.2764
[VLM Debug] Step 16 Reward: 0.2795
[VLM Debug] Step 16 Reward: 0.2830
[VLM Debug] Step 16 Reward: 0.2761
[VLM Debug] Step 16 Reward: 0.2917
global_step=1024, episodic_return=4.437
SPS: 512
[VLM Debug] Reset Reward Calculated: 0.2847
global_step=1048, episodic_return=8.386
[VLM Debug] Reset Reward Calculated: 0.2739
global_step=1076, episodic_return=3.416
[VLM Debug] Step 32 Reward: 0.2810
[VLM Debug] Reset Reward Calculated: 0.2798
[VLM Debug] Step 32 Reward: 0.2847
global_step=1088, episodic_return=9.261
[VLM Debug] Reset Reward Calculated: 0.2759
global_step=1108, episodic_return=3.835
[VLM Debug] Reset Reward Calculated: 0.2791
global_step=1128, episodic_return=12.447
[VLM Debug] Reset Reward Calculated: 0.2791
[VLM Debug] Step 16 Reward: 0.2886
global_step=1144, episodic_return=4.485
[VLM Debug] Reset Reward Calculated: 0.2761
[VLM Debug] Step 16 Reward: 0.2913
[VLM Debug] Step 16 Reward: 0.2878
[VLM Debug] Step 16 Reward: 0.2771
global_step=1200, episodic_return=7.633
[VLM Debug] Reset Reward Calculated: 0.2764
[VLM Debug] Step 16 Reward: 0.2896
global_step=1220, episodic_return=7.640
[VLM Debug] Reset Reward Calculated: 0.2847
global_step=1232, episodic_return=5.879
[VLM Debug] Reset Reward Calculated: 0.2847
[VLM Debug] Step 32 Reward: 0.2815
global_step=1260, episodic_return=3.869
[VLM Debug] Reset Reward Calculated: 0.2751
[VLM Debug] Step 16 Reward: 0.2834
[VLM Debug] Step 16 Reward: 0.2876
global_step=1304, episodic_return=11.997
[VLM Debug] Reset Reward Calculated: 0.2751
global_step=1308, episodic_return=3.027
[VLM Debug] Reset Reward Calculated: 0.2810
global_step=1348, episodic_return=8.805
[VLM Debug] Reset Reward Calculated: 0.2817
global_step=1360, episodic_return=3.577
[VLM Debug] Reset Reward Calculated: 0.2832
[VLM Debug] Step 32 Reward: 0.3018
[VLM Debug] Step 16 Reward: 0.2856
global_step=1376, episodic_return=4.501
[VLM Debug] Reset Reward Calculated: 0.2832
global_step=1400, episodic_return=11.889
[VLM Debug] Reset Reward Calculated: 0.2800
[VLM Debug] Step 16 Reward: 0.2764
[VLM Debug] Step 16 Reward: 0.2817
[VLM Debug] Step 16 Reward: 0.2900
global_step=1452, episodic_return=6.220
[VLM Debug] Reset Reward Calculated: 0.2744
global_step=1456, episodic_return=7.266
[VLM Debug] Reset Reward Calculated: 0.2810
[VLM Debug] Step 16 Reward: 0.2876
[VLM Debug] Step 32 Reward: 0.2883
global_step=1508, episodic_return=9.177
[VLM Debug] Reset Reward Calculated: 0.2751
[VLM Debug] Step 16 Reward: 0.2852
[VLM Debug] Step 16 Reward: 0.2812
global_step=1524, episodic_return=8.514
[VLM Debug] Reset Reward Calculated: 0.2798
SPS: 610
[VLM Debug] Step 16 Reward: 0.2800
[VLM Debug] Step 32 Reward: 0.2798
[VLM Debug] Step 32 Reward: 0.2847
[VLM Debug] Step 16 Reward: 0.2810
global_step=1600, episodic_return=10.078
[VLM Debug] Reset Reward Calculated: 0.2805
global_step=1628, episodic_return=11.846
[VLM Debug] Reset Reward Calculated: 0.2842
[VLM Debug] Step 32 Reward: 0.2910
global_step=1644, episodic_return=2.805
[VLM Debug] Reset Reward Calculated: 0.2852
global_step=1652, episodic_return=9.772
[VLM Debug] Reset Reward Calculated: 0.2817
[VLM Debug] Step 32 Reward: 0.2893
global_step=1688, episodic_return=11.297
[VLM Debug] Reset Reward Calculated: 0.2864
[VLM Debug] Step 16 Reward: 0.2788
[VLM Debug] Step 16 Reward: 0.2881
[VLM Debug] Step 16 Reward: 0.2788
[VLM Debug] Step 16 Reward: 0.2866
[VLM Debug] Step 32 Reward: 0.2822
global_step=1772, episodic_return=8.129
[VLM Debug] Reset Reward Calculated: 0.2808
[VLM Debug] Step 32 Reward: 0.2834
global_step=1800, episodic_return=7.735
[VLM Debug] Reset Reward Calculated: 0.2754
global_step=1812, episodic_return=12.675
[VLM Debug] Reset Reward Calculated: 0.2778
[VLM Debug] Step 16 Reward: 0.2908
[VLM Debug] Step 48 Reward: 0.2852
global_step=1856, episodic_return=5.665
[VLM Debug] Reset Reward Calculated: 0.2791
[VLM Debug] Step 16 Reward: 0.2810
global_step=1868, episodic_return=15.703
--> New best model saved with return: 15.70
[VLM Debug] Reset Reward Calculated: 0.2852
[VLM Debug] Step 16 Reward: 0.2859
[VLM Debug] Step 16 Reward: 0.2830
global_step=1928, episodic_return=8.627
[VLM Debug] Reset Reward Calculated: 0.2842
[VLM Debug] Step 16 Reward: 0.2898
[VLM Debug] Step 32 Reward: 0.2878
global_step=1964, episodic_return=10.469
[VLM Debug] Reset Reward Calculated: 0.2812
global_step=1968, episodic_return=6.885
[VLM Debug] Reset Reward Calculated: 0.2837
[VLM Debug] Step 32 Reward: 0.2954
[VLM Debug] Step 16 Reward: 0.2822
global_step=2016, episodic_return=3.121
global_step=2016, episodic_return=5.956
[VLM Debug] Reset Reward Calculated: 0.2810
[VLM Debug] Reset Reward Calculated: 0.2791
[VLM Debug] Step 16 Reward: 0.2822
global_step=2032, episodic_return=4.501
[VLM Debug] Reset Reward Calculated: 0.2852
SPS: 674
[VLM Debug] Step 48 Reward: 0.2915
[VLM Debug] Step 16 Reward: 0.2646
[VLM Debug] Step 16 Reward: 0.2930
global_step=2088, episodic_return=4.772
[VLM Debug] Reset Reward Calculated: 0.2771
[VLM Debug] Step 16 Reward: 0.2837
[VLM Debug] Step 64 Reward: 0.2917
global_step=2116, episodic_return=18.396
--> New best model saved with return: 18.40
[VLM Debug] Reset Reward Calculated: 0.2847
global_step=2144, episodic_return=7.682
[VLM Debug] Step 32 Reward: 0.2871
[VLM Debug] Reset Reward Calculated: 0.2849
[VLM Debug] Step 16 Reward: 0.2842
global_step=2160, episodic_return=2.847
[VLM Debug] Reset Reward Calculated: 0.2808
global_step=2196, episodic_return=12.182
[VLM Debug] Reset Reward Calculated: 0.2747
global_step=2204, episodic_return=2.808
global_step=2204, episodic_return=3.989
[VLM Debug] Reset Reward Calculated: 0.2864
[VLM Debug] Reset Reward Calculated: 0.2751
[VLM Debug] Step 32 Reward: 0.2771
[VLM Debug] Step 16 Reward: 0.2852
[VLM Debug] Step 16 Reward: 0.2903
[VLM Debug] Step 16 Reward: 0.2869
[VLM Debug] Step 48 Reward: 0.2771
global_step=2296, episodic_return=6.135
[VLM Debug] Reset Reward Calculated: 0.2854
global_step=2304, episodic_return=7.257
[VLM Debug] Reset Reward Calculated: 0.2793
[VLM Debug] Step 32 Reward: 0.2896
[VLM Debug] Step 64 Reward: 0.2927
global_step=2352, episodic_return=18.156
[VLM Debug] Reset Reward Calculated: 0.2791
[VLM Debug] Step 16 Reward: 0.2898
[VLM Debug] Step 16 Reward: 0.2832
[VLM Debug] Step 48 Reward: 0.2947
global_step=2404, episodic_return=14.162
[VLM Debug] Reset Reward Calculated: 0.2771
global_step=2416, episodic_return=4.186
global_step=2416, episodic_return=8.338
[VLM Debug] Reset Reward Calculated: 0.2808
[VLM Debug] Reset Reward Calculated: 0.2783
global_step=2424, episodic_return=8.154
[VLM Debug] Reset Reward Calculated: 0.2744
global_step=2448, episodic_return=2.771
[VLM Debug] Reset Reward Calculated: 0.2742
[VLM Debug] Step 16 Reward: 0.2900
[VLM Debug] Step 16 Reward: 0.2871
[VLM Debug] Step 16 Reward: 0.2815
global_step=2504, episodic_return=5.952
[VLM Debug] Reset Reward Calculated: 0.2849
[VLM Debug] Step 16 Reward: 0.2812
global_step=2516, episodic_return=6.759
[VLM Debug] Reset Reward Calculated: 0.2832
global_step=2528, episodic_return=6.931
[VLM Debug] Reset Reward Calculated: 0.2856
global_step=2560, episodic_return=7.488
SPS: 721
[VLM Debug] Reset Reward Calculated: 0.2781
global_step=2568, episodic_return=3.398
[VLM Debug] Step 16 Reward: 0.2917
[VLM Debug] Reset Reward Calculated: 0.2808
[VLM Debug] Step 16 Reward: 0.2805
[VLM Debug] Step 16 Reward: 0.2898
[VLM Debug] Step 32 Reward: 0.2878
[VLM Debug] Step 16 Reward: 0.2854
global_step=2636, episodic_return=7.370
[VLM Debug] Reset Reward Calculated: 0.2815
global_step=2648, episodic_return=5.910
[VLM Debug] Reset Reward Calculated: 0.2837
global_step=2660, episodic_return=6.209
[VLM Debug] Reset Reward Calculated: 0.2788
[VLM Debug] Step 48 Reward: 0.2861
[VLM Debug] Step 16 Reward: 0.2849
[VLM Debug] Step 16 Reward: 0.2869
[VLM Debug] Step 16 Reward: 0.2886
global_step=2756, episodic_return=8.211
[VLM Debug] Reset Reward Calculated: 0.2810
[VLM Debug] Step 64 Reward: 0.2959
[VLM Debug] Step 32 Reward: 0.2888
[VLM Debug] Step 32 Reward: 0.2869
[VLM Debug] Step 16 Reward: 0.2869
global_step=2824, episodic_return=12.311
[VLM Debug] Reset Reward Calculated: 0.2805
[VLM Debug] Step 80 Reward: 0.2849
[VLM Debug] Step 48 Reward: 0.2886
[VLM Debug] Step 32 Reward: 0.2888
[VLM Debug] Step 16 Reward: 0.2773
[VLM Debug] Step 96 Reward: 0.2786
global_step=2916, episodic_return=18.006
[VLM Debug] Reset Reward Calculated: 0.2800
global_step=2932, episodic_return=7.259
[VLM Debug] Reset Reward Calculated: 0.2825
[VLM Debug] Step 48 Reward: 0.2866
[VLM Debug] Step 112 Reward: 0.2830
[VLM Debug] Step 16 Reward: 0.2839
[VLM Debug] Step 16 Reward: 0.2888
global_step=3008, episodic_return=17.725
[VLM Debug] Reset Reward Calculated: 0.2844
global_step=3016, episodic_return=5.681
global_step=3016, episodic_return=36.403
--> New best model saved with return: 36.40
global_step=3016, episodic_return=6.756
[VLM Debug] Reset Reward Calculated: 0.2747
[VLM Debug] Reset Reward Calculated: 0.2793
[VLM Debug] Reset Reward Calculated: 0.2827
SPS: 758
[VLM Debug] Step 16 Reward: 0.2859
global_step=3076, episodic_return=3.845
[VLM Debug] Reset Reward Calculated: 0.2771
[VLM Debug] Step 16 Reward: 0.2820
[VLM Debug] Step 16 Reward: 0.2871
global_step=3108, episodic_return=6.839
[VLM Debug] Reset Reward Calculated: 0.2888
[VLM Debug] Step 16 Reward: 0.2837
[VLM Debug] Step 32 Reward: 0.2898
[VLM Debug] Step 32 Reward: 0.2834
global_step=3172, episodic_return=6.426
global_step=3172, episodic_return=10.730
[VLM Debug] Reset Reward Calculated: 0.2800
[VLM Debug] Step 16 Reward: 0.2842
[VLM Debug] Reset Reward Calculated: 0.2676
global_step=3208, episodic_return=13.370
[VLM Debug] Reset Reward Calculated: 0.2756
[VLM Debug] Step 16 Reward: 0.2844
[VLM Debug] Step 32 Reward: 0.2874
[VLM Debug] Step 16 Reward: 0.2847
[VLM Debug] Step 16 Reward: 0.2788
global_step=3276, episodic_return=6.860
[VLM Debug] Reset Reward Calculated: 0.2800
global_step=3280, episodic_return=7.329
[VLM Debug] Reset Reward Calculated: 0.2756
[VLM Debug] Step 48 Reward: 0.2888
global_step=3328, episodic_return=8.038
[VLM Debug] Reset Reward Calculated: 0.2776
[VLM Debug] Step 16 Reward: 0.2937
[VLM Debug] Step 16 Reward: 0.2874
global_step=3356, episodic_return=5.375
[VLM Debug] Reset Reward Calculated: 0.2852
[VLM Debug] Step 64 Reward: 0.2830
global_step=3368, episodic_return=5.859
[VLM Debug] Reset Reward Calculated: 0.2761
[VLM Debug] Step 16 Reward: 0.2908
[VLM Debug] Step 16 Reward: 0.2942
global_step=3424, episodic_return=4.572
global_step=3424, episodic_return=6.490
[VLM Debug] Reset Reward Calculated: 0.2825
[VLM Debug] Reset Reward Calculated: 0.2773
[VLM Debug] Step 80 Reward: 0.2891
[VLM Debug] Step 16 Reward: 0.2739
[VLM Debug] Step 16 Reward: 0.2812
[VLM Debug] Step 16 Reward: 0.2893
[VLM Debug] Step 96 Reward: 0.2927
[VLM Debug] Step 32 Reward: 0.2874
global_step=3524, episodic_return=10.536
[VLM Debug] Reset Reward Calculated: 0.2847
global_step=3544, episodic_return=31.056
[VLM Debug] Reset Reward Calculated: 0.2808
[VLM Debug] Step 32 Reward: 0.2822
[VLM Debug] Step 32 Reward: 0.2864
SPS: 786
[VLM Debug] Step 16 Reward: 0.2842
global_step=3608, episodic_return=5.691
[VLM Debug] Reset Reward Calculated: 0.2771
[VLM Debug] Step 16 Reward: 0.2825
[VLM Debug] Step 48 Reward: 0.2888
[VLM Debug] Step 48 Reward: 0.2952
global_step=3636, episodic_return=14.847
[VLM Debug] Reset Reward Calculated: 0.2810
global_step=3664, episodic_return=16.719
[VLM Debug] Reset Reward Calculated: 0.2788
[VLM Debug] Step 16 Reward: 0.2825
[VLM Debug] Step 32 Reward: 0.2871
[VLM Debug] Step 16 Reward: 0.2871
global_step=3724, episodic_return=5.938
[VLM Debug] Reset Reward Calculated: 0.2759
[VLM Debug] Step 16 Reward: 0.2837
[VLM Debug] Step 32 Reward: 0.2825
[VLM Debug] Step 48 Reward: 0.2900
global_step=3772, episodic_return=15.935
[VLM Debug] Reset Reward Calculated: 0.2844
[VLM Debug] Step 16 Reward: 0.2849
[VLM Debug] Step 32 Reward: 0.2864
[VLM Debug] Step 48 Reward: 0.2849
global_step=3832, episodic_return=11.585
global_step=3832, episodic_return=7.272
[VLM Debug] Reset Reward Calculated: 0.2791
[VLM Debug] Reset Reward Calculated: 0.2854
[VLM Debug] Step 16 Reward: 0.2927
global_step=3860, episodic_return=6.023
[VLM Debug] Reset Reward Calculated: 0.2849
[VLM Debug] Step 64 Reward: 0.2815
[VLM Debug] Step 16 Reward: 0.2891
[VLM Debug] Step 16 Reward: 0.2913
global_step=3900, episodic_return=4.572
[VLM Debug] Reset Reward Calculated: 0.2800
global_step=3908, episodic_return=5.053
[VLM Debug] Reset Reward Calculated: 0.2795
[VLM Debug] Step 16 Reward: 0.2822
[VLM Debug] Step 80 Reward: 0.2786
[VLM Debug] Step 16 Reward: 0.2844
[VLM Debug] Step 16 Reward: 0.2661
global_step=3988, episodic_return=8.789
[VLM Debug] Reset Reward Calculated: 0.2800
[VLM Debug] Step 96 Reward: 0.2876
[VLM Debug] Step 32 Reward: 0.2896
[VLM Debug] Step 32 Reward: 0.2874
[VLM Debug] Step 16 Reward: 0.2800
[VLM Debug] Step 112 Reward: 0.2864
global_step=4064, episodic_return=31.889
[VLM Debug] Reset Reward Calculated: 0.2864
global_step=4076, episodic_return=12.226
[VLM Debug] Reset Reward Calculated: 0.2791
SPS: 808
[VLM Debug] Step 48 Reward: 0.2957
[VLM Debug] Step 32 Reward: 0.2791
[VLM Debug] Step 16 Reward: 0.2817
global_step=4132, episodic_return=15.414
[VLM Debug] Reset Reward Calculated: 0.2686
[VLM Debug] Step 16 Reward: 0.2881
[VLM Debug] Step 48 Reward: 0.2820
[VLM Debug] Step 32 Reward: 0.2937
global_step=4196, episodic_return=9.097
[VLM Debug] Reset Reward Calculated: 0.2773
[VLM Debug] Step 16 Reward: 0.2839
[VLM Debug] Step 32 Reward: 0.2839
global_step=4224, episodic_return=16.248
[VLM Debug] Reset Reward Calculated: 0.2791
global_step=4252, episodic_return=8.003
[VLM Debug] Reset Reward Calculated: 0.2820
[VLM Debug] Step 16 Reward: 0.2876
global_step=4268, episodic_return=13.338
[VLM Debug] Reset Reward Calculated: 0.2676
[VLM Debug] Step 16 Reward: 0.2866
global_step=4316, episodic_return=8.187
[VLM Debug] Reset Reward Calculated: 0.2820
[VLM Debug] Step 16 Reward: 0.2646
[VLM Debug] Step 16 Reward: 0.2849
[VLM Debug] Step 32 Reward: 0.2854
[VLM Debug] Step 16 Reward: 0.2793
[VLM Debug] Step 32 Reward: 0.2769
[VLM Debug] Step 32 Reward: 0.2922
global_step=4412, episodic_return=9.741
[VLM Debug] Reset Reward Calculated: 0.2825
[VLM Debug] Step 48 Reward: 0.2847
[VLM Debug] Step 32 Reward: 0.2791
[VLM Debug] Step 48 Reward: 0.2900
[VLM Debug] Step 16 Reward: 0.2915
[VLM Debug] Step 64 Reward: 0.2908
global_step=4496, episodic_return=19.056
[VLM Debug] Reset Reward Calculated: 0.2769
global_step=4504, episodic_return=6.278
[VLM Debug] Reset Reward Calculated: 0.2847
[VLM Debug] Step 48 Reward: 0.2822
[VLM Debug] Step 64 Reward: 0.2930
global_step=4548, episodic_return=15.986
[VLM Debug] Reset Reward Calculated: 0.2842
[VLM Debug] Step 16 Reward: 0.2803
[VLM Debug] Step 16 Reward: 0.2837
[VLM Debug] Step 80 Reward: 0.2920
SPS: 831
[VLM Debug] Step 16 Reward: 0.2800
[VLM Debug] Step 32 Reward: 0.2793
[VLM Debug] Step 32 Reward: 0.2861
[VLM Debug] Step 96 Reward: 0.2944
[VLM Debug] Step 32 Reward: 0.2781
[VLM Debug] Step 48 Reward: 0.2812
[VLM Debug] Step 48 Reward: 0.2947
[VLM Debug] Step 112 Reward: 0.2876
global_step=4712, episodic_return=32.468
[VLM Debug] Reset Reward Calculated: 0.2751
global_step=4724, episodic_return=15.450
[VLM Debug] Reset Reward Calculated: 0.2847
[VLM Debug] Step 48 Reward: 0.2866
[VLM Debug] Step 64 Reward: 0.2952
[VLM Debug] Step 16 Reward: 0.2874
global_step=4788, episodic_return=16.632
[VLM Debug] Reset Reward Calculated: 0.2810
[VLM Debug] Step 16 Reward: 0.2864
global_step=4808, episodic_return=21.738
[VLM Debug] Reset Reward Calculated: 0.2776
global_step=4812, episodic_return=5.988
[VLM Debug] Reset Reward Calculated: 0.2761
global_step=4816, episodic_return=7.001
[VLM Debug] Reset Reward Calculated: 0.2751
[VLM Debug] Step 16 Reward: 0.2844
[VLM Debug] Step 16 Reward: 0.2917
[VLM Debug] Step 16 Reward: 0.2798
[VLM Debug] Step 16 Reward: 0.2930
global_step=4892, episodic_return=5.623
[VLM Debug] Reset Reward Calculated: 0.2776
[VLM Debug] Step 32 Reward: 0.2876
global_step=4928, episodic_return=7.643
[VLM Debug] Reset Reward Calculated: 0.2788
[VLM Debug] Step 32 Reward: 0.2878
[VLM Debug] Step 16 Reward: 0.2908
global_step=4968, episodic_return=12.505
[VLM Debug] Reset Reward Calculated: 0.2771
global_step=4980, episodic_return=5.908
[VLM Debug] Reset Reward Calculated: 0.2783
global_step=4988, episodic_return=12.073
[VLM Debug] Reset Reward Calculated: 0.2805
[VLM Debug] Step 16 Reward: 0.2812
[VLM Debug] Step 16 Reward: 0.2847
[VLM Debug] Step 16 Reward: 0.2896
[VLM Debug] Step 16 Reward: 0.2834
[VLM Debug] Step 32 Reward: 0.2832
global_step=5080, episodic_return=6.192
[VLM Debug] Reset Reward Calculated: 0.2822
global_step=5092, episodic_return=7.649
[VLM Debug] Reset Reward Calculated: 0.2837
[VLM Debug] Step 32 Reward: 0.2944
SPS: 847
[VLM Debug] Step 48 Reward: 0.2903
[VLM Debug] Step 16 Reward: 0.2771
[VLM Debug] Step 16 Reward: 0.2878
[VLM Debug] Step 48 Reward: 0.2957
[VLM Debug] Step 64 Reward: 0.2891
global_step=5196, episodic_return=7.134
[VLM Debug] Reset Reward Calculated: 0.2798
[VLM Debug] Step 32 Reward: 0.2913
[VLM Debug] Step 64 Reward: 0.2896
global_step=5248, episodic_return=11.580
[VLM Debug] Step 80 Reward: 0.2903
[VLM Debug] Reset Reward Calculated: 0.2788
global_step=5256, episodic_return=20.469
global_step=5256, episodic_return=23.063
[VLM Debug] Reset Reward Calculated: 0.2791
[VLM Debug] Reset Reward Calculated: 0.2864
[VLM Debug] Step 16 Reward: 0.2788
[VLM Debug] Step 16 Reward: 0.2922
[VLM Debug] Step 16 Reward: 0.2822
[VLM Debug] Step 16 Reward: 0.2817
global_step=5324, episodic_return=4.468
[VLM Debug] Reset Reward Calculated: 0.2747
[VLM Debug] Step 32 Reward: 0.2832
global_step=5340, episodic_return=6.228
[VLM Debug] Reset Reward Calculated: 0.2849
global_step=5352, episodic_return=6.550
[VLM Debug] Reset Reward Calculated: 0.2856
[VLM Debug] Step 16 Reward: 0.2893
[VLM Debug] Step 48 Reward: 0.2822
[VLM Debug] Step 16 Reward: 0.2876
global_step=5408, episodic_return=5.566
[VLM Debug] Reset Reward Calculated: 0.2791
[VLM Debug] Step 16 Reward: 0.2771
global_step=5432, episodic_return=16.293
[VLM Debug] Reset Reward Calculated: 0.2817
[VLM Debug] Step 32 Reward: 0.2849
[VLM Debug] Step 16 Reward: 0.2852
[VLM Debug] Step 32 Reward: 0.2783
[VLM Debug] Step 16 Reward: 0.2869
[VLM Debug] Step 48 Reward: 0.2910
global_step=5536, episodic_return=7.095
[VLM Debug] Step 32 Reward: 0.2925
[VLM Debug] Reset Reward Calculated: 0.2798
global_step=5544, episodic_return=9.333
[VLM Debug] Reset Reward Calculated: 0.2788
[VLM Debug] Step 48 Reward: 0.2849
[VLM Debug] Step 64 Reward: 0.3008
global_step=5600, episodic_return=18.391
[VLM Debug] Step 16 Reward: 0.2771
[VLM Debug] Reset Reward Calculated: 0.2793
[VLM Debug] Step 16 Reward: 0.2783
[VLM Debug] Step 64 Reward: 0.2932
global_step=5628, episodic_return=19.196
[VLM Debug] Reset Reward Calculated: 0.2776
SPS: 857
[VLM Debug] Step 32 Reward: 0.2825
[VLM Debug] Step 16 Reward: 0.2812
[VLM Debug] Step 32 Reward: 0.2874
[VLM Debug] Step 16 Reward: 0.2773
[VLM Debug] Step 48 Reward: 0.2842
[VLM Debug] Step 32 Reward: 0.2783
[VLM Debug] Step 48 Reward: 0.2810
[VLM Debug] Step 32 Reward: 0.2827
[VLM Debug] Step 64 Reward: 0.2800
[VLM Debug] Step 48 Reward: 0.2876
[VLM Debug] Step 64 Reward: 0.2878
[VLM Debug] Step 48 Reward: 0.2930
global_step=5832, episodic_return=20.032
[VLM Debug] Reset Reward Calculated: 0.2808
global_step=5852, episodic_return=15.469
[VLM Debug] Reset Reward Calculated: 0.2773
[VLM Debug] Step 80 Reward: 0.2888
[VLM Debug] Step 64 Reward: 0.2935
[VLM Debug] Step 16 Reward: 0.2815
global_step=5900, episodic_return=25.354
[VLM Debug] Reset Reward Calculated: 0.2791
global_step=5912, episodic_return=21.853
[VLM Debug] Reset Reward Calculated: 0.2808
[VLM Debug] Step 16 Reward: 0.2783
[VLM Debug] Step 32 Reward: 0.2827
[VLM Debug] Step 16 Reward: 0.2832
[VLM Debug] Step 16 Reward: 0.2800
[VLM Debug] Step 32 Reward: 0.2773
[VLM Debug] Step 48 Reward: 0.2954
[VLM Debug] Step 32 Reward: 0.2881
[VLM Debug] Step 32 Reward: 0.2822
[VLM Debug] Step 48 Reward: 0.2859
global_step=6088, episodic_return=12.079
[VLM Debug] Step 64 Reward: 0.2861
[VLM Debug] Reset Reward Calculated: 0.2837
[VLM Debug] Step 48 Reward: 0.2866
[VLM Debug] Step 64 Reward: 0.2896
global_step=6124, episodic_return=20.541
[VLM Debug] Reset Reward Calculated: 0.2788
global_step=6140, episodic_return=19.941
[VLM Debug] Reset Reward Calculated: 0.2646
SPS: 874
[VLM Debug] Step 16 Reward: 0.2844
[VLM Debug] Step 64 Reward: 0.2932
global_step=6160, episodic_return=18.206
[VLM Debug] Reset Reward Calculated: 0.2788
[VLM Debug] Step 16 Reward: 0.2778
[VLM Debug] Step 16 Reward: 0.2852
[VLM Debug] Step 32 Reward: 0.2913
[VLM Debug] Step 16 Reward: 0.2822
[VLM Debug] Step 32 Reward: 0.2893
[VLM Debug] Step 32 Reward: 0.2871
[VLM Debug] Step 48 Reward: 0.2896
[VLM Debug] Step 32 Reward: 0.2878
global_step=6300, episodic_return=12.099
[VLM Debug] Reset Reward Calculated: 0.2832
global_step=6304, episodic_return=15.204
[VLM Debug] Reset Reward Calculated: 0.2732
global_step=6316, episodic_return=11.978
[VLM Debug] Reset Reward Calculated: 0.2791
[VLM Debug] Step 48 Reward: 0.2932
[VLM Debug] Step 16 Reward: 0.2891
[VLM Debug] Step 16 Reward: 0.2839
global_step=6372, episodic_return=14.769
[VLM Debug] Reset Reward Calculated: 0.2864
[VLM Debug] Step 16 Reward: 0.2822
[VLM Debug] Step 32 Reward: 0.2932
[VLM Debug] Step 32 Reward: 0.2864
[VLM Debug] Step 16 Reward: 0.2876
[VLM Debug] Step 32 Reward: 0.2830
global_step=6488, episodic_return=13.271
[VLM Debug] Reset Reward Calculated: 0.2810
[VLM Debug] Step 48 Reward: 0.2908
[VLM Debug] Step 32 Reward: 0.2959
[VLM Debug] Step 48 Reward: 0.2910
global_step=6524, episodic_return=15.258
[VLM Debug] Reset Reward Calculated: 0.2812
global_step=6548, episodic_return=12.448
[VLM Debug] Reset Reward Calculated: 0.2847
global_step=6552, episodic_return=16.430
[VLM Debug] Step 16 Reward: 0.2849
[VLM Debug] Reset Reward Calculated: 0.2817
[VLM Debug] Step 16 Reward: 0.2812
[VLM Debug] Step 16 Reward: 0.2893
[VLM Debug] Step 32 Reward: 0.2986
[VLM Debug] Step 16 Reward: 0.2771
global_step=6620, episodic_return=9.072
[VLM Debug] Reset Reward Calculated: 0.2781
[VLM Debug] Step 32 Reward: 0.2869
SPS: 887
[VLM Debug] Step 32 Reward: 0.2856
[VLM Debug] Step 32 Reward: 0.2852
[VLM Debug] Step 16 Reward: 0.2820
[VLM Debug] Step 48 Reward: 0.2800
[VLM Debug] Step 48 Reward: 0.2903
[VLM Debug] Step 48 Reward: 0.2837
[VLM Debug] Step 32 Reward: 0.2893
global_step=6780, episodic_return=17.789
[VLM Debug] Reset Reward Calculated: 0.2859
global_step=6800, episodic_return=17.823
[VLM Debug] Reset Reward Calculated: 0.2815
[VLM Debug] Step 64 Reward: 0.2920
[VLM Debug] Step 48 Reward: 0.2891
[VLM Debug] Step 16 Reward: 0.2871
[VLM Debug] Step 16 Reward: 0.2837
[VLM Debug] Step 80 Reward: 0.2952
[VLM Debug] Step 64 Reward: 0.2920
global_step=6908, episodic_return=20.273
[VLM Debug] Reset Reward Calculated: 0.2793
[VLM Debug] Step 32 Reward: 0.2839
[VLM Debug] Step 32 Reward: 0.2908
[VLM Debug] Step 96 Reward: 0.2981
global_step=6956, episodic_return=28.646
[VLM Debug] Reset Reward Calculated: 0.2805
global_step=6968, episodic_return=11.669
global_step=6968, episodic_return=13.141
[VLM Debug] Reset Reward Calculated: 0.2864
[VLM Debug] Reset Reward Calculated: 0.2788
[VLM Debug] Step 16 Reward: 0.2820
[VLM Debug] Step 16 Reward: 0.2834
[VLM Debug] Step 16 Reward: 0.2820
[VLM Debug] Step 16 Reward: 0.2812
[VLM Debug] Step 32 Reward: 0.2869
[VLM Debug] Step 32 Reward: 0.2844
[VLM Debug] Step 32 Reward: 0.2825
[VLM Debug] Step 32 Reward: 0.2810
[VLM Debug] Step 48 Reward: 0.2920
[VLM Debug] Step 48 Reward: 0.2827
global_step=7160, episodic_return=17.671
[VLM Debug] Reset Reward Calculated: 0.2759
[VLM Debug] Step 48 Reward: 0.2947
[VLM Debug] Step 48 Reward: 0.2820
SPS: 899
global_step=7200, episodic_return=16.274
global_step=7200, episodic_return=16.969
[VLM Debug] Reset Reward Calculated: 0.2764
[VLM Debug] Reset Reward Calculated: 0.2759
[VLM Debug] Step 16 Reward: 0.2844
[VLM Debug] Step 64 Reward: 0.2922
[VLM Debug] Step 16 Reward: 0.2832
[VLM Debug] Step 16 Reward: 0.2869
[VLM Debug] Step 32 Reward: 0.2852
[VLM Debug] Step 80 Reward: 0.2947
global_step=7324, episodic_return=11.255
[VLM Debug] Reset Reward Calculated: 0.2798
[VLM Debug] Step 32 Reward: 0.2771
[VLM Debug] Step 32 Reward: 0.2881
global_step=7348, episodic_return=26.786
[VLM Debug] Reset Reward Calculated: 0.2788
[VLM Debug] Step 16 Reward: 0.2805
[VLM Debug] Step 48 Reward: 0.2830
[VLM Debug] Step 48 Reward: 0.2917
[VLM Debug] Step 16 Reward: 0.2778
global_step=7416, episodic_return=15.088
[VLM Debug] Reset Reward Calculated: 0.2795
[VLM Debug] Step 32 Reward: 0.2803
[VLM Debug] Step 64 Reward: 0.2849
[VLM Debug] Step 32 Reward: 0.2871
[VLM Debug] Step 16 Reward: 0.2842
global_step=7504, episodic_return=12.329
[VLM Debug] Reset Reward Calculated: 0.2791
global_step=7508, episodic_return=10.924
[VLM Debug] Reset Reward Calculated: 0.2781
[VLM Debug] Step 80 Reward: 0.2893
[VLM Debug] Step 32 Reward: 0.2812
[VLM Debug] Step 16 Reward: 0.2849
[VLM Debug] Step 16 Reward: 0.2812
[VLM Debug] Step 96 Reward: 0.2959
[VLM Debug] Step 48 Reward: 0.2800
[VLM Debug] Step 32 Reward: 0.2791
global_step=7636, episodic_return=30.672
[VLM Debug] Reset Reward Calculated: 0.2810
[VLM Debug] Step 32 Reward: 0.2800
[VLM Debug] Step 64 Reward: 0.2883
SPS: 913
[VLM Debug] Step 48 Reward: 0.2920
[VLM Debug] Step 16 Reward: 0.2815
[VLM Debug] Step 48 Reward: 0.2920
global_step=7724, episodic_return=15.253
[VLM Debug] Reset Reward Calculated: 0.2888
global_step=7732, episodic_return=15.488
[VLM Debug] Reset Reward Calculated: 0.2847
[VLM Debug] Step 80 Reward: 0.2932
[VLM Debug] Step 32 Reward: 0.2903
global_step=7772, episodic_return=24.973
[VLM Debug] Reset Reward Calculated: 0.2815
global_step=7780, episodic_return=9.880
[VLM Debug] Reset Reward Calculated: 0.2849
[VLM Debug] Step 16 Reward: 0.2883
[VLM Debug] Step 16 Reward: 0.2903
[VLM Debug] Step 16 Reward: 0.2852
global_step=7844, episodic_return=7.753
[VLM Debug] Step 16 Reward: 0.2827
[VLM Debug] Reset Reward Calculated: 0.2864
[VLM Debug] Step 32 Reward: 0.2917
global_step=7868, episodic_return=10.113
[VLM Debug] Reset Reward Calculated: 0.2820
[VLM Debug] Step 32 Reward: 0.2720
[VLM Debug] Step 32 Reward: 0.2812
[VLM Debug] Step 16 Reward: 0.2932
[VLM Debug] Step 16 Reward: 0.2788
[VLM Debug] Step 48 Reward: 0.2776
[VLM Debug] Step 48 Reward: 0.2822
[VLM Debug] Step 32 Reward: 0.2871
[VLM Debug] Step 32 Reward: 0.2937
global_step=8024, episodic_return=10.747
[VLM Debug] Reset Reward Calculated: 0.2788
[VLM Debug] Step 64 Reward: 0.2854
[VLM Debug] Step 64 Reward: 0.2871
[VLM Debug] Step 48 Reward: 0.2930
[VLM Debug] Step 16 Reward: 0.2842
[VLM Debug] Step 80 Reward: 0.2937
[VLM Debug] Step 80 Reward: 0.2842
[VLM Debug] Step 64 Reward: 0.2913
[VLM Debug] Step 32 Reward: 0.2849
[VLM Debug] Step 96 Reward: 0.2925
[VLM Debug] Step 96 Reward: 0.2954
[VLM Debug] Step 80 Reward: 0.2878
SPS: 914
global_step=8200, episodic_return=25.519
[VLM Debug] Reset Reward Calculated: 0.2798
[VLM Debug] Step 48 Reward: 0.2844
[VLM Debug] Step 112 Reward: 0.2781
[VLM Debug] Step 112 Reward: 0.2944
global_step=8252, episodic_return=15.847
[VLM Debug] Reset Reward Calculated: 0.2864
[VLM Debug] Step 16 Reward: 0.2839
[VLM Debug] Step 128 Reward: 0.2927
[VLM Debug] Step 128 Reward: 0.2869
[VLM Debug] Step 16 Reward: 0.2893
[VLM Debug] Step 32 Reward: 0.2727
global_step=8332, episodic_return=39.260
--> New best model saved with return: 39.26
[VLM Debug] Reset Reward Calculated: 0.2805
[VLM Debug] Step 144 Reward: 0.2859
global_step=8376, episodic_return=8.635
[VLM Debug] Reset Reward Calculated: 0.2810
[VLM Debug] Step 48 Reward: 0.2944
[VLM Debug] Step 16 Reward: 0.2856
[VLM Debug] Step 160 Reward: 0.2874
global_step=8432, episodic_return=6.779
[VLM Debug] Reset Reward Calculated: 0.2837
[VLM Debug] Step 16 Reward: 0.2844
[VLM Debug] Step 64 Reward: 0.2908
[VLM Debug] Step 176 Reward: 0.2900
[VLM Debug] Step 16 Reward: 0.2800
[VLM Debug] Step 32 Reward: 0.2839
[VLM Debug] Step 80 Reward: 0.2864
[VLM Debug] Step 192 Reward: 0.2949
[VLM Debug] Step 32 Reward: 0.2910
[VLM Debug] Step 48 Reward: 0.2800
[VLM Debug] Step 96 Reward: 0.2915
global_step=8596, episodic_return=11.355
[VLM Debug] Reset Reward Calculated: 0.2827
[VLM Debug] Step 208 Reward: 0.3003
global_step=8608, episodic_return=28.797
[VLM Debug] Reset Reward Calculated: 0.2847
global_step=8624, episodic_return=60.689
--> New best model saved with return: 60.69
[VLM Debug] Reset Reward Calculated: 0.2791
[VLM Debug] Step 64 Reward: 0.2930
[VLM Debug] Step 16 Reward: 0.2847
[VLM Debug] Step 16 Reward: 0.2820
[VLM Debug] Step 16 Reward: 0.2839
global_step=8692, episodic_return=6.518
[VLM Debug] Reset Reward Calculated: 0.2830
[VLM Debug] Step 80 Reward: 0.2935
SPS: 918
[VLM Debug] Step 32 Reward: 0.2756
[VLM Debug] Step 32 Reward: 0.2905
[VLM Debug] Step 16 Reward: 0.2805
[VLM Debug] Step 96 Reward: 0.2952
global_step=8792, episodic_return=29.533
[VLM Debug] Reset Reward Calculated: 0.2849
[VLM Debug] Step 48 Reward: 0.2832
[VLM Debug] Step 48 Reward: 0.2905
[VLM Debug] Step 32 Reward: 0.2859
[VLM Debug] Step 16 Reward: 0.2864
[VLM Debug] Step 64 Reward: 0.2800
[VLM Debug] Step 64 Reward: 0.2844
[VLM Debug] Step 48 Reward: 0.2820
[VLM Debug] Step 32 Reward: 0.2830
[VLM Debug] Step 80 Reward: 0.2891
[VLM Debug] Step 80 Reward: 0.2898
[VLM Debug] Step 64 Reward: 0.2927
global_step=8972, episodic_return=19.575
[VLM Debug] Reset Reward Calculated: 0.2810
global_step=8976, episodic_return=24.895
[VLM Debug] Reset Reward Calculated: 0.2781
[VLM Debug] Step 48 Reward: 0.2856
[VLM Debug] Step 96 Reward: 0.2939
global_step=9028, episodic_return=29.474
[VLM Debug] Reset Reward Calculated: 0.2800
[VLM Debug] Step 16 Reward: 0.2922
[VLM Debug] Step 16 Reward: 0.2832
[VLM Debug] Step 64 Reward: 0.2925
global_step=9068, episodic_return=6.553
[VLM Debug] Reset Reward Calculated: 0.2874
[VLM Debug] Step 16 Reward: 0.2754
[VLM Debug] Step 32 Reward: 0.2939
global_step=9112, episodic_return=22.633
[VLM Debug] Reset Reward Calculated: 0.2822
global_step=9132, episodic_return=10.760
[VLM Debug] Step 16 Reward: 0.2893
[VLM Debug] Reset Reward Calculated: 0.2817
[VLM Debug] Step 32 Reward: 0.2795
[VLM Debug] Step 16 Reward: 0.2808
[VLM Debug] Step 32 Reward: 0.2947
[VLM Debug] Step 16 Reward: 0.2805
global_step=9204, episodic_return=9.529
[VLM Debug] Reset Reward Calculated: 0.2744
SPS: 917
[VLM Debug] Step 48 Reward: 0.2883
[VLM Debug] Step 32 Reward: 0.2903
[VLM Debug] Step 32 Reward: 0.2747
[VLM Debug] Step 16 Reward: 0.2793
[VLM Debug] Step 64 Reward: 0.2927
[VLM Debug] Step 48 Reward: 0.2913
[VLM Debug] Step 48 Reward: 0.2817
[VLM Debug] Step 32 Reward: 0.2847
[VLM Debug] Step 80 Reward: 0.2927
global_step=9360, episodic_return=17.448
[VLM Debug] Reset Reward Calculated: 0.2788
[VLM Debug] Step 64 Reward: 0.2903
[VLM Debug] Step 48 Reward: 0.2957
global_step=9400, episodic_return=13.435
[VLM Debug] Reset Reward Calculated: 0.2817
[VLM Debug] Step 96 Reward: 0.2817
[VLM Debug] Step 16 Reward: 0.2812
[VLM Debug] Step 80 Reward: 0.2859
[VLM Debug] Step 16 Reward: 0.2891
[VLM Debug] Step 112 Reward: 0.2874
[VLM Debug] Step 32 Reward: 0.2847
[VLM Debug] Step 96 Reward: 0.2856
[VLM Debug] Step 32 Reward: 0.2883
[VLM Debug] Step 128 Reward: 0.2710
[VLM Debug] Step 48 Reward: 0.2820
[VLM Debug] Step 112 Reward: 0.2917
[VLM Debug] Step 48 Reward: 0.2876
[VLM Debug] Step 144 Reward: 0.2903
[VLM Debug] Step 64 Reward: 0.2913
global_step=9628, episodic_return=34.907
[VLM Debug] Reset Reward Calculated: 0.2839
global_step=9644, episodic_return=19.787
[VLM Debug] Reset Reward Calculated: 0.2795
[VLM Debug] Step 64 Reward: 0.2935
[VLM Debug] Step 160 Reward: 0.2856
[VLM Debug] Step 16 Reward: 0.2776
[VLM Debug] Step 16 Reward: 0.2793
global_step=9716, episodic_return=48.573
[VLM Debug] Reset Reward Calculated: 0.2800
[VLM Debug] Step 80 Reward: 0.2925
SPS: 926
global_step=9740, episodic_return=24.224
[VLM Debug] Reset Reward Calculated: 0.2659
[VLM Debug] Step 32 Reward: 0.2798
[VLM Debug] Step 32 Reward: 0.2822
[VLM Debug] Step 16 Reward: 0.2749
[VLM Debug] Step 16 Reward: 0.2747
[VLM Debug] Step 48 Reward: 0.2791
[VLM Debug] Step 48 Reward: 0.2927
[VLM Debug] Step 32 Reward: 0.2930
global_step=9856, episodic_return=9.478
[VLM Debug] Reset Reward Calculated: 0.2820
[VLM Debug] Step 32 Reward: 0.2817
[VLM Debug] Step 64 Reward: 0.2854
[VLM Debug] Step 64 Reward: 0.2900
global_step=9908, episodic_return=18.441
[VLM Debug] Reset Reward Calculated: 0.2756
[VLM Debug] Step 16 Reward: 0.2812
[VLM Debug] Step 48 Reward: 0.2859
[VLM Debug] Step 80 Reward: 0.2834
[VLM Debug] Step 16 Reward: 0.2778
[VLM Debug] Step 32 Reward: 0.2913
[VLM Debug] Step 64 Reward: 0.2883
[VLM Debug] Step 96 Reward: 0.2944
[VLM Debug] Step 32 Reward: 0.2905
[VLM Debug] Step 48 Reward: 0.2942
[VLM Debug] Step 80 Reward: 0.2788
[VLM Debug] Step 112 Reward: 0.2981
[VLM Debug] Step 48 Reward: 0.2869
[VLM Debug] Step 64 Reward: 0.2981
[VLM Debug] Step 96 Reward: 0.2839
[VLM Debug] Step 128 Reward: 0.2886
global_step=10156, episodic_return=17.244
[VLM Debug] Reset Reward Calculated: 0.2849
[VLM Debug] Step 80 Reward: 0.2932
[VLM Debug] Step 112 Reward: 0.2871
[VLM Debug] Step 144 Reward: 0.2891
[VLM Debug] Step 16 Reward: 0.2881
SPS: 935
[VLM Debug] Step 96 Reward: 0.2944
[VLM Debug] Step 128 Reward: 0.2905
[VLM Debug] Step 160 Reward: 0.2981
[VLM Debug] Step 32 Reward: 0.2891
[VLM Debug] Step 112 Reward: 0.2998
[VLM Debug] Step 144 Reward: 0.2874
[VLM Debug] Step 176 Reward: 0.2856
global_step=10336, episodic_return=34.667
[VLM Debug] Reset Reward Calculated: 0.2830
[VLM Debug] Step 48 Reward: 0.2871
global_step=10364, episodic_return=52.521
[VLM Debug] Reset Reward Calculated: 0.2791
global_step=10376, episodic_return=44.634
[VLM Debug] Reset Reward Calculated: 0.2847
[VLM Debug] Step 16 Reward: 0.2871
[VLM Debug] Step 64 Reward: 0.2739
[VLM Debug] Step 16 Reward: 0.2776
[VLM Debug] Step 16 Reward: 0.2864
[VLM Debug] Step 32 Reward: 0.2795
[VLM Debug] Step 80 Reward: 0.2874
[VLM Debug] Step 32 Reward: 0.2839
[VLM Debug] Step 32 Reward: 0.2820
[VLM Debug] Step 48 Reward: 0.2844
[VLM Debug] Step 96 Reward: 0.2769
[VLM Debug] Step 48 Reward: 0.2786
[VLM Debug] Step 48 Reward: 0.2905
[VLM Debug] Step 64 Reward: 0.2927
[VLM Debug] Step 112 Reward: 0.2878
[VLM Debug] Step 64 Reward: 0.2947
[VLM Debug] Step 64 Reward: 0.2952
[VLM Debug] Step 80 Reward: 0.2834
global_step=10664, episodic_return=20.869
[VLM Debug] Reset Reward Calculated: 0.2847
[VLM Debug] Step 128 Reward: 0.2903
[VLM Debug] Step 80 Reward: 0.2842
[VLM Debug] Step 96 Reward: 0.2861
[VLM Debug] Step 16 Reward: 0.2847
[VLM Debug] Step 144 Reward: 0.2974
SPS: 942
[VLM Debug] Step 96 Reward: 0.2893
[VLM Debug] Step 112 Reward: 0.2854
[VLM Debug] Step 32 Reward: 0.2876
[VLM Debug] Step 160 Reward: 0.2849
[VLM Debug] Step 112 Reward: 0.2964
global_step=10828, episodic_return=32.207
[VLM Debug] Reset Reward Calculated: 0.2778
[VLM Debug] Step 128 Reward: 0.2805
[VLM Debug] Step 48 Reward: 0.2964
[VLM Debug] Step 176 Reward: 0.2837
[VLM Debug] Step 16 Reward: 0.2817
global_step=10900, episodic_return=52.915
[VLM Debug] Reset Reward Calculated: 0.2734
[VLM Debug] Step 144 Reward: 0.2915
[VLM Debug] Step 64 Reward: 0.2944
global_step=10928, episodic_return=18.757
[VLM Debug] Reset Reward Calculated: 0.2732
global_step=10952, episodic_return=43.628
[VLM Debug] Reset Reward Calculated: 0.2756
[VLM Debug] Step 32 Reward: 0.2764
[VLM Debug] Step 16 Reward: 0.2842
[VLM Debug] Step 16 Reward: 0.2737
[VLM Debug] Step 16 Reward: 0.2795
[VLM Debug] Step 48 Reward: 0.2932
[VLM Debug] Step 32 Reward: 0.2898
[VLM Debug] Step 32 Reward: 0.2661
global_step=11064, episodic_return=16.323
[VLM Debug] Reset Reward Calculated: 0.2820
[VLM Debug] Step 32 Reward: 0.2878
[VLM Debug] Step 48 Reward: 0.2937
[VLM Debug] Step 48 Reward: 0.2754
[VLM Debug] Step 16 Reward: 0.2793
[VLM Debug] Step 48 Reward: 0.2827
[VLM Debug] Step 64 Reward: 0.2888
[VLM Debug] Step 64 Reward: 0.2830
[VLM Debug] Step 32 Reward: 0.2922
[VLM Debug] Step 64 Reward: 0.2798
[VLM Debug] Step 80 Reward: 0.2957
[VLM Debug] Step 80 Reward: 0.2854
[VLM Debug] Step 48 Reward: 0.2922
SPS: 949
[VLM Debug] Step 80 Reward: 0.2957
[VLM Debug] Step 96 Reward: 0.2949
[VLM Debug] Step 96 Reward: 0.2939
[VLM Debug] Step 64 Reward: 0.2966
[VLM Debug] Step 96 Reward: 0.2815
[VLM Debug] Step 112 Reward: 0.2847
global_step=11364, episodic_return=33.193
[VLM Debug] Reset Reward Calculated: 0.2812
[VLM Debug] Step 112 Reward: 0.2942
[VLM Debug] Step 80 Reward: 0.2908
global_step=11388, episodic_return=23.087
[VLM Debug] Reset Reward Calculated: 0.2793
[VLM Debug] Step 112 Reward: 0.2942
[VLM Debug] Step 16 Reward: 0.2798
global_step=11440, episodic_return=34.389
[VLM Debug] Step 128 Reward: 0.2856
[VLM Debug] Reset Reward Calculated: 0.2776
[VLM Debug] Step 16 Reward: 0.2751
[VLM Debug] Step 32 Reward: 0.2905
[VLM Debug] Step 144 Reward: 0.2791
[VLM Debug] Step 16 Reward: 0.2800
[VLM Debug] Step 32 Reward: 0.2749
[VLM Debug] Step 48 Reward: 0.2917
[VLM Debug] Step 160 Reward: 0.2861
[VLM Debug] Step 32 Reward: 0.2852
[VLM Debug] Step 48 Reward: 0.2837
[VLM Debug] Step 64 Reward: 0.2957
global_step=11624, episodic_return=48.686
[VLM Debug] Reset Reward Calculated: 0.2810
[VLM Debug] Step 48 Reward: 0.2957
[VLM Debug] Step 64 Reward: 0.2854
[VLM Debug] Step 80 Reward: 0.2891
[VLM Debug] Step 16 Reward: 0.2874
[VLM Debug] Step 64 Reward: 0.2847
[VLM Debug] Step 80 Reward: 0.2693
[VLM Debug] Step 96 Reward: 0.2979
global_step=11752, episodic_return=27.665
[VLM Debug] Reset Reward Calculated: 0.2798
[VLM Debug] Step 32 Reward: 0.2920
[VLM Debug] Step 80 Reward: 0.2927
[VLM Debug] Step 96 Reward: 0.2957
SPS: 955
[VLM Debug] Step 16 Reward: 0.2769
[VLM Debug] Step 48 Reward: 0.2925
[VLM Debug] Step 96 Reward: 0.2949
[VLM Debug] Step 112 Reward: 0.2820
global_step=11856, episodic_return=29.535
[VLM Debug] Reset Reward Calculated: 0.2839
[VLM Debug] Step 32 Reward: 0.2878
[VLM Debug] Step 64 Reward: 0.2964
[VLM Debug] Step 128 Reward: 0.2869
[VLM Debug] Step 16 Reward: 0.2842
global_step=11940, episodic_return=22.610
[VLM Debug] Reset Reward Calculated: 0.2856
[VLM Debug] Step 48 Reward: 0.2893
[VLM Debug] Step 144 Reward: 0.2905
[VLM Debug] Step 32 Reward: 0.2891
global_step=11996, episodic_return=42.561
[VLM Debug] Reset Reward Calculated: 0.2793
[VLM Debug] Step 16 Reward: 0.2830
[VLM Debug] Step 64 Reward: 0.2878
[VLM Debug] Step 48 Reward: 0.2891
[VLM Debug] Step 16 Reward: 0.2771
[VLM Debug] Step 32 Reward: 0.2751
[VLM Debug] Step 80 Reward: 0.2888
[VLM Debug] Step 64 Reward: 0.2942
[VLM Debug] Step 32 Reward: 0.2842
[VLM Debug] Step 48 Reward: 0.2920
[VLM Debug] Step 96 Reward: 0.2927
[VLM Debug] Step 80 Reward: 0.2913
[VLM Debug] Step 48 Reward: 0.2847
[VLM Debug] Step 64 Reward: 0.2908
[VLM Debug] Step 112 Reward: 0.2883
global_step=12212, episodic_return=25.384
[VLM Debug] Reset Reward Calculated: 0.2788
[VLM Debug] Step 64 Reward: 0.2805
[VLM Debug] Step 80 Reward: 0.2881
[VLM Debug] Step 128 Reward: 0.2856
[VLM Debug] Step 16 Reward: 0.2773
SPS: 953
[VLM Debug] Step 80 Reward: 0.2913
[VLM Debug] Step 96 Reward: 0.2834
[VLM Debug] Step 144 Reward: 0.2961
[VLM Debug] Step 32 Reward: 0.2844
global_step=12372, episodic_return=44.212
[VLM Debug] Reset Reward Calculated: 0.2773
[VLM Debug] Step 96 Reward: 0.2898
[VLM Debug] Step 112 Reward: 0.2864
[VLM Debug] Step 48 Reward: 0.2791
[VLM Debug] Step 16 Reward: 0.2734
[VLM Debug] Step 112 Reward: 0.2812
[VLM Debug] Step 128 Reward: 0.2634
[VLM Debug] Step 64 Reward: 0.2891
[VLM Debug] Step 32 Reward: 0.2751
[VLM Debug] Step 128 Reward: 0.2920
[VLM Debug] Step 144 Reward: 0.2324
global_step=12524, episodic_return=40.945
[VLM Debug] Reset Reward Calculated: 0.2825
[VLM Debug] Step 80 Reward: 0.2927
[VLM Debug] Step 48 Reward: 0.2720
[VLM Debug] Step 144 Reward: 0.2976
[VLM Debug] Step 16 Reward: 0.2825
[VLM Debug] Step 96 Reward: 0.2834
[VLM Debug] Step 64 Reward: 0.2871
[VLM Debug] Step 160 Reward: 0.2930
[VLM Debug] Step 32 Reward: 0.2798
[VLM Debug] Step 112 Reward: 0.2791
[VLM Debug] Step 80 Reward: 0.2925
[VLM Debug] Step 176 Reward: 0.2932
[VLM Debug] Step 48 Reward: 0.2844
[VLM Debug] Step 128 Reward: 0.2898
[VLM Debug] Step 96 Reward: 0.2849
[VLM Debug] Step 192 Reward: 0.2834
[VLM Debug] Step 64 Reward: 0.2869
[VLM Debug] Step 144 Reward: 0.2893
SPS: 943
[VLM Debug] Step 112 Reward: 0.2844
[VLM Debug] Step 208 Reward: 0.2820
[VLM Debug] Step 80 Reward: 0.2964
[VLM Debug] Step 160 Reward: 0.2888
[VLM Debug] Step 128 Reward: 0.2961
global_step=12888, episodic_return=47.809
[VLM Debug] Reset Reward Calculated: 0.2773
[VLM Debug] Step 224 Reward: 0.2922
[VLM Debug] Step 96 Reward: 0.2993
[VLM Debug] Step 144 Reward: 0.2949
[VLM Debug] Step 16 Reward: 0.2830
[VLM Debug] Step 240 Reward: 0.2847
[VLM Debug] Step 112 Reward: 0.2954
global_step=12988, episodic_return=43.359
[VLM Debug] Reset Reward Calculated: 0.2856
[VLM Debug] Step 32 Reward: 0.2739
[VLM Debug] Step 256 Reward: 0.2944
[VLM Debug] Step 128 Reward: 0.2869
[VLM Debug] Step 16 Reward: 0.2815
[VLM Debug] Step 48 Reward: 0.2910
[VLM Debug] Step 272 Reward: 0.2998
[VLM Debug] Step 144 Reward: 0.2805
[VLM Debug] Step 32 Reward: 0.2888
global_step=13144, episodic_return=44.307
[VLM Debug] Reset Reward Calculated: 0.2791
[VLM Debug] Step 64 Reward: 0.2891
[VLM Debug] Step 288 Reward: 0.2915
[VLM Debug] Step 48 Reward: 0.2922
[VLM Debug] Step 16 Reward: 0.2832
[VLM Debug] Step 80 Reward: 0.2876
[VLM Debug] Step 304 Reward: 0.2886
global_step=13232, episodic_return=88.714
--> New best model saved with return: 88.71
[VLM Debug] Reset Reward Calculated: 0.2830
[VLM Debug] Step 64 Reward: 0.2893
[VLM Debug] Step 32 Reward: 0.2786
[VLM Debug] Step 96 Reward: 0.2874
[VLM Debug] Step 16 Reward: 0.2788
[VLM Debug] Step 80 Reward: 0.2927
SPS: 938
[VLM Debug] Step 48 Reward: 0.2869
[VLM Debug] Step 112 Reward: 0.2837
[VLM Debug] Step 32 Reward: 0.2881
[VLM Debug] Step 96 Reward: 0.2883
[VLM Debug] Step 64 Reward: 0.2878
[VLM Debug] Step 128 Reward: 0.2854
[VLM Debug] Step 48 Reward: 0.2925
[VLM Debug] Step 112 Reward: 0.2866
global_step=13452, episodic_return=39.800
[VLM Debug] Reset Reward Calculated: 0.2800
global_step=13464, episodic_return=34.018
[VLM Debug] Reset Reward Calculated: 0.2783
[VLM Debug] Step 80 Reward: 0.2708
[VLM Debug] Step 64 Reward: 0.2935
[VLM Debug] Step 16 Reward: 0.2847
[VLM Debug] Step 16 Reward: 0.2793
[VLM Debug] Step 96 Reward: 0.2812
[VLM Debug] Step 80 Reward: 0.2900
[VLM Debug] Step 32 Reward: 0.2913
[VLM Debug] Step 32 Reward: 0.2822
[VLM Debug] Step 112 Reward: 0.2854
[VLM Debug] Step 96 Reward: 0.2954
[VLM Debug] Step 48 Reward: 0.2905
[VLM Debug] Step 48 Reward: 0.2854
[VLM Debug] Step 128 Reward: 0.2861
global_step=13668, episodic_return=36.626
[VLM Debug] Reset Reward Calculated: 0.2754
[VLM Debug] Step 112 Reward: 0.2896
[VLM Debug] Step 64 Reward: 0.2920
[VLM Debug] Step 64 Reward: 0.2930
[VLM Debug] Step 16 Reward: 0.2791
[VLM Debug] Step 128 Reward: 0.2925
global_step=13752, episodic_return=37.275
[VLM Debug] Reset Reward Calculated: 0.2788
[VLM Debug] Step 80 Reward: 0.2805
[VLM Debug] Step 80 Reward: 0.2761
[VLM Debug] Step 32 Reward: 0.2842
[VLM Debug] Step 16 Reward: 0.2847
SPS: 936
[VLM Debug] Step 96 Reward: 0.2927
[VLM Debug] Step 96 Reward: 0.2588
[VLM Debug] Step 48 Reward: 0.2781
[VLM Debug] Step 32 Reward: 0.2820
[VLM Debug] Step 112 Reward: 0.2888
global_step=13908, episodic_return=32.485
[VLM Debug] Reset Reward Calculated: 0.2793
[VLM Debug] Step 112 Reward: 0.2861
[VLM Debug] Step 64 Reward: 0.2881
[VLM Debug] Step 48 Reward: 0.2793
[VLM Debug] Step 16 Reward: 0.2817
[VLM Debug] Step 128 Reward: 0.2815
[VLM Debug] Step 80 Reward: 0.2910
[VLM Debug] Step 64 Reward: 0.2859
[VLM Debug] Step 32 Reward: 0.2825
[VLM Debug] Step 144 Reward: 0.2891
[VLM Debug] Step 96 Reward: 0.2854
[VLM Debug] Step 80 Reward: 0.2888
global_step=14076, episodic_return=42.655
[VLM Debug] Reset Reward Calculated: 0.2808
[VLM Debug] Step 48 Reward: 0.2837
[VLM Debug] Step 112 Reward: 0.2893
[VLM Debug] Step 96 Reward: 0.2920
[VLM Debug] Step 16 Reward: 0.2744
[VLM Debug] Step 64 Reward: 0.2954
[VLM Debug] Step 128 Reward: 0.2949
[VLM Debug] Step 112 Reward: 0.2908
global_step=14204, episodic_return=37.822
[VLM Debug] Step 32 Reward: 0.2798
[VLM Debug] Reset Reward Calculated: 0.2791
[VLM Debug] Step 80 Reward: 0.2942
[VLM Debug] Step 128 Reward: 0.2900
[VLM Debug] Step 48 Reward: 0.2856
[VLM Debug] Step 16 Reward: 0.2852
[VLM Debug] Step 96 Reward: 0.2864
[VLM Debug] Step 144 Reward: 0.2930
[VLM Debug] Step 64 Reward: 0.2822
[VLM Debug] Step 32 Reward: 0.2837
SPS: 928
[VLM Debug] Step 112 Reward: 0.2756
[VLM Debug] Step 160 Reward: 0.2981
[VLM Debug] Step 80 Reward: 0.2859
[VLM Debug] Step 48 Reward: 0.2932
[VLM Debug] Step 128 Reward: 0.2874
global_step=14424, episodic_return=47.950
[VLM Debug] Reset Reward Calculated: 0.2864
[VLM Debug] Step 96 Reward: 0.3010
[VLM Debug] Step 64 Reward: 0.2922
[VLM Debug] Step 144 Reward: 0.2957
[VLM Debug] Step 16 Reward: 0.2812
[VLM Debug] Step 112 Reward: 0.2905
[VLM Debug] Step 80 Reward: 0.2881
[VLM Debug] Step 160 Reward: 0.2966
[VLM Debug] Step 32 Reward: 0.2888
[VLM Debug] Step 128 Reward: 0.2966
[VLM Debug] Step 96 Reward: 0.2883
global_step=14596, episodic_return=36.797
[VLM Debug] Reset Reward Calculated: 0.2795
global_step=14612, episodic_return=50.256
[VLM Debug] Reset Reward Calculated: 0.2778
[VLM Debug] Step 48 Reward: 0.2830
[VLM Debug] Step 112 Reward: 0.2974
[VLM Debug] Step 16 Reward: 0.2773
[VLM Debug] Step 16 Reward: 0.2798
global_step=14680, episodic_return=33.959
[VLM Debug] Step 64 Reward: 0.2993
[VLM Debug] Reset Reward Calculated: 0.2827
[VLM Debug] Step 32 Reward: 0.2761
[VLM Debug] Step 32 Reward: 0.2854
[VLM Debug] Step 80 Reward: 0.2915
[VLM Debug] Step 16 Reward: 0.2900
[VLM Debug] Step 48 Reward: 0.2908
[VLM Debug] Step 48 Reward: 0.2825
[VLM Debug] Step 96 Reward: 0.2966
[VLM Debug] Step 32 Reward: 0.2893
SPS: 918
[VLM Debug] Step 64 Reward: 0.2861
[VLM Debug] Step 64 Reward: 0.2932
[VLM Debug] Step 112 Reward: 0.2881
[VLM Debug] Step 48 Reward: 0.2925
[VLM Debug] Step 80 Reward: 0.2888
[VLM Debug] Step 80 Reward: 0.2983
[VLM Debug] Step 128 Reward: 0.2737
[VLM Debug] Step 64 Reward: 0.2815
[VLM Debug] Step 96 Reward: 0.2856
[VLM Debug] Step 96 Reward: 0.2878
[VLM Debug] Step 144 Reward: 0.2969
[VLM Debug] Step 80 Reward: 0.2893
[VLM Debug] Step 112 Reward: 0.2937
[VLM Debug] Step 112 Reward: 0.2930
[VLM Debug] Step 160 Reward: 0.2869
[VLM Debug] Step 96 Reward: 0.2725
global_step=15084, episodic_return=47.316
[VLM Debug] Reset Reward Calculated: 0.2800
[VLM Debug] Step 128 Reward: 0.2964
[VLM Debug] Step 128 Reward: 0.2966
global_step=15128, episodic_return=37.652
[VLM Debug] Reset Reward Calculated: 0.2888
[VLM Debug] Step 112 Reward: 0.2876
[VLM Debug] Step 16 Reward: 0.2761
[VLM Debug] Step 144 Reward: 0.2805
[VLM Debug] Step 16 Reward: 0.2793
[VLM Debug] Step 128 Reward: 0.2910
[VLM Debug] Step 32 Reward: 0.2761
global_step=15220, episodic_return=38.321
global_step=15220, episodic_return=43.478
[VLM Debug] Reset Reward Calculated: 0.2825
[VLM Debug] Reset Reward Calculated: 0.2798
[VLM Debug] Step 32 Reward: 0.2817
[VLM Debug] Step 48 Reward: 0.2820
[VLM Debug] Step 16 Reward: 0.2817
[VLM Debug] Step 16 Reward: 0.2922
[VLM Debug] Step 48 Reward: 0.2844
[VLM Debug] Step 64 Reward: 0.2856
[VLM Debug] Step 32 Reward: 0.2805
[VLM Debug] Step 32 Reward: 0.2881
SPS: 911
[VLM Debug] Step 64 Reward: 0.2854
global_step=15404, episodic_return=12.672
[VLM Debug] Step 80 Reward: 0.2869
[VLM Debug] Reset Reward Calculated: 0.2803
[VLM Debug] Step 48 Reward: 0.2998
[VLM Debug] Step 80 Reward: 0.2771
[VLM Debug] Step 96 Reward: 0.2915
[VLM Debug] Step 16 Reward: 0.2864
[VLM Debug] Step 64 Reward: 0.2910
[VLM Debug] Step 96 Reward: 0.2751
[VLM Debug] Step 112 Reward: 0.2954
[VLM Debug] Step 32 Reward: 0.2859
[VLM Debug] Step 80 Reward: 0.2969
global_step=15564, episodic_return=24.716
[VLM Debug] Reset Reward Calculated: 0.2847
[VLM Debug] Step 112 Reward: 0.2861
[VLM Debug] Step 128 Reward: 0.2786
[VLM Debug] Step 48 Reward: 0.2834
[VLM Debug] Step 16 Reward: 0.2861
[VLM Debug] Step 128 Reward: 0.2844
[VLM Debug] Step 144 Reward: 0.2920
[VLM Debug] Step 64 Reward: 0.2822
global_step=15680, episodic_return=42.016
[VLM Debug] Reset Reward Calculated: 0.2761
[VLM Debug] Step 32 Reward: 0.2876
[VLM Debug] Step 144 Reward: 0.2837
[VLM Debug] Step 80 Reward: 0.2878
[VLM Debug] Step 16 Reward: 0.2773
[VLM Debug] Step 48 Reward: 0.2915
[VLM Debug] Step 160 Reward: 0.2910
[VLM Debug] Step 96 Reward: 0.2920
[VLM Debug] Step 32 Reward: 0.2751
[VLM Debug] Step 64 Reward: 0.2861
[VLM Debug] Step 176 Reward: 0.2822
[VLM Debug] Step 112 Reward: 0.2930
SPS: 914
[VLM Debug] Step 48 Reward: 0.2886
[VLM Debug] Step 80 Reward: 0.2910
[VLM Debug] Step 192 Reward: 0.2915
[VLM Debug] Step 128 Reward: 0.2793
global_step=15920, episodic_return=25.311
[VLM Debug] Reset Reward Calculated: 0.2834
[VLM Debug] Step 64 Reward: 0.2903
[VLM Debug] Step 208 Reward: 0.2761
[VLM Debug] Step 144 Reward: 0.2959
[VLM Debug] Step 16 Reward: 0.2869
[VLM Debug] Step 80 Reward: 0.2935
[VLM Debug] Step 224 Reward: 0.2927
global_step=16044, episodic_return=25.471
[VLM Debug] Reset Reward Calculated: 0.2810
[VLM Debug] Step 160 Reward: 0.2917
[VLM Debug] Step 32 Reward: 0.2888
[VLM Debug] Step 240 Reward: 0.2952
[VLM Debug] Step 16 Reward: 0.2864
[VLM Debug] Step 176 Reward: 0.2871
[VLM Debug] Step 48 Reward: 0.2866
[VLM Debug] Step 256 Reward: 0.2869
[VLM Debug] Step 32 Reward: 0.2864
[VLM Debug] Step 192 Reward: 0.2930
[VLM Debug] Step 64 Reward: 0.2930
[VLM Debug] Step 272 Reward: 0.2986
[VLM Debug] Step 48 Reward: 0.2817
[VLM Debug] Step 208 Reward: 0.2878
[VLM Debug] Step 80 Reward: 0.2847
[VLM Debug] Step 288 Reward: 0.2888
[VLM Debug] Step 64 Reward: 0.2864
[VLM Debug] Step 224 Reward: 0.2888
[VLM Debug] Step 96 Reward: 0.2866
[VLM Debug] Step 304 Reward: 0.2856
[VLM Debug] Step 80 Reward: 0.2859
[VLM Debug] Step 240 Reward: 0.2869
[VLM Debug] Step 112 Reward: 0.2974
SPS: 910
[VLM Debug] Step 320 Reward: 0.2839
[VLM Debug] Step 96 Reward: 0.2869
[VLM Debug] Step 256 Reward: 0.2861
[VLM Debug] Step 128 Reward: 0.3015
[VLM Debug] Step 336 Reward: 0.2881
[VLM Debug] Step 112 Reward: 0.2903
[VLM Debug] Step 272 Reward: 0.2844
[VLM Debug] Step 144 Reward: 0.3018
[VLM Debug] Step 352 Reward: 0.2900
[VLM Debug] Step 128 Reward: 0.2881
[VLM Debug] Step 288 Reward: 0.2808
[VLM Debug] Step 160 Reward: 0.2983
[VLM Debug] Step 368 Reward: 0.2888
[VLM Debug] Step 144 Reward: 0.2795
[VLM Debug] Step 304 Reward: 0.2883
[VLM Debug] Step 176 Reward: 0.2969
[VLM Debug] Step 384 Reward: 0.2952
[VLM Debug] Step 160 Reward: 0.2861
[VLM Debug] Step 320 Reward: 0.2920
[VLM Debug] Step 192 Reward: 0.2808
[VLM Debug] Step 400 Reward: 0.2937
[VLM Debug] Step 176 Reward: 0.2883
[VLM Debug] Step 336 Reward: 0.2810
[VLM Debug] Step 208 Reward: 0.2949
[VLM Debug] Step 416 Reward: 0.2927
[VLM Debug] Step 192 Reward: 0.2905
[VLM Debug] Step 352 Reward: 0.2788
[VLM Debug] Step 224 Reward: 0.2930
[VLM Debug] Step 432 Reward: 0.2966
[VLM Debug] Step 208 Reward: 0.2676
[VLM Debug] Step 368 Reward: 0.2888
[VLM Debug] Step 240 Reward: 0.2903
SPS: 903
global_step=16904, episodic_return=61.073
[VLM Debug] Reset Reward Calculated: 0.2803
[VLM Debug] Step 448 Reward: 0.2888
[VLM Debug] Step 384 Reward: 0.2786
[VLM Debug] Step 256 Reward: 0.2905
[VLM Debug] Step 16 Reward: 0.2791
[VLM Debug] Step 464 Reward: 0.2969
[VLM Debug] Step 400 Reward: 0.2798
[VLM Debug] Step 272 Reward: 0.2976
[VLM Debug] Step 32 Reward: 0.2854
[VLM Debug] Step 480 Reward: 0.2708
[VLM Debug] Step 416 Reward: 0.2808
[VLM Debug] Step 288 Reward: 0.2886
[VLM Debug] Step 48 Reward: 0.2859
[VLM Debug] Step 496 Reward: 0.2937
global_step=17132, episodic_return=143.586
--> New best model saved with return: 143.59
[VLM Debug] Reset Reward Calculated: 0.2810
[VLM Debug] Step 432 Reward: 0.2849
[VLM Debug] Step 304 Reward: 0.2908
[VLM Debug] Step 64 Reward: 0.2927
global_step=17188, episodic_return=127.244
[VLM Debug] Reset Reward Calculated: 0.2832
[VLM Debug] Step 16 Reward: 0.2864
[VLM Debug] Step 320 Reward: 0.2761
[VLM Debug] Step 80 Reward: 0.2837
[VLM Debug] Step 16 Reward: 0.2891
[VLM Debug] Step 32 Reward: 0.2898
[VLM Debug] Step 336 Reward: 0.2905
[VLM Debug] Step 96 Reward: 0.2979
[VLM Debug] Step 32 Reward: 0.2791
[VLM Debug] Step 48 Reward: 0.2871
[VLM Debug] Step 352 Reward: 0.2888
[VLM Debug] Step 112 Reward: 0.2856
global_step=17368, episodic_return=32.940
[VLM Debug] Reset Reward Calculated: 0.2744
[VLM Debug] Step 48 Reward: 0.2849
[VLM Debug] Step 64 Reward: 0.2761
[VLM Debug] Step 368 Reward: 0.2854
SPS: 897
[VLM Debug] Step 16 Reward: 0.2788
[VLM Debug] Step 64 Reward: 0.2849
[VLM Debug] Step 80 Reward: 0.2871
[VLM Debug] Step 384 Reward: 0.2864
[VLM Debug] Step 32 Reward: 0.2815
[VLM Debug] Step 80 Reward: 0.2932
[VLM Debug] Step 96 Reward: 0.2783
[VLM Debug] Step 400 Reward: 0.2864
[VLM Debug] Step 48 Reward: 0.2805
[VLM Debug] Step 96 Reward: 0.2788
[VLM Debug] Step 112 Reward: 0.2859
[VLM Debug] Step 416 Reward: 0.2871
[VLM Debug] Step 64 Reward: 0.2827
[VLM Debug] Step 112 Reward: 0.2808
[VLM Debug] Step 128 Reward: 0.2810
[VLM Debug] Step 432 Reward: 0.2825
[VLM Debug] Step 80 Reward: 0.2844
[VLM Debug] Step 128 Reward: 0.2920
[VLM Debug] Step 144 Reward: 0.2861
[VLM Debug] Step 448 Reward: 0.2971
[VLM Debug] Step 96 Reward: 0.2852
[VLM Debug] Step 144 Reward: 0.2820
[VLM Debug] Step 160 Reward: 0.2959
[VLM Debug] Step 464 Reward: 0.2910
[VLM Debug] Step 112 Reward: 0.2900
[VLM Debug] Step 160 Reward: 0.2874
[VLM Debug] Step 176 Reward: 0.2935
[VLM Debug] Step 480 Reward: 0.2812
[VLM Debug] Step 128 Reward: 0.2949
[VLM Debug] Step 176 Reward: 0.2493
[VLM Debug] Step 192 Reward: 0.2876
[VLM Debug] Step 496 Reward: 0.2737
SPS: 897
global_step=17924, episodic_return=144.843
--> New best model saved with return: 144.84
[VLM Debug] Reset Reward Calculated: 0.2805
global_step=17936, episodic_return=52.623
[VLM Debug] Reset Reward Calculated: 0.2805
[VLM Debug] Step 144 Reward: 0.2825
global_step=17948, episodic_return=58.022
[VLM Debug] Reset Reward Calculated: 0.2737
[VLM Debug] Step 16 Reward: 0.2808
[VLM Debug] Step 16 Reward: 0.2888
[VLM Debug] Step 160 Reward: 0.2920
[VLM Debug] Step 16 Reward: 0.2751
[VLM Debug] Step 32 Reward: 0.2744
[VLM Debug] Step 32 Reward: 0.2849
[VLM Debug] Step 176 Reward: 0.2822
[VLM Debug] Step 32 Reward: 0.2791
[VLM Debug] Step 48 Reward: 0.2749
[VLM Debug] Step 48 Reward: 0.2917
[VLM Debug] Step 192 Reward: 0.2944
[VLM Debug] Step 48 Reward: 0.2793
[VLM Debug] Step 64 Reward: 0.2844
[VLM Debug] Step 64 Reward: 0.2927
[VLM Debug] Step 208 Reward: 0.2905
[VLM Debug] Step 64 Reward: 0.2891
[VLM Debug] Step 80 Reward: 0.2854
[VLM Debug] Step 80 Reward: 0.2786
[VLM Debug] Step 224 Reward: 0.2925
[VLM Debug] Step 80 Reward: 0.2844
[VLM Debug] Step 96 Reward: 0.2810
[VLM Debug] Step 96 Reward: 0.2849
[VLM Debug] Step 240 Reward: 0.2964
[VLM Debug] Step 96 Reward: 0.2817
[VLM Debug] Step 112 Reward: 0.2881
[VLM Debug] Step 112 Reward: 0.2671
[VLM Debug] Step 256 Reward: 0.2871
[VLM Debug] Step 112 Reward: 0.2898
SPS: 903
[VLM Debug] Step 128 Reward: 0.2869
[VLM Debug] Step 128 Reward: 0.2834
[VLM Debug] Step 272 Reward: 0.2844
[VLM Debug] Step 128 Reward: 0.2832
[VLM Debug] Step 144 Reward: 0.2832
[VLM Debug] Step 144 Reward: 0.2891
[VLM Debug] Step 288 Reward: 0.2893
[VLM Debug] Step 144 Reward: 0.2876
[VLM Debug] Step 160 Reward: 0.2859
[VLM Debug] Step 160 Reward: 0.2445
global_step=18580, episodic_return=45.433
[VLM Debug] Reset Reward Calculated: 0.2817
[VLM Debug] Step 304 Reward: 0.2820
[VLM Debug] Step 160 Reward: 0.2869
[VLM Debug] Step 176 Reward: 0.2886
[VLM Debug] Step 16 Reward: 0.2793
[VLM Debug] Step 320 Reward: 0.2896
[VLM Debug] Step 176 Reward: 0.2876
global_step=18656, episodic_return=91.918
[VLM Debug] Reset Reward Calculated: 0.2773
[VLM Debug] Step 192 Reward: 0.2891
[VLM Debug] Step 32 Reward: 0.2878
[VLM Debug] Step 192 Reward: 0.2844
[VLM Debug] Step 16 Reward: 0.2800
[VLM Debug] Step 208 Reward: 0.2898
[VLM Debug] Step 48 Reward: 0.2878
[VLM Debug] Step 208 Reward: 0.2883
[VLM Debug] Step 32 Reward: 0.2876
[VLM Debug] Step 224 Reward: 0.2788
[VLM Debug] Step 64 Reward: 0.2905
[VLM Debug] Step 224 Reward: 0.2979
[VLM Debug] Step 48 Reward: 0.2952
[VLM Debug] Step 240 Reward: 0.2903
[VLM Debug] Step 80 Reward: 0.2896
[VLM Debug] Step 240 Reward: 0.2847
[VLM Debug] Step 64 Reward: 0.2881
SPS: 902
[VLM Debug] Step 256 Reward: 0.2834
[VLM Debug] Step 96 Reward: 0.2834
[VLM Debug] Step 256 Reward: 0.2954
[VLM Debug] Step 80 Reward: 0.2756
[VLM Debug] Step 272 Reward: 0.2791
[VLM Debug] Step 112 Reward: 0.2915
[VLM Debug] Step 272 Reward: 0.2952
[VLM Debug] Step 96 Reward: 0.2800
global_step=19064, episodic_return=34.346
[VLM Debug] Reset Reward Calculated: 0.2864
[VLM Debug] Step 288 Reward: 0.2917
[VLM Debug] Step 288 Reward: 0.2903
[VLM Debug] Step 112 Reward: 0.2959
[VLM Debug] Step 16 Reward: 0.2781
[VLM Debug] Step 304 Reward: 0.2974
global_step=19164, episodic_return=35.903
[VLM Debug] Step 304 Reward: 0.2954
[VLM Debug] Reset Reward Calculated: 0.2798
[VLM Debug] Step 32 Reward: 0.2842
[VLM Debug] Step 320 Reward: 0.2830
[VLM Debug] Step 320 Reward: 0.2964
[VLM Debug] Step 16 Reward: 0.2827
[VLM Debug] Step 48 Reward: 0.2856
[VLM Debug] Step 336 Reward: 0.2939
[VLM Debug] Step 336 Reward: 0.2832
[VLM Debug] Step 32 Reward: 0.2854
[VLM Debug] Step 64 Reward: 0.2891
[VLM Debug] Step 352 Reward: 0.3010
[VLM Debug] Step 352 Reward: 0.2922
[VLM Debug] Step 48 Reward: 0.2886
[VLM Debug] Step 80 Reward: 0.2922
[VLM Debug] Step 368 Reward: 0.2927
[VLM Debug] Step 368 Reward: 0.2969
[VLM Debug] Step 64 Reward: 0.2893
global_step=19440, episodic_return=106.824
[VLM Debug] Reset Reward Calculated: 0.2830
[VLM Debug] Step 96 Reward: 0.2861
SPS: 907
[VLM Debug] Step 384 Reward: 0.2920
global_step=19476, episodic_return=110.716
[VLM Debug] Reset Reward Calculated: 0.2744
[VLM Debug] Step 80 Reward: 0.2949
[VLM Debug] Step 16 Reward: 0.2834
[VLM Debug] Step 112 Reward: 0.2888
[VLM Debug] Step 16 Reward: 0.2732
[VLM Debug] Step 96 Reward: 0.2771
[VLM Debug] Step 32 Reward: 0.2832
[VLM Debug] Step 128 Reward: 0.2886
[VLM Debug] Step 32 Reward: 0.2856
[VLM Debug] Step 112 Reward: 0.2954
[VLM Debug] Step 48 Reward: 0.2832
[VLM Debug] Step 144 Reward: 0.2942
[VLM Debug] Step 48 Reward: 0.2786
[VLM Debug] Step 128 Reward: 0.2935
[VLM Debug] Step 64 Reward: 0.2839
[VLM Debug] Step 160 Reward: 0.2939
[VLM Debug] Step 64 Reward: 0.2903
[VLM Debug] Step 144 Reward: 0.2478
[VLM Debug] Step 80 Reward: 0.2898
[VLM Debug] Step 176 Reward: 0.2793
global_step=19788, episodic_return=44.081
[VLM Debug] Reset Reward Calculated: 0.2791
[VLM Debug] Step 80 Reward: 0.2917
global_step=19808, episodic_return=53.182
[VLM Debug] Reset Reward Calculated: 0.2761
[VLM Debug] Step 96 Reward: 0.2898
[VLM Debug] Step 16 Reward: 0.2744
[VLM Debug] Step 96 Reward: 0.2859
[VLM Debug] Step 16 Reward: 0.2898
[VLM Debug] Step 112 Reward: 0.2854
[VLM Debug] Step 32 Reward: 0.2800
[VLM Debug] Step 112 Reward: 0.2854
[VLM Debug] Step 32 Reward: 0.2930
[VLM Debug] Step 128 Reward: 0.2925
global_step=19968, episodic_return=34.541
SPS: 912
[VLM Debug] Reset Reward Calculated: 0.2791
[VLM Debug] Step 48 Reward: 0.2866
[VLM Debug] Step 48 Reward: 0.2913
[VLM Debug] Step 144 Reward: 0.2817
[VLM Debug] Step 16 Reward: 0.2898
[VLM Debug] Step 64 Reward: 0.2979
[VLM Debug] Step 64 Reward: 0.2905
[VLM Debug] Step 160 Reward: 0.2463
[VLM Debug] Step 32 Reward: 0.2842
[VLM Debug] Step 80 Reward: 0.2932
global_step=20124, episodic_return=48.122
[VLM Debug] Reset Reward Calculated: 0.2793
[VLM Debug] Step 80 Reward: 0.2908
[VLM Debug] Step 48 Reward: 0.2942
[VLM Debug] Step 96 Reward: 0.2864
[VLM Debug] Step 16 Reward: 0.2793
[VLM Debug] Step 96 Reward: 0.2888
[VLM Debug] Step 64 Reward: 0.2827
[VLM Debug] Step 112 Reward: 0.2937
global_step=20244, episodic_return=31.182
[VLM Debug] Reset Reward Calculated: 0.2776
[VLM Debug] Step 32 Reward: 0.2810
[VLM Debug] Step 80 Reward: 0.2930
[VLM Debug] Step 128 Reward: 0.2876
[VLM Debug] Step 16 Reward: 0.2820
[VLM Debug] Step 48 Reward: 0.2864
[VLM Debug] Step 96 Reward: 0.2949
[VLM Debug] Step 144 Reward: 0.2969
[VLM Debug] Step 32 Reward: 0.2822
[VLM Debug] Step 64 Reward: 0.2959
[VLM Debug] Step 112 Reward: 0.2849
[VLM Debug] Step 160 Reward: 0.2991
[VLM Debug] Step 48 Reward: 0.2822
[VLM Debug] Step 80 Reward: 0.2969
global_step=20456, episodic_return=34.855
[VLM Debug] Reset Reward Calculated: 0.2749
SPS: 917
[VLM Debug] Step 176 Reward: 0.2406
[VLM Debug] Step 64 Reward: 0.2893
global_step=20504, episodic_return=51.240
[VLM Debug] Reset Reward Calculated: 0.2791
[VLM Debug] Step 96 Reward: 0.2839
[VLM Debug] Step 16 Reward: 0.2808
[VLM Debug] Step 80 Reward: 0.2881
[VLM Debug] Step 16 Reward: 0.2803
[VLM Debug] Step 112 Reward: 0.2932
[VLM Debug] Step 32 Reward: 0.2793
[VLM Debug] Step 96 Reward: 0.2891
[VLM Debug] Step 32 Reward: 0.2837
[VLM Debug] Step 128 Reward: 0.2839
[VLM Debug] Step 48 Reward: 0.2817
[VLM Debug] Step 112 Reward: 0.2764
[VLM Debug] Step 48 Reward: 0.2908
[VLM Debug] Step 144 Reward: 0.2830
[VLM Debug] Step 64 Reward: 0.2942
[VLM Debug] Step 128 Reward: 0.2800
[VLM Debug] Step 64 Reward: 0.2910
[VLM Debug] Step 160 Reward: 0.2930
global_step=20772, episodic_return=46.111
[VLM Debug] Reset Reward Calculated: 0.2791
[VLM Debug] Step 80 Reward: 0.2888
[VLM Debug] Step 144 Reward: 0.2939
[VLM Debug] Step 80 Reward: 0.2869
[VLM Debug] Step 16 Reward: 0.2791
[VLM Debug] Step 96 Reward: 0.2874
[VLM Debug] Step 160 Reward: 0.2976
[VLM Debug] Step 96 Reward: 0.2812
[VLM Debug] Step 32 Reward: 0.2805
[VLM Debug] Step 112 Reward: 0.2949
[VLM Debug] Step 176 Reward: 0.2896
[VLM Debug] Step 112 Reward: 0.2864
[VLM Debug] Step 48 Reward: 0.2795
[VLM Debug] Step 128 Reward: 0.2844
SPS: 921
[VLM Debug] Step 192 Reward: 0.2903
[VLM Debug] Step 128 Reward: 0.2778
[VLM Debug] Step 64 Reward: 0.2805
[VLM Debug] Step 144 Reward: 0.2927
[VLM Debug] Step 208 Reward: 0.2788
[VLM Debug] Step 144 Reward: 0.2815
[VLM Debug] Step 80 Reward: 0.2886
[VLM Debug] Step 160 Reward: 0.2443
global_step=21108, episodic_return=46.204
[VLM Debug] Reset Reward Calculated: 0.2800
[VLM Debug] Step 224 Reward: 0.2864
[VLM Debug] Step 160 Reward: 0.2766
[VLM Debug] Step 96 Reward: 0.2869
[VLM Debug] Step 16 Reward: 0.2825
[VLM Debug] Step 240 Reward: 0.2832
[VLM Debug] Step 176 Reward: 0.2888
[VLM Debug] Step 112 Reward: 0.2937
[VLM Debug] Step 32 Reward: 0.2686
[VLM Debug] Step 256 Reward: 0.2878
[VLM Debug] Step 192 Reward: 0.2576
[VLM Debug] Step 128 Reward: 0.2974
[VLM Debug] Step 48 Reward: 0.2876
[VLM Debug] Step 272 Reward: 0.2942
[VLM Debug] Step 208 Reward: 0.2864
[VLM Debug] Step 144 Reward: 0.2920
global_step=21364, episodic_return=79.748
[VLM Debug] Reset Reward Calculated: 0.2808
[VLM Debug] Step 64 Reward: 0.2898
global_step=21400, episodic_return=62.889
[VLM Debug] Reset Reward Calculated: 0.2812
[VLM Debug] Step 160 Reward: 0.2998
[VLM Debug] Step 16 Reward: 0.2793
[VLM Debug] Step 80 Reward: 0.2839
[VLM Debug] Step 16 Reward: 0.2849
[VLM Debug] Step 176 Reward: 0.2908
[VLM Debug] Step 32 Reward: 0.2805
[VLM Debug] Step 96 Reward: 0.2898
SPS: 926
[VLM Debug] Step 32 Reward: 0.2859
[VLM Debug] Step 192 Reward: 0.2878
[VLM Debug] Step 48 Reward: 0.2825
[VLM Debug] Step 112 Reward: 0.2832
[VLM Debug] Step 48 Reward: 0.2898
[VLM Debug] Step 208 Reward: 0.2825
[VLM Debug] Step 64 Reward: 0.2869
[VLM Debug] Step 128 Reward: 0.2847
[VLM Debug] Step 64 Reward: 0.2893
[VLM Debug] Step 224 Reward: 0.2917
[VLM Debug] Step 80 Reward: 0.2822
[VLM Debug] Step 144 Reward: 0.2830
[VLM Debug] Step 80 Reward: 0.2842
global_step=21728, episodic_return=68.386
[VLM Debug] Reset Reward Calculated: 0.2830
[VLM Debug] Step 96 Reward: 0.2839
[VLM Debug] Step 160 Reward: 0.2917
[VLM Debug] Step 96 Reward: 0.2727
[VLM Debug] Step 16 Reward: 0.2800
[VLM Debug] Step 112 Reward: 0.2791
[VLM Debug] Step 176 Reward: 0.2952
global_step=21840, episodic_return=51.782
[VLM Debug] Reset Reward Calculated: 0.2798
[VLM Debug] Step 112 Reward: 0.2964
[VLM Debug] Step 32 Reward: 0.2834
[VLM Debug] Step 128 Reward: 0.2847
[VLM Debug] Step 16 Reward: 0.2795
[VLM Debug] Step 128 Reward: 0.2935
[VLM Debug] Step 48 Reward: 0.2839
[VLM Debug] Step 144 Reward: 0.2825
[VLM Debug] Step 32 Reward: 0.2798
[VLM Debug] Step 144 Reward: 0.2937
[VLM Debug] Step 64 Reward: 0.2915
[VLM Debug] Step 160 Reward: 0.2842
SPS: 930
[VLM Debug] Step 48 Reward: 0.2891
[VLM Debug] Step 160 Reward: 0.2917
[VLM Debug] Step 80 Reward: 0.2922
[VLM Debug] Step 176 Reward: 0.2952
global_step=22096, episodic_return=49.749
[VLM Debug] Reset Reward Calculated: 0.2805
[VLM Debug] Step 64 Reward: 0.2915
[VLM Debug] Step 96 Reward: 0.2876
[VLM Debug] Step 192 Reward: 0.2893
[VLM Debug] Step 16 Reward: 0.2800
[VLM Debug] Step 80 Reward: 0.2886
[VLM Debug] Step 112 Reward: 0.2793
[VLM Debug] Step 208 Reward: 0.2849
[VLM Debug] Step 32 Reward: 0.2896
[VLM Debug] Step 96 Reward: 0.2822
[VLM Debug] Step 128 Reward: 0.2939
[VLM Debug] Step 224 Reward: 0.2910
[VLM Debug] Step 48 Reward: 0.2930
[VLM Debug] Step 112 Reward: 0.2844
[VLM Debug] Step 144 Reward: 0.2891
[VLM Debug] Step 240 Reward: 0.2803
[VLM Debug] Step 64 Reward: 0.2908
[VLM Debug] Step 128 Reward: 0.2922
[VLM Debug] Step 160 Reward: 0.2859
[VLM Debug] Step 256 Reward: 0.2800
[VLM Debug] Step 80 Reward: 0.2947
[VLM Debug] Step 144 Reward: 0.2886
[VLM Debug] Step 176 Reward: 0.2913
[VLM Debug] Step 272 Reward: 0.2908
[VLM Debug] Step 96 Reward: 0.2905
[VLM Debug] Step 160 Reward: 0.2925
[VLM Debug] Step 192 Reward: 0.2747
[VLM Debug] Step 288 Reward: 0.2893
SPS: 935
[VLM Debug] Step 112 Reward: 0.2961
[VLM Debug] Step 176 Reward: 0.2810
[VLM Debug] Step 208 Reward: 0.2634
[VLM Debug] Step 304 Reward: 0.2795
global_step=22584, episodic_return=60.751
[VLM Debug] Reset Reward Calculated: 0.2783
global_step=22604, episodic_return=54.306
[VLM Debug] Reset Reward Calculated: 0.2793
[VLM Debug] Step 128 Reward: 0.2969
[VLM Debug] Step 320 Reward: 0.2695
[VLM Debug] Step 16 Reward: 0.2771
[VLM Debug] Step 16 Reward: 0.2744
[VLM Debug] Step 144 Reward: 0.2891
[VLM Debug] Step 336 Reward: 0.2800
[VLM Debug] Step 32 Reward: 0.2791
[VLM Debug] Step 32 Reward: 0.2793
[VLM Debug] Step 160 Reward: 0.2812
[VLM Debug] Step 352 Reward: 0.2913
[VLM Debug] Step 48 Reward: 0.2856
global_step=22788, episodic_return=100.666
[VLM Debug] Reset Reward Calculated: 0.2771
[VLM Debug] Step 48 Reward: 0.2834
[VLM Debug] Step 176 Reward: 0.2905
[VLM Debug] Step 64 Reward: 0.2817
[VLM Debug] Step 16 Reward: 0.2791
[VLM Debug] Step 64 Reward: 0.2859
[VLM Debug] Step 192 Reward: 0.2761
[VLM Debug] Step 80 Reward: 0.2910
[VLM Debug] Step 32 Reward: 0.2854
[VLM Debug] Step 80 Reward: 0.2812
[VLM Debug] Step 208 Reward: 0.2568
global_step=22968, episodic_return=62.272
[VLM Debug] Step 96 Reward: 0.2920
[VLM Debug] Reset Reward Calculated: 0.2808
[VLM Debug] Step 48 Reward: 0.2881
[VLM Debug] Step 96 Reward: 0.2771
[VLM Debug] Step 112 Reward: 0.2815
[VLM Debug] Step 16 Reward: 0.2888
SPS: 939
[VLM Debug] Step 64 Reward: 0.2903
[VLM Debug] Step 112 Reward: 0.2954
[VLM Debug] Step 128 Reward: 0.2886
[VLM Debug] Step 32 Reward: 0.2900
[VLM Debug] Step 80 Reward: 0.2764
[VLM Debug] Step 128 Reward: 0.2954
[VLM Debug] Step 144 Reward: 0.2898
[VLM Debug] Step 48 Reward: 0.2922
[VLM Debug] Step 96 Reward: 0.2866
[VLM Debug] Step 144 Reward: 0.2834
[VLM Debug] Step 160 Reward: 0.2771
[VLM Debug] Step 64 Reward: 0.2905
[VLM Debug] Step 112 Reward: 0.2769
[VLM Debug] Step 160 Reward: 0.2861
global_step=23276, episodic_return=48.840
[VLM Debug] Reset Reward Calculated: 0.2771
[VLM Debug] Step 80 Reward: 0.2932
[VLM Debug] Step 128 Reward: 0.2886
[VLM Debug] Step 176 Reward: 0.2744
[VLM Debug] Step 16 Reward: 0.2866
global_step=23344, episodic_return=52.128
[VLM Debug] Reset Reward Calculated: 0.2844
[VLM Debug] Step 96 Reward: 0.2764
[VLM Debug] Step 144 Reward: 0.2949
[VLM Debug] Step 32 Reward: 0.2812
[VLM Debug] Step 16 Reward: 0.2842
[VLM Debug] Step 112 Reward: 0.2886
[VLM Debug] Step 160 Reward: 0.2847
[VLM Debug] Step 48 Reward: 0.2847
global_step=23472, episodic_return=35.951
[VLM Debug] Reset Reward Calculated: 0.2800
[VLM Debug] Step 32 Reward: 0.2869
[VLM Debug] Step 176 Reward: 0.2869
[VLM Debug] Step 64 Reward: 0.2839
[VLM Debug] Step 16 Reward: 0.2764
[VLM Debug] Step 48 Reward: 0.2832
SPS: 936
[VLM Debug] Step 192 Reward: 0.2783
[VLM Debug] Step 80 Reward: 0.2839
[VLM Debug] Step 32 Reward: 0.2791
[VLM Debug] Step 64 Reward: 0.2822
[VLM Debug] Step 208 Reward: 0.2656
[VLM Debug] Step 96 Reward: 0.2927
global_step=23664, episodic_return=61.735
[VLM Debug] Step 48 Reward: 0.2849
[VLM Debug] Reset Reward Calculated: 0.2793
[VLM Debug] Step 80 Reward: 0.2854
[VLM Debug] Step 112 Reward: 0.2954
[VLM Debug] Step 64 Reward: 0.2769
[VLM Debug] Step 16 Reward: 0.2803
[VLM Debug] Step 96 Reward: 0.2871
[VLM Debug] Step 128 Reward: 0.2886
[VLM Debug] Step 80 Reward: 0.2773
[VLM Debug] Step 32 Reward: 0.2874
[VLM Debug] Step 112 Reward: 0.2859
[VLM Debug] Step 144 Reward: 0.2874
[VLM Debug] Step 96 Reward: 0.2898
[VLM Debug] Step 48 Reward: 0.2844
[VLM Debug] Step 128 Reward: 0.2827
[VLM Debug] Step 160 Reward: 0.2954
[VLM Debug] Step 112 Reward: 0.2861
[VLM Debug] Step 64 Reward: 0.2773
[VLM Debug] Step 144 Reward: 0.2825
global_step=23960, episodic_return=43.532
[VLM Debug] Reset Reward Calculated: 0.2798
[VLM Debug] Step 176 Reward: 0.2825
[VLM Debug] Step 128 Reward: 0.2771
[VLM Debug] Step 80 Reward: 0.2854
[VLM Debug] Step 16 Reward: 0.2830
[VLM Debug] Step 192 Reward: 0.2888
[VLM Debug] Step 144 Reward: 0.2900
[VLM Debug] Step 96 Reward: 0.2944
global_step=24056, episodic_return=27.415
[VLM Debug] Reset Reward Calculated: 0.2803
SPS: 940
[VLM Debug] Step 32 Reward: 0.2888
[VLM Debug] Step 208 Reward: 0.2932
[VLM Debug] Step 160 Reward: 0.2944
[VLM Debug] Step 16 Reward: 0.2771
[VLM Debug] Step 48 Reward: 0.2939
[VLM Debug] Step 224 Reward: 0.2629
[VLM Debug] Step 176 Reward: 0.2915
[VLM Debug] Step 32 Reward: 0.2812
[VLM Debug] Step 64 Reward: 0.2947
global_step=24232, episodic_return=68.011
[VLM Debug] Reset Reward Calculated: 0.2864
[VLM Debug] Step 192 Reward: 0.2959
[VLM Debug] Step 48 Reward: 0.2854
[VLM Debug] Step 80 Reward: 0.2847
[VLM Debug] Step 16 Reward: 0.2871
[VLM Debug] Step 208 Reward: 0.2830
[VLM Debug] Step 64 Reward: 0.2844
[VLM Debug] Step 96 Reward: 0.2925
[VLM Debug] Step 32 Reward: 0.2827
[VLM Debug] Step 224 Reward: 0.2847
[VLM Debug] Step 80 Reward: 0.2810
[VLM Debug] Step 112 Reward: 0.2871
[VLM Debug] Step 48 Reward: 0.2744
[VLM Debug] Step 240 Reward: 0.2881
[VLM Debug] Step 96 Reward: 0.2837
[VLM Debug] Step 128 Reward: 0.2803
[VLM Debug] Step 64 Reward: 0.2891
[VLM Debug] Step 256 Reward: 0.2913
[VLM Debug] Step 112 Reward: 0.2898
global_step=24528, episodic_return=40.515
[VLM Debug] Reset Reward Calculated: 0.2859
[VLM Debug] Step 80 Reward: 0.2822
[VLM Debug] Step 272 Reward: 0.2896
[VLM Debug] Step 128 Reward: 0.2871
SPS: 944
[VLM Debug] Step 16 Reward: 0.2832
[VLM Debug] Step 96 Reward: 0.2959
[VLM Debug] Step 288 Reward: 0.2878
[VLM Debug] Step 144 Reward: 0.2925
[VLM Debug] Step 32 Reward: 0.2847
[VLM Debug] Step 112 Reward: 0.2898
[VLM Debug] Step 304 Reward: 0.2776
[VLM Debug] Step 160 Reward: 0.2925
[VLM Debug] Step 48 Reward: 0.2795
[VLM Debug] Step 128 Reward: 0.2898
[VLM Debug] Step 320 Reward: 0.2900
[VLM Debug] Step 176 Reward: 0.2827
[VLM Debug] Step 64 Reward: 0.2871
[VLM Debug] Step 144 Reward: 0.2891
global_step=24812, episodic_return=53.555
[VLM Debug] Reset Reward Calculated: 0.2832
[VLM Debug] Step 336 Reward: 0.2898
[VLM Debug] Step 80 Reward: 0.2896
[VLM Debug] Step 160 Reward: 0.2959
[VLM Debug] Step 16 Reward: 0.2803
[VLM Debug] Step 352 Reward: 0.2874
[VLM Debug] Step 96 Reward: 0.2883
[VLM Debug] Step 176 Reward: 0.2949
[VLM Debug] Step 32 Reward: 0.2883
[VLM Debug] Step 368 Reward: 0.2495
global_step=24960, episodic_return=105.816
[VLM Debug] Reset Reward Calculated: 0.2847
[VLM Debug] Step 112 Reward: 0.2935
[VLM Debug] Step 192 Reward: 0.2905
[VLM Debug] Step 48 Reward: 0.2935
[VLM Debug] Step 16 Reward: 0.2881
[VLM Debug] Step 128 Reward: 0.2974
[VLM Debug] Step 208 Reward: 0.2974
[VLM Debug] Step 64 Reward: 0.2893
SPS: 948
[VLM Debug] Step 32 Reward: 0.2805
[VLM Debug] Step 144 Reward: 0.2913
[VLM Debug] Step 224 Reward: 0.2905
[VLM Debug] Step 80 Reward: 0.2749
[VLM Debug] Step 48 Reward: 0.2781
[VLM Debug] Step 160 Reward: 0.2981
global_step=25188, episodic_return=68.794
[VLM Debug] Reset Reward Calculated: 0.2788
[VLM Debug] Step 96 Reward: 0.2844
[VLM Debug] Step 64 Reward: 0.2783
[VLM Debug] Step 176 Reward: 0.2820
[VLM Debug] Step 16 Reward: 0.2791
[VLM Debug] Step 112 Reward: 0.2854
[VLM Debug] Step 80 Reward: 0.2839
[VLM Debug] Step 192 Reward: 0.2927
[VLM Debug] Step 32 Reward: 0.2747
[VLM Debug] Step 128 Reward: 0.2961
[VLM Debug] Step 96 Reward: 0.2820
[VLM Debug] Step 208 Reward: 0.2815
[VLM Debug] Step 48 Reward: 0.2771
[VLM Debug] Step 144 Reward: 0.2913
[VLM Debug] Step 112 Reward: 0.2854
[VLM Debug] Step 224 Reward: 0.2837
[VLM Debug] Step 64 Reward: 0.2825
[VLM Debug] Step 160 Reward: 0.2856
[VLM Debug] Step 128 Reward: 0.2888
[VLM Debug] Step 240 Reward: 0.2881
[VLM Debug] Step 80 Reward: 0.2881
[VLM Debug] Step 176 Reward: 0.2861
[VLM Debug] Step 144 Reward: 0.2969
[VLM Debug] Step 256 Reward: 0.2927
[VLM Debug] Step 96 Reward: 0.2881
[VLM Debug] Step 192 Reward: 0.2842
SPS: 951
[VLM Debug] Step 160 Reward: 0.2883
[VLM Debug] Step 272 Reward: 0.2917
[VLM Debug] Step 112 Reward: 0.2883
global_step=25644, episodic_return=80.143
[VLM Debug] Step 208 Reward: 0.2917
[VLM Debug] Reset Reward Calculated: 0.2842
[VLM Debug] Step 176 Reward: 0.2903
[VLM Debug] Step 128 Reward: 0.2822
[VLM Debug] Step 224 Reward: 0.2944
[VLM Debug] Step 16 Reward: 0.2771
[VLM Debug] Step 192 Reward: 0.2900
[VLM Debug] Step 144 Reward: 0.2871
[VLM Debug] Step 240 Reward: 0.2974
[VLM Debug] Step 32 Reward: 0.2832
[VLM Debug] Step 208 Reward: 0.2808
global_step=25804, episodic_return=60.003
[VLM Debug] Reset Reward Calculated: 0.2859
[VLM Debug] Step 160 Reward: 0.2861
[VLM Debug] Step 256 Reward: 0.2849
[VLM Debug] Step 48 Reward: 0.2830
[VLM Debug] Step 16 Reward: 0.2761
[VLM Debug] Step 176 Reward: 0.2805
[VLM Debug] Step 272 Reward: 0.2827
[VLM Debug] Step 64 Reward: 0.2869
[VLM Debug] Step 32 Reward: 0.2871
[VLM Debug] Step 192 Reward: 0.2458
global_step=25960, episodic_return=54.248
[VLM Debug] Reset Reward Calculated: 0.2866
[VLM Debug] Step 288 Reward: 0.2498
[VLM Debug] Step 80 Reward: 0.2834
[VLM Debug] Step 48 Reward: 0.2947
[VLM Debug] Step 16 Reward: 0.2852
[VLM Debug] Step 304 Reward: 0.2407
[VLM Debug] Step 96 Reward: 0.2795
global_step=26032, episodic_return=86.735
[VLM Debug] Reset Reward Calculated: 0.2756
[VLM Debug] Step 64 Reward: 0.2896
[VLM Debug] Step 32 Reward: 0.2834
[VLM Debug] Step 112 Reward: 0.2910
[VLM Debug] Step 16 Reward: 0.2771
SPS: 954
[VLM Debug] Step 80 Reward: 0.2869
[VLM Debug] Step 48 Reward: 0.2949
[VLM Debug] Step 128 Reward: 0.2800
[VLM Debug] Step 32 Reward: 0.2808
[VLM Debug] Step 96 Reward: 0.2969
[VLM Debug] Step 64 Reward: 0.2898
[VLM Debug] Step 144 Reward: 0.2883
[VLM Debug] Step 48 Reward: 0.2871
[VLM Debug] Step 112 Reward: 0.2961
[VLM Debug] Step 80 Reward: 0.2969
[VLM Debug] Step 160 Reward: 0.2974
[VLM Debug] Step 64 Reward: 0.2871
[VLM Debug] Step 128 Reward: 0.2856
global_step=26332, episodic_return=37.868
[VLM Debug] Reset Reward Calculated: 0.2783
[VLM Debug] Step 96 Reward: 0.2864
[VLM Debug] Step 176 Reward: 0.2893
[VLM Debug] Step 80 Reward: 0.2917
[VLM Debug] Step 16 Reward: 0.2803
[VLM Debug] Step 112 Reward: 0.2874
[VLM Debug] Step 192 Reward: 0.2937
[VLM Debug] Step 96 Reward: 0.2896
[VLM Debug] Step 32 Reward: 0.2898
[VLM Debug] Step 128 Reward: 0.2812
[VLM Debug] Step 208 Reward: 0.2876
[VLM Debug] Step 112 Reward: 0.2959
[VLM Debug] Step 48 Reward: 0.2971
[VLM Debug] Step 144 Reward: 0.2898
[VLM Debug] Step 224 Reward: 0.2937
[VLM Debug] Step 128 Reward: 0.2954
global_step=26588, episodic_return=67.314
[VLM Debug] Step 64 Reward: 0.2964
[VLM Debug] Reset Reward Calculated: 0.2744
[VLM Debug] Step 160 Reward: 0.2725
[VLM Debug] Step 144 Reward: 0.2441
global_step=26616, episodic_return=41.498
[VLM Debug] Reset Reward Calculated: 0.2832
SPS: 957
[VLM Debug] Step 80 Reward: 0.2927
[VLM Debug] Step 16 Reward: 0.2756
[VLM Debug] Step 176 Reward: 0.2761
[VLM Debug] Step 16 Reward: 0.2817
global_step=26684, episodic_return=51.559
[VLM Debug] Reset Reward Calculated: 0.2822
[VLM Debug] Step 96 Reward: 0.2881
[VLM Debug] Step 32 Reward: 0.2747
[VLM Debug] Step 32 Reward: 0.2927
[VLM Debug] Step 16 Reward: 0.2854
[VLM Debug] Step 112 Reward: 0.2852
[VLM Debug] Step 48 Reward: 0.2791
[VLM Debug] Step 48 Reward: 0.2927
[VLM Debug] Step 32 Reward: 0.2852
global_step=26844, episodic_return=36.647
[VLM Debug] Reset Reward Calculated: 0.2800
[VLM Debug] Step 64 Reward: 0.2883
[VLM Debug] Step 64 Reward: 0.2812
[VLM Debug] Step 48 Reward: 0.2820
[VLM Debug] Step 16 Reward: 0.2793
[VLM Debug] Step 80 Reward: 0.2905
[VLM Debug] Step 80 Reward: 0.2935
[VLM Debug] Step 64 Reward: 0.2917
[VLM Debug] Step 32 Reward: 0.2795
[VLM Debug] Step 96 Reward: 0.2937
[VLM Debug] Step 96 Reward: 0.2878
[VLM Debug] Step 80 Reward: 0.2913
[VLM Debug] Step 48 Reward: 0.2747
[VLM Debug] Step 112 Reward: 0.2810
[VLM Debug] Step 112 Reward: 0.2861
[VLM Debug] Step 96 Reward: 0.2917
[VLM Debug] Step 64 Reward: 0.2812
[VLM Debug] Step 128 Reward: 0.2847
[VLM Debug] Step 128 Reward: 0.2812
[VLM Debug] Step 112 Reward: 0.2900
SPS: 960
[VLM Debug] Step 80 Reward: 0.2871
[VLM Debug] Step 144 Reward: 0.2800
[VLM Debug] Step 144 Reward: 0.2815
[VLM Debug] Step 128 Reward: 0.2842
[VLM Debug] Step 96 Reward: 0.2954
[VLM Debug] Step 160 Reward: 0.2849
[VLM Debug] Step 160 Reward: 0.2688
[VLM Debug] Step 144 Reward: 0.2878
[VLM Debug] Step 112 Reward: 0.2847
[VLM Debug] Step 176 Reward: 0.2881
[VLM Debug] Step 176 Reward: 0.2367
[VLM Debug] Step 160 Reward: 0.2898
global_step=27340, episodic_return=50.990
[VLM Debug] Reset Reward Calculated: 0.2773
[VLM Debug] Step 128 Reward: 0.2871
[VLM Debug] Step 192 Reward: 0.2910
[VLM Debug] Step 176 Reward: 0.2815
[VLM Debug] Step 16 Reward: 0.2769
[VLM Debug] Step 144 Reward: 0.2869
[VLM Debug] Step 208 Reward: 0.2976
[VLM Debug] Step 192 Reward: 0.2881
[VLM Debug] Step 32 Reward: 0.2739
[VLM Debug] Step 160 Reward: 0.2861
[VLM Debug] Step 224 Reward: 0.2920
[VLM Debug] Step 208 Reward: 0.2793
[VLM Debug] Step 48 Reward: 0.2800
[VLM Debug] Step 176 Reward: 0.2893
[VLM Debug] Step 240 Reward: 0.2883
[VLM Debug] Step 224 Reward: 0.2744
[VLM Debug] Step 64 Reward: 0.2822
[VLM Debug] Step 192 Reward: 0.2793
[VLM Debug] Step 256 Reward: 0.2905
[VLM Debug] Step 240 Reward: 0.2896
SPS: 962
[VLM Debug] Step 80 Reward: 0.2810
global_step=27668, episodic_return=70.010
[VLM Debug] Reset Reward Calculated: 0.2744
[VLM Debug] Step 208 Reward: 0.2847
[VLM Debug] Step 272 Reward: 0.2849
[VLM Debug] Step 96 Reward: 0.2876
[VLM Debug] Step 16 Reward: 0.2793
[VLM Debug] Step 224 Reward: 0.2905
[VLM Debug] Step 288 Reward: 0.2759
[VLM Debug] Step 112 Reward: 0.2874
[VLM Debug] Step 32 Reward: 0.2756
[VLM Debug] Step 240 Reward: 0.2859
[VLM Debug] Step 304 Reward: 0.2808
[VLM Debug] Step 128 Reward: 0.2874
[VLM Debug] Step 48 Reward: 0.2881
[VLM Debug] Step 256 Reward: 0.2793
[VLM Debug] Step 320 Reward: 0.2891
[VLM Debug] Step 144 Reward: 0.2986
[VLM Debug] Step 64 Reward: 0.2852
global_step=27928, episodic_return=95.198
[VLM Debug] Reset Reward Calculated: 0.2859
[VLM Debug] Step 272 Reward: 0.2874
global_step=27980, episodic_return=80.465
[VLM Debug] Reset Reward Calculated: 0.2751
[VLM Debug] Step 160 Reward: 0.2920
[VLM Debug] Step 80 Reward: 0.2839
[VLM Debug] Step 16 Reward: 0.2854
[VLM Debug] Step 16 Reward: 0.2771
[VLM Debug] Step 176 Reward: 0.2981
[VLM Debug] Step 96 Reward: 0.2898
[VLM Debug] Step 32 Reward: 0.2891
[VLM Debug] Step 32 Reward: 0.2788
[VLM Debug] Step 192 Reward: 0.2908
[VLM Debug] Step 112 Reward: 0.2971
[VLM Debug] Step 48 Reward: 0.2961
SPS: 966
[VLM Debug] Step 48 Reward: 0.2881
[VLM Debug] Step 208 Reward: 0.2732
[VLM Debug] Step 128 Reward: 0.2842
[VLM Debug] Step 64 Reward: 0.2930
global_step=28212, episodic_return=61.865
[VLM Debug] Reset Reward Calculated: 0.2771
[VLM Debug] Step 64 Reward: 0.2817
[VLM Debug] Step 144 Reward: 0.2925
[VLM Debug] Step 80 Reward: 0.2925
[VLM Debug] Step 16 Reward: 0.2798
[VLM Debug] Step 80 Reward: 0.2920
[VLM Debug] Step 160 Reward: 0.2761
[VLM Debug] Step 96 Reward: 0.2908
global_step=28336, episodic_return=29.330
[VLM Debug] Reset Reward Calculated: 0.2822
[VLM Debug] Step 32 Reward: 0.2812
[VLM Debug] Step 96 Reward: 0.2837
[VLM Debug] Step 176 Reward: 0.2849
[VLM Debug] Step 16 Reward: 0.2871
[VLM Debug] Step 48 Reward: 0.2749
[VLM Debug] Step 112 Reward: 0.2800
[VLM Debug] Step 192 Reward: 0.2849
[VLM Debug] Step 32 Reward: 0.2800
[VLM Debug] Step 64 Reward: 0.2791
[VLM Debug] Step 128 Reward: 0.2832
[VLM Debug] Step 208 Reward: 0.2942
[VLM Debug] Step 48 Reward: 0.2957
[VLM Debug] Step 80 Reward: 0.2905
[VLM Debug] Step 144 Reward: 0.2822
[VLM Debug] Step 224 Reward: 0.2935
[VLM Debug] Step 64 Reward: 0.2913
[VLM Debug] Step 96 Reward: 0.2966
[VLM Debug] Step 160 Reward: 0.2808
[VLM Debug] Step 240 Reward: 0.2756
[VLM Debug] Step 80 Reward: 0.2939
[VLM Debug] Step 112 Reward: 0.2959
SPS: 968
[VLM Debug] Step 176 Reward: 0.2878
[VLM Debug] Step 256 Reward: 0.2793
[VLM Debug] Step 96 Reward: 0.2932
[VLM Debug] Step 128 Reward: 0.2803
[VLM Debug] Step 192 Reward: 0.2588
[VLM Debug] Step 272 Reward: 0.2808
[VLM Debug] Step 112 Reward: 0.2761
[VLM Debug] Step 144 Reward: 0.2830
[VLM Debug] Step 208 Reward: 0.2620
[VLM Debug] Step 288 Reward: 0.2808
[VLM Debug] Step 128 Reward: 0.2839
[VLM Debug] Step 160 Reward: 0.2834
[VLM Debug] Step 224 Reward: 0.2900
[VLM Debug] Step 304 Reward: 0.2881
[VLM Debug] Step 144 Reward: 0.2839
[VLM Debug] Step 176 Reward: 0.2827
[VLM Debug] Step 240 Reward: 0.2842
[VLM Debug] Step 320 Reward: 0.2754
global_step=28952, episodic_return=91.013
[VLM Debug] Reset Reward Calculated: 0.2800
[VLM Debug] Step 160 Reward: 0.2842
[VLM Debug] Step 192 Reward: 0.2705
[VLM Debug] Step 256 Reward: 0.2632
[VLM Debug] Step 16 Reward: 0.2788
[VLM Debug] Step 176 Reward: 0.2793
[VLM Debug] Step 208 Reward: 0.2766
[VLM Debug] Step 272 Reward: 0.2805
global_step=29080, episodic_return=61.013
[VLM Debug] Step 32 Reward: 0.2822
[VLM Debug] Reset Reward Calculated: 0.2849
[VLM Debug] Step 192 Reward: 0.2842
global_step=29108, episodic_return=78.510
[VLM Debug] Reset Reward Calculated: 0.2710
[VLM Debug] Step 48 Reward: 0.2896
[VLM Debug] Step 16 Reward: 0.2820
[VLM Debug] Step 208 Reward: 0.2849
[VLM Debug] Step 16 Reward: 0.2815
SPS: 971
[VLM Debug] Step 64 Reward: 0.2898
[VLM Debug] Step 32 Reward: 0.2891
[VLM Debug] Step 224 Reward: 0.2964
[VLM Debug] Step 32 Reward: 0.2764
[VLM Debug] Step 80 Reward: 0.2856
[VLM Debug] Step 48 Reward: 0.2869
[VLM Debug] Step 240 Reward: 0.2905
[VLM Debug] Step 48 Reward: 0.2908
[VLM Debug] Step 96 Reward: 0.2854
[VLM Debug] Step 64 Reward: 0.2866
[VLM Debug] Step 256 Reward: 0.2898
[VLM Debug] Step 64 Reward: 0.2932
[VLM Debug] Step 112 Reward: 0.2800
[VLM Debug] Step 80 Reward: 0.2954
[VLM Debug] Step 272 Reward: 0.2805
[VLM Debug] Step 80 Reward: 0.2832
[VLM Debug] Step 128 Reward: 0.2942
[VLM Debug] Step 96 Reward: 0.2964
global_step=29472, episodic_return=27.906
[VLM Debug] Reset Reward Calculated: 0.2808
[VLM Debug] Step 288 Reward: 0.2888
[VLM Debug] Step 96 Reward: 0.2913
[VLM Debug] Step 144 Reward: 0.2913
[VLM Debug] Step 16 Reward: 0.2852
[VLM Debug] Step 304 Reward: 0.2981
[VLM Debug] Step 112 Reward: 0.2917
global_step=29564, episodic_return=43.392
[VLM Debug] Reset Reward Calculated: 0.2793
[VLM Debug] Step 32 Reward: 0.2871
[VLM Debug] Step 320 Reward: 0.2854
[VLM Debug] Step 128 Reward: 0.2854
[VLM Debug] Step 16 Reward: 0.2837
global_step=29652, episodic_return=38.477
[VLM Debug] Reset Reward Calculated: 0.2747
[VLM Debug] Step 48 Reward: 0.2913
[VLM Debug] Step 336 Reward: 0.2910
[VLM Debug] Step 32 Reward: 0.2812
SPS: 973
[VLM Debug] Step 16 Reward: 0.2805
global_step=29720, episodic_return=99.101
[VLM Debug] Reset Reward Calculated: 0.2776
[VLM Debug] Step 64 Reward: 0.2756
[VLM Debug] Step 48 Reward: 0.2852
[VLM Debug] Step 32 Reward: 0.2783
[VLM Debug] Step 16 Reward: 0.2800
[VLM Debug] Step 80 Reward: 0.2812
[VLM Debug] Step 64 Reward: 0.2886
[VLM Debug] Step 48 Reward: 0.2881
[VLM Debug] Step 32 Reward: 0.2871
[VLM Debug] Step 96 Reward: 0.2861
[VLM Debug] Step 80 Reward: 0.2878
[VLM Debug] Step 64 Reward: 0.2896
[VLM Debug] Step 48 Reward: 0.2922
[VLM Debug] Step 112 Reward: 0.2852
[VLM Debug] Step 96 Reward: 0.2825
[VLM Debug] Step 80 Reward: 0.2920
[VLM Debug] Step 64 Reward: 0.2800
global_step=29984, episodic_return=23.179
[VLM Debug] Reset Reward Calculated: 0.2832
[VLM Debug] Step 128 Reward: 0.2893
[VLM Debug] Step 112 Reward: 0.2900
[VLM Debug] Step 80 Reward: 0.2844
[VLM Debug] Step 16 Reward: 0.2866
[VLM Debug] Step 144 Reward: 0.2961
[VLM Debug] Step 128 Reward: 0.2842
[VLM Debug] Step 96 Reward: 0.2849
[VLM Debug] Step 32 Reward: 0.2917
[VLM Debug] Step 160 Reward: 0.2859
[VLM Debug] Step 144 Reward: 0.2856
[VLM Debug] Step 112 Reward: 0.2842
[VLM Debug] Step 48 Reward: 0.2898
[VLM Debug] Step 176 Reward: 0.2886
[VLM Debug] Step 160 Reward: 0.2798
SPS: 975
[VLM Debug] Step 128 Reward: 0.2920
[VLM Debug] Step 64 Reward: 0.2893
[VLM Debug] Step 192 Reward: 0.2915
[VLM Debug] Step 176 Reward: 0.2869
[VLM Debug] Step 144 Reward: 0.2922
[VLM Debug] Step 80 Reward: 0.2861
[VLM Debug] Step 208 Reward: 0.2847
[VLM Debug] Step 192 Reward: 0.2898
[VLM Debug] Step 160 Reward: 0.2864
[VLM Debug] Step 96 Reward: 0.2954
[VLM Debug] Step 224 Reward: 0.2888
global_step=30392, episodic_return=65.589
[VLM Debug] Reset Reward Calculated: 0.2793
[VLM Debug] Step 208 Reward: 0.2859
[VLM Debug] Step 176 Reward: 0.2888
[VLM Debug] Step 112 Reward: 0.2903
[VLM Debug] Step 16 Reward: 0.2832
[VLM Debug] Step 224 Reward: 0.2827
global_step=30488, episodic_return=36.136
[VLM Debug] Reset Reward Calculated: 0.2776
[VLM Debug] Step 192 Reward: 0.2869
[VLM Debug] Step 32 Reward: 0.2810
[VLM Debug] Step 240 Reward: 0.2952
[VLM Debug] Step 16 Reward: 0.2847
[VLM Debug] Step 208 Reward: 0.2903
[VLM Debug] Step 48 Reward: 0.2898
[VLM Debug] Step 256 Reward: 0.2881
[VLM Debug] Step 32 Reward: 0.2856
[VLM Debug] Step 224 Reward: 0.2961
[VLM Debug] Step 64 Reward: 0.2925
[VLM Debug] Step 272 Reward: 0.2830
[VLM Debug] Step 48 Reward: 0.2869
[VLM Debug] Step 240 Reward: 0.2925
[VLM Debug] Step 80 Reward: 0.2878
[VLM Debug] Step 288 Reward: 0.2932
SPS: 978
[VLM Debug] Step 64 Reward: 0.2856
[VLM Debug] Step 256 Reward: 0.2922
[VLM Debug] Step 96 Reward: 0.2964
[VLM Debug] Step 304 Reward: 0.2913
global_step=30800, episodic_return=77.345
[VLM Debug] Reset Reward Calculated: 0.2820
[VLM Debug] Step 80 Reward: 0.2861
global_step=30832, episodic_return=90.429
[VLM Debug] Reset Reward Calculated: 0.2646
[VLM Debug] Step 112 Reward: 0.2920
[VLM Debug] Step 16 Reward: 0.2856
[VLM Debug] Step 96 Reward: 0.2883
[VLM Debug] Step 16 Reward: 0.2849
global_step=30900, episodic_return=36.261
[VLM Debug] Reset Reward Calculated: 0.2842
[VLM Debug] Step 32 Reward: 0.2842
[VLM Debug] Step 112 Reward: 0.2778
[VLM Debug] Step 32 Reward: 0.2847
[VLM Debug] Step 16 Reward: 0.2883
[VLM Debug] Step 48 Reward: 0.2891
[VLM Debug] Step 128 Reward: 0.2847
[VLM Debug] Step 48 Reward: 0.2808
[VLM Debug] Step 32 Reward: 0.2864
[VLM Debug] Step 64 Reward: 0.2900
[VLM Debug] Step 144 Reward: 0.2903
[VLM Debug] Step 64 Reward: 0.2903
[VLM Debug] Step 48 Reward: 0.2937
[VLM Debug] Step 80 Reward: 0.2869
global_step=31124, episodic_return=15.808
[VLM Debug] Reset Reward Calculated: 0.2737
[VLM Debug] Step 160 Reward: 0.2920
[VLM Debug] Step 80 Reward: 0.2866
[VLM Debug] Step 96 Reward: 0.2864
[VLM Debug] Step 16 Reward: 0.2751
[VLM Debug] Step 176 Reward: 0.2913
[VLM Debug] Step 96 Reward: 0.2842
SPS: 977
[VLM Debug] Step 112 Reward: 0.2759
[VLM Debug] Step 32 Reward: 0.2754
[VLM Debug] Step 192 Reward: 0.2805
[VLM Debug] Step 112 Reward: 0.2874
[VLM Debug] Step 128 Reward: 0.2905
[VLM Debug] Step 48 Reward: 0.2793
[VLM Debug] Step 208 Reward: 0.2954
[VLM Debug] Step 128 Reward: 0.2842
[VLM Debug] Step 144 Reward: 0.2686
[VLM Debug] Step 64 Reward: 0.2847
[VLM Debug] Step 224 Reward: 0.2874
[VLM Debug] Step 144 Reward: 0.2756
global_step=31424, episodic_return=44.070
[VLM Debug] Reset Reward Calculated: 0.2805
[VLM Debug] Step 80 Reward: 0.2808
[VLM Debug] Step 240 Reward: 0.2842
[VLM Debug] Step 160 Reward: 0.2893
[VLM Debug] Step 16 Reward: 0.2786
[VLM Debug] Step 96 Reward: 0.2832
[VLM Debug] Step 256 Reward: 0.2908
[VLM Debug] Step 176 Reward: 0.2805
[VLM Debug] Step 32 Reward: 0.2837
[VLM Debug] Step 112 Reward: 0.2793
[VLM Debug] Step 272 Reward: 0.2913
[VLM Debug] Step 192 Reward: 0.2825
[VLM Debug] Step 48 Reward: 0.2827
global_step=31624, episodic_return=81.124
[VLM Debug] Reset Reward Calculated: 0.2820
[VLM Debug] Step 128 Reward: 0.2751
[VLM Debug] Step 208 Reward: 0.2839
[VLM Debug] Step 64 Reward: 0.2783
[VLM Debug] Step 16 Reward: 0.2800
[VLM Debug] Step 144 Reward: 0.2798
[VLM Debug] Step 224 Reward: 0.2898
SPS: 980
[VLM Debug] Step 80 Reward: 0.2979
[VLM Debug] Step 32 Reward: 0.2842
[VLM Debug] Step 160 Reward: 0.2761
[VLM Debug] Step 240 Reward: 0.2893
[VLM Debug] Step 96 Reward: 0.2830
[VLM Debug] Step 48 Reward: 0.2898
[VLM Debug] Step 176 Reward: 0.2839
[VLM Debug] Step 256 Reward: 0.2742
[VLM Debug] Step 112 Reward: 0.2900
[VLM Debug] Step 64 Reward: 0.2725
[VLM Debug] Step 192 Reward: 0.2898
[VLM Debug] Step 272 Reward: 0.2761
[VLM Debug] Step 128 Reward: 0.2896
[VLM Debug] Step 80 Reward: 0.2783
[VLM Debug] Step 208 Reward: 0.2803
[VLM Debug] Step 288 Reward: 0.2769
[VLM Debug] Step 144 Reward: 0.2832
[VLM Debug] Step 96 Reward: 0.2803
[VLM Debug] Step 224 Reward: 0.2891
[VLM Debug] Step 304 Reward: 0.2864
[VLM Debug] Step 160 Reward: 0.2876
[VLM Debug] Step 112 Reward: 0.2878
[VLM Debug] Step 240 Reward: 0.2971
[VLM Debug] Step 320 Reward: 0.2839
[VLM Debug] Step 176 Reward: 0.2467
[VLM Debug] Step 128 Reward: 0.2991
[VLM Debug] Step 256 Reward: 0.2881
global_step=32172, episodic_return=52.593
[VLM Debug] Reset Reward Calculated: 0.2756
[VLM Debug] Step 336 Reward: 0.2817
[VLM Debug] Step 144 Reward: 0.2944
[VLM Debug] Step 272 Reward: 0.2800
[VLM Debug] Step 16 Reward: 0.2776
[VLM Debug] Step 352 Reward: 0.2888
SPS: 982
[VLM Debug] Step 160 Reward: 0.2915
global_step=32268, episodic_return=45.584
[VLM Debug] Reset Reward Calculated: 0.2747
[VLM Debug] Step 288 Reward: 0.2952
[VLM Debug] Step 32 Reward: 0.2908
[VLM Debug] Step 368 Reward: 0.2903
[VLM Debug] Step 16 Reward: 0.2791
[VLM Debug] Step 304 Reward: 0.2861
[VLM Debug] Step 48 Reward: 0.2891
[VLM Debug] Step 384 Reward: 0.2852
[VLM Debug] Step 32 Reward: 0.2842
[VLM Debug] Step 320 Reward: 0.2793
[VLM Debug] Step 64 Reward: 0.2820
[VLM Debug] Step 400 Reward: 0.2925
[VLM Debug] Step 48 Reward: 0.2830
[VLM Debug] Step 336 Reward: 0.2898
[VLM Debug] Step 80 Reward: 0.2852
[VLM Debug] Step 416 Reward: 0.2832
[VLM Debug] Step 64 Reward: 0.2849
[VLM Debug] Step 352 Reward: 0.2925
[VLM Debug] Step 96 Reward: 0.2803
[VLM Debug] Step 432 Reward: 0.2969
[VLM Debug] Step 80 Reward: 0.2793
[VLM Debug] Step 368 Reward: 0.2942
[VLM Debug] Step 112 Reward: 0.2910
[VLM Debug] Step 448 Reward: 0.2798
[VLM Debug] Step 96 Reward: 0.2927
[VLM Debug] Step 384 Reward: 0.2837
[VLM Debug] Step 128 Reward: 0.2876
[VLM Debug] Step 464 Reward: 0.2776
global_step=32704, episodic_return=132.596
[VLM Debug] Reset Reward Calculated: 0.2844
[VLM Debug] Step 112 Reward: 0.2839
[VLM Debug] Step 400 Reward: 0.2783
[VLM Debug] Step 144 Reward: 0.2778
SPS: 984
[VLM Debug] Step 16 Reward: 0.2859
[VLM Debug] Step 128 Reward: 0.2815
[VLM Debug] Step 416 Reward: 0.2869
[VLM Debug] Step 160 Reward: 0.2800
[VLM Debug] Step 32 Reward: 0.2854
[VLM Debug] Step 144 Reward: 0.2839
[VLM Debug] Step 432 Reward: 0.2495
global_step=32860, episodic_return=122.733
[VLM Debug] Reset Reward Calculated: 0.2788
[VLM Debug] Step 176 Reward: 0.2795
[VLM Debug] Step 48 Reward: 0.2866
[VLM Debug] Step 160 Reward: 0.2776
[VLM Debug] Step 16 Reward: 0.2856
global_step=32940, episodic_return=54.068
[VLM Debug] Reset Reward Calculated: 0.2834
[VLM Debug] Step 64 Reward: 0.2922
[VLM Debug] Step 176 Reward: 0.2805
[VLM Debug] Step 32 Reward: 0.2874
[VLM Debug] Step 16 Reward: 0.2822
[VLM Debug] Step 80 Reward: 0.2864
[VLM Debug] Step 192 Reward: 0.2732
[VLM Debug] Step 48 Reward: 0.2856
[VLM Debug] Step 32 Reward: 0.2854
[VLM Debug] Step 96 Reward: 0.2908
[VLM Debug] Step 208 Reward: 0.2856
[VLM Debug] Step 64 Reward: 0.2910
[VLM Debug] Step 48 Reward: 0.2869
[VLM Debug] Step 112 Reward: 0.2886
[VLM Debug] Step 224 Reward: 0.2930
[VLM Debug] Step 80 Reward: 0.2891
[VLM Debug] Step 64 Reward: 0.2935
[VLM Debug] Step 128 Reward: 0.2881
[VLM Debug] Step 240 Reward: 0.2942
[VLM Debug] Step 96 Reward: 0.2969
[VLM Debug] Step 80 Reward: 0.2917
SPS: 986
[VLM Debug] Step 144 Reward: 0.2957
[VLM Debug] Step 256 Reward: 0.2993
[VLM Debug] Step 112 Reward: 0.2910
[VLM Debug] Step 96 Reward: 0.2939
[VLM Debug] Step 160 Reward: 0.2465
global_step=33356, episodic_return=46.599
[VLM Debug] Reset Reward Calculated: 0.2820
[VLM Debug] Step 272 Reward: 0.2800
global_step=33372, episodic_return=36.608
[VLM Debug] Reset Reward Calculated: 0.2808
[VLM Debug] Step 112 Reward: 0.2898
global_step=33400, episodic_return=80.095
[VLM Debug] Reset Reward Calculated: 0.2793
[VLM Debug] Step 16 Reward: 0.2803
[VLM Debug] Step 16 Reward: 0.2747
[VLM Debug] Step 128 Reward: 0.2710
[VLM Debug] Step 16 Reward: 0.2803
global_step=33484, episodic_return=38.795
[VLM Debug] Step 32 Reward: 0.2810
[VLM Debug] Reset Reward Calculated: 0.2810
[VLM Debug] Step 32 Reward: 0.2720
[VLM Debug] Step 32 Reward: 0.2847
[VLM Debug] Step 48 Reward: 0.2830
[VLM Debug] Step 16 Reward: 0.2849
[VLM Debug] Step 48 Reward: 0.2791
[VLM Debug] Step 48 Reward: 0.2954
[VLM Debug] Step 64 Reward: 0.2776
[VLM Debug] Step 32 Reward: 0.2812
[VLM Debug] Step 64 Reward: 0.2808
[VLM Debug] Step 64 Reward: 0.2920
[VLM Debug] Step 80 Reward: 0.2776
[VLM Debug] Step 48 Reward: 0.2898
[VLM Debug] Step 80 Reward: 0.2866
[VLM Debug] Step 80 Reward: 0.2876
[VLM Debug] Step 96 Reward: 0.2874
[VLM Debug] Step 64 Reward: 0.2820
[VLM Debug] Step 96 Reward: 0.2927
[VLM Debug] Step 96 Reward: 0.2842
SPS: 988
[VLM Debug] Step 112 Reward: 0.2839
[VLM Debug] Step 80 Reward: 0.2866
[VLM Debug] Step 112 Reward: 0.2961
[VLM Debug] Step 112 Reward: 0.2925
[VLM Debug] Step 128 Reward: 0.2888
[VLM Debug] Step 96 Reward: 0.2893
[VLM Debug] Step 128 Reward: 0.2847
[VLM Debug] Step 128 Reward: 0.2798
[VLM Debug] Step 144 Reward: 0.2905
[VLM Debug] Step 112 Reward: 0.2896
[VLM Debug] Step 144 Reward: 0.2898
global_step=33964, episodic_return=40.092
[VLM Debug] Reset Reward Calculated: 0.2815
[VLM Debug] Step 160 Reward: 0.2891
[VLM Debug] Step 128 Reward: 0.2881
[VLM Debug] Step 160 Reward: 0.2891
[VLM Debug] Step 16 Reward: 0.2771
[VLM Debug] Step 176 Reward: 0.2949
[VLM Debug] Step 144 Reward: 0.2871
[VLM Debug] Step 176 Reward: 0.2737
[VLM Debug] Step 32 Reward: 0.2891
[VLM Debug] Step 192 Reward: 0.2727
[VLM Debug] Step 160 Reward: 0.2920
global_step=34132, episodic_return=53.570
[VLM Debug] Reset Reward Calculated: 0.2786
[VLM Debug] Step 48 Reward: 0.2893
[VLM Debug] Step 208 Reward: 0.2783
[VLM Debug] Step 176 Reward: 0.2793
[VLM Debug] Step 16 Reward: 0.2847
global_step=34212, episodic_return=60.407
[VLM Debug] Reset Reward Calculated: 0.2734
[VLM Debug] Step 64 Reward: 0.2744
[VLM Debug] Step 192 Reward: 0.2852
[VLM Debug] Step 32 Reward: 0.2917
[VLM Debug] Step 16 Reward: 0.2773
[VLM Debug] Step 80 Reward: 0.2917
SPS: 988
[VLM Debug] Step 208 Reward: 0.2791
[VLM Debug] Step 48 Reward: 0.2939
[VLM Debug] Step 32 Reward: 0.2886
[VLM Debug] Step 96 Reward: 0.2942
[VLM Debug] Step 224 Reward: 0.2886
[VLM Debug] Step 64 Reward: 0.2815
[VLM Debug] Step 48 Reward: 0.2915
[VLM Debug] Step 112 Reward: 0.2930
[VLM Debug] Step 240 Reward: 0.2834
[VLM Debug] Step 80 Reward: 0.2798
[VLM Debug] Step 64 Reward: 0.2874
[VLM Debug] Step 128 Reward: 0.2925
[VLM Debug] Step 256 Reward: 0.2705
[VLM Debug] Step 96 Reward: 0.2842
[VLM Debug] Step 80 Reward: 0.2866
[VLM Debug] Step 144 Reward: 0.2786
[VLM Debug] Step 272 Reward: 0.2905
[VLM Debug] Step 112 Reward: 0.2856
[VLM Debug] Step 96 Reward: 0.2927
[VLM Debug] Step 160 Reward: 0.2810
[VLM Debug] Step 288 Reward: 0.2939
[VLM Debug] Step 128 Reward: 0.2844
[VLM Debug] Step 112 Reward: 0.2922
[VLM Debug] Step 176 Reward: 0.2852
[VLM Debug] Step 304 Reward: 0.2859
[VLM Debug] Step 144 Reward: 0.2896
[VLM Debug] Step 128 Reward: 0.2993
[VLM Debug] Step 192 Reward: 0.2898
[VLM Debug] Step 320 Reward: 0.2825
[VLM Debug] Step 160 Reward: 0.2847
[VLM Debug] Step 144 Reward: 0.2512
global_step=34796, episodic_return=41.655
[VLM Debug] Reset Reward Calculated: 0.2661
[VLM Debug] Step 208 Reward: 0.2930
SPS: 983
[VLM Debug] Step 336 Reward: 0.2822
[VLM Debug] Step 176 Reward: 0.2949
[VLM Debug] Step 16 Reward: 0.2754
[VLM Debug] Step 224 Reward: 0.2874
[VLM Debug] Step 352 Reward: 0.2844
[VLM Debug] Step 192 Reward: 0.2932
[VLM Debug] Step 32 Reward: 0.2798
[VLM Debug] Step 240 Reward: 0.2966
[VLM Debug] Step 368 Reward: 0.2944
[VLM Debug] Step 208 Reward: 0.2861
global_step=34976, episodic_return=60.209
[VLM Debug] Reset Reward Calculated: 0.2798
[VLM Debug] Step 48 Reward: 0.2815
[VLM Debug] Step 256 Reward: 0.2832
[VLM Debug] Step 384 Reward: 0.2886
[VLM Debug] Step 16 Reward: 0.2791
[VLM Debug] Step 64 Reward: 0.2881
[VLM Debug] Step 272 Reward: 0.2898
[VLM Debug] Step 400 Reward: 0.2947
[VLM Debug] Step 32 Reward: 0.2800
[VLM Debug] Step 80 Reward: 0.2869
[VLM Debug] Step 288 Reward: 0.2922
[VLM Debug] Step 416 Reward: 0.2861
[VLM Debug] Step 48 Reward: 0.2881
[VLM Debug] Step 96 Reward: 0.2900
[VLM Debug] Step 304 Reward: 0.2954
[VLM Debug] Step 432 Reward: 0.2866
[VLM Debug] Step 64 Reward: 0.2805
[VLM Debug] Step 112 Reward: 0.2905
[VLM Debug] Step 320 Reward: 0.2778
[VLM Debug] Step 448 Reward: 0.2859
[VLM Debug] Step 80 Reward: 0.2842
[VLM Debug] Step 128 Reward: 0.2957
[VLM Debug] Step 336 Reward: 0.2769
SPS: 978
[VLM Debug] Step 464 Reward: 0.2832
[VLM Debug] Step 96 Reward: 0.2852
[VLM Debug] Step 144 Reward: 0.2825
[VLM Debug] Step 352 Reward: 0.2825
[VLM Debug] Step 480 Reward: 0.2961
[VLM Debug] Step 112 Reward: 0.2764
global_step=35432, episodic_return=44.834
[VLM Debug] Reset Reward Calculated: 0.2751
[VLM Debug] Step 368 Reward: 0.2715
global_step=35460, episodic_return=106.820
[VLM Debug] Reset Reward Calculated: 0.2849
[VLM Debug] Step 496 Reward: 0.2920
global_step=35488, episodic_return=143.144
[VLM Debug] Step 128 Reward: 0.2820
[VLM Debug] Reset Reward Calculated: 0.2693
[VLM Debug] Step 16 Reward: 0.2744
[VLM Debug] Step 16 Reward: 0.2820
[VLM Debug] Step 144 Reward: 0.2837
[VLM Debug] Step 16 Reward: 0.2888
[VLM Debug] Step 32 Reward: 0.2759
[VLM Debug] Step 32 Reward: 0.2817
[VLM Debug] Step 160 Reward: 0.2830
[VLM Debug] Step 32 Reward: 0.2832
[VLM Debug] Step 48 Reward: 0.2798
[VLM Debug] Step 48 Reward: 0.2920
[VLM Debug] Step 176 Reward: 0.2942
[VLM Debug] Step 48 Reward: 0.2913
[VLM Debug] Step 64 Reward: 0.2788
[VLM Debug] Step 64 Reward: 0.2898
[VLM Debug] Step 192 Reward: 0.2832
[VLM Debug] Step 64 Reward: 0.2954
[VLM Debug] Step 80 Reward: 0.2832
[VLM Debug] Step 80 Reward: 0.2922
[VLM Debug] Step 208 Reward: 0.2893
[VLM Debug] Step 80 Reward: 0.2966
[VLM Debug] Step 96 Reward: 0.2883
SPS: 976
[VLM Debug] Step 96 Reward: 0.2922
[VLM Debug] Step 224 Reward: 0.2754
[VLM Debug] Step 96 Reward: 0.2866
[VLM Debug] Step 112 Reward: 0.2832
[VLM Debug] Step 112 Reward: 0.2898
[VLM Debug] Step 240 Reward: 0.2825
[VLM Debug] Step 112 Reward: 0.2820
[VLM Debug] Step 128 Reward: 0.2896
[VLM Debug] Step 128 Reward: 0.2878
[VLM Debug] Step 256 Reward: 0.2979
[VLM Debug] Step 128 Reward: 0.2803
[VLM Debug] Step 144 Reward: 0.2944
global_step=36020, episodic_return=73.631
[VLM Debug] Reset Reward Calculated: 0.2844
[VLM Debug] Step 144 Reward: 0.2864
[VLM Debug] Step 144 Reward: 0.2900
[VLM Debug] Step 160 Reward: 0.2771
[VLM Debug] Step 16 Reward: 0.2837
[VLM Debug] Step 160 Reward: 0.2800
[VLM Debug] Step 160 Reward: 0.2820
[VLM Debug] Step 176 Reward: 0.2854
[VLM Debug] Step 32 Reward: 0.2832
[VLM Debug] Step 176 Reward: 0.2844
[VLM Debug] Step 176 Reward: 0.2854
[VLM Debug] Step 192 Reward: 0.2832
[VLM Debug] Step 48 Reward: 0.2844
[VLM Debug] Step 192 Reward: 0.2810
[VLM Debug] Step 192 Reward: 0.2849
[VLM Debug] Step 208 Reward: 0.2881
[VLM Debug] Step 64 Reward: 0.2839
[VLM Debug] Step 208 Reward: 0.2937
[VLM Debug] Step 208 Reward: 0.2896
[VLM Debug] Step 224 Reward: 0.2871
[VLM Debug] Step 80 Reward: 0.2827
SPS: 976
[VLM Debug] Step 224 Reward: 0.2681
[VLM Debug] Step 224 Reward: 0.2874
[VLM Debug] Step 240 Reward: 0.2793
[VLM Debug] Step 96 Reward: 0.2854
[VLM Debug] Step 240 Reward: 0.2607
[VLM Debug] Step 240 Reward: 0.2927
[VLM Debug] Step 256 Reward: 0.2966
[VLM Debug] Step 112 Reward: 0.2922
[VLM Debug] Step 256 Reward: 0.2566
global_step=36496, episodic_return=73.235
[VLM Debug] Reset Reward Calculated: 0.2732
[VLM Debug] Step 256 Reward: 0.2830
[VLM Debug] Step 272 Reward: 0.2898
[VLM Debug] Step 128 Reward: 0.2866
[VLM Debug] Step 16 Reward: 0.2788
global_step=36572, episodic_return=77.342
[VLM Debug] Reset Reward Calculated: 0.2800
global_step=36584, episodic_return=81.475
[VLM Debug] Reset Reward Calculated: 0.2773
[VLM Debug] Step 144 Reward: 0.2878
[VLM Debug] Step 32 Reward: 0.2771
[VLM Debug] Step 16 Reward: 0.2842
[VLM Debug] Step 16 Reward: 0.2805
[VLM Debug] Step 160 Reward: 0.2937
[VLM Debug] Step 48 Reward: 0.2839
[VLM Debug] Step 32 Reward: 0.2795
[VLM Debug] Step 32 Reward: 0.2854
[VLM Debug] Step 176 Reward: 0.2688
[VLM Debug] Step 64 Reward: 0.2900
[VLM Debug] Step 48 Reward: 0.2844
[VLM Debug] Step 48 Reward: 0.2905
[VLM Debug] Step 192 Reward: 0.2888
[VLM Debug] Step 80 Reward: 0.2852
[VLM Debug] Step 64 Reward: 0.2974
[VLM Debug] Step 64 Reward: 0.2834
[VLM Debug] Step 208 Reward: 0.2812
SPS: 978
[VLM Debug] Step 96 Reward: 0.2891
[VLM Debug] Step 80 Reward: 0.2783
[VLM Debug] Step 80 Reward: 0.2832
[VLM Debug] Step 224 Reward: 0.2805
[VLM Debug] Step 112 Reward: 0.2781
[VLM Debug] Step 96 Reward: 0.2859
[VLM Debug] Step 96 Reward: 0.2900
[VLM Debug] Step 240 Reward: 0.2800
[VLM Debug] Step 128 Reward: 0.2849
[VLM Debug] Step 112 Reward: 0.2827
[VLM Debug] Step 112 Reward: 0.2930
[VLM Debug] Step 256 Reward: 0.2820
[VLM Debug] Step 144 Reward: 0.2859
[VLM Debug] Step 128 Reward: 0.2683
[VLM Debug] Step 128 Reward: 0.2949
[VLM Debug] Step 272 Reward: 0.2859
[VLM Debug] Step 160 Reward: 0.2357
[VLM Debug] Step 144 Reward: 0.2463
global_step=37152, episodic_return=45.888
[VLM Debug] Reset Reward Calculated: 0.2844
global_step=37156, episodic_return=40.865
[VLM Debug] Reset Reward Calculated: 0.2744
[VLM Debug] Step 144 Reward: 0.2876
[VLM Debug] Step 288 Reward: 0.2937
[VLM Debug] Step 16 Reward: 0.2847
[VLM Debug] Step 16 Reward: 0.2720
[VLM Debug] Step 160 Reward: 0.2878
[VLM Debug] Step 304 Reward: 0.2898
global_step=37264, episodic_return=48.457
[VLM Debug] Reset Reward Calculated: 0.2800
[VLM Debug] Step 32 Reward: 0.2854
[VLM Debug] Step 32 Reward: 0.2720
[VLM Debug] Step 320 Reward: 0.2881
[VLM Debug] Step 16 Reward: 0.2852
[VLM Debug] Step 48 Reward: 0.2795
[VLM Debug] Step 48 Reward: 0.2773
[VLM Debug] Step 336 Reward: 0.2793
SPS: 979
[VLM Debug] Step 32 Reward: 0.2781
[VLM Debug] Step 64 Reward: 0.2888
[VLM Debug] Step 64 Reward: 0.2839
[VLM Debug] Step 352 Reward: 0.2893
[VLM Debug] Step 48 Reward: 0.2844
[VLM Debug] Step 80 Reward: 0.2957
[VLM Debug] Step 80 Reward: 0.2834
[VLM Debug] Step 368 Reward: 0.2788
[VLM Debug] Step 64 Reward: 0.2761
[VLM Debug] Step 96 Reward: 0.2791
[VLM Debug] Step 96 Reward: 0.2891
[VLM Debug] Step 384 Reward: 0.2939
[VLM Debug] Step 80 Reward: 0.2869
[VLM Debug] Step 112 Reward: 0.2871
[VLM Debug] Step 112 Reward: 0.2900
[VLM Debug] Step 400 Reward: 0.2832
[VLM Debug] Step 96 Reward: 0.2852
[VLM Debug] Step 128 Reward: 0.2766
[VLM Debug] Step 128 Reward: 0.2878
[VLM Debug] Step 416 Reward: 0.2886
[VLM Debug] Step 112 Reward: 0.2874
[VLM Debug] Step 144 Reward: 0.2878
[VLM Debug] Step 144 Reward: 0.2927
[VLM Debug] Step 432 Reward: 0.2905
[VLM Debug] Step 128 Reward: 0.2891
[VLM Debug] Step 160 Reward: 0.2815
[VLM Debug] Step 160 Reward: 0.2744
[VLM Debug] Step 448 Reward: 0.2930
[VLM Debug] Step 144 Reward: 0.2905
[VLM Debug] Step 176 Reward: 0.2742
[VLM Debug] Step 176 Reward: 0.2830
[VLM Debug] Step 464 Reward: 0.2971
SPS: 977
[VLM Debug] Step 160 Reward: 0.2986
[VLM Debug] Step 192 Reward: 0.2759
[VLM Debug] Step 192 Reward: 0.2725
global_step=37940, episodic_return=54.897
[VLM Debug] Step 480 Reward: 0.2915
[VLM Debug] Reset Reward Calculated: 0.2864
[VLM Debug] Step 176 Reward: 0.2937
[VLM Debug] Step 208 Reward: 0.2900
global_step=37992, episodic_return=140.798
[VLM Debug] Reset Reward Calculated: 0.2827
[VLM Debug] Step 16 Reward: 0.2778
[VLM Debug] Step 192 Reward: 0.2703
[VLM Debug] Step 224 Reward: 0.2876
[VLM Debug] Step 16 Reward: 0.2859
[VLM Debug] Step 32 Reward: 0.2773
[VLM Debug] Step 208 Reward: 0.2876
[VLM Debug] Step 240 Reward: 0.3008
[VLM Debug] Step 32 Reward: 0.2888
[VLM Debug] Step 48 Reward: 0.2761
[VLM Debug] Step 224 Reward: 0.2708
[VLM Debug] Step 256 Reward: 0.2874
[VLM Debug] Step 48 Reward: 0.2891
[VLM Debug] Step 64 Reward: 0.2788
global_step=38208, episodic_return=74.960
[VLM Debug] Reset Reward Calculated: 0.2834
[VLM Debug] Step 240 Reward: 0.2966
[VLM Debug] Step 64 Reward: 0.2908
[VLM Debug] Step 80 Reward: 0.2798
[VLM Debug] Step 16 Reward: 0.2874
[VLM Debug] Step 256 Reward: 0.2998
[VLM Debug] Step 80 Reward: 0.2893
[VLM Debug] Step 96 Reward: 0.2866
[VLM Debug] Step 32 Reward: 0.2876
[VLM Debug] Step 272 Reward: 0.2812
[VLM Debug] Step 96 Reward: 0.2710
[VLM Debug] Step 112 Reward: 0.2856
SPS: 973
[VLM Debug] Step 48 Reward: 0.2893
[VLM Debug] Step 288 Reward: 0.2430
global_step=38432, episodic_return=82.954
[VLM Debug] Reset Reward Calculated: 0.2661
[VLM Debug] Step 112 Reward: 0.2891
[VLM Debug] Step 128 Reward: 0.2881
[VLM Debug] Step 64 Reward: 0.2788
[VLM Debug] Step 16 Reward: 0.2844
[VLM Debug] Step 128 Reward: 0.2617
global_step=38516, episodic_return=37.088
[VLM Debug] Reset Reward Calculated: 0.2778
[VLM Debug] Step 144 Reward: 0.2888
[VLM Debug] Step 80 Reward: 0.2896
[VLM Debug] Step 32 Reward: 0.2781
[VLM Debug] Step 16 Reward: 0.2834
[VLM Debug] Step 160 Reward: 0.2842
[VLM Debug] Step 96 Reward: 0.2947
[VLM Debug] Step 48 Reward: 0.2827
[VLM Debug] Step 32 Reward: 0.2932
[VLM Debug] Step 176 Reward: 0.2915
[VLM Debug] Step 112 Reward: 0.2993
[VLM Debug] Step 64 Reward: 0.2876
[VLM Debug] Step 48 Reward: 0.2815
[VLM Debug] Step 192 Reward: 0.2910
[VLM Debug] Step 128 Reward: 0.2959
global_step=38736, episodic_return=37.861
[VLM Debug] Reset Reward Calculated: 0.2820
[VLM Debug] Step 80 Reward: 0.2893
[VLM Debug] Step 64 Reward: 0.2749
[VLM Debug] Step 208 Reward: 0.2937
[VLM Debug] Step 16 Reward: 0.2847
[VLM Debug] Step 96 Reward: 0.2971
[VLM Debug] Step 80 Reward: 0.2949
[VLM Debug] Step 224 Reward: 0.2917
global_step=38852, episodic_return=64.654
[VLM Debug] Reset Reward Calculated: 0.2803
[VLM Debug] Step 32 Reward: 0.2898
[VLM Debug] Step 112 Reward: 0.2856
[VLM Debug] Step 96 Reward: 0.2969
SPS: 969
[VLM Debug] Step 16 Reward: 0.2788
[VLM Debug] Step 48 Reward: 0.2859
[VLM Debug] Step 128 Reward: 0.2959
[VLM Debug] Step 112 Reward: 0.2927
[VLM Debug] Step 32 Reward: 0.2861
[VLM Debug] Step 64 Reward: 0.2920
[VLM Debug] Step 144 Reward: 0.2881
[VLM Debug] Step 128 Reward: 0.2866
[VLM Debug] Step 48 Reward: 0.2915
[VLM Debug] Step 80 Reward: 0.2903
[VLM Debug] Step 160 Reward: 0.2808
[VLM Debug] Step 144 Reward: 0.2866
[VLM Debug] Step 64 Reward: 0.2864
[VLM Debug] Step 96 Reward: 0.2935
global_step=39128, episodic_return=49.344
[VLM Debug] Reset Reward Calculated: 0.2676
[VLM Debug] Step 160 Reward: 0.2915
[VLM Debug] Step 80 Reward: 0.2937
[VLM Debug] Step 112 Reward: 0.2971
global_step=39192, episodic_return=48.244
[VLM Debug] Step 16 Reward: 0.2834
[VLM Debug] Reset Reward Calculated: 0.2842
[VLM Debug] Step 96 Reward: 0.2869
[VLM Debug] Step 128 Reward: 0.2944
[VLM Debug] Step 32 Reward: 0.2800
[VLM Debug] Step 16 Reward: 0.2834
global_step=39268, episodic_return=38.233
[VLM Debug] Reset Reward Calculated: 0.2800
[VLM Debug] Step 112 Reward: 0.2896
[VLM Debug] Step 48 Reward: 0.2939
[VLM Debug] Step 32 Reward: 0.2827
[VLM Debug] Step 16 Reward: 0.2798
[VLM Debug] Step 128 Reward: 0.2910
[VLM Debug] Step 64 Reward: 0.2942
[VLM Debug] Step 48 Reward: 0.2864
[VLM Debug] Step 32 Reward: 0.2844
SPS: 966
[VLM Debug] Step 144 Reward: 0.2954
[VLM Debug] Step 80 Reward: 0.2747
[VLM Debug] Step 64 Reward: 0.2871
[VLM Debug] Step 48 Reward: 0.2793
[VLM Debug] Step 160 Reward: 0.2874
global_step=39512, episodic_return=47.231
[VLM Debug] Step 96 Reward: 0.2896
[VLM Debug] Step 80 Reward: 0.2854
[VLM Debug] Reset Reward Calculated: 0.2805
[VLM Debug] Step 64 Reward: 0.2844
[VLM Debug] Step 112 Reward: 0.2893
[VLM Debug] Step 96 Reward: 0.3005
[VLM Debug] Step 16 Reward: 0.2805
[VLM Debug] Step 80 Reward: 0.2815
[VLM Debug] Step 128 Reward: 0.2896
[VLM Debug] Step 112 Reward: 0.2913
[VLM Debug] Step 32 Reward: 0.2839
[VLM Debug] Step 96 Reward: 0.2842
[VLM Debug] Step 144 Reward: 0.2837
[VLM Debug] Step 128 Reward: 0.2954
[VLM Debug] Step 48 Reward: 0.2825
[VLM Debug] Step 112 Reward: 0.2817
[VLM Debug] Step 160 Reward: 0.2861
[VLM Debug] Step 144 Reward: 0.2893
[VLM Debug] Step 64 Reward: 0.2930
[VLM Debug] Step 128 Reward: 0.2900
[VLM Debug] Step 176 Reward: 0.2849
[VLM Debug] Step 160 Reward: 0.2908
[VLM Debug] Step 80 Reward: 0.2922
[VLM Debug] Step 144 Reward: 0.2820
[VLM Debug] Step 192 Reward: 0.2937
[VLM Debug] Step 176 Reward: 0.2791
[VLM Debug] Step 96 Reward: 0.2917
[VLM Debug] Step 160 Reward: 0.2830
SPS: 963
[VLM Debug] Step 208 Reward: 0.2866
[VLM Debug] Step 192 Reward: 0.2910
[VLM Debug] Step 112 Reward: 0.2847
[VLM Debug] Step 176 Reward: 0.2856
[VLM Debug] Step 224 Reward: 0.2874
[VLM Debug] Step 208 Reward: 0.2878
[VLM Debug] Step 128 Reward: 0.2852
[VLM Debug] Step 192 Reward: 0.2759
[VLM Debug] Step 240 Reward: 0.2874
[VLM Debug] Step 224 Reward: 0.2920
[VLM Debug] Step 144 Reward: 0.2869
[VLM Debug] Step 208 Reward: 0.2837
[VLM Debug] Step 256 Reward: 0.2974
[VLM Debug] Step 240 Reward: 0.2913
[VLM Debug] Step 160 Reward: 0.2720
[VLM Debug] Step 224 Reward: 0.2874
global_step=40172, episodic_return=46.857
[VLM Debug] Reset Reward Calculated: 0.2771
[VLM Debug] Step 272 Reward: 0.2998
[VLM Debug] Step 256 Reward: 0.2888
[VLM Debug] Step 240 Reward: 0.2812
[VLM Debug] Step 16 Reward: 0.2817
[VLM Debug] Step 288 Reward: 0.2881
[VLM Debug] Step 272 Reward: 0.2949
[VLM Debug] Step 256 Reward: 0.2964
[VLM Debug] Step 32 Reward: 0.2842
global_step=40344, episodic_return=75.960
[VLM Debug] Step 304 Reward: 0.2959
[VLM Debug] Reset Reward Calculated: 0.2808
[VLM Debug] Step 288 Reward: 0.2898
[VLM Debug] Step 48 Reward: 0.2744
[VLM Debug] Step 320 Reward: 0.2937
[VLM Debug] Step 16 Reward: 0.2852
[VLM Debug] Step 304 Reward: 0.2837
[VLM Debug] Step 64 Reward: 0.2646
SPS: 959
[VLM Debug] Step 336 Reward: 0.2935
[VLM Debug] Step 32 Reward: 0.2659
[VLM Debug] Step 320 Reward: 0.2910
[VLM Debug] Step 80 Reward: 0.2659
global_step=40500, episodic_return=98.537
[VLM Debug] Reset Reward Calculated: 0.2788
[VLM Debug] Step 48 Reward: 0.2793
[VLM Debug] Step 336 Reward: 0.2737
[VLM Debug] Step 96 Reward: 0.2808
[VLM Debug] Step 16 Reward: 0.2808
[VLM Debug] Step 64 Reward: 0.2761
[VLM Debug] Step 352 Reward: 0.2878
[VLM Debug] Step 112 Reward: 0.2874
[VLM Debug] Step 32 Reward: 0.2791
[VLM Debug] Step 80 Reward: 0.2874
[VLM Debug] Step 368 Reward: 0.2834
[VLM Debug] Step 128 Reward: 0.2883
[VLM Debug] Step 48 Reward: 0.2896
global_step=40712, episodic_return=109.156
[VLM Debug] Reset Reward Calculated: 0.2788
[VLM Debug] Step 96 Reward: 0.2935
[VLM Debug] Step 144 Reward: 0.2925
[VLM Debug] Step 64 Reward: 0.2925
[VLM Debug] Step 16 Reward: 0.2891
[VLM Debug] Step 112 Reward: 0.2952
[VLM Debug] Step 160 Reward: 0.2791
[VLM Debug] Step 80 Reward: 0.2903
[VLM Debug] Step 32 Reward: 0.2937
[VLM Debug] Step 128 Reward: 0.2939
[VLM Debug] Step 176 Reward: 0.2842
[VLM Debug] Step 96 Reward: 0.2852
[VLM Debug] Step 48 Reward: 0.2920
[VLM Debug] Step 144 Reward: 0.2957
[VLM Debug] Step 192 Reward: 0.2893
[VLM Debug] Step 112 Reward: 0.2869
SPS: 957
[VLM Debug] Step 64 Reward: 0.2883
[VLM Debug] Step 160 Reward: 0.2871
[VLM Debug] Step 208 Reward: 0.2842
[VLM Debug] Step 128 Reward: 0.2769
[VLM Debug] Step 80 Reward: 0.2910
[VLM Debug] Step 176 Reward: 0.2861
[VLM Debug] Step 224 Reward: 0.2812
global_step=41072, episodic_return=51.674
[VLM Debug] Reset Reward Calculated: 0.2808
[VLM Debug] Step 144 Reward: 0.2847
[VLM Debug] Step 96 Reward: 0.2854
[VLM Debug] Step 240 Reward: 0.2888
[VLM Debug] Step 16 Reward: 0.2866
[VLM Debug] Step 160 Reward: 0.2903
[VLM Debug] Step 112 Reward: 0.2827
[VLM Debug] Step 256 Reward: 0.2830
[VLM Debug] Step 32 Reward: 0.2832
[VLM Debug] Step 176 Reward: 0.2681
global_step=41216, episodic_return=35.972
[VLM Debug] Reset Reward Calculated: 0.2776
global_step=41240, episodic_return=74.894
[VLM Debug] Reset Reward Calculated: 0.2791
[VLM Debug] Step 48 Reward: 0.2842
[VLM Debug] Step 192 Reward: 0.2869
[VLM Debug] Step 16 Reward: 0.2817
[VLM Debug] Step 16 Reward: 0.2773
[VLM Debug] Step 64 Reward: 0.2903
[VLM Debug] Step 208 Reward: 0.2219
[VLM Debug] Step 32 Reward: 0.2910
global_step=41348, episodic_return=59.644
[VLM Debug] Reset Reward Calculated: 0.2800
[VLM Debug] Step 32 Reward: 0.2852
[VLM Debug] Step 80 Reward: 0.2891
[VLM Debug] Step 48 Reward: 0.2869
[VLM Debug] Step 16 Reward: 0.2854
[VLM Debug] Step 48 Reward: 0.2849
[VLM Debug] Step 96 Reward: 0.2869
SPS: 951
[VLM Debug] Step 64 Reward: 0.2844
[VLM Debug] Step 32 Reward: 0.2920
[VLM Debug] Step 64 Reward: 0.2891
[VLM Debug] Step 112 Reward: 0.2827
[VLM Debug] Step 80 Reward: 0.2817
[VLM Debug] Step 48 Reward: 0.2749
[VLM Debug] Step 80 Reward: 0.2969
[VLM Debug] Step 128 Reward: 0.2878
[VLM Debug] Step 96 Reward: 0.2939
[VLM Debug] Step 64 Reward: 0.2891
[VLM Debug] Step 96 Reward: 0.2900
[VLM Debug] Step 144 Reward: 0.2913
[VLM Debug] Step 112 Reward: 0.2925
[VLM Debug] Step 80 Reward: 0.2864
[VLM Debug] Step 112 Reward: 0.2905
[VLM Debug] Step 160 Reward: 0.2903
[VLM Debug] Step 128 Reward: 0.2922
[VLM Debug] Step 96 Reward: 0.2881
global_step=41744, episodic_return=47.846
[VLM Debug] Reset Reward Calculated: 0.2793
[VLM Debug] Step 128 Reward: 0.2930
[VLM Debug] Step 144 Reward: 0.2546
[VLM Debug] Step 112 Reward: 0.2888
global_step=41804, episodic_return=41.799
[VLM Debug] Reset Reward Calculated: 0.2803
[VLM Debug] Step 16 Reward: 0.2676
[VLM Debug] Step 144 Reward: 0.2791
global_step=41836, episodic_return=42.491
[VLM Debug] Reset Reward Calculated: 0.2793
[VLM Debug] Step 128 Reward: 0.2822
[VLM Debug] Step 16 Reward: 0.2773
[VLM Debug] Step 32 Reward: 0.2852
[VLM Debug] Step 16 Reward: 0.2810
[VLM Debug] Step 144 Reward: 0.2749
[VLM Debug] Step 32 Reward: 0.2849
[VLM Debug] Step 48 Reward: 0.2917
global_step=41940, episodic_return=41.890
[VLM Debug] Reset Reward Calculated: 0.2793
[VLM Debug] Step 32 Reward: 0.2910
SPS: 949
[VLM Debug] Step 48 Reward: 0.2754
[VLM Debug] Step 64 Reward: 0.2881
[VLM Debug] Step 16 Reward: 0.2646
[VLM Debug] Step 48 Reward: 0.2959
[VLM Debug] Step 64 Reward: 0.2917
[VLM Debug] Step 80 Reward: 0.2935
[VLM Debug] Step 32 Reward: 0.2810
[VLM Debug] Step 64 Reward: 0.2917
[VLM Debug] Step 80 Reward: 0.2991
[VLM Debug] Step 96 Reward: 0.2939
[VLM Debug] Step 48 Reward: 0.2827
[VLM Debug] Step 80 Reward: 0.2871
[VLM Debug] Step 96 Reward: 0.2932
[VLM Debug] Step 112 Reward: 0.2947
[VLM Debug] Step 64 Reward: 0.2827
[VLM Debug] Step 96 Reward: 0.2966
[VLM Debug] Step 112 Reward: 0.2798
[VLM Debug] Step 128 Reward: 0.2910
[VLM Debug] Step 80 Reward: 0.2817
[VLM Debug] Step 112 Reward: 0.2922
[VLM Debug] Step 128 Reward: 0.2756
[VLM Debug] Step 144 Reward: 0.2878
[VLM Debug] Step 96 Reward: 0.2913
global_step=42344, episodic_return=36.468
[VLM Debug] Reset Reward Calculated: 0.2803
global_step=42348, episodic_return=43.095
[VLM Debug] Reset Reward Calculated: 0.2810
[VLM Debug] Step 144 Reward: 0.2852
[VLM Debug] Step 112 Reward: 0.2778
[VLM Debug] Step 16 Reward: 0.2812
[VLM Debug] Step 16 Reward: 0.2761
[VLM Debug] Step 160 Reward: 0.2915
[VLM Debug] Step 128 Reward: 0.2776
[VLM Debug] Step 32 Reward: 0.2854
[VLM Debug] Step 32 Reward: 0.2859
SPS: 951
[VLM Debug] Step 176 Reward: 0.2698
[VLM Debug] Step 144 Reward: 0.2854
[VLM Debug] Step 48 Reward: 0.2957
[VLM Debug] Step 48 Reward: 0.2847
[VLM Debug] Step 192 Reward: 0.2917
[VLM Debug] Step 160 Reward: 0.2900
[VLM Debug] Step 64 Reward: 0.2913
[VLM Debug] Step 64 Reward: 0.2866
[VLM Debug] Step 208 Reward: 0.2964
[VLM Debug] Step 176 Reward: 0.2920
[VLM Debug] Step 80 Reward: 0.2778
[VLM Debug] Step 80 Reward: 0.2883
[VLM Debug] Step 224 Reward: 0.2871
[VLM Debug] Step 192 Reward: 0.3013
[VLM Debug] Step 96 Reward: 0.2749
[VLM Debug] Step 96 Reward: 0.2969
[VLM Debug] Step 240 Reward: 0.2866
[VLM Debug] Step 208 Reward: 0.2932
[VLM Debug] Step 112 Reward: 0.2939
[VLM Debug] Step 112 Reward: 0.2925
[VLM Debug] Step 256 Reward: 0.2876
global_step=42836, episodic_return=63.412
[VLM Debug] Reset Reward Calculated: 0.2817
[VLM Debug] Step 128 Reward: 0.2888
[VLM Debug] Step 128 Reward: 0.2910
[VLM Debug] Step 272 Reward: 0.2935
[VLM Debug] Step 16 Reward: 0.2793
[VLM Debug] Step 144 Reward: 0.2827
[VLM Debug] Step 144 Reward: 0.2864
[VLM Debug] Step 288 Reward: 0.2866
[VLM Debug] Step 32 Reward: 0.2822
[VLM Debug] Step 160 Reward: 0.2952
[VLM Debug] Step 160 Reward: 0.2935
SPS: 953
[VLM Debug] Step 304 Reward: 0.2952
[VLM Debug] Step 48 Reward: 0.2869
[VLM Debug] Step 176 Reward: 0.2881
[VLM Debug] Step 176 Reward: 0.2603
[VLM Debug] Step 320 Reward: 0.2903
[VLM Debug] Step 64 Reward: 0.2817
global_step=43096, episodic_return=53.187
[VLM Debug] Reset Reward Calculated: 0.2817
[VLM Debug] Step 192 Reward: 0.2891
global_step=43144, episodic_return=56.997
[VLM Debug] Reset Reward Calculated: 0.2781
[VLM Debug] Step 336 Reward: 0.2861
[VLM Debug] Step 80 Reward: 0.2854
[VLM Debug] Step 16 Reward: 0.2737
global_step=43168, episodic_return=97.451
[VLM Debug] Reset Reward Calculated: 0.2773
[VLM Debug] Step 16 Reward: 0.2854
[VLM Debug] Step 96 Reward: 0.2869
[VLM Debug] Step 32 Reward: 0.2878
[VLM Debug] Step 16 Reward: 0.2849
[VLM Debug] Step 32 Reward: 0.2817
[VLM Debug] Step 112 Reward: 0.2925
[VLM Debug] Step 48 Reward: 0.2871
[VLM Debug] Step 32 Reward: 0.2805
[VLM Debug] Step 48 Reward: 0.2896
[VLM Debug] Step 128 Reward: 0.2896
[VLM Debug] Step 64 Reward: 0.2839
[VLM Debug] Step 48 Reward: 0.2881
[VLM Debug] Step 64 Reward: 0.2756
[VLM Debug] Step 144 Reward: 0.2920
[VLM Debug] Step 80 Reward: 0.2917
[VLM Debug] Step 64 Reward: 0.2917
[VLM Debug] Step 80 Reward: 0.2932
[VLM Debug] Step 160 Reward: 0.2874
[VLM Debug] Step 96 Reward: 0.2937
[VLM Debug] Step 80 Reward: 0.2910
SPS: 954
[VLM Debug] Step 96 Reward: 0.2913
[VLM Debug] Step 176 Reward: 0.2927
[VLM Debug] Step 112 Reward: 0.2886
[VLM Debug] Step 96 Reward: 0.2891
[VLM Debug] Step 112 Reward: 0.2964
[VLM Debug] Step 192 Reward: 0.2844
[VLM Debug] Step 128 Reward: 0.2839
[VLM Debug] Step 112 Reward: 0.2896
[VLM Debug] Step 128 Reward: 0.2969
[VLM Debug] Step 208 Reward: 0.2915
[VLM Debug] Step 144 Reward: 0.2871
[VLM Debug] Step 128 Reward: 0.2903
[VLM Debug] Step 144 Reward: 0.2925
[VLM Debug] Step 224 Reward: 0.2881
[VLM Debug] Step 160 Reward: 0.2800
[VLM Debug] Step 144 Reward: 0.2910
[VLM Debug] Step 160 Reward: 0.2871
[VLM Debug] Step 240 Reward: 0.2791
[VLM Debug] Step 176 Reward: 0.2844
[VLM Debug] Step 160 Reward: 0.2842
global_step=43820, episodic_return=51.371
[VLM Debug] Reset Reward Calculated: 0.2810
[VLM Debug] Step 176 Reward: 0.2622
[VLM Debug] Step 256 Reward: 0.2710
[VLM Debug] Step 176 Reward: 0.2856
global_step=43876, episodic_return=52.241
[VLM Debug] Reset Reward Calculated: 0.2830
[VLM Debug] Step 16 Reward: 0.2805
global_step=43920, episodic_return=53.674
[VLM Debug] Reset Reward Calculated: 0.2820
[VLM Debug] Step 272 Reward: 0.2771
[VLM Debug] Step 16 Reward: 0.2761
[VLM Debug] Step 32 Reward: 0.2837
[VLM Debug] Step 16 Reward: 0.2822
[VLM Debug] Step 288 Reward: 0.2871
[VLM Debug] Step 32 Reward: 0.2854
[VLM Debug] Step 48 Reward: 0.2896
SPS: 956
[VLM Debug] Step 32 Reward: 0.2888
[VLM Debug] Step 304 Reward: 0.2522
global_step=44056, episodic_return=86.635
[VLM Debug] Reset Reward Calculated: 0.2800
[VLM Debug] Step 48 Reward: 0.2847
[VLM Debug] Step 64 Reward: 0.2893
[VLM Debug] Step 48 Reward: 0.2644
[VLM Debug] Step 16 Reward: 0.2812
[VLM Debug] Step 64 Reward: 0.2922
[VLM Debug] Step 80 Reward: 0.2930
[VLM Debug] Step 64 Reward: 0.2891
[VLM Debug] Step 32 Reward: 0.2859
[VLM Debug] Step 80 Reward: 0.2903
[VLM Debug] Step 96 Reward: 0.2927
[VLM Debug] Step 80 Reward: 0.2766
[VLM Debug] Step 48 Reward: 0.2869
[VLM Debug] Step 96 Reward: 0.2859
[VLM Debug] Step 112 Reward: 0.2793
[VLM Debug] Step 96 Reward: 0.2959
[VLM Debug] Step 64 Reward: 0.2783
[VLM Debug] Step 112 Reward: 0.2722
[VLM Debug] Step 128 Reward: 0.2800
[VLM Debug] Step 112 Reward: 0.2932
[VLM Debug] Step 80 Reward: 0.2883
[VLM Debug] Step 128 Reward: 0.2903
[VLM Debug] Step 144 Reward: 0.2793
[VLM Debug] Step 128 Reward: 0.2954
[VLM Debug] Step 96 Reward: 0.2810
[VLM Debug] Step 144 Reward: 0.2495
[VLM Debug] Step 160 Reward: 0.2761
global_step=44468, episodic_return=41.676
[VLM Debug] Reset Reward Calculated: 0.2800
[VLM Debug] Step 144 Reward: 0.2842
[VLM Debug] Step 112 Reward: 0.2898
[VLM Debug] Step 176 Reward: 0.2881
global_step=44532, episodic_return=43.358
[VLM Debug] Reset Reward Calculated: 0.2686
[VLM Debug] Step 16 Reward: 0.2866
SPS: 957
[VLM Debug] Step 128 Reward: 0.2993
[VLM Debug] Step 192 Reward: 0.2698
[VLM Debug] Step 16 Reward: 0.2754
[VLM Debug] Step 32 Reward: 0.2920
[VLM Debug] Step 144 Reward: 0.2886
[VLM Debug] Step 208 Reward: 0.2917
[VLM Debug] Step 32 Reward: 0.2791
[VLM Debug] Step 48 Reward: 0.2903
[VLM Debug] Step 160 Reward: 0.2878
[VLM Debug] Step 224 Reward: 0.2864
[VLM Debug] Step 48 Reward: 0.2852
[VLM Debug] Step 64 Reward: 0.2927
global_step=44756, episodic_return=49.788
[VLM Debug] Reset Reward Calculated: 0.2847
[VLM Debug] Step 240 Reward: 0.2991
[VLM Debug] Step 64 Reward: 0.2888
[VLM Debug] Step 80 Reward: 0.2888
[VLM Debug] Step 16 Reward: 0.2883
[VLM Debug] Step 256 Reward: 0.2471
[VLM Debug] Step 80 Reward: 0.2795
[VLM Debug] Step 96 Reward: 0.2920
[VLM Debug] Step 32 Reward: 0.2893
[VLM Debug] Step 272 Reward: 0.2764
[VLM Debug] Step 96 Reward: 0.2820
[VLM Debug] Step 112 Reward: 0.2874
[VLM Debug] Step 48 Reward: 0.2859
global_step=44972, episodic_return=81.047
[VLM Debug] Reset Reward Calculated: 0.2822
[VLM Debug] Step 112 Reward: 0.2878
[VLM Debug] Step 128 Reward: 0.2515
global_step=44992, episodic_return=37.431
[VLM Debug] Reset Reward Calculated: 0.2742
[VLM Debug] Step 64 Reward: 0.2883
[VLM Debug] Step 16 Reward: 0.2676
[VLM Debug] Step 128 Reward: 0.2764
SPS: 959
[VLM Debug] Step 16 Reward: 0.2795
[VLM Debug] Step 80 Reward: 0.2861
[VLM Debug] Step 32 Reward: 0.2737
[VLM Debug] Step 144 Reward: 0.2930
[VLM Debug] Step 32 Reward: 0.2898
[VLM Debug] Step 96 Reward: 0.2856
[VLM Debug] Step 48 Reward: 0.2798
[VLM Debug] Step 160 Reward: 0.2856
[VLM Debug] Step 48 Reward: 0.2966
[VLM Debug] Step 112 Reward: 0.2974
[VLM Debug] Step 64 Reward: 0.2869
[VLM Debug] Step 176 Reward: 0.2844
[VLM Debug] Step 64 Reward: 0.2876
[VLM Debug] Step 128 Reward: 0.2844
[VLM Debug] Step 80 Reward: 0.2732
[VLM Debug] Step 192 Reward: 0.2815
global_step=45308, episodic_return=39.450
[VLM Debug] Reset Reward Calculated: 0.2793
[VLM Debug] Step 80 Reward: 0.2896
[VLM Debug] Step 96 Reward: 0.2803
[VLM Debug] Step 208 Reward: 0.2927
[VLM Debug] Step 16 Reward: 0.2852
[VLM Debug] Step 96 Reward: 0.2588
[VLM Debug] Step 112 Reward: 0.2844
[VLM Debug] Step 224 Reward: 0.2966
[VLM Debug] Step 32 Reward: 0.2764
[VLM Debug] Step 112 Reward: 0.2869
global_step=45476, episodic_return=66.650
[VLM Debug] Reset Reward Calculated: 0.2817
[VLM Debug] Step 128 Reward: 0.2808
[VLM Debug] Step 48 Reward: 0.2844
[VLM Debug] Step 128 Reward: 0.2861
[VLM Debug] Step 16 Reward: 0.2798
[VLM Debug] Step 144 Reward: 0.2852
[VLM Debug] Step 64 Reward: 0.2908
SPS: 957
[VLM Debug] Step 144 Reward: 0.2954
[VLM Debug] Step 32 Reward: 0.2737
[VLM Debug] Step 160 Reward: 0.2827
[VLM Debug] Step 80 Reward: 0.2842
[VLM Debug] Step 160 Reward: 0.2947
[VLM Debug] Step 48 Reward: 0.2781
[VLM Debug] Step 176 Reward: 0.2971
global_step=45680, episodic_return=48.774
[VLM Debug] Reset Reward Calculated: 0.2805
[VLM Debug] Step 96 Reward: 0.2869
[VLM Debug] Step 64 Reward: 0.2854
[VLM Debug] Step 192 Reward: 0.2883
[VLM Debug] Step 16 Reward: 0.2854
[VLM Debug] Step 112 Reward: 0.2749
[VLM Debug] Step 80 Reward: 0.2891
[VLM Debug] Step 208 Reward: 0.2754
[VLM Debug] Step 32 Reward: 0.2893
[VLM Debug] Step 128 Reward: 0.2969
[VLM Debug] Step 96 Reward: 0.2859
[VLM Debug] Step 224 Reward: 0.2896
[VLM Debug] Step 48 Reward: 0.2942
[VLM Debug] Step 144 Reward: 0.2869
[VLM Debug] Step 112 Reward: 0.2776
[VLM Debug] Step 240 Reward: 0.2917
[VLM Debug] Step 64 Reward: 0.2927
[VLM Debug] Step 160 Reward: 0.2869
[VLM Debug] Step 128 Reward: 0.2834
[VLM Debug] Step 256 Reward: 0.2830
[VLM Debug] Step 80 Reward: 0.2847
[VLM Debug] Step 176 Reward: 0.2791
[VLM Debug] Step 144 Reward: 0.2864
[VLM Debug] Step 272 Reward: 0.2842
[VLM Debug] Step 96 Reward: 0.2939
[VLM Debug] Step 192 Reward: 0.2915
SPS: 953
[VLM Debug] Step 160 Reward: 0.2925
[VLM Debug] Step 288 Reward: 0.2874
[VLM Debug] Step 112 Reward: 0.2969
global_step=46132, episodic_return=58.388
[VLM Debug] Reset Reward Calculated: 0.2788
[VLM Debug] Step 176 Reward: 0.2734
[VLM Debug] Step 304 Reward: 0.2932
[VLM Debug] Step 128 Reward: 0.2268
global_step=46196, episodic_return=37.028
[VLM Debug] Step 16 Reward: 0.2834
[VLM Debug] Reset Reward Calculated: 0.2737
[VLM Debug] Step 192 Reward: 0.2935
[VLM Debug] Step 320 Reward: 0.2915
[VLM Debug] Step 32 Reward: 0.2898
[VLM Debug] Step 16 Reward: 0.2732
[VLM Debug] Step 208 Reward: 0.2881
[VLM Debug] Step 336 Reward: 0.2949
[VLM Debug] Step 48 Reward: 0.2830
[VLM Debug] Step 32 Reward: 0.2837
[VLM Debug] Step 224 Reward: 0.2771
[VLM Debug] Step 352 Reward: 0.2416
[VLM Debug] Step 64 Reward: 0.2871
[VLM Debug] Step 48 Reward: 0.2910
global_step=46396, episodic_return=100.731
[VLM Debug] Reset Reward Calculated: 0.2825
[VLM Debug] Step 240 Reward: 0.3040
[VLM Debug] Step 80 Reward: 0.2859
[VLM Debug] Step 64 Reward: 0.2954
[VLM Debug] Step 16 Reward: 0.2874
[VLM Debug] Step 256 Reward: 0.2913
[VLM Debug] Step 96 Reward: 0.2954
[VLM Debug] Step 80 Reward: 0.2842
[VLM Debug] Step 32 Reward: 0.2842
global_step=46528, episodic_return=74.550
[VLM Debug] Reset Reward Calculated: 0.2817
[VLM Debug] Step 112 Reward: 0.2944
[VLM Debug] Step 96 Reward: 0.2922
[VLM Debug] Step 48 Reward: 0.2910
SPS: 948
[VLM Debug] Step 16 Reward: 0.2869
[VLM Debug] Step 128 Reward: 0.2922
[VLM Debug] Step 112 Reward: 0.2925
[VLM Debug] Step 64 Reward: 0.2944
[VLM Debug] Step 32 Reward: 0.2881
[VLM Debug] Step 144 Reward: 0.2878
[VLM Debug] Step 128 Reward: 0.2859
[VLM Debug] Step 80 Reward: 0.2810
[VLM Debug] Step 48 Reward: 0.2874
[VLM Debug] Step 160 Reward: 0.2849
[VLM Debug] Step 144 Reward: 0.2817
[VLM Debug] Step 96 Reward: 0.2893
[VLM Debug] Step 64 Reward: 0.2891
[VLM Debug] Step 176 Reward: 0.2891
[VLM Debug] Step 160 Reward: 0.2512
[VLM Debug] Step 112 Reward: 0.2871
[VLM Debug] Step 80 Reward: 0.2793
global_step=46852, episodic_return=46.387
[VLM Debug] Reset Reward Calculated: 0.2766
[VLM Debug] Step 192 Reward: 0.2839
[VLM Debug] Step 128 Reward: 0.2815
[VLM Debug] Step 96 Reward: 0.2756
[VLM Debug] Step 16 Reward: 0.2847
[VLM Debug] Step 208 Reward: 0.2759
[VLM Debug] Step 144 Reward: 0.2438
[VLM Debug] Step 112 Reward: 0.2910
[VLM Debug] Step 32 Reward: 0.2903
global_step=47024, episodic_return=35.019
[VLM Debug] Reset Reward Calculated: 0.2661
[VLM Debug] Step 224 Reward: 0.2913
[VLM Debug] Step 160 Reward: 0.2576
global_step=47044, episodic_return=45.387
[VLM Debug] Reset Reward Calculated: 0.2852
[VLM Debug] Step 48 Reward: 0.2881
[VLM Debug] Step 16 Reward: 0.2800
[VLM Debug] Step 240 Reward: 0.2881
SPS: 946
[VLM Debug] Step 16 Reward: 0.2871
[VLM Debug] Step 64 Reward: 0.2766
[VLM Debug] Step 32 Reward: 0.2849
[VLM Debug] Step 256 Reward: 0.2839
[VLM Debug] Step 32 Reward: 0.2871
[VLM Debug] Step 80 Reward: 0.2920
[VLM Debug] Step 48 Reward: 0.2866
[VLM Debug] Step 272 Reward: 0.2905
[VLM Debug] Step 48 Reward: 0.2847
[VLM Debug] Step 96 Reward: 0.2883
[VLM Debug] Step 64 Reward: 0.2793
[VLM Debug] Step 288 Reward: 0.2954
[VLM Debug] Step 64 Reward: 0.2808
[VLM Debug] Step 112 Reward: 0.2795
global_step=47316, episodic_return=84.733
[VLM Debug] Reset Reward Calculated: 0.2773
[VLM Debug] Step 80 Reward: 0.2771
global_step=47356, episodic_return=35.582
[VLM Debug] Reset Reward Calculated: 0.2800
[VLM Debug] Step 80 Reward: 0.2869
[VLM Debug] Step 16 Reward: 0.2788
[VLM Debug] Step 96 Reward: 0.2839
[VLM Debug] Step 16 Reward: 0.2773
[VLM Debug] Step 96 Reward: 0.2793
[VLM Debug] Step 32 Reward: 0.2842
[VLM Debug] Step 112 Reward: 0.2971
[VLM Debug] Step 32 Reward: 0.2874
[VLM Debug] Step 112 Reward: 0.2859
[VLM Debug] Step 48 Reward: 0.2942
[VLM Debug] Step 128 Reward: 0.2786
[VLM Debug] Step 48 Reward: 0.2878
[VLM Debug] Step 128 Reward: 0.2910
[VLM Debug] Step 64 Reward: 0.2881
[VLM Debug] Step 144 Reward: 0.2888
[VLM Debug] Step 64 Reward: 0.2925
SPS: 945
[VLM Debug] Step 144 Reward: 0.2898
[VLM Debug] Step 80 Reward: 0.2849
[VLM Debug] Step 160 Reward: 0.2898
[VLM Debug] Step 80 Reward: 0.2881
[VLM Debug] Step 160 Reward: 0.2874
[VLM Debug] Step 96 Reward: 0.2952
global_step=47728, episodic_return=48.598
[VLM Debug] Reset Reward Calculated: 0.2646
[VLM Debug] Step 176 Reward: 0.2942
[VLM Debug] Step 96 Reward: 0.2900
[VLM Debug] Step 112 Reward: 0.2878
[VLM Debug] Step 16 Reward: 0.2686
[VLM Debug] Step 192 Reward: 0.2910
[VLM Debug] Step 112 Reward: 0.2900
[VLM Debug] Step 128 Reward: 0.2942
[VLM Debug] Step 32 Reward: 0.2773
[VLM Debug] Step 208 Reward: 0.2976
[VLM Debug] Step 128 Reward: 0.2959
[VLM Debug] Step 144 Reward: 0.2913
[VLM Debug] Step 48 Reward: 0.2781
[VLM Debug] Step 224 Reward: 0.2854
[VLM Debug] Step 144 Reward: 0.2930
global_step=47952, episodic_return=65.939
[VLM Debug] Reset Reward Calculated: 0.2756
[VLM Debug] Step 160 Reward: 0.2927
global_step=47976, episodic_return=44.368
[VLM Debug] Reset Reward Calculated: 0.2820
[VLM Debug] Step 64 Reward: 0.2820
[VLM Debug] Step 16 Reward: 0.2776
[VLM Debug] Step 176 Reward: 0.2830
[VLM Debug] Step 16 Reward: 0.2822
[VLM Debug] Step 80 Reward: 0.2847
global_step=48060, episodic_return=53.251
[VLM Debug] Reset Reward Calculated: 0.2783
[VLM Debug] Step 32 Reward: 0.2805
[VLM Debug] Step 32 Reward: 0.2915
[VLM Debug] Step 96 Reward: 0.2871
[VLM Debug] Step 16 Reward: 0.2812
SPS: 941
[VLM Debug] Step 48 Reward: 0.2861
[VLM Debug] Step 48 Reward: 0.2759
[VLM Debug] Step 112 Reward: 0.2908
[VLM Debug] Step 32 Reward: 0.2864
[VLM Debug] Step 64 Reward: 0.2966
[VLM Debug] Step 64 Reward: 0.2896
[VLM Debug] Step 128 Reward: 0.2969
[VLM Debug] Step 48 Reward: 0.2886
[VLM Debug] Step 80 Reward: 0.2900
[VLM Debug] Step 80 Reward: 0.2839
[VLM Debug] Step 144 Reward: 0.2869
[VLM Debug] Step 64 Reward: 0.2922
[VLM Debug] Step 96 Reward: 0.2866
[VLM Debug] Step 96 Reward: 0.2922
[VLM Debug] Step 160 Reward: 0.2937
[VLM Debug] Step 80 Reward: 0.2876
[VLM Debug] Step 112 Reward: 0.2939
[VLM Debug] Step 112 Reward: 0.2949
[VLM Debug] Step 176 Reward: 0.2788
[VLM Debug] Step 96 Reward: 0.2837
[VLM Debug] Step 128 Reward: 0.2834
[VLM Debug] Step 128 Reward: 0.2932
[VLM Debug] Step 192 Reward: 0.3000
[VLM Debug] Step 112 Reward: 0.2922
[VLM Debug] Step 144 Reward: 0.2886
[VLM Debug] Step 144 Reward: 0.2876
[VLM Debug] Step 208 Reward: 0.2761
[VLM Debug] Step 128 Reward: 0.2798
[VLM Debug] Step 160 Reward: 0.2725
[VLM Debug] Step 160 Reward: 0.2903
[VLM Debug] Step 224 Reward: 0.2678
[VLM Debug] Step 144 Reward: 0.2710
SPS: 936
global_step=48656, episodic_return=65.327
[VLM Debug] Reset Reward Calculated: 0.2793
[VLM Debug] Step 176 Reward: 0.2749
[VLM Debug] Step 176 Reward: 0.2927
[VLM Debug] Step 160 Reward: 0.2515
global_step=48712, episodic_return=45.933
[VLM Debug] Reset Reward Calculated: 0.2812
[VLM Debug] Step 16 Reward: 0.2812
[VLM Debug] Step 192 Reward: 0.2886
[VLM Debug] Step 192 Reward: 0.3005
[VLM Debug] Step 16 Reward: 0.2676
[VLM Debug] Step 32 Reward: 0.2759
[VLM Debug] Step 208 Reward: 0.2937
global_step=48808, episodic_return=59.823
[VLM Debug] Reset Reward Calculated: 0.2771
[VLM Debug] Step 32 Reward: 0.2803
[VLM Debug] Step 48 Reward: 0.2793
[VLM Debug] Step 224 Reward: 0.2878
[VLM Debug] Step 16 Reward: 0.2864
[VLM Debug] Step 48 Reward: 0.2839
[VLM Debug] Step 64 Reward: 0.2854
[VLM Debug] Step 240 Reward: 0.2861
[VLM Debug] Step 32 Reward: 0.2795
[VLM Debug] Step 64 Reward: 0.2834
[VLM Debug] Step 80 Reward: 0.2832
[VLM Debug] Step 256 Reward: 0.2898
[VLM Debug] Step 48 Reward: 0.2913
global_step=49012, episodic_return=75.336
[VLM Debug] Reset Reward Calculated: 0.2810
[VLM Debug] Step 80 Reward: 0.2859
[VLM Debug] Step 96 Reward: 0.2910
[VLM Debug] Step 64 Reward: 0.2822
[VLM Debug] Step 16 Reward: 0.2820
[VLM Debug] Step 96 Reward: 0.2783
[VLM Debug] Step 112 Reward: 0.2913
[VLM Debug] Step 80 Reward: 0.2834
[VLM Debug] Step 32 Reward: 0.2861
SPS: 933
[VLM Debug] Step 112 Reward: 0.2705
[VLM Debug] Step 128 Reward: 0.2942
[VLM Debug] Step 96 Reward: 0.2874
[VLM Debug] Step 48 Reward: 0.2893
[VLM Debug] Step 128 Reward: 0.2961
[VLM Debug] Step 144 Reward: 0.2891
[VLM Debug] Step 112 Reward: 0.2883
[VLM Debug] Step 64 Reward: 0.2871
[VLM Debug] Step 144 Reward: 0.2842
[VLM Debug] Step 160 Reward: 0.2834
[VLM Debug] Step 128 Reward: 0.2876
[VLM Debug] Step 80 Reward: 0.2837
[VLM Debug] Step 160 Reward: 0.2917
[VLM Debug] Step 176 Reward: 0.2871
[VLM Debug] Step 144 Reward: 0.2844
[VLM Debug] Step 96 Reward: 0.2871
[VLM Debug] Step 176 Reward: 0.2961
[VLM Debug] Step 192 Reward: 0.2942
[VLM Debug] Step 160 Reward: 0.2883
[VLM Debug] Step 112 Reward: 0.2922
[VLM Debug] Step 192 Reward: 0.2988
[VLM Debug] Step 208 Reward: 0.2903
[VLM Debug] Step 176 Reward: 0.2905
[VLM Debug] Step 128 Reward: 0.2922
[VLM Debug] Step 208 Reward: 0.2869
[VLM Debug] Step 224 Reward: 0.2930
global_step=49560, episodic_return=60.038
[VLM Debug] Reset Reward Calculated: 0.2737
[VLM Debug] Step 192 Reward: 0.2856
[VLM Debug] Step 144 Reward: 0.2893
[VLM Debug] Step 240 Reward: 0.2903
[VLM Debug] Step 16 Reward: 0.2769
[VLM Debug] Step 208 Reward: 0.2969
[VLM Debug] Step 160 Reward: 0.2869
SPS: 928
