Job ID: 10490560
GPU Info: NVIDIA A100 80GB PCIe
Starting SAC in MuJoCo environment training...
Command: srun uv run python experiments/mujoco/sac.py   --env-id InvertedPendulum-v4   --run-id 10490560   --seed 5   --total-timesteps 1000000   --track   --capture-video   --wandb-project-name cleanrl-experiments
global_step=2, episode=0, episodic_return=3.000
    -> Best video saved: videos/InvertedPendulum-v4_sac_10490560/best_step-2_episode-0.mp4
    -> New best: episodic_return=3.000
global_step=6, episode=1, episodic_return=3.000
global_step=16, episode=2, episodic_return=9.000
    -> Best video saved: videos/InvertedPendulum-v4_sac_10490560/best_step-16_episode-2.mp4
    -> New best: episodic_return=9.000
global_step=23, episode=3, episodic_return=6.000
global_step=28, episode=4, episodic_return=4.000
global_step=35, episode=5, episodic_return=6.000
global_step=40, episode=6, episodic_return=4.000
global_step=47, episode=7, episodic_return=6.000
global_step=53, episode=8, episodic_return=5.000
global_step=58, episode=9, episodic_return=4.000
global_step=72, episode=10, episodic_return=13.000
    -> Best video saved: videos/InvertedPendulum-v4_sac_10490560/best_step-72_episode-10.mp4
    -> New best: episodic_return=13.000
global_step=76, episode=11, episodic_return=3.000
global_step=82, episode=12, episodic_return=5.000
global_step=94, episode=13, episodic_return=11.000
global_step=105, episode=14, episodic_return=10.000
global_step=111, episode=15, episodic_return=5.000
global_step=121, episode=16, episodic_return=9.000
global_step=129, episode=17, episodic_return=7.000
global_step=133, episode=18, episodic_return=3.000
global_step=146, episode=19, episodic_return=12.000
global_step=159, episode=20, episodic_return=12.000
global_step=166, episode=21, episodic_return=6.000
global_step=176, episode=22, episodic_return=9.000
global_step=180, episode=23, episodic_return=3.000
global_step=189, episode=24, episodic_return=8.000
global_step=198, episode=25, episodic_return=8.000
global_step=204, episode=26, episodic_return=5.000
global_step=214, episode=27, episodic_return=9.000
global_step=226, episode=28, episodic_return=11.000
global_step=235, episode=29, episodic_return=8.000
global_step=240, episode=30, episodic_return=4.000
global_step=249, episode=31, episodic_return=8.000
global_step=258, episode=32, episodic_return=8.000
global_step=268, episode=33, episodic_return=9.000
global_step=273, episode=34, episodic_return=4.000
global_step=280, episode=35, episodic_return=6.000
global_step=286, episode=36, episodic_return=5.000
global_step=291, episode=37, episodic_return=4.000
global_step=299, episode=38, episodic_return=7.000
global_step=303, episode=39, episodic_return=3.000
global_step=307, episode=40, episodic_return=3.000
global_step=313, episode=41, episodic_return=5.000
global_step=318, episode=42, episodic_return=4.000
global_step=328, episode=43, episodic_return=9.000
global_step=333, episode=44, episodic_return=4.000
global_step=338, episode=45, episodic_return=4.000
global_step=346, episode=46, episodic_return=7.000
global_step=354, episode=47, episodic_return=7.000
global_step=358, episode=48, episodic_return=3.000
global_step=362, episode=49, episodic_return=3.000
global_step=366, episode=50, episodic_return=3.000
global_step=370, episode=51, episodic_return=3.000
global_step=374, episode=52, episodic_return=3.000
global_step=379, episode=53, episodic_return=4.000
global_step=383, episode=54, episodic_return=3.000
global_step=387, episode=55, episodic_return=3.000
global_step=393, episode=56, episodic_return=5.000
global_step=403, episode=57, episodic_return=9.000
global_step=409, episode=58, episodic_return=5.000
global_step=418, episode=59, episodic_return=8.000
global_step=422, episode=60, episodic_return=3.000
global_step=430, episode=61, episodic_return=7.000
global_step=441, episode=62, episodic_return=10.000
global_step=458, episode=63, episodic_return=16.000
    -> Best video saved: videos/InvertedPendulum-v4_sac_10490560/best_step-458_episode-63.mp4
    -> New best: episodic_return=16.000
global_step=462, episode=64, episodic_return=3.000
global_step=475, episode=65, episodic_return=12.000
global_step=483, episode=66, episodic_return=7.000
global_step=490, episode=67, episodic_return=6.000
global_step=495, episode=68, episodic_return=4.000
global_step=507, episode=69, episodic_return=11.000
global_step=529, episode=70, episodic_return=21.000
    -> Best video saved: videos/InvertedPendulum-v4_sac_10490560/best_step-529_episode-70.mp4
    -> New best: episodic_return=21.000
global_step=536, episode=71, episodic_return=6.000
global_step=541, episode=72, episodic_return=4.000
global_step=546, episode=73, episodic_return=4.000
global_step=554, episode=74, episodic_return=7.000
global_step=562, episode=75, episodic_return=7.000
global_step=568, episode=76, episodic_return=5.000
global_step=573, episode=77, episodic_return=4.000
global_step=579, episode=78, episodic_return=5.000
global_step=584, episode=79, episodic_return=4.000
global_step=593, episode=80, episodic_return=8.000
global_step=599, episode=81, episodic_return=5.000
global_step=613, episode=82, episodic_return=13.000
global_step=617, episode=83, episodic_return=3.000
global_step=622, episode=84, episodic_return=4.000
global_step=627, episode=85, episodic_return=4.000
global_step=636, episode=86, episodic_return=8.000
global_step=655, episode=87, episodic_return=18.000
global_step=667, episode=88, episodic_return=11.000
global_step=671, episode=89, episodic_return=3.000
global_step=679, episode=90, episodic_return=7.000
global_step=683, episode=91, episodic_return=3.000
global_step=689, episode=92, episodic_return=5.000
global_step=701, episode=93, episodic_return=11.000
global_step=711, episode=94, episodic_return=9.000
global_step=716, episode=95, episodic_return=4.000
global_step=722, episode=96, episodic_return=5.000
global_step=736, episode=97, episodic_return=13.000
global_step=740, episode=98, episodic_return=3.000
global_step=745, episode=99, episodic_return=4.000
global_step=750, episode=100, episodic_return=4.000
global_step=759, episode=101, episodic_return=8.000
global_step=763, episode=102, episodic_return=3.000
global_step=767, episode=103, episodic_return=3.000
global_step=773, episode=104, episodic_return=5.000
global_step=784, episode=105, episodic_return=10.000
global_step=789, episode=106, episodic_return=4.000
global_step=795, episode=107, episodic_return=5.000
global_step=805, episode=108, episodic_return=9.000
global_step=813, episode=109, episodic_return=7.000
global_step=819, episode=110, episodic_return=5.000
global_step=824, episode=111, episodic_return=4.000
global_step=829, episode=112, episodic_return=4.000
global_step=833, episode=113, episodic_return=3.000
global_step=846, episode=114, episodic_return=12.000
global_step=854, episode=115, episodic_return=7.000
global_step=880, episode=116, episodic_return=25.000
    -> Best video saved: videos/InvertedPendulum-v4_sac_10490560/best_step-880_episode-116.mp4
    -> New best: episodic_return=25.000
global_step=886, episode=117, episodic_return=5.000
global_step=890, episode=118, episodic_return=3.000
global_step=895, episode=119, episodic_return=4.000
global_step=901, episode=120, episodic_return=5.000
global_step=908, episode=121, episodic_return=6.000
global_step=915, episode=122, episodic_return=6.000
global_step=920, episode=123, episodic_return=4.000
global_step=925, episode=124, episodic_return=4.000
global_step=931, episode=125, episodic_return=5.000
global_step=941, episode=126, episodic_return=9.000
global_step=945, episode=127, episodic_return=3.000
global_step=949, episode=128, episodic_return=3.000
global_step=955, episode=129, episodic_return=5.000
global_step=967, episode=130, episodic_return=11.000
global_step=972, episode=131, episodic_return=4.000
global_step=989, episode=132, episodic_return=16.000
global_step=994, episode=133, episodic_return=4.000
global_step=998, episode=134, episodic_return=3.000
global_step=1005, episode=135, episodic_return=6.000
global_step=1009, episode=136, episodic_return=3.000
global_step=1014, episode=137, episodic_return=4.000
global_step=1019, episode=138, episodic_return=4.000
global_step=1025, episode=139, episodic_return=5.000
global_step=1030, episode=140, episodic_return=4.000
global_step=1040, episode=141, episodic_return=9.000
global_step=1049, episode=142, episodic_return=8.000
global_step=1060, episode=143, episodic_return=10.000
global_step=1064, episode=144, episodic_return=3.000
global_step=1073, episode=145, episodic_return=8.000
global_step=1077, episode=146, episodic_return=3.000
global_step=1081, episode=147, episodic_return=3.000
global_step=1092, episode=148, episodic_return=10.000
global_step=1096, episode=149, episodic_return=3.000
global_step=1100, episode=150, episodic_return=3.000
global_step=1106, episode=151, episodic_return=5.000
global_step=1110, episode=152, episodic_return=3.000
global_step=1120, episode=153, episodic_return=9.000
global_step=1135, episode=154, episodic_return=14.000
global_step=1140, episode=155, episodic_return=4.000
global_step=1145, episode=156, episodic_return=4.000
global_step=1149, episode=157, episodic_return=3.000
global_step=1165, episode=158, episodic_return=15.000
global_step=1174, episode=159, episodic_return=8.000
global_step=1179, episode=160, episodic_return=4.000
global_step=1185, episode=161, episodic_return=5.000
global_step=1193, episode=162, episodic_return=7.000
global_step=1200, episode=163, episodic_return=6.000
global_step=1206, episode=164, episodic_return=5.000
global_step=1212, episode=165, episodic_return=5.000
global_step=1220, episode=166, episodic_return=7.000
global_step=1234, episode=167, episodic_return=13.000
global_step=1256, episode=168, episodic_return=21.000
global_step=1261, episode=169, episodic_return=4.000
global_step=1267, episode=170, episodic_return=5.000
global_step=1272, episode=171, episodic_return=4.000
global_step=1282, episode=172, episodic_return=9.000
global_step=1289, episode=173, episodic_return=6.000
global_step=1298, episode=174, episodic_return=8.000
global_step=1303, episode=175, episodic_return=4.000
global_step=1310, episode=176, episodic_return=6.000
global_step=1319, episode=177, episodic_return=8.000
global_step=1329, episode=178, episodic_return=9.000
global_step=1338, episode=179, episodic_return=8.000
global_step=1346, episode=180, episodic_return=7.000
global_step=1353, episode=181, episodic_return=6.000
global_step=1357, episode=182, episodic_return=3.000
global_step=1362, episode=183, episodic_return=4.000
global_step=1369, episode=184, episodic_return=6.000
global_step=1384, episode=185, episodic_return=14.000
global_step=1390, episode=186, episodic_return=5.000
global_step=1394, episode=187, episodic_return=3.000
global_step=1408, episode=188, episodic_return=13.000
global_step=1412, episode=189, episodic_return=3.000
global_step=1417, episode=190, episodic_return=4.000
global_step=1421, episode=191, episodic_return=3.000
global_step=1425, episode=192, episodic_return=3.000
global_step=1429, episode=193, episodic_return=3.000
global_step=1442, episode=194, episodic_return=12.000
global_step=1448, episode=195, episodic_return=5.000
global_step=1458, episode=196, episodic_return=9.000
global_step=1462, episode=197, episodic_return=3.000
global_step=1467, episode=198, episodic_return=4.000
global_step=1472, episode=199, episodic_return=4.000
global_step=1478, episode=200, episodic_return=5.000
global_step=1483, episode=201, episodic_return=4.000
global_step=1494, episode=202, episodic_return=10.000
global_step=1499, episode=203, episodic_return=4.000
global_step=1504, episode=204, episodic_return=4.000
global_step=1522, episode=205, episodic_return=17.000
global_step=1526, episode=206, episodic_return=3.000
global_step=1533, episode=207, episodic_return=6.000
global_step=1538, episode=208, episodic_return=4.000
global_step=1542, episode=209, episodic_return=3.000
global_step=1547, episode=210, episodic_return=4.000
global_step=1551, episode=211, episodic_return=3.000
global_step=1555, episode=212, episodic_return=3.000
global_step=1566, episode=213, episodic_return=10.000
global_step=1571, episode=214, episodic_return=4.000
global_step=1578, episode=215, episodic_return=6.000
global_step=1588, episode=216, episodic_return=9.000
global_step=1604, episode=217, episodic_return=15.000
global_step=1608, episode=218, episodic_return=3.000
global_step=1612, episode=219, episodic_return=3.000
global_step=1627, episode=220, episodic_return=14.000
global_step=1632, episode=221, episodic_return=4.000
global_step=1649, episode=222, episodic_return=16.000
global_step=1657, episode=223, episodic_return=7.000
global_step=1662, episode=224, episodic_return=4.000
global_step=1666, episode=225, episodic_return=3.000
global_step=1676, episode=226, episodic_return=9.000
global_step=1680, episode=227, episodic_return=3.000
global_step=1685, episode=228, episodic_return=4.000
global_step=1691, episode=229, episodic_return=5.000
global_step=1697, episode=230, episodic_return=5.000
global_step=1703, episode=231, episodic_return=5.000
global_step=1708, episode=232, episodic_return=4.000
global_step=1727, episode=233, episodic_return=18.000
global_step=1733, episode=234, episodic_return=5.000
global_step=1738, episode=235, episodic_return=4.000
global_step=1743, episode=236, episodic_return=4.000
global_step=1748, episode=237, episodic_return=4.000
global_step=1753, episode=238, episodic_return=4.000
global_step=1758, episode=239, episodic_return=4.000
global_step=1762, episode=240, episodic_return=3.000
global_step=1766, episode=241, episodic_return=3.000
global_step=1772, episode=242, episodic_return=5.000
global_step=1779, episode=243, episodic_return=6.000
global_step=1785, episode=244, episodic_return=5.000
global_step=1789, episode=245, episodic_return=3.000
global_step=1793, episode=246, episodic_return=3.000
global_step=1797, episode=247, episodic_return=3.000
global_step=1814, episode=248, episodic_return=16.000
global_step=1818, episode=249, episodic_return=3.000
global_step=1825, episode=250, episodic_return=6.000
global_step=1830, episode=251, episodic_return=4.000
global_step=1839, episode=252, episodic_return=8.000
global_step=1843, episode=253, episodic_return=3.000
global_step=1849, episode=254, episodic_return=5.000
global_step=1853, episode=255, episodic_return=3.000
global_step=1858, episode=256, episodic_return=4.000
global_step=1863, episode=257, episodic_return=4.000
global_step=1869, episode=258, episodic_return=5.000
global_step=1876, episode=259, episodic_return=6.000
global_step=1886, episode=260, episodic_return=9.000
global_step=1899, episode=261, episodic_return=12.000
global_step=1906, episode=262, episodic_return=6.000
global_step=1914, episode=263, episodic_return=7.000
global_step=1926, episode=264, episodic_return=11.000
global_step=1933, episode=265, episodic_return=6.000
global_step=1944, episode=266, episodic_return=10.000
global_step=1948, episode=267, episodic_return=3.000
global_step=1953, episode=268, episodic_return=4.000
global_step=1965, episode=269, episodic_return=11.000
global_step=1972, episode=270, episodic_return=6.000
global_step=1984, episode=271, episodic_return=11.000
global_step=1988, episode=272, episodic_return=3.000
global_step=1996, episode=273, episodic_return=7.000
global_step=2002, episode=274, episodic_return=5.000
global_step=2012, episode=275, episodic_return=9.000
global_step=2018, episode=276, episodic_return=5.000
global_step=2023, episode=277, episodic_return=4.000
global_step=2027, episode=278, episodic_return=3.000
global_step=2033, episode=279, episodic_return=5.000
global_step=2039, episode=280, episodic_return=5.000
global_step=2045, episode=281, episodic_return=5.000
global_step=2052, episode=282, episodic_return=6.000
global_step=2056, episode=283, episodic_return=3.000
global_step=2071, episode=284, episodic_return=14.000
global_step=2075, episode=285, episodic_return=3.000
global_step=2084, episode=286, episodic_return=8.000
global_step=2091, episode=287, episodic_return=6.000
global_step=2100, episode=288, episodic_return=8.000
global_step=2111, episode=289, episodic_return=10.000
global_step=2116, episode=290, episodic_return=4.000
global_step=2122, episode=291, episodic_return=5.000
global_step=2136, episode=292, episodic_return=13.000
global_step=2147, episode=293, episodic_return=10.000
global_step=2152, episode=294, episodic_return=4.000
global_step=2156, episode=295, episodic_return=3.000
global_step=2161, episode=296, episodic_return=4.000
global_step=2165, episode=297, episodic_return=3.000
global_step=2169, episode=298, episodic_return=3.000
global_step=2178, episode=299, episodic_return=8.000
global_step=2183, episode=300, episodic_return=4.000
global_step=2189, episode=301, episodic_return=5.000
global_step=2193, episode=302, episodic_return=3.000
global_step=2198, episode=303, episodic_return=4.000
global_step=2204, episode=304, episodic_return=5.000
global_step=2211, episode=305, episodic_return=6.000
global_step=2223, episode=306, episodic_return=11.000
global_step=2230, episode=307, episodic_return=6.000
global_step=2235, episode=308, episodic_return=4.000
global_step=2239, episode=309, episodic_return=3.000
global_step=2244, episode=310, episodic_return=4.000
global_step=2255, episode=311, episodic_return=10.000
global_step=2262, episode=312, episodic_return=6.000
global_step=2272, episode=313, episodic_return=9.000
global_step=2278, episode=314, episodic_return=5.000
global_step=2287, episode=315, episodic_return=8.000
global_step=2291, episode=316, episodic_return=3.000
global_step=2296, episode=317, episodic_return=4.000
global_step=2302, episode=318, episodic_return=5.000
global_step=2307, episode=319, episodic_return=4.000
global_step=2311, episode=320, episodic_return=3.000
global_step=2328, episode=321, episodic_return=16.000
global_step=2333, episode=322, episodic_return=4.000
global_step=2339, episode=323, episodic_return=5.000
global_step=2351, episode=324, episodic_return=11.000
global_step=2358, episode=325, episodic_return=6.000
global_step=2364, episode=326, episodic_return=5.000
global_step=2370, episode=327, episodic_return=5.000
global_step=2378, episode=328, episodic_return=7.000
global_step=2382, episode=329, episodic_return=3.000
global_step=2386, episode=330, episodic_return=3.000
global_step=2391, episode=331, episodic_return=4.000
global_step=2396, episode=332, episodic_return=4.000
global_step=2401, episode=333, episodic_return=4.000
global_step=2406, episode=334, episodic_return=4.000
global_step=2410, episode=335, episodic_return=3.000
global_step=2419, episode=336, episodic_return=8.000
global_step=2425, episode=337, episodic_return=5.000
global_step=2451, episode=338, episodic_return=25.000
global_step=2467, episode=339, episodic_return=15.000
global_step=2474, episode=340, episodic_return=6.000
global_step=2481, episode=341, episodic_return=6.000
global_step=2497, episode=342, episodic_return=15.000
global_step=2506, episode=343, episodic_return=8.000
global_step=2524, episode=344, episodic_return=17.000
global_step=2528, episode=345, episodic_return=3.000
global_step=2533, episode=346, episodic_return=4.000
global_step=2544, episode=347, episodic_return=10.000
global_step=2548, episode=348, episodic_return=3.000
global_step=2559, episode=349, episodic_return=10.000
global_step=2568, episode=350, episodic_return=8.000
global_step=2572, episode=351, episodic_return=3.000
global_step=2576, episode=352, episodic_return=3.000
global_step=2581, episode=353, episodic_return=4.000
global_step=2586, episode=354, episodic_return=4.000
global_step=2590, episode=355, episodic_return=3.000
global_step=2602, episode=356, episodic_return=11.000
global_step=2610, episode=357, episodic_return=7.000
global_step=2615, episode=358, episodic_return=4.000
global_step=2624, episode=359, episodic_return=8.000
global_step=2629, episode=360, episodic_return=4.000
global_step=2638, episode=361, episodic_return=8.000
global_step=2648, episode=362, episodic_return=9.000
global_step=2653, episode=363, episodic_return=4.000
global_step=2658, episode=364, episodic_return=4.000
global_step=2662, episode=365, episodic_return=3.000
global_step=2666, episode=366, episodic_return=3.000
global_step=2670, episode=367, episodic_return=3.000
global_step=2675, episode=368, episodic_return=4.000
global_step=2688, episode=369, episodic_return=12.000
global_step=2698, episode=370, episodic_return=9.000
global_step=2706, episode=371, episodic_return=7.000
global_step=2711, episode=372, episodic_return=4.000
global_step=2717, episode=373, episodic_return=5.000
global_step=2721, episode=374, episodic_return=3.000
global_step=2727, episode=375, episodic_return=5.000
global_step=2733, episode=376, episodic_return=5.000
global_step=2738, episode=377, episodic_return=4.000
global_step=2748, episode=378, episodic_return=9.000
global_step=2754, episode=379, episodic_return=5.000
global_step=2759, episode=380, episodic_return=4.000
global_step=2769, episode=381, episodic_return=9.000
global_step=2774, episode=382, episodic_return=4.000
global_step=2782, episode=383, episodic_return=7.000
global_step=2788, episode=384, episodic_return=5.000
global_step=2793, episode=385, episodic_return=4.000
global_step=2798, episode=386, episodic_return=4.000
global_step=2802, episode=387, episodic_return=3.000
global_step=2809, episode=388, episodic_return=6.000
global_step=2815, episode=389, episodic_return=5.000
global_step=2820, episode=390, episodic_return=4.000
global_step=2829, episode=391, episodic_return=8.000
global_step=2842, episode=392, episodic_return=12.000
global_step=2848, episode=393, episodic_return=5.000
global_step=2855, episode=394, episodic_return=6.000
global_step=2859, episode=395, episodic_return=3.000
global_step=2865, episode=396, episodic_return=5.000
global_step=2877, episode=397, episodic_return=11.000
global_step=2881, episode=398, episodic_return=3.000
global_step=2885, episode=399, episodic_return=3.000
global_step=2891, episode=400, episodic_return=5.000
global_step=2896, episode=401, episodic_return=4.000
global_step=2904, episode=402, episodic_return=7.000
global_step=2908, episode=403, episodic_return=3.000
global_step=2914, episode=404, episodic_return=5.000
global_step=2919, episode=405, episodic_return=4.000
global_step=2925, episode=406, episodic_return=5.000
global_step=2929, episode=407, episodic_return=3.000
global_step=2935, episode=408, episodic_return=5.000
global_step=2939, episode=409, episodic_return=3.000
global_step=2945, episode=410, episodic_return=5.000
global_step=2956, episode=411, episodic_return=10.000
global_step=2969, episode=412, episodic_return=12.000
global_step=2975, episode=413, episodic_return=5.000
global_step=2980, episode=414, episodic_return=4.000
global_step=2992, episode=415, episodic_return=11.000
global_step=3002, episode=416, episodic_return=9.000
global_step=3012, episode=417, episodic_return=9.000
global_step=3017, episode=418, episodic_return=4.000
global_step=3024, episode=419, episodic_return=6.000
global_step=3032, episode=420, episodic_return=7.000
global_step=3036, episode=421, episodic_return=3.000
global_step=3041, episode=422, episodic_return=4.000
global_step=3045, episode=423, episodic_return=3.000
global_step=3050, episode=424, episodic_return=4.000
global_step=3058, episode=425, episodic_return=7.000
global_step=3064, episode=426, episodic_return=5.000
global_step=3070, episode=427, episodic_return=5.000
global_step=3079, episode=428, episodic_return=8.000
global_step=3083, episode=429, episodic_return=3.000
global_step=3093, episode=430, episodic_return=9.000
global_step=3097, episode=431, episodic_return=3.000
global_step=3106, episode=432, episodic_return=8.000
global_step=3112, episode=433, episodic_return=5.000
global_step=3116, episode=434, episodic_return=3.000
global_step=3120, episode=435, episodic_return=3.000
global_step=3126, episode=436, episodic_return=5.000
global_step=3130, episode=437, episodic_return=3.000
global_step=3135, episode=438, episodic_return=4.000
global_step=3140, episode=439, episodic_return=4.000
global_step=3149, episode=440, episodic_return=8.000
global_step=3154, episode=441, episodic_return=4.000
global_step=3159, episode=442, episodic_return=4.000
global_step=3164, episode=443, episodic_return=4.000
global_step=3174, episode=444, episodic_return=9.000
global_step=3179, episode=445, episodic_return=4.000
global_step=3183, episode=446, episodic_return=3.000
global_step=3191, episode=447, episodic_return=7.000
global_step=3196, episode=448, episodic_return=4.000
global_step=3201, episode=449, episodic_return=4.000
global_step=3205, episode=450, episodic_return=3.000
global_step=3211, episode=451, episodic_return=5.000
global_step=3217, episode=452, episodic_return=5.000
global_step=3222, episode=453, episodic_return=4.000
global_step=3228, episode=454, episodic_return=5.000
global_step=3239, episode=455, episodic_return=10.000
global_step=3243, episode=456, episodic_return=3.000
global_step=3249, episode=457, episodic_return=5.000
global_step=3256, episode=458, episodic_return=6.000
global_step=3263, episode=459, episodic_return=6.000
global_step=3271, episode=460, episodic_return=7.000
global_step=3279, episode=461, episodic_return=7.000
global_step=3287, episode=462, episodic_return=7.000
global_step=3293, episode=463, episodic_return=5.000
global_step=3297, episode=464, episodic_return=3.000
global_step=3305, episode=465, episodic_return=7.000
global_step=3310, episode=466, episodic_return=4.000
global_step=3314, episode=467, episodic_return=3.000
global_step=3322, episode=468, episodic_return=7.000
global_step=3329, episode=469, episodic_return=6.000
global_step=3334, episode=470, episodic_return=4.000
global_step=3343, episode=471, episodic_return=8.000
global_step=3348, episode=472, episodic_return=4.000
global_step=3358, episode=473, episodic_return=9.000
global_step=3365, episode=474, episodic_return=6.000
global_step=3373, episode=475, episodic_return=7.000
global_step=3377, episode=476, episodic_return=3.000
global_step=3382, episode=477, episodic_return=4.000
global_step=3386, episode=478, episodic_return=3.000
global_step=3395, episode=479, episodic_return=8.000
global_step=3399, episode=480, episodic_return=3.000
global_step=3405, episode=481, episodic_return=5.000
global_step=3411, episode=482, episodic_return=5.000
global_step=3418, episode=483, episodic_return=6.000
global_step=3426, episode=484, episodic_return=7.000
global_step=3435, episode=485, episodic_return=8.000
global_step=3439, episode=486, episodic_return=3.000
global_step=3445, episode=487, episodic_return=5.000
global_step=3452, episode=488, episodic_return=6.000
global_step=3456, episode=489, episodic_return=3.000
global_step=3463, episode=490, episodic_return=6.000
global_step=3472, episode=491, episodic_return=8.000
global_step=3486, episode=492, episodic_return=13.000
global_step=3496, episode=493, episodic_return=9.000
global_step=3503, episode=494, episodic_return=6.000
global_step=3510, episode=495, episodic_return=6.000
global_step=3520, episode=496, episodic_return=9.000
global_step=3524, episode=497, episodic_return=3.000
global_step=3535, episode=498, episodic_return=10.000
global_step=3540, episode=499, episodic_return=4.000
global_step=3544, episode=500, episodic_return=3.000
global_step=3548, episode=501, episodic_return=3.000
global_step=3554, episode=502, episodic_return=5.000
global_step=3558, episode=503, episodic_return=3.000
global_step=3566, episode=504, episodic_return=7.000
global_step=3570, episode=505, episodic_return=3.000
global_step=3575, episode=506, episodic_return=4.000
global_step=3582, episode=507, episodic_return=6.000
global_step=3587, episode=508, episodic_return=4.000
global_step=3592, episode=509, episodic_return=4.000
global_step=3598, episode=510, episodic_return=5.000
global_step=3603, episode=511, episodic_return=4.000
global_step=3608, episode=512, episodic_return=4.000
global_step=3630, episode=513, episodic_return=21.000
global_step=3635, episode=514, episodic_return=4.000
global_step=3643, episode=515, episodic_return=7.000
global_step=3648, episode=516, episodic_return=4.000
global_step=3654, episode=517, episodic_return=5.000
global_step=3659, episode=518, episodic_return=4.000
global_step=3667, episode=519, episodic_return=7.000
global_step=3676, episode=520, episodic_return=8.000
global_step=3688, episode=521, episodic_return=11.000
global_step=3697, episode=522, episodic_return=8.000
global_step=3703, episode=523, episodic_return=5.000
global_step=3714, episode=524, episodic_return=10.000
global_step=3721, episode=525, episodic_return=6.000
global_step=3725, episode=526, episodic_return=3.000
global_step=3729, episode=527, episodic_return=3.000
global_step=3738, episode=528, episodic_return=8.000
global_step=3742, episode=529, episodic_return=3.000
global_step=3749, episode=530, episodic_return=6.000
global_step=3762, episode=531, episodic_return=12.000
global_step=3768, episode=532, episodic_return=5.000
global_step=3775, episode=533, episodic_return=6.000
global_step=3786, episode=534, episodic_return=10.000
global_step=3792, episode=535, episodic_return=5.000
global_step=3798, episode=536, episodic_return=5.000
global_step=3802, episode=537, episodic_return=3.000
global_step=3807, episode=538, episodic_return=4.000
global_step=3811, episode=539, episodic_return=3.000
global_step=3828, episode=540, episodic_return=16.000
global_step=3833, episode=541, episodic_return=4.000
global_step=3844, episode=542, episodic_return=10.000
global_step=3851, episode=543, episodic_return=6.000
global_step=3855, episode=544, episodic_return=3.000
global_step=3860, episode=545, episodic_return=4.000
global_step=3866, episode=546, episodic_return=5.000
global_step=3870, episode=547, episodic_return=3.000
global_step=3875, episode=548, episodic_return=4.000
global_step=3898, episode=549, episodic_return=22.000
global_step=3902, episode=550, episodic_return=3.000
global_step=3907, episode=551, episodic_return=4.000
global_step=3913, episode=552, episodic_return=5.000
global_step=3920, episode=553, episodic_return=6.000
global_step=3930, episode=554, episodic_return=9.000
global_step=3936, episode=555, episodic_return=5.000
global_step=3940, episode=556, episodic_return=3.000
global_step=3945, episode=557, episodic_return=4.000
global_step=3950, episode=558, episodic_return=4.000
global_step=3964, episode=559, episodic_return=13.000
global_step=3968, episode=560, episodic_return=3.000
global_step=3972, episode=561, episodic_return=3.000
global_step=3981, episode=562, episodic_return=8.000
global_step=3989, episode=563, episodic_return=7.000
global_step=3994, episode=564, episodic_return=4.000
global_step=3999, episode=565, episodic_return=4.000
global_step=4004, episode=566, episodic_return=4.000
global_step=4012, episode=567, episodic_return=7.000
global_step=4021, episode=568, episodic_return=8.000
global_step=4031, episode=569, episodic_return=9.000
global_step=4036, episode=570, episodic_return=4.000
global_step=4040, episode=571, episodic_return=3.000
global_step=4054, episode=572, episodic_return=13.000
global_step=4064, episode=573, episodic_return=9.000
global_step=4071, episode=574, episodic_return=6.000
global_step=4078, episode=575, episodic_return=6.000
global_step=4086, episode=576, episodic_return=7.000
global_step=4090, episode=577, episodic_return=3.000
global_step=4095, episode=578, episodic_return=4.000
global_step=4101, episode=579, episodic_return=5.000
global_step=4108, episode=580, episodic_return=6.000
global_step=4113, episode=581, episodic_return=4.000
global_step=4123, episode=582, episodic_return=9.000
global_step=4128, episode=583, episodic_return=4.000
global_step=4136, episode=584, episodic_return=7.000
global_step=4140, episode=585, episodic_return=3.000
global_step=4145, episode=586, episodic_return=4.000
global_step=4151, episode=587, episodic_return=5.000
global_step=4161, episode=588, episodic_return=9.000
global_step=4166, episode=589, episodic_return=4.000
global_step=4179, episode=590, episodic_return=12.000
global_step=4187, episode=591, episodic_return=7.000
global_step=4192, episode=592, episodic_return=4.000
global_step=4196, episode=593, episodic_return=3.000
global_step=4202, episode=594, episodic_return=5.000
global_step=4207, episode=595, episodic_return=4.000
global_step=4223, episode=596, episodic_return=15.000
global_step=4233, episode=597, episodic_return=9.000
global_step=4237, episode=598, episodic_return=3.000
global_step=4244, episode=599, episodic_return=6.000
global_step=4249, episode=600, episodic_return=4.000
global_step=4253, episode=601, episodic_return=3.000
global_step=4261, episode=602, episodic_return=7.000
global_step=4266, episode=603, episodic_return=4.000
global_step=4277, episode=604, episodic_return=10.000
global_step=4282, episode=605, episodic_return=4.000
global_step=4287, episode=606, episodic_return=4.000
global_step=4303, episode=607, episodic_return=15.000
global_step=4310, episode=608, episodic_return=6.000
global_step=4316, episode=609, episodic_return=5.000
global_step=4321, episode=610, episodic_return=4.000
global_step=4328, episode=611, episodic_return=6.000
global_step=4332, episode=612, episodic_return=3.000
global_step=4336, episode=613, episodic_return=3.000
global_step=4340, episode=614, episodic_return=3.000
global_step=4347, episode=615, episodic_return=6.000
global_step=4352, episode=616, episodic_return=4.000
global_step=4356, episode=617, episodic_return=3.000
global_step=4365, episode=618, episodic_return=8.000
global_step=4374, episode=619, episodic_return=8.000
global_step=4379, episode=620, episodic_return=4.000
global_step=4389, episode=621, episodic_return=9.000
global_step=4393, episode=622, episodic_return=3.000
global_step=4401, episode=623, episodic_return=7.000
global_step=4409, episode=624, episodic_return=7.000
global_step=4413, episode=625, episodic_return=3.000
global_step=4425, episode=626, episodic_return=11.000
global_step=4431, episode=627, episodic_return=5.000
global_step=4440, episode=628, episodic_return=8.000
global_step=4444, episode=629, episodic_return=3.000
global_step=4453, episode=630, episodic_return=8.000
global_step=4458, episode=631, episodic_return=4.000
global_step=4462, episode=632, episodic_return=3.000
global_step=4467, episode=633, episodic_return=4.000
global_step=4474, episode=634, episodic_return=6.000
global_step=4478, episode=635, episodic_return=3.000
global_step=4483, episode=636, episodic_return=4.000
global_step=4492, episode=637, episodic_return=8.000
global_step=4497, episode=638, episodic_return=4.000
global_step=4503, episode=639, episodic_return=5.000
global_step=4511, episode=640, episodic_return=7.000
global_step=4518, episode=641, episodic_return=6.000
global_step=4526, episode=642, episodic_return=7.000
global_step=4530, episode=643, episodic_return=3.000
global_step=4535, episode=644, episodic_return=4.000
global_step=4539, episode=645, episodic_return=3.000
global_step=4557, episode=646, episodic_return=17.000
global_step=4563, episode=647, episodic_return=5.000
global_step=4568, episode=648, episodic_return=4.000
global_step=4572, episode=649, episodic_return=3.000
global_step=4578, episode=650, episodic_return=5.000
global_step=4588, episode=651, episodic_return=9.000
global_step=4595, episode=652, episodic_return=6.000
global_step=4602, episode=653, episodic_return=6.000
global_step=4611, episode=654, episodic_return=8.000
global_step=4616, episode=655, episodic_return=4.000
global_step=4623, episode=656, episodic_return=6.000
global_step=4631, episode=657, episodic_return=7.000
global_step=4636, episode=658, episodic_return=4.000
global_step=4641, episode=659, episodic_return=4.000
global_step=4649, episode=660, episodic_return=7.000
global_step=4658, episode=661, episodic_return=8.000
global_step=4665, episode=662, episodic_return=6.000
global_step=4675, episode=663, episodic_return=9.000
global_step=4679, episode=664, episodic_return=3.000
global_step=4683, episode=665, episodic_return=3.000
global_step=4693, episode=666, episodic_return=9.000
global_step=4698, episode=667, episodic_return=4.000
global_step=4703, episode=668, episodic_return=4.000
global_step=4708, episode=669, episodic_return=4.000
global_step=4718, episode=670, episodic_return=9.000
global_step=4724, episode=671, episodic_return=5.000
global_step=4731, episode=672, episodic_return=6.000
global_step=4739, episode=673, episodic_return=7.000
global_step=4743, episode=674, episodic_return=3.000
global_step=4751, episode=675, episodic_return=7.000
global_step=4763, episode=676, episodic_return=11.000
global_step=4775, episode=677, episodic_return=11.000
global_step=4781, episode=678, episodic_return=5.000
global_step=4787, episode=679, episodic_return=5.000
global_step=4791, episode=680, episodic_return=3.000
global_step=4798, episode=681, episodic_return=6.000
global_step=4802, episode=682, episodic_return=3.000
global_step=4811, episode=683, episodic_return=8.000
global_step=4815, episode=684, episodic_return=3.000
global_step=4821, episode=685, episodic_return=5.000
global_step=4826, episode=686, episodic_return=4.000
global_step=4832, episode=687, episodic_return=5.000
global_step=4840, episode=688, episodic_return=7.000
global_step=4844, episode=689, episodic_return=3.000
global_step=4848, episode=690, episodic_return=3.000
global_step=4854, episode=691, episodic_return=5.000
global_step=4858, episode=692, episodic_return=3.000
global_step=4862, episode=693, episodic_return=3.000
global_step=4866, episode=694, episodic_return=3.000
global_step=4871, episode=695, episodic_return=4.000
global_step=4879, episode=696, episodic_return=7.000
global_step=4887, episode=697, episodic_return=7.000
global_step=4897, episode=698, episodic_return=9.000
global_step=4926, episode=699, episodic_return=28.000
    -> Best video saved: videos/InvertedPendulum-v4_sac_10490560/best_step-4926_episode-699.mp4
    -> New best: episodic_return=28.000
global_step=4936, episode=700, episodic_return=9.000
global_step=4949, episode=701, episodic_return=12.000
global_step=4954, episode=702, episodic_return=4.000
global_step=4966, episode=703, episodic_return=11.000
global_step=4980, episode=704, episodic_return=13.000
global_step=4989, episode=705, episodic_return=8.000
global_step=4997, episode=706, episodic_return=7.000
global_step=5004, episode=707, episodic_return=6.000
global_step=5011, episode=708, episodic_return=6.000
global_step=5023, episode=709, episodic_return=11.000
global_step=5028, episode=710, episodic_return=4.000
global_step=5033, episode=711, episodic_return=4.000
global_step=5041, episode=712, episodic_return=7.000
global_step=5052, episode=713, episodic_return=10.000
global_step=5064, episode=714, episodic_return=11.000
global_step=5069, episode=715, episodic_return=4.000
global_step=5078, episode=716, episodic_return=8.000
global_step=5083, episode=717, episodic_return=4.000
global_step=5097, episode=718, episodic_return=13.000
global_step=5102, episode=719, episodic_return=4.000
global_step=5106, episode=720, episodic_return=3.000
global_step=5111, episode=721, episodic_return=4.000
global_step=5119, episode=722, episodic_return=7.000
global_step=5125, episode=723, episodic_return=5.000
global_step=5135, episode=724, episodic_return=9.000
global_step=5140, episode=725, episodic_return=4.000
global_step=5150, episode=726, episodic_return=9.000
global_step=5154, episode=727, episodic_return=3.000
global_step=5168, episode=728, episodic_return=13.000
global_step=5175, episode=729, episodic_return=6.000
global_step=5191, episode=730, episodic_return=15.000
global_step=5195, episode=731, episodic_return=3.000
global_step=5201, episode=732, episodic_return=5.000
global_step=5214, episode=733, episodic_return=12.000
global_step=5229, episode=734, episodic_return=14.000
global_step=5240, episode=735, episodic_return=10.000
global_step=5250, episode=736, episodic_return=9.000
global_step=5258, episode=737, episodic_return=7.000
global_step=5267, episode=738, episodic_return=8.000
global_step=5271, episode=739, episodic_return=3.000
global_step=5275, episode=740, episodic_return=3.000
global_step=5291, episode=741, episodic_return=15.000
global_step=5296, episode=742, episodic_return=4.000
global_step=5307, episode=743, episodic_return=10.000
global_step=5313, episode=744, episodic_return=5.000
global_step=5324, episode=745, episodic_return=10.000
global_step=5337, episode=746, episodic_return=12.000
global_step=5350, episode=747, episodic_return=12.000
global_step=5357, episode=748, episodic_return=6.000
global_step=5387, episode=749, episodic_return=29.000
    -> Best video saved: videos/InvertedPendulum-v4_sac_10490560/best_step-5387_episode-749.mp4
    -> New best: episodic_return=29.000
global_step=5410, episode=750, episodic_return=22.000
global_step=5424, episode=751, episodic_return=13.000
global_step=5434, episode=752, episodic_return=9.000
global_step=5451, episode=753, episodic_return=16.000
global_step=5459, episode=754, episodic_return=7.000
global_step=5480, episode=755, episodic_return=20.000
global_step=5494, episode=756, episodic_return=13.000
global_step=5498, episode=757, episodic_return=3.000
global_step=5525, episode=758, episodic_return=26.000
global_step=5542, episode=759, episodic_return=16.000
global_step=5592, episode=760, episodic_return=49.000
    -> Best video saved: videos/InvertedPendulum-v4_sac_10490560/best_step-5592_episode-760.mp4
    -> New best: episodic_return=49.000
global_step=5616, episode=761, episodic_return=23.000
global_step=5662, episode=762, episodic_return=45.000
global_step=5670, episode=763, episodic_return=7.000
global_step=5710, episode=764, episodic_return=39.000
global_step=5787, episode=765, episodic_return=76.000
    -> Best video saved: videos/InvertedPendulum-v4_sac_10490560/best_step-5787_episode-765.mp4
    -> New best: episodic_return=76.000
global_step=5858, episode=766, episodic_return=70.000
global_step=5903, episode=767, episodic_return=44.000
global_step=5953, episode=768, episodic_return=49.000
global_step=5993, episode=769, episodic_return=39.000
global_step=6056, episode=770, episodic_return=62.000
global_step=6102, episode=771, episodic_return=45.000
global_step=6164, episode=772, episodic_return=61.000
global_step=6237, episode=773, episodic_return=72.000
global_step=6331, episode=774, episodic_return=93.000
    -> Best video saved: videos/InvertedPendulum-v4_sac_10490560/best_step-6331_episode-774.mp4
    -> New best: episodic_return=93.000
global_step=6377, episode=775, episodic_return=45.000
global_step=6445, episode=776, episodic_return=67.000
global_step=6512, episode=777, episodic_return=66.000
global_step=6564, episode=778, episodic_return=51.000
global_step=6674, episode=779, episodic_return=109.000
    -> Best video saved: videos/InvertedPendulum-v4_sac_10490560/best_step-6674_episode-779.mp4
    -> New best: episodic_return=109.000
global_step=6732, episode=780, episodic_return=57.000
global_step=6825, episode=781, episodic_return=92.000
global_step=6997, episode=782, episodic_return=171.000
    -> Best video saved: videos/InvertedPendulum-v4_sac_10490560/best_step-6997_episode-782.mp4
    -> New best: episodic_return=171.000
global_step=7093, episode=783, episodic_return=95.000
global_step=7212, episode=784, episodic_return=118.000
global_step=7314, episode=785, episodic_return=101.000
global_step=7384, episode=786, episodic_return=69.000
global_step=7453, episode=787, episodic_return=68.000
global_step=7517, episode=788, episodic_return=63.000
global_step=7589, episode=789, episodic_return=71.000
global_step=7697, episode=790, episodic_return=107.000
global_step=7770, episode=791, episodic_return=72.000
global_step=7839, episode=792, episodic_return=68.000
global_step=7932, episode=793, episodic_return=92.000
global_step=8017, episode=794, episodic_return=84.000
global_step=8112, episode=795, episodic_return=94.000
global_step=8227, episode=796, episodic_return=114.000
global_step=8319, episode=797, episodic_return=91.000
global_step=8394, episode=798, episodic_return=74.000
global_step=8470, episode=799, episodic_return=75.000
global_step=8531, episode=800, episodic_return=60.000
global_step=8628, episode=801, episodic_return=96.000
global_step=8732, episode=802, episodic_return=103.000
global_step=8796, episode=803, episodic_return=63.000
global_step=8855, episode=804, episodic_return=58.000
global_step=8911, episode=805, episodic_return=55.000
global_step=8974, episode=806, episodic_return=62.000
global_step=9028, episode=807, episodic_return=53.000
global_step=9081, episode=808, episodic_return=52.000
global_step=9137, episode=809, episodic_return=55.000
global_step=9188, episode=810, episodic_return=50.000
global_step=9238, episode=811, episodic_return=49.000
global_step=9290, episode=812, episodic_return=51.000
global_step=9342, episode=813, episodic_return=51.000
global_step=9395, episode=814, episodic_return=52.000
global_step=9441, episode=815, episodic_return=45.000
global_step=9489, episode=816, episodic_return=47.000
global_step=9540, episode=817, episodic_return=50.000
global_step=9593, episode=818, episodic_return=52.000
global_step=9644, episode=819, episodic_return=50.000
global_step=9697, episode=820, episodic_return=52.000
global_step=9748, episode=821, episodic_return=50.000
global_step=9798, episode=822, episodic_return=49.000
global_step=9849, episode=823, episodic_return=50.000
global_step=9896, episode=824, episodic_return=46.000
global_step=9949, episode=825, episodic_return=52.000
global_step=10000, episode=826, episodic_return=50.000
global_step=10051, episode=827, episodic_return=50.000
global_step=10103, episode=828, episodic_return=51.000
global_step=10153, episode=829, episodic_return=49.000
global_step=10203, episode=830, episodic_return=49.000
global_step=10252, episode=831, episodic_return=48.000
global_step=10304, episode=832, episodic_return=51.000
global_step=10355, episode=833, episodic_return=50.000
global_step=10404, episode=834, episodic_return=48.000
global_step=10455, episode=835, episodic_return=50.000
global_step=10505, episode=836, episodic_return=49.000
global_step=10557, episode=837, episodic_return=51.000
global_step=10609, episode=838, episodic_return=51.000
global_step=10664, episode=839, episodic_return=54.000
global_step=10715, episode=840, episodic_return=50.000
global_step=10767, episode=841, episodic_return=51.000
global_step=10822, episode=842, episodic_return=54.000
global_step=10875, episode=843, episodic_return=52.000
global_step=10930, episode=844, episodic_return=54.000
global_step=10981, episode=845, episodic_return=50.000
global_step=11037, episode=846, episodic_return=55.000
global_step=11091, episode=847, episodic_return=53.000
global_step=11145, episode=848, episodic_return=53.000
global_step=11197, episode=849, episodic_return=51.000
global_step=11250, episode=850, episodic_return=52.000
global_step=11306, episode=851, episodic_return=55.000
global_step=11358, episode=852, episodic_return=51.000
global_step=11409, episode=853, episodic_return=50.000
global_step=11466, episode=854, episodic_return=56.000
global_step=11521, episode=855, episodic_return=54.000
global_step=11572, episode=856, episodic_return=50.000
global_step=11626, episode=857, episodic_return=53.000
global_step=11681, episode=858, episodic_return=54.000
global_step=11732, episode=859, episodic_return=50.000
global_step=11786, episode=860, episodic_return=53.000
global_step=11844, episode=861, episodic_return=57.000
global_step=11903, episode=862, episodic_return=58.000
global_step=11961, episode=863, episodic_return=57.000
global_step=12025, episode=864, episodic_return=63.000
global_step=12085, episode=865, episodic_return=59.000
global_step=12158, episode=866, episodic_return=72.000
global_step=12221, episode=867, episodic_return=62.000
global_step=12298, episode=868, episodic_return=76.000
global_step=12387, episode=869, episodic_return=88.000
global_step=12488, episode=870, episodic_return=100.000
global_step=12564, episode=871, episodic_return=75.000
global_step=12650, episode=872, episodic_return=85.000
global_step=12738, episode=873, episodic_return=87.000
global_step=12837, episode=874, episodic_return=98.000
global_step=12918, episode=875, episodic_return=80.000
global_step=13000, episode=876, episodic_return=81.000
global_step=13097, episode=877, episodic_return=96.000
global_step=13215, episode=878, episodic_return=117.000
global_step=13298, episode=879, episodic_return=82.000
global_step=13384, episode=880, episodic_return=85.000
global_step=13465, episode=881, episodic_return=80.000
global_step=13537, episode=882, episodic_return=71.000
global_step=13616, episode=883, episodic_return=78.000
global_step=13686, episode=884, episodic_return=69.000
global_step=13749, episode=885, episodic_return=62.000
global_step=13816, episode=886, episodic_return=66.000
global_step=13886, episode=887, episodic_return=69.000
global_step=13977, episode=888, episodic_return=90.000
global_step=14035, episode=889, episodic_return=57.000
global_step=14109, episode=890, episodic_return=73.000
global_step=14219, episode=891, episodic_return=109.000
global_step=14289, episode=892, episodic_return=69.000
global_step=14362, episode=893, episodic_return=72.000
global_step=14431, episode=894, episodic_return=68.000
global_step=14504, episode=895, episodic_return=72.000
global_step=14576, episode=896, episodic_return=71.000
global_step=14644, episode=897, episodic_return=67.000
global_step=14720, episode=898, episodic_return=75.000
global_step=14793, episode=899, episodic_return=72.000
global_step=14858, episode=900, episodic_return=64.000
global_step=14933, episode=901, episodic_return=74.000
global_step=15002, episode=902, episodic_return=68.000
global_step=15069, episode=903, episodic_return=66.000
global_step=15141, episode=904, episodic_return=71.000
global_step=15222, episode=905, episodic_return=80.000
global_step=15312, episode=906, episodic_return=89.000
global_step=15386, episode=907, episodic_return=73.000
global_step=15467, episode=908, episodic_return=80.000
global_step=15541, episode=909, episodic_return=73.000
global_step=15621, episode=910, episodic_return=79.000
global_step=15698, episode=911, episodic_return=76.000
global_step=15773, episode=912, episodic_return=74.000
global_step=15864, episode=913, episodic_return=90.000
global_step=15954, episode=914, episodic_return=89.000
global_step=16036, episode=915, episodic_return=81.000
global_step=16107, episode=916, episodic_return=70.000
global_step=16178, episode=917, episodic_return=70.000
global_step=16255, episode=918, episodic_return=76.000
global_step=16335, episode=919, episodic_return=79.000
global_step=16423, episode=920, episodic_return=87.000
global_step=16488, episode=921, episodic_return=64.000
global_step=16566, episode=922, episodic_return=77.000
global_step=16649, episode=923, episodic_return=82.000
global_step=16737, episode=924, episodic_return=87.000
global_step=16824, episode=925, episodic_return=86.000
global_step=16908, episode=926, episodic_return=83.000
global_step=16993, episode=927, episodic_return=84.000
global_step=17070, episode=928, episodic_return=76.000
global_step=17158, episode=929, episodic_return=87.000
global_step=17238, episode=930, episodic_return=79.000
global_step=17314, episode=931, episodic_return=75.000
global_step=17396, episode=932, episodic_return=81.000
global_step=17516, episode=933, episodic_return=119.000
global_step=17609, episode=934, episodic_return=92.000
global_step=17734, episode=935, episodic_return=124.000
global_step=17869, episode=936, episodic_return=134.000
global_step=17993, episode=937, episodic_return=123.000
global_step=18113, episode=938, episodic_return=119.000
global_step=18236, episode=939, episodic_return=122.000
global_step=18362, episode=940, episodic_return=125.000
global_step=18465, episode=941, episodic_return=102.000
global_step=18602, episode=942, episodic_return=136.000
global_step=18713, episode=943, episodic_return=110.000
global_step=18818, episode=944, episodic_return=104.000
global_step=18940, episode=945, episodic_return=121.000
global_step=19071, episode=946, episodic_return=130.000
global_step=19350, episode=947, episodic_return=278.000
    -> Best video saved: videos/InvertedPendulum-v4_sac_10490560/best_step-19350_episode-947.mp4
    -> New best: episodic_return=278.000
global_step=19489, episode=948, episodic_return=138.000
global_step=19645, episode=949, episodic_return=155.000
global_step=19823, episode=950, episodic_return=177.000
global_step=20011, episode=951, episodic_return=187.000
global_step=20189, episode=952, episodic_return=177.000
global_step=20405, episode=953, episodic_return=215.000
global_step=20560, episode=954, episodic_return=154.000
global_step=20748, episode=955, episodic_return=187.000
global_step=20983, episode=956, episodic_return=234.000
global_step=21207, episode=957, episodic_return=223.000
global_step=21400, episode=958, episodic_return=192.000
global_step=22401, episode=959, episodic_return=1000.000
    -> Best video saved: videos/InvertedPendulum-v4_sac_10490560/best_step-22401_episode-959.mp4
    -> New best: episodic_return=1000.000
global_step=23402, episode=960, episodic_return=1000.000
global_step=24403, episode=961, episodic_return=1000.000
global_step=25404, episode=962, episodic_return=1000.000
global_step=26405, episode=963, episodic_return=1000.000
global_step=27406, episode=964, episodic_return=1000.000
global_step=28407, episode=965, episodic_return=1000.000
global_step=29408, episode=966, episodic_return=1000.000
global_step=30409, episode=967, episodic_return=1000.000
global_step=31410, episode=968, episodic_return=1000.000
global_step=32411, episode=969, episodic_return=1000.000
global_step=33412, episode=970, episodic_return=1000.000
global_step=34413, episode=971, episodic_return=1000.000
global_step=35414, episode=972, episodic_return=1000.000
global_step=36415, episode=973, episodic_return=1000.000
global_step=37416, episode=974, episodic_return=1000.000
global_step=38417, episode=975, episodic_return=1000.000
global_step=39418, episode=976, episodic_return=1000.000
global_step=40419, episode=977, episodic_return=1000.000
global_step=41420, episode=978, episodic_return=1000.000
global_step=42421, episode=979, episodic_return=1000.000
global_step=43422, episode=980, episodic_return=1000.000
global_step=44423, episode=981, episodic_return=1000.000
global_step=45424, episode=982, episodic_return=1000.000
global_step=46425, episode=983, episodic_return=1000.000
global_step=47426, episode=984, episodic_return=1000.000
global_step=48427, episode=985, episodic_return=1000.000
global_step=49428, episode=986, episodic_return=1000.000
global_step=50429, episode=987, episodic_return=1000.000
global_step=51430, episode=988, episodic_return=1000.000
global_step=52431, episode=989, episodic_return=1000.000
global_step=53432, episode=990, episodic_return=1000.000
global_step=54433, episode=991, episodic_return=1000.000
global_step=55434, episode=992, episodic_return=1000.000
global_step=56435, episode=993, episodic_return=1000.000
global_step=57436, episode=994, episodic_return=1000.000
global_step=58437, episode=995, episodic_return=1000.000
global_step=59438, episode=996, episodic_return=1000.000
global_step=60439, episode=997, episodic_return=1000.000
global_step=61440, episode=998, episodic_return=1000.000
global_step=62441, episode=999, episodic_return=1000.000
global_step=63442, episode=1000, episodic_return=1000.000
    -> Train video saved: videos/InvertedPendulum-v4_sac_10490560/train_step-63442_episode-1000.mp4
global_step=64443, episode=1001, episodic_return=1000.000
global_step=65444, episode=1002, episodic_return=1000.000
global_step=66445, episode=1003, episodic_return=1000.000
global_step=67446, episode=1004, episodic_return=1000.000
global_step=68447, episode=1005, episodic_return=1000.000
global_step=69448, episode=1006, episodic_return=1000.000
global_step=70449, episode=1007, episodic_return=1000.000
global_step=71450, episode=1008, episodic_return=1000.000
global_step=72451, episode=1009, episodic_return=1000.000
global_step=73452, episode=1010, episodic_return=1000.000
global_step=74453, episode=1011, episodic_return=1000.000
global_step=75454, episode=1012, episodic_return=1000.000
global_step=76455, episode=1013, episodic_return=1000.000
global_step=77456, episode=1014, episodic_return=1000.000
global_step=78457, episode=1015, episodic_return=1000.000
global_step=79458, episode=1016, episodic_return=1000.000
global_step=80459, episode=1017, episodic_return=1000.000
global_step=81460, episode=1018, episodic_return=1000.000
global_step=82461, episode=1019, episodic_return=1000.000
global_step=83462, episode=1020, episodic_return=1000.000
global_step=84463, episode=1021, episodic_return=1000.000
global_step=85464, episode=1022, episodic_return=1000.000
global_step=86465, episode=1023, episodic_return=1000.000
global_step=87466, episode=1024, episodic_return=1000.000
global_step=88467, episode=1025, episodic_return=1000.000
global_step=89468, episode=1026, episodic_return=1000.000
global_step=90469, episode=1027, episodic_return=1000.000
global_step=91470, episode=1028, episodic_return=1000.000
global_step=92471, episode=1029, episodic_return=1000.000
global_step=93472, episode=1030, episodic_return=1000.000
global_step=94473, episode=1031, episodic_return=1000.000
global_step=95474, episode=1032, episodic_return=1000.000
global_step=96475, episode=1033, episodic_return=1000.000
global_step=97476, episode=1034, episodic_return=1000.000
global_step=98477, episode=1035, episodic_return=1000.000
global_step=99478, episode=1036, episodic_return=1000.000
global_step=100479, episode=1037, episodic_return=1000.000
global_step=101480, episode=1038, episodic_return=1000.000
global_step=102481, episode=1039, episodic_return=1000.000
global_step=103482, episode=1040, episodic_return=1000.000
global_step=104483, episode=1041, episodic_return=1000.000
global_step=105484, episode=1042, episodic_return=1000.000
global_step=106485, episode=1043, episodic_return=1000.000
global_step=107486, episode=1044, episodic_return=1000.000
global_step=108487, episode=1045, episodic_return=1000.000
global_step=109488, episode=1046, episodic_return=1000.000
global_step=110489, episode=1047, episodic_return=1000.000
global_step=111490, episode=1048, episodic_return=1000.000
global_step=112491, episode=1049, episodic_return=1000.000
global_step=113492, episode=1050, episodic_return=1000.000
global_step=114493, episode=1051, episodic_return=1000.000
global_step=115494, episode=1052, episodic_return=1000.000
global_step=116495, episode=1053, episodic_return=1000.000
global_step=117496, episode=1054, episodic_return=1000.000
global_step=118497, episode=1055, episodic_return=1000.000
global_step=119498, episode=1056, episodic_return=1000.000
global_step=120499, episode=1057, episodic_return=1000.000
global_step=121500, episode=1058, episodic_return=1000.000
global_step=122501, episode=1059, episodic_return=1000.000
global_step=123502, episode=1060, episodic_return=1000.000
global_step=124503, episode=1061, episodic_return=1000.000
global_step=125504, episode=1062, episodic_return=1000.000
global_step=126505, episode=1063, episodic_return=1000.000
global_step=127506, episode=1064, episodic_return=1000.000
global_step=128507, episode=1065, episodic_return=1000.000
global_step=129508, episode=1066, episodic_return=1000.000
global_step=130509, episode=1067, episodic_return=1000.000
global_step=131510, episode=1068, episodic_return=1000.000
global_step=132511, episode=1069, episodic_return=1000.000
global_step=133512, episode=1070, episodic_return=1000.000
global_step=134513, episode=1071, episodic_return=1000.000
global_step=135514, episode=1072, episodic_return=1000.000
global_step=136515, episode=1073, episodic_return=1000.000
global_step=137516, episode=1074, episodic_return=1000.000
global_step=138517, episode=1075, episodic_return=1000.000
global_step=139518, episode=1076, episodic_return=1000.000
global_step=140519, episode=1077, episodic_return=1000.000
global_step=141520, episode=1078, episodic_return=1000.000
global_step=142521, episode=1079, episodic_return=1000.000
global_step=143522, episode=1080, episodic_return=1000.000
global_step=144523, episode=1081, episodic_return=1000.000
global_step=144991, episode=1082, episodic_return=467.000
global_step=145992, episode=1083, episodic_return=1000.000
global_step=146993, episode=1084, episodic_return=1000.000
global_step=147994, episode=1085, episodic_return=1000.000
global_step=148995, episode=1086, episodic_return=1000.000
global_step=149996, episode=1087, episodic_return=1000.000
global_step=150893, episode=1088, episodic_return=896.000
global_step=150996, episode=1089, episodic_return=102.000
global_step=151119, episode=1090, episodic_return=122.000
global_step=151249, episode=1091, episodic_return=129.000
global_step=151393, episode=1092, episodic_return=143.000
global_step=151529, episode=1093, episodic_return=135.000
global_step=151665, episode=1094, episodic_return=135.000
global_step=151921, episode=1095, episodic_return=255.000
global_step=152100, episode=1096, episodic_return=178.000
global_step=153101, episode=1097, episodic_return=1000.000
global_step=154102, episode=1098, episodic_return=1000.000
global_step=155103, episode=1099, episodic_return=1000.000
global_step=156104, episode=1100, episodic_return=1000.000
global_step=157105, episode=1101, episodic_return=1000.000
global_step=158106, episode=1102, episodic_return=1000.000
global_step=159107, episode=1103, episodic_return=1000.000
global_step=160108, episode=1104, episodic_return=1000.000
global_step=161109, episode=1105, episodic_return=1000.000
global_step=162110, episode=1106, episodic_return=1000.000
global_step=163111, episode=1107, episodic_return=1000.000
global_step=164112, episode=1108, episodic_return=1000.000
global_step=165113, episode=1109, episodic_return=1000.000
global_step=166114, episode=1110, episodic_return=1000.000
global_step=167115, episode=1111, episodic_return=1000.000
global_step=168116, episode=1112, episodic_return=1000.000
global_step=169117, episode=1113, episodic_return=1000.000
global_step=170118, episode=1114, episodic_return=1000.000
global_step=171119, episode=1115, episodic_return=1000.000
global_step=172120, episode=1116, episodic_return=1000.000
global_step=173121, episode=1117, episodic_return=1000.000
global_step=174122, episode=1118, episodic_return=1000.000
global_step=175123, episode=1119, episodic_return=1000.000
global_step=176124, episode=1120, episodic_return=1000.000
global_step=177125, episode=1121, episodic_return=1000.000
global_step=178126, episode=1122, episodic_return=1000.000
global_step=179127, episode=1123, episodic_return=1000.000
global_step=180128, episode=1124, episodic_return=1000.000
global_step=181129, episode=1125, episodic_return=1000.000
global_step=182130, episode=1126, episodic_return=1000.000
global_step=183131, episode=1127, episodic_return=1000.000
global_step=184132, episode=1128, episodic_return=1000.000
global_step=185133, episode=1129, episodic_return=1000.000
global_step=186134, episode=1130, episodic_return=1000.000
global_step=187135, episode=1131, episodic_return=1000.000
global_step=188136, episode=1132, episodic_return=1000.000
global_step=189137, episode=1133, episodic_return=1000.000
global_step=190138, episode=1134, episodic_return=1000.000
global_step=191139, episode=1135, episodic_return=1000.000
global_step=192140, episode=1136, episodic_return=1000.000
global_step=193141, episode=1137, episodic_return=1000.000
global_step=194142, episode=1138, episodic_return=1000.000
global_step=194514, episode=1139, episodic_return=371.000
global_step=195515, episode=1140, episodic_return=1000.000
global_step=196516, episode=1141, episodic_return=1000.000
global_step=197517, episode=1142, episodic_return=1000.000
global_step=198518, episode=1143, episodic_return=1000.000
global_step=199519, episode=1144, episodic_return=1000.000
global_step=200520, episode=1145, episodic_return=1000.000
global_step=201521, episode=1146, episodic_return=1000.000
global_step=202522, episode=1147, episodic_return=1000.000
global_step=203523, episode=1148, episodic_return=1000.000
global_step=204524, episode=1149, episodic_return=1000.000
global_step=205525, episode=1150, episodic_return=1000.000
global_step=206526, episode=1151, episodic_return=1000.000
global_step=207527, episode=1152, episodic_return=1000.000
global_step=208528, episode=1153, episodic_return=1000.000
global_step=209529, episode=1154, episodic_return=1000.000
global_step=210530, episode=1155, episodic_return=1000.000
global_step=210941, episode=1156, episodic_return=410.000
global_step=211942, episode=1157, episodic_return=1000.000
global_step=212943, episode=1158, episodic_return=1000.000
global_step=213944, episode=1159, episodic_return=1000.000
global_step=214945, episode=1160, episodic_return=1000.000
global_step=215946, episode=1161, episodic_return=1000.000
global_step=216947, episode=1162, episodic_return=1000.000
global_step=217948, episode=1163, episodic_return=1000.000
global_step=218949, episode=1164, episodic_return=1000.000
global_step=219950, episode=1165, episodic_return=1000.000
global_step=220951, episode=1166, episodic_return=1000.000
global_step=221952, episode=1167, episodic_return=1000.000
global_step=222953, episode=1168, episodic_return=1000.000
global_step=223954, episode=1169, episodic_return=1000.000
global_step=224955, episode=1170, episodic_return=1000.000
global_step=225956, episode=1171, episodic_return=1000.000
global_step=226957, episode=1172, episodic_return=1000.000
global_step=227958, episode=1173, episodic_return=1000.000
global_step=228959, episode=1174, episodic_return=1000.000
global_step=229960, episode=1175, episodic_return=1000.000
global_step=230961, episode=1176, episodic_return=1000.000
global_step=231962, episode=1177, episodic_return=1000.000
global_step=232963, episode=1178, episodic_return=1000.000
global_step=233964, episode=1179, episodic_return=1000.000
global_step=234965, episode=1180, episodic_return=1000.000
global_step=235966, episode=1181, episodic_return=1000.000
global_step=236967, episode=1182, episodic_return=1000.000
global_step=237968, episode=1183, episodic_return=1000.000
global_step=238588, episode=1184, episodic_return=619.000
global_step=239589, episode=1185, episodic_return=1000.000
global_step=240590, episode=1186, episodic_return=1000.000
global_step=241591, episode=1187, episodic_return=1000.000
global_step=242592, episode=1188, episodic_return=1000.000
global_step=243593, episode=1189, episodic_return=1000.000
global_step=244594, episode=1190, episodic_return=1000.000
global_step=245595, episode=1191, episodic_return=1000.000
global_step=246596, episode=1192, episodic_return=1000.000
global_step=247597, episode=1193, episodic_return=1000.000
global_step=248598, episode=1194, episodic_return=1000.000
global_step=249599, episode=1195, episodic_return=1000.000
global_step=250600, episode=1196, episodic_return=1000.000
global_step=251601, episode=1197, episodic_return=1000.000
global_step=252602, episode=1198, episodic_return=1000.000
global_step=253603, episode=1199, episodic_return=1000.000
global_step=254604, episode=1200, episodic_return=1000.000
global_step=255605, episode=1201, episodic_return=1000.000
global_step=256606, episode=1202, episodic_return=1000.000
global_step=257607, episode=1203, episodic_return=1000.000
global_step=258608, episode=1204, episodic_return=1000.000
global_step=259609, episode=1205, episodic_return=1000.000
global_step=260610, episode=1206, episodic_return=1000.000
global_step=261611, episode=1207, episodic_return=1000.000
global_step=262612, episode=1208, episodic_return=1000.000
global_step=263613, episode=1209, episodic_return=1000.000
global_step=264614, episode=1210, episodic_return=1000.000
global_step=265615, episode=1211, episodic_return=1000.000
global_step=266616, episode=1212, episodic_return=1000.000
global_step=267617, episode=1213, episodic_return=1000.000
global_step=268618, episode=1214, episodic_return=1000.000
global_step=269619, episode=1215, episodic_return=1000.000
global_step=270620, episode=1216, episodic_return=1000.000
global_step=271621, episode=1217, episodic_return=1000.000
global_step=272622, episode=1218, episodic_return=1000.000
global_step=273623, episode=1219, episodic_return=1000.000
global_step=274624, episode=1220, episodic_return=1000.000
global_step=275625, episode=1221, episodic_return=1000.000
global_step=276626, episode=1222, episodic_return=1000.000
global_step=277627, episode=1223, episodic_return=1000.000
global_step=278628, episode=1224, episodic_return=1000.000
global_step=279629, episode=1225, episodic_return=1000.000
global_step=280630, episode=1226, episodic_return=1000.000
global_step=281631, episode=1227, episodic_return=1000.000
global_step=282632, episode=1228, episodic_return=1000.000
global_step=283633, episode=1229, episodic_return=1000.000
global_step=284634, episode=1230, episodic_return=1000.000
global_step=285635, episode=1231, episodic_return=1000.000
global_step=286636, episode=1232, episodic_return=1000.000
global_step=287637, episode=1233, episodic_return=1000.000
global_step=288638, episode=1234, episodic_return=1000.000
global_step=289639, episode=1235, episodic_return=1000.000
global_step=290640, episode=1236, episodic_return=1000.000
global_step=291641, episode=1237, episodic_return=1000.000
global_step=292642, episode=1238, episodic_return=1000.000
global_step=293643, episode=1239, episodic_return=1000.000
global_step=294644, episode=1240, episodic_return=1000.000
global_step=295645, episode=1241, episodic_return=1000.000
global_step=296646, episode=1242, episodic_return=1000.000
global_step=297647, episode=1243, episodic_return=1000.000
global_step=298648, episode=1244, episodic_return=1000.000
global_step=299649, episode=1245, episodic_return=1000.000
global_step=300650, episode=1246, episodic_return=1000.000
global_step=301651, episode=1247, episodic_return=1000.000
global_step=302652, episode=1248, episodic_return=1000.000
global_step=303653, episode=1249, episodic_return=1000.000
global_step=304654, episode=1250, episodic_return=1000.000
global_step=305655, episode=1251, episodic_return=1000.000
global_step=306656, episode=1252, episodic_return=1000.000
global_step=307657, episode=1253, episodic_return=1000.000
global_step=308658, episode=1254, episodic_return=1000.000
global_step=309659, episode=1255, episodic_return=1000.000
global_step=310660, episode=1256, episodic_return=1000.000
global_step=311661, episode=1257, episodic_return=1000.000
global_step=312662, episode=1258, episodic_return=1000.000
global_step=313663, episode=1259, episodic_return=1000.000
global_step=314664, episode=1260, episodic_return=1000.000
global_step=315665, episode=1261, episodic_return=1000.000
global_step=316666, episode=1262, episodic_return=1000.000
global_step=317667, episode=1263, episodic_return=1000.000
global_step=318668, episode=1264, episodic_return=1000.000
global_step=319669, episode=1265, episodic_return=1000.000
global_step=320670, episode=1266, episodic_return=1000.000
global_step=321671, episode=1267, episodic_return=1000.000
global_step=322672, episode=1268, episodic_return=1000.000
global_step=323673, episode=1269, episodic_return=1000.000
global_step=324674, episode=1270, episodic_return=1000.000
global_step=325675, episode=1271, episodic_return=1000.000
global_step=326676, episode=1272, episodic_return=1000.000
global_step=327677, episode=1273, episodic_return=1000.000
global_step=328678, episode=1274, episodic_return=1000.000
global_step=329679, episode=1275, episodic_return=1000.000
global_step=330680, episode=1276, episodic_return=1000.000
global_step=331681, episode=1277, episodic_return=1000.000
global_step=332682, episode=1278, episodic_return=1000.000
global_step=333683, episode=1279, episodic_return=1000.000
global_step=334684, episode=1280, episodic_return=1000.000
global_step=335685, episode=1281, episodic_return=1000.000
global_step=336686, episode=1282, episodic_return=1000.000
global_step=337687, episode=1283, episodic_return=1000.000
global_step=338688, episode=1284, episodic_return=1000.000
global_step=339689, episode=1285, episodic_return=1000.000
global_step=340690, episode=1286, episodic_return=1000.000
global_step=341691, episode=1287, episodic_return=1000.000
global_step=342692, episode=1288, episodic_return=1000.000
global_step=343693, episode=1289, episodic_return=1000.000
global_step=344694, episode=1290, episodic_return=1000.000
global_step=345695, episode=1291, episodic_return=1000.000
global_step=346696, episode=1292, episodic_return=1000.000
global_step=347697, episode=1293, episodic_return=1000.000
global_step=348698, episode=1294, episodic_return=1000.000
global_step=349699, episode=1295, episodic_return=1000.000
global_step=350700, episode=1296, episodic_return=1000.000
global_step=351701, episode=1297, episodic_return=1000.000
global_step=352702, episode=1298, episodic_return=1000.000
global_step=353703, episode=1299, episodic_return=1000.000
global_step=354704, episode=1300, episodic_return=1000.000
global_step=355705, episode=1301, episodic_return=1000.000
global_step=356706, episode=1302, episodic_return=1000.000
global_step=357707, episode=1303, episodic_return=1000.000
global_step=358708, episode=1304, episodic_return=1000.000
global_step=359709, episode=1305, episodic_return=1000.000
global_step=360710, episode=1306, episodic_return=1000.000
global_step=361711, episode=1307, episodic_return=1000.000
global_step=362712, episode=1308, episodic_return=1000.000
global_step=363713, episode=1309, episodic_return=1000.000
global_step=364714, episode=1310, episodic_return=1000.000
global_step=365715, episode=1311, episodic_return=1000.000
global_step=366716, episode=1312, episodic_return=1000.000
global_step=367717, episode=1313, episodic_return=1000.000
global_step=368718, episode=1314, episodic_return=1000.000
global_step=369719, episode=1315, episodic_return=1000.000
global_step=370720, episode=1316, episodic_return=1000.000
global_step=371721, episode=1317, episodic_return=1000.000
global_step=372722, episode=1318, episodic_return=1000.000
global_step=373723, episode=1319, episodic_return=1000.000
global_step=374724, episode=1320, episodic_return=1000.000
global_step=375725, episode=1321, episodic_return=1000.000
global_step=376726, episode=1322, episodic_return=1000.000
global_step=377727, episode=1323, episodic_return=1000.000
global_step=378728, episode=1324, episodic_return=1000.000
global_step=379729, episode=1325, episodic_return=1000.000
global_step=380730, episode=1326, episodic_return=1000.000
global_step=381731, episode=1327, episodic_return=1000.000
global_step=382732, episode=1328, episodic_return=1000.000
global_step=383733, episode=1329, episodic_return=1000.000
global_step=384734, episode=1330, episodic_return=1000.000
global_step=385735, episode=1331, episodic_return=1000.000
global_step=386736, episode=1332, episodic_return=1000.000
global_step=387737, episode=1333, episodic_return=1000.000
global_step=388738, episode=1334, episodic_return=1000.000
global_step=389739, episode=1335, episodic_return=1000.000
global_step=390740, episode=1336, episodic_return=1000.000
global_step=391741, episode=1337, episodic_return=1000.000
global_step=392742, episode=1338, episodic_return=1000.000
global_step=393743, episode=1339, episodic_return=1000.000
global_step=394744, episode=1340, episodic_return=1000.000
global_step=395745, episode=1341, episodic_return=1000.000
global_step=396746, episode=1342, episodic_return=1000.000
global_step=396991, episode=1343, episodic_return=244.000
global_step=397407, episode=1344, episodic_return=415.000
global_step=397822, episode=1345, episodic_return=414.000
global_step=398118, episode=1346, episodic_return=295.000
global_step=399119, episode=1347, episodic_return=1000.000
global_step=400120, episode=1348, episodic_return=1000.000
global_step=401121, episode=1349, episodic_return=1000.000
global_step=402122, episode=1350, episodic_return=1000.000
global_step=403123, episode=1351, episodic_return=1000.000
global_step=404124, episode=1352, episodic_return=1000.000
global_step=405125, episode=1353, episodic_return=1000.000
global_step=406126, episode=1354, episodic_return=1000.000
global_step=407127, episode=1355, episodic_return=1000.000
global_step=408128, episode=1356, episodic_return=1000.000
global_step=409129, episode=1357, episodic_return=1000.000
global_step=410130, episode=1358, episodic_return=1000.000
global_step=411131, episode=1359, episodic_return=1000.000
global_step=412132, episode=1360, episodic_return=1000.000
global_step=412368, episode=1361, episodic_return=235.000
global_step=413369, episode=1362, episodic_return=1000.000
global_step=414370, episode=1363, episodic_return=1000.000
global_step=415371, episode=1364, episodic_return=1000.000
global_step=416372, episode=1365, episodic_return=1000.000
global_step=417373, episode=1366, episodic_return=1000.000
global_step=418374, episode=1367, episodic_return=1000.000
global_step=419375, episode=1368, episodic_return=1000.000
global_step=420376, episode=1369, episodic_return=1000.000
global_step=421377, episode=1370, episodic_return=1000.000
global_step=422378, episode=1371, episodic_return=1000.000
global_step=423379, episode=1372, episodic_return=1000.000
global_step=424380, episode=1373, episodic_return=1000.000
global_step=425381, episode=1374, episodic_return=1000.000
global_step=426382, episode=1375, episodic_return=1000.000
global_step=427383, episode=1376, episodic_return=1000.000
global_step=428384, episode=1377, episodic_return=1000.000
global_step=429295, episode=1378, episodic_return=910.000
global_step=430296, episode=1379, episodic_return=1000.000
global_step=431297, episode=1380, episodic_return=1000.000
global_step=432298, episode=1381, episodic_return=1000.000
global_step=433299, episode=1382, episodic_return=1000.000
global_step=434300, episode=1383, episodic_return=1000.000
global_step=435301, episode=1384, episodic_return=1000.000
global_step=436302, episode=1385, episodic_return=1000.000
global_step=437303, episode=1386, episodic_return=1000.000
global_step=438304, episode=1387, episodic_return=1000.000
global_step=439305, episode=1388, episodic_return=1000.000
global_step=440306, episode=1389, episodic_return=1000.000
global_step=441307, episode=1390, episodic_return=1000.000
global_step=442308, episode=1391, episodic_return=1000.000
global_step=443309, episode=1392, episodic_return=1000.000
global_step=444310, episode=1393, episodic_return=1000.000
global_step=445311, episode=1394, episodic_return=1000.000
global_step=446312, episode=1395, episodic_return=1000.000
global_step=447313, episode=1396, episodic_return=1000.000
global_step=448314, episode=1397, episodic_return=1000.000
global_step=449315, episode=1398, episodic_return=1000.000
global_step=450316, episode=1399, episodic_return=1000.000
global_step=451317, episode=1400, episodic_return=1000.000
global_step=452318, episode=1401, episodic_return=1000.000
global_step=453319, episode=1402, episodic_return=1000.000
global_step=454320, episode=1403, episodic_return=1000.000
global_step=455321, episode=1404, episodic_return=1000.000
global_step=456322, episode=1405, episodic_return=1000.000
global_step=457323, episode=1406, episodic_return=1000.000
global_step=458324, episode=1407, episodic_return=1000.000
global_step=459325, episode=1408, episodic_return=1000.000
global_step=460326, episode=1409, episodic_return=1000.000
global_step=461327, episode=1410, episodic_return=1000.000
global_step=462328, episode=1411, episodic_return=1000.000
global_step=463329, episode=1412, episodic_return=1000.000
global_step=464330, episode=1413, episodic_return=1000.000
global_step=465331, episode=1414, episodic_return=1000.000
global_step=466332, episode=1415, episodic_return=1000.000
global_step=467333, episode=1416, episodic_return=1000.000
global_step=468334, episode=1417, episodic_return=1000.000
global_step=469335, episode=1418, episodic_return=1000.000
global_step=470336, episode=1419, episodic_return=1000.000
global_step=471337, episode=1420, episodic_return=1000.000
global_step=472338, episode=1421, episodic_return=1000.000
global_step=473339, episode=1422, episodic_return=1000.000
global_step=474340, episode=1423, episodic_return=1000.000
global_step=475341, episode=1424, episodic_return=1000.000
global_step=476342, episode=1425, episodic_return=1000.000
global_step=477343, episode=1426, episodic_return=1000.000
global_step=478344, episode=1427, episodic_return=1000.000
global_step=479345, episode=1428, episodic_return=1000.000
global_step=480346, episode=1429, episodic_return=1000.000
global_step=481347, episode=1430, episodic_return=1000.000
global_step=482348, episode=1431, episodic_return=1000.000
global_step=483349, episode=1432, episodic_return=1000.000
global_step=484350, episode=1433, episodic_return=1000.000
global_step=485351, episode=1434, episodic_return=1000.000
global_step=486352, episode=1435, episodic_return=1000.000
global_step=486596, episode=1436, episodic_return=243.000
global_step=487597, episode=1437, episodic_return=1000.000
global_step=488214, episode=1438, episodic_return=616.000
global_step=489215, episode=1439, episodic_return=1000.000
global_step=490216, episode=1440, episodic_return=1000.000
global_step=491217, episode=1441, episodic_return=1000.000
global_step=492218, episode=1442, episodic_return=1000.000
global_step=493219, episode=1443, episodic_return=1000.000
global_step=494220, episode=1444, episodic_return=1000.000
global_step=495221, episode=1445, episodic_return=1000.000
global_step=496222, episode=1446, episodic_return=1000.000
global_step=497223, episode=1447, episodic_return=1000.000
global_step=498131, episode=1448, episodic_return=907.000
global_step=498636, episode=1449, episodic_return=504.000
global_step=499637, episode=1450, episodic_return=1000.000
global_step=500638, episode=1451, episodic_return=1000.000
global_step=501639, episode=1452, episodic_return=1000.000
global_step=502610, episode=1453, episodic_return=970.000
global_step=503611, episode=1454, episodic_return=1000.000
global_step=504612, episode=1455, episodic_return=1000.000
global_step=505613, episode=1456, episodic_return=1000.000
global_step=506614, episode=1457, episodic_return=1000.000
global_step=507615, episode=1458, episodic_return=1000.000
global_step=508616, episode=1459, episodic_return=1000.000
global_step=509617, episode=1460, episodic_return=1000.000
global_step=510618, episode=1461, episodic_return=1000.000
global_step=511619, episode=1462, episodic_return=1000.000
global_step=512620, episode=1463, episodic_return=1000.000
global_step=513621, episode=1464, episodic_return=1000.000
global_step=514622, episode=1465, episodic_return=1000.000
global_step=515623, episode=1466, episodic_return=1000.000
global_step=516624, episode=1467, episodic_return=1000.000
global_step=517091, episode=1468, episodic_return=466.000
global_step=517256, episode=1469, episodic_return=164.000
global_step=518257, episode=1470, episodic_return=1000.000
global_step=519258, episode=1471, episodic_return=1000.000
global_step=520259, episode=1472, episodic_return=1000.000
global_step=521260, episode=1473, episodic_return=1000.000
global_step=522261, episode=1474, episodic_return=1000.000
global_step=523262, episode=1475, episodic_return=1000.000
global_step=524263, episode=1476, episodic_return=1000.000
global_step=525264, episode=1477, episodic_return=1000.000
global_step=526265, episode=1478, episodic_return=1000.000
global_step=527266, episode=1479, episodic_return=1000.000
global_step=528267, episode=1480, episodic_return=1000.000
global_step=529268, episode=1481, episodic_return=1000.000
global_step=530269, episode=1482, episodic_return=1000.000
global_step=531270, episode=1483, episodic_return=1000.000
global_step=532271, episode=1484, episodic_return=1000.000
global_step=533272, episode=1485, episodic_return=1000.000
global_step=534273, episode=1486, episodic_return=1000.000
global_step=535274, episode=1487, episodic_return=1000.000
global_step=536275, episode=1488, episodic_return=1000.000
global_step=537276, episode=1489, episodic_return=1000.000
global_step=538277, episode=1490, episodic_return=1000.000
global_step=539278, episode=1491, episodic_return=1000.000
global_step=540279, episode=1492, episodic_return=1000.000
global_step=541280, episode=1493, episodic_return=1000.000
global_step=542281, episode=1494, episodic_return=1000.000
global_step=543282, episode=1495, episodic_return=1000.000
global_step=544283, episode=1496, episodic_return=1000.000
global_step=545284, episode=1497, episodic_return=1000.000
global_step=546285, episode=1498, episodic_return=1000.000
global_step=547286, episode=1499, episodic_return=1000.000
global_step=548287, episode=1500, episodic_return=1000.000
global_step=549288, episode=1501, episodic_return=1000.000
global_step=550289, episode=1502, episodic_return=1000.000
global_step=551290, episode=1503, episodic_return=1000.000
global_step=552291, episode=1504, episodic_return=1000.000
global_step=553292, episode=1505, episodic_return=1000.000
global_step=554293, episode=1506, episodic_return=1000.000
global_step=555294, episode=1507, episodic_return=1000.000
global_step=556295, episode=1508, episodic_return=1000.000
global_step=557296, episode=1509, episodic_return=1000.000
global_step=558297, episode=1510, episodic_return=1000.000
global_step=559298, episode=1511, episodic_return=1000.000
global_step=560299, episode=1512, episodic_return=1000.000
global_step=561300, episode=1513, episodic_return=1000.000
global_step=562301, episode=1514, episodic_return=1000.000
global_step=563302, episode=1515, episodic_return=1000.000
global_step=564303, episode=1516, episodic_return=1000.000
global_step=565304, episode=1517, episodic_return=1000.000
global_step=566305, episode=1518, episodic_return=1000.000
global_step=567306, episode=1519, episodic_return=1000.000
global_step=568307, episode=1520, episodic_return=1000.000
global_step=569308, episode=1521, episodic_return=1000.000
global_step=570309, episode=1522, episodic_return=1000.000
global_step=571310, episode=1523, episodic_return=1000.000
global_step=571483, episode=1524, episodic_return=172.000
global_step=571820, episode=1525, episodic_return=336.000
global_step=572060, episode=1526, episodic_return=239.000
global_step=572184, episode=1527, episodic_return=123.000
global_step=572335, episode=1528, episodic_return=150.000
global_step=573336, episode=1529, episodic_return=1000.000
global_step=574337, episode=1530, episodic_return=1000.000
global_step=575338, episode=1531, episodic_return=1000.000
global_step=576339, episode=1532, episodic_return=1000.000
global_step=577340, episode=1533, episodic_return=1000.000
global_step=578341, episode=1534, episodic_return=1000.000
global_step=579342, episode=1535, episodic_return=1000.000
global_step=579370, episode=1536, episodic_return=27.000
global_step=579511, episode=1537, episodic_return=140.000
global_step=580512, episode=1538, episodic_return=1000.000
global_step=581513, episode=1539, episodic_return=1000.000
global_step=582514, episode=1540, episodic_return=1000.000
global_step=583515, episode=1541, episodic_return=1000.000
global_step=584516, episode=1542, episodic_return=1000.000
global_step=585517, episode=1543, episodic_return=1000.000
global_step=586518, episode=1544, episodic_return=1000.000
global_step=586970, episode=1545, episodic_return=451.000
global_step=587971, episode=1546, episodic_return=1000.000
global_step=588972, episode=1547, episodic_return=1000.000
global_step=589973, episode=1548, episodic_return=1000.000
global_step=590974, episode=1549, episodic_return=1000.000
global_step=591975, episode=1550, episodic_return=1000.000
global_step=592851, episode=1551, episodic_return=875.000
global_step=593067, episode=1552, episodic_return=215.000
global_step=594068, episode=1553, episodic_return=1000.000
global_step=595069, episode=1554, episodic_return=1000.000
global_step=596070, episode=1555, episodic_return=1000.000
global_step=597071, episode=1556, episodic_return=1000.000
global_step=598072, episode=1557, episodic_return=1000.000
global_step=599073, episode=1558, episodic_return=1000.000
global_step=600074, episode=1559, episodic_return=1000.000
global_step=601075, episode=1560, episodic_return=1000.000
global_step=602076, episode=1561, episodic_return=1000.000
global_step=603077, episode=1562, episodic_return=1000.000
global_step=604078, episode=1563, episodic_return=1000.000
global_step=605079, episode=1564, episodic_return=1000.000
global_step=606080, episode=1565, episodic_return=1000.000
global_step=607081, episode=1566, episodic_return=1000.000
global_step=608082, episode=1567, episodic_return=1000.000
global_step=609083, episode=1568, episodic_return=1000.000
global_step=610084, episode=1569, episodic_return=1000.000
global_step=611085, episode=1570, episodic_return=1000.000
global_step=612086, episode=1571, episodic_return=1000.000
global_step=613087, episode=1572, episodic_return=1000.000
global_step=614088, episode=1573, episodic_return=1000.000
global_step=615089, episode=1574, episodic_return=1000.000
global_step=616090, episode=1575, episodic_return=1000.000
global_step=617091, episode=1576, episodic_return=1000.000
global_step=618092, episode=1577, episodic_return=1000.000
global_step=619093, episode=1578, episodic_return=1000.000
global_step=620094, episode=1579, episodic_return=1000.000
global_step=621095, episode=1580, episodic_return=1000.000
global_step=622096, episode=1581, episodic_return=1000.000
global_step=623097, episode=1582, episodic_return=1000.000
global_step=624098, episode=1583, episodic_return=1000.000
global_step=625099, episode=1584, episodic_return=1000.000
global_step=626100, episode=1585, episodic_return=1000.000
global_step=627101, episode=1586, episodic_return=1000.000
global_step=628102, episode=1587, episodic_return=1000.000
global_step=629103, episode=1588, episodic_return=1000.000
global_step=630104, episode=1589, episodic_return=1000.000
global_step=631105, episode=1590, episodic_return=1000.000
global_step=632106, episode=1591, episodic_return=1000.000
global_step=633107, episode=1592, episodic_return=1000.000
global_step=634108, episode=1593, episodic_return=1000.000
global_step=635109, episode=1594, episodic_return=1000.000
global_step=636110, episode=1595, episodic_return=1000.000
global_step=637111, episode=1596, episodic_return=1000.000
global_step=638112, episode=1597, episodic_return=1000.000
global_step=639113, episode=1598, episodic_return=1000.000
global_step=639592, episode=1599, episodic_return=478.000
global_step=640593, episode=1600, episodic_return=1000.000
global_step=641594, episode=1601, episodic_return=1000.000
global_step=642595, episode=1602, episodic_return=1000.000
global_step=643596, episode=1603, episodic_return=1000.000
global_step=644597, episode=1604, episodic_return=1000.000
global_step=645598, episode=1605, episodic_return=1000.000
global_step=646599, episode=1606, episodic_return=1000.000
global_step=647600, episode=1607, episodic_return=1000.000
global_step=648601, episode=1608, episodic_return=1000.000
global_step=649602, episode=1609, episodic_return=1000.000
global_step=650603, episode=1610, episodic_return=1000.000
global_step=651604, episode=1611, episodic_return=1000.000
global_step=652605, episode=1612, episodic_return=1000.000
global_step=653606, episode=1613, episodic_return=1000.000
global_step=654607, episode=1614, episodic_return=1000.000
global_step=655608, episode=1615, episodic_return=1000.000
global_step=656609, episode=1616, episodic_return=1000.000
global_step=657610, episode=1617, episodic_return=1000.000
global_step=658611, episode=1618, episodic_return=1000.000
global_step=659612, episode=1619, episodic_return=1000.000
global_step=660613, episode=1620, episodic_return=1000.000
global_step=661614, episode=1621, episodic_return=1000.000
global_step=662615, episode=1622, episodic_return=1000.000
global_step=663616, episode=1623, episodic_return=1000.000
global_step=664617, episode=1624, episodic_return=1000.000
global_step=665618, episode=1625, episodic_return=1000.000
global_step=666619, episode=1626, episodic_return=1000.000
global_step=667620, episode=1627, episodic_return=1000.000
global_step=668621, episode=1628, episodic_return=1000.000
global_step=669622, episode=1629, episodic_return=1000.000
global_step=670623, episode=1630, episodic_return=1000.000
global_step=671624, episode=1631, episodic_return=1000.000
global_step=672625, episode=1632, episodic_return=1000.000
global_step=673626, episode=1633, episodic_return=1000.000
global_step=674627, episode=1634, episodic_return=1000.000
global_step=675628, episode=1635, episodic_return=1000.000
global_step=676629, episode=1636, episodic_return=1000.000
global_step=677630, episode=1637, episodic_return=1000.000
global_step=678631, episode=1638, episodic_return=1000.000
global_step=679632, episode=1639, episodic_return=1000.000
global_step=680633, episode=1640, episodic_return=1000.000
global_step=681634, episode=1641, episodic_return=1000.000
global_step=682635, episode=1642, episodic_return=1000.000
global_step=683636, episode=1643, episodic_return=1000.000
global_step=684637, episode=1644, episodic_return=1000.000
global_step=685638, episode=1645, episodic_return=1000.000
global_step=686639, episode=1646, episodic_return=1000.000
global_step=687640, episode=1647, episodic_return=1000.000
global_step=688641, episode=1648, episodic_return=1000.000
global_step=689642, episode=1649, episodic_return=1000.000
global_step=690643, episode=1650, episodic_return=1000.000
global_step=691644, episode=1651, episodic_return=1000.000
global_step=692645, episode=1652, episodic_return=1000.000
global_step=693646, episode=1653, episodic_return=1000.000
global_step=694647, episode=1654, episodic_return=1000.000
global_step=695648, episode=1655, episodic_return=1000.000
global_step=696649, episode=1656, episodic_return=1000.000
global_step=697650, episode=1657, episodic_return=1000.000
global_step=698651, episode=1658, episodic_return=1000.000
global_step=699652, episode=1659, episodic_return=1000.000
global_step=700653, episode=1660, episodic_return=1000.000
global_step=701654, episode=1661, episodic_return=1000.000
global_step=702655, episode=1662, episodic_return=1000.000
global_step=703656, episode=1663, episodic_return=1000.000
global_step=704657, episode=1664, episodic_return=1000.000
global_step=705658, episode=1665, episodic_return=1000.000
global_step=706659, episode=1666, episodic_return=1000.000
global_step=707660, episode=1667, episodic_return=1000.000
global_step=708661, episode=1668, episodic_return=1000.000
global_step=709662, episode=1669, episodic_return=1000.000
global_step=710663, episode=1670, episodic_return=1000.000
global_step=711574, episode=1671, episodic_return=910.000
global_step=712278, episode=1672, episodic_return=703.000
global_step=713279, episode=1673, episodic_return=1000.000
global_step=714280, episode=1674, episodic_return=1000.000
global_step=715281, episode=1675, episodic_return=1000.000
global_step=716282, episode=1676, episodic_return=1000.000
global_step=717283, episode=1677, episodic_return=1000.000
global_step=718284, episode=1678, episodic_return=1000.000
global_step=719285, episode=1679, episodic_return=1000.000
global_step=720286, episode=1680, episodic_return=1000.000
global_step=721287, episode=1681, episodic_return=1000.000
global_step=722288, episode=1682, episodic_return=1000.000
global_step=723289, episode=1683, episodic_return=1000.000
global_step=724290, episode=1684, episodic_return=1000.000
global_step=725291, episode=1685, episodic_return=1000.000
global_step=726292, episode=1686, episodic_return=1000.000
global_step=727293, episode=1687, episodic_return=1000.000
global_step=728294, episode=1688, episodic_return=1000.000
global_step=729295, episode=1689, episodic_return=1000.000
global_step=730296, episode=1690, episodic_return=1000.000
global_step=731297, episode=1691, episodic_return=1000.000
global_step=732298, episode=1692, episodic_return=1000.000
global_step=733299, episode=1693, episodic_return=1000.000
global_step=734300, episode=1694, episodic_return=1000.000
global_step=735301, episode=1695, episodic_return=1000.000
global_step=736302, episode=1696, episodic_return=1000.000
global_step=737303, episode=1697, episodic_return=1000.000
global_step=738304, episode=1698, episodic_return=1000.000
global_step=739305, episode=1699, episodic_return=1000.000
global_step=740113, episode=1700, episodic_return=807.000
global_step=741114, episode=1701, episodic_return=1000.000
global_step=742115, episode=1702, episodic_return=1000.000
global_step=743116, episode=1703, episodic_return=1000.000
global_step=744117, episode=1704, episodic_return=1000.000
global_step=745118, episode=1705, episodic_return=1000.000
global_step=746119, episode=1706, episodic_return=1000.000
global_step=747120, episode=1707, episodic_return=1000.000
global_step=748121, episode=1708, episodic_return=1000.000
global_step=749122, episode=1709, episodic_return=1000.000
global_step=750123, episode=1710, episodic_return=1000.000
global_step=751124, episode=1711, episodic_return=1000.000
global_step=752125, episode=1712, episodic_return=1000.000
global_step=753126, episode=1713, episodic_return=1000.000
global_step=753656, episode=1714, episodic_return=529.000
global_step=754657, episode=1715, episodic_return=1000.000
global_step=755658, episode=1716, episodic_return=1000.000
global_step=756659, episode=1717, episodic_return=1000.000
global_step=757660, episode=1718, episodic_return=1000.000
global_step=758661, episode=1719, episodic_return=1000.000
global_step=759662, episode=1720, episodic_return=1000.000
global_step=760663, episode=1721, episodic_return=1000.000
global_step=761664, episode=1722, episodic_return=1000.000
global_step=762665, episode=1723, episodic_return=1000.000
global_step=763666, episode=1724, episodic_return=1000.000
global_step=764667, episode=1725, episodic_return=1000.000
global_step=765668, episode=1726, episodic_return=1000.000
global_step=766669, episode=1727, episodic_return=1000.000
global_step=767670, episode=1728, episodic_return=1000.000
global_step=768671, episode=1729, episodic_return=1000.000
global_step=769672, episode=1730, episodic_return=1000.000
global_step=770673, episode=1731, episodic_return=1000.000
global_step=771674, episode=1732, episodic_return=1000.000
global_step=772675, episode=1733, episodic_return=1000.000
global_step=773676, episode=1734, episodic_return=1000.000
global_step=774677, episode=1735, episodic_return=1000.000
global_step=775678, episode=1736, episodic_return=1000.000
global_step=776679, episode=1737, episodic_return=1000.000
global_step=777680, episode=1738, episodic_return=1000.000
global_step=778681, episode=1739, episodic_return=1000.000
global_step=778902, episode=1740, episodic_return=220.000
global_step=779005, episode=1741, episodic_return=102.000
global_step=780006, episode=1742, episodic_return=1000.000
global_step=781007, episode=1743, episodic_return=1000.000
global_step=782008, episode=1744, episodic_return=1000.000
global_step=783009, episode=1745, episodic_return=1000.000
global_step=784010, episode=1746, episodic_return=1000.000
global_step=785011, episode=1747, episodic_return=1000.000
global_step=785177, episode=1748, episodic_return=165.000
global_step=786178, episode=1749, episodic_return=1000.000
global_step=786617, episode=1750, episodic_return=438.000
global_step=787618, episode=1751, episodic_return=1000.000
global_step=788619, episode=1752, episodic_return=1000.000
global_step=789620, episode=1753, episodic_return=1000.000
global_step=790621, episode=1754, episodic_return=1000.000
global_step=791622, episode=1755, episodic_return=1000.000
global_step=792623, episode=1756, episodic_return=1000.000
global_step=793624, episode=1757, episodic_return=1000.000
global_step=794625, episode=1758, episodic_return=1000.000
global_step=795626, episode=1759, episodic_return=1000.000
global_step=796627, episode=1760, episodic_return=1000.000
global_step=797628, episode=1761, episodic_return=1000.000
global_step=798291, episode=1762, episodic_return=662.000
global_step=799292, episode=1763, episodic_return=1000.000
global_step=800293, episode=1764, episodic_return=1000.000
global_step=801294, episode=1765, episodic_return=1000.000
global_step=802295, episode=1766, episodic_return=1000.000
global_step=803296, episode=1767, episodic_return=1000.000
global_step=804297, episode=1768, episodic_return=1000.000
global_step=805298, episode=1769, episodic_return=1000.000
global_step=806299, episode=1770, episodic_return=1000.000
global_step=807300, episode=1771, episodic_return=1000.000
global_step=808301, episode=1772, episodic_return=1000.000
global_step=809302, episode=1773, episodic_return=1000.000
global_step=810303, episode=1774, episodic_return=1000.000
global_step=811304, episode=1775, episodic_return=1000.000
global_step=811418, episode=1776, episodic_return=113.000
global_step=812419, episode=1777, episodic_return=1000.000
global_step=812976, episode=1778, episodic_return=556.000
global_step=813977, episode=1779, episodic_return=1000.000
global_step=814978, episode=1780, episodic_return=1000.000
global_step=815979, episode=1781, episodic_return=1000.000
global_step=816980, episode=1782, episodic_return=1000.000
global_step=817981, episode=1783, episodic_return=1000.000
global_step=818982, episode=1784, episodic_return=1000.000
global_step=819983, episode=1785, episodic_return=1000.000
global_step=820779, episode=1786, episodic_return=795.000
global_step=821273, episode=1787, episodic_return=493.000
global_step=821584, episode=1788, episodic_return=310.000
global_step=822134, episode=1789, episodic_return=549.000
global_step=822630, episode=1790, episodic_return=495.000
global_step=823631, episode=1791, episodic_return=1000.000
global_step=824632, episode=1792, episodic_return=1000.000
global_step=825633, episode=1793, episodic_return=1000.000
global_step=826634, episode=1794, episodic_return=1000.000
global_step=827635, episode=1795, episodic_return=1000.000
global_step=828636, episode=1796, episodic_return=1000.000
global_step=829637, episode=1797, episodic_return=1000.000
global_step=830638, episode=1798, episodic_return=1000.000
global_step=831639, episode=1799, episodic_return=1000.000
global_step=832640, episode=1800, episodic_return=1000.000
global_step=833641, episode=1801, episodic_return=1000.000
global_step=834642, episode=1802, episodic_return=1000.000
global_step=835643, episode=1803, episodic_return=1000.000
global_step=836644, episode=1804, episodic_return=1000.000
global_step=837645, episode=1805, episodic_return=1000.000
global_step=838646, episode=1806, episodic_return=1000.000
global_step=839647, episode=1807, episodic_return=1000.000
global_step=840648, episode=1808, episodic_return=1000.000
global_step=840945, episode=1809, episodic_return=296.000
global_step=841946, episode=1810, episodic_return=1000.000
global_step=842947, episode=1811, episodic_return=1000.000
global_step=843948, episode=1812, episodic_return=1000.000
global_step=844949, episode=1813, episodic_return=1000.000
global_step=845950, episode=1814, episodic_return=1000.000
global_step=846951, episode=1815, episodic_return=1000.000
global_step=847952, episode=1816, episodic_return=1000.000
global_step=848953, episode=1817, episodic_return=1000.000
global_step=849954, episode=1818, episodic_return=1000.000
global_step=850955, episode=1819, episodic_return=1000.000
global_step=851956, episode=1820, episodic_return=1000.000
global_step=852957, episode=1821, episodic_return=1000.000
global_step=853958, episode=1822, episodic_return=1000.000
global_step=854959, episode=1823, episodic_return=1000.000
global_step=855960, episode=1824, episodic_return=1000.000
global_step=856961, episode=1825, episodic_return=1000.000
global_step=857962, episode=1826, episodic_return=1000.000
global_step=858963, episode=1827, episodic_return=1000.000
global_step=859964, episode=1828, episodic_return=1000.000
global_step=860965, episode=1829, episodic_return=1000.000
global_step=861966, episode=1830, episodic_return=1000.000
global_step=862967, episode=1831, episodic_return=1000.000
global_step=863968, episode=1832, episodic_return=1000.000
global_step=864969, episode=1833, episodic_return=1000.000
global_step=865970, episode=1834, episodic_return=1000.000
global_step=866971, episode=1835, episodic_return=1000.000
global_step=867972, episode=1836, episodic_return=1000.000
global_step=868973, episode=1837, episodic_return=1000.000
global_step=869974, episode=1838, episodic_return=1000.000
global_step=870975, episode=1839, episodic_return=1000.000
global_step=871976, episode=1840, episodic_return=1000.000
global_step=872977, episode=1841, episodic_return=1000.000
global_step=873978, episode=1842, episodic_return=1000.000
global_step=874979, episode=1843, episodic_return=1000.000
global_step=875980, episode=1844, episodic_return=1000.000
global_step=876981, episode=1845, episodic_return=1000.000
global_step=877982, episode=1846, episodic_return=1000.000
global_step=878983, episode=1847, episodic_return=1000.000
global_step=879984, episode=1848, episodic_return=1000.000
global_step=880985, episode=1849, episodic_return=1000.000
global_step=881986, episode=1850, episodic_return=1000.000
global_step=882987, episode=1851, episodic_return=1000.000
global_step=883988, episode=1852, episodic_return=1000.000
global_step=884989, episode=1853, episodic_return=1000.000
global_step=885990, episode=1854, episodic_return=1000.000
global_step=886991, episode=1855, episodic_return=1000.000
global_step=887992, episode=1856, episodic_return=1000.000
global_step=888993, episode=1857, episodic_return=1000.000
global_step=889994, episode=1858, episodic_return=1000.000
global_step=890995, episode=1859, episodic_return=1000.000
global_step=891996, episode=1860, episodic_return=1000.000
global_step=892997, episode=1861, episodic_return=1000.000
global_step=893998, episode=1862, episodic_return=1000.000
global_step=894999, episode=1863, episodic_return=1000.000
global_step=896000, episode=1864, episodic_return=1000.000
global_step=897001, episode=1865, episodic_return=1000.000
global_step=898002, episode=1866, episodic_return=1000.000
global_step=899003, episode=1867, episodic_return=1000.000
global_step=900004, episode=1868, episodic_return=1000.000
global_step=901005, episode=1869, episodic_return=1000.000
global_step=902006, episode=1870, episodic_return=1000.000
global_step=903007, episode=1871, episodic_return=1000.000
global_step=904008, episode=1872, episodic_return=1000.000
global_step=905009, episode=1873, episodic_return=1000.000
global_step=906010, episode=1874, episodic_return=1000.000
global_step=907011, episode=1875, episodic_return=1000.000
global_step=908012, episode=1876, episodic_return=1000.000
global_step=909013, episode=1877, episodic_return=1000.000
global_step=910014, episode=1878, episodic_return=1000.000
global_step=911015, episode=1879, episodic_return=1000.000
global_step=912016, episode=1880, episodic_return=1000.000
global_step=913017, episode=1881, episodic_return=1000.000
global_step=914018, episode=1882, episodic_return=1000.000
global_step=915019, episode=1883, episodic_return=1000.000
global_step=915355, episode=1884, episodic_return=335.000
global_step=916356, episode=1885, episodic_return=1000.000
global_step=917357, episode=1886, episodic_return=1000.000
global_step=917483, episode=1887, episodic_return=125.000
global_step=917588, episode=1888, episodic_return=104.000
global_step=917700, episode=1889, episodic_return=111.000
global_step=917769, episode=1890, episodic_return=68.000
global_step=917890, episode=1891, episodic_return=120.000
global_step=918001, episode=1892, episodic_return=110.000
global_step=918108, episode=1893, episodic_return=106.000
global_step=918263, episode=1894, episodic_return=154.000
global_step=919264, episode=1895, episodic_return=1000.000
global_step=920265, episode=1896, episodic_return=1000.000
global_step=921038, episode=1897, episodic_return=772.000
global_step=921848, episode=1898, episodic_return=809.000
global_step=922849, episode=1899, episodic_return=1000.000
global_step=923850, episode=1900, episodic_return=1000.000
global_step=924851, episode=1901, episodic_return=1000.000
global_step=925852, episode=1902, episodic_return=1000.000
global_step=926853, episode=1903, episodic_return=1000.000
global_step=927854, episode=1904, episodic_return=1000.000
global_step=928855, episode=1905, episodic_return=1000.000
global_step=929856, episode=1906, episodic_return=1000.000
global_step=930857, episode=1907, episodic_return=1000.000
global_step=931858, episode=1908, episodic_return=1000.000
global_step=932859, episode=1909, episodic_return=1000.000
global_step=933860, episode=1910, episodic_return=1000.000
global_step=934861, episode=1911, episodic_return=1000.000
global_step=935862, episode=1912, episodic_return=1000.000
global_step=936863, episode=1913, episodic_return=1000.000
global_step=937864, episode=1914, episodic_return=1000.000
global_step=938865, episode=1915, episodic_return=1000.000
global_step=939866, episode=1916, episodic_return=1000.000
global_step=940202, episode=1917, episodic_return=335.000
global_step=940451, episode=1918, episodic_return=248.000
global_step=940697, episode=1919, episodic_return=245.000
global_step=940887, episode=1920, episodic_return=189.000
global_step=941271, episode=1921, episodic_return=383.000
global_step=941776, episode=1922, episodic_return=504.000
global_step=942777, episode=1923, episodic_return=1000.000
global_step=943778, episode=1924, episodic_return=1000.000
global_step=944779, episode=1925, episodic_return=1000.000
global_step=945780, episode=1926, episodic_return=1000.000
global_step=946781, episode=1927, episodic_return=1000.000
global_step=947782, episode=1928, episodic_return=1000.000
global_step=948783, episode=1929, episodic_return=1000.000
global_step=948935, episode=1930, episodic_return=151.000
global_step=949936, episode=1931, episodic_return=1000.000
global_step=950937, episode=1932, episodic_return=1000.000
global_step=951938, episode=1933, episodic_return=1000.000
global_step=952536, episode=1934, episodic_return=597.000
global_step=953537, episode=1935, episodic_return=1000.000
global_step=954538, episode=1936, episodic_return=1000.000
global_step=955354, episode=1937, episodic_return=815.000
global_step=956355, episode=1938, episodic_return=1000.000
global_step=957356, episode=1939, episodic_return=1000.000
global_step=958357, episode=1940, episodic_return=1000.000
global_step=959358, episode=1941, episodic_return=1000.000
global_step=960359, episode=1942, episodic_return=1000.000
global_step=961360, episode=1943, episodic_return=1000.000
global_step=962361, episode=1944, episodic_return=1000.000
global_step=963362, episode=1945, episodic_return=1000.000
global_step=964363, episode=1946, episodic_return=1000.000
global_step=965364, episode=1947, episodic_return=1000.000
global_step=966365, episode=1948, episodic_return=1000.000
global_step=967366, episode=1949, episodic_return=1000.000
global_step=968367, episode=1950, episodic_return=1000.000
global_step=969368, episode=1951, episodic_return=1000.000
global_step=970369, episode=1952, episodic_return=1000.000
global_step=971370, episode=1953, episodic_return=1000.000
global_step=972371, episode=1954, episodic_return=1000.000
global_step=973372, episode=1955, episodic_return=1000.000
global_step=974373, episode=1956, episodic_return=1000.000
global_step=975374, episode=1957, episodic_return=1000.000
global_step=976375, episode=1958, episodic_return=1000.000
global_step=976549, episode=1959, episodic_return=173.000
global_step=976657, episode=1960, episodic_return=107.000
global_step=977658, episode=1961, episodic_return=1000.000
global_step=978659, episode=1962, episodic_return=1000.000
global_step=979660, episode=1963, episodic_return=1000.000
global_step=980661, episode=1964, episodic_return=1000.000
global_step=981662, episode=1965, episodic_return=1000.000
global_step=982663, episode=1966, episodic_return=1000.000
global_step=983664, episode=1967, episodic_return=1000.000
global_step=984665, episode=1968, episodic_return=1000.000
global_step=985666, episode=1969, episodic_return=1000.000
global_step=986667, episode=1970, episodic_return=1000.000
global_step=987668, episode=1971, episodic_return=1000.000
global_step=988669, episode=1972, episodic_return=1000.000
global_step=989670, episode=1973, episodic_return=1000.000
global_step=990671, episode=1974, episodic_return=1000.000
global_step=991672, episode=1975, episodic_return=1000.000
global_step=992673, episode=1976, episodic_return=1000.000
global_step=993674, episode=1977, episodic_return=1000.000
global_step=994675, episode=1978, episodic_return=1000.000
global_step=995676, episode=1979, episodic_return=1000.000
global_step=996677, episode=1980, episodic_return=1000.000
global_step=997678, episode=1981, episodic_return=1000.000
global_step=998679, episode=1982, episodic_return=1000.000
global_step=999680, episode=1983, episodic_return=1000.000
