Job ID: 10484947
GPU Info: NVIDIA A100 80GB PCIe
Starting SAC in MuJoCo environment training...
Command: srun uv run python experiments/mujoco/sac.py   --env-id Hopper-v4   --run-id 10484947   --seed 1   --total-timesteps 1000000   --track   --capture-video   --wandb-project-name cleanrl-experiments
global_step=12, episode=0, episodic_return=10.137
    -> Best video saved: videos/Hopper-v4_sac_10484947/best_step-12_episode-0.mp4
    -> New best: episodic_return=10.137
global_step=38, episode=1, episodic_return=28.431
    -> Best video saved: videos/Hopper-v4_sac_10484947/best_step-38_episode-1.mp4
    -> New best: episodic_return=28.431
global_step=76, episode=2, episodic_return=26.775
global_step=97, episode=3, episodic_return=3.941
global_step=112, episode=4, episodic_return=8.912
global_step=145, episode=5, episodic_return=26.427
global_step=167, episode=6, episodic_return=11.117
global_step=212, episode=7, episodic_return=41.550
    -> Best video saved: videos/Hopper-v4_sac_10484947/best_step-212_episode-7.mp4
    -> New best: episodic_return=41.550
global_step=240, episode=8, episodic_return=33.201
global_step=258, episode=9, episodic_return=17.905
global_step=276, episode=10, episodic_return=14.608
global_step=288, episode=11, episodic_return=7.585
global_step=328, episode=12, episodic_return=38.481
global_step=387, episode=13, episodic_return=58.923
    -> Best video saved: videos/Hopper-v4_sac_10484947/best_step-387_episode-13.mp4
    -> New best: episodic_return=58.923
global_step=407, episode=14, episodic_return=17.594
global_step=424, episode=15, episodic_return=16.189
global_step=446, episode=16, episodic_return=17.088
global_step=466, episode=17, episodic_return=8.720
global_step=487, episode=18, episodic_return=13.140
global_step=507, episode=19, episodic_return=17.855
global_step=524, episode=20, episodic_return=11.714
global_step=538, episode=21, episodic_return=11.059
global_step=565, episode=22, episodic_return=14.363
global_step=578, episode=23, episodic_return=10.219
global_step=597, episode=24, episodic_return=14.463
global_step=622, episode=25, episodic_return=15.476
global_step=651, episode=26, episodic_return=23.256
global_step=670, episode=27, episodic_return=13.813
global_step=688, episode=28, episodic_return=14.859
global_step=703, episode=29, episodic_return=9.032
global_step=718, episode=30, episodic_return=12.554
global_step=731, episode=31, episodic_return=9.004
global_step=746, episode=32, episodic_return=11.155
global_step=765, episode=33, episodic_return=19.340
global_step=785, episode=34, episodic_return=11.702
global_step=798, episode=35, episodic_return=8.150
global_step=823, episode=36, episodic_return=10.861
global_step=839, episode=37, episodic_return=10.243
global_step=856, episode=38, episodic_return=13.112
global_step=878, episode=39, episodic_return=18.737
global_step=891, episode=40, episodic_return=9.822
global_step=910, episode=41, episodic_return=16.483
global_step=922, episode=42, episodic_return=9.121
global_step=944, episode=43, episodic_return=4.864
global_step=966, episode=44, episodic_return=12.037
global_step=976, episode=45, episodic_return=6.970
global_step=986, episode=46, episodic_return=7.068
global_step=1000, episode=47, episodic_return=11.073
global_step=1036, episode=48, episodic_return=49.259
global_step=1049, episode=49, episodic_return=10.240
global_step=1059, episode=50, episodic_return=4.703
global_step=1078, episode=51, episodic_return=17.384
global_step=1094, episode=52, episodic_return=10.538
global_step=1111, episode=53, episodic_return=13.865
global_step=1190, episode=54, episodic_return=70.162
    -> Best video saved: videos/Hopper-v4_sac_10484947/best_step-1190_episode-54.mp4
    -> New best: episodic_return=70.162
global_step=1210, episode=55, episodic_return=16.128
global_step=1228, episode=56, episodic_return=17.055
global_step=1238, episode=57, episodic_return=6.858
global_step=1262, episode=58, episodic_return=12.103
global_step=1283, episode=59, episodic_return=15.044
global_step=1301, episode=60, episodic_return=15.426
global_step=1314, episode=61, episodic_return=10.354
global_step=1332, episode=62, episodic_return=8.302
global_step=1349, episode=63, episodic_return=10.922
global_step=1380, episode=64, episodic_return=43.577
global_step=1403, episode=65, episodic_return=9.534
global_step=1413, episode=66, episodic_return=6.517
global_step=1438, episode=67, episodic_return=15.429
global_step=1460, episode=68, episodic_return=10.065
global_step=1471, episode=69, episodic_return=7.292
global_step=1496, episode=70, episodic_return=24.596
global_step=1528, episode=71, episodic_return=25.639
global_step=1540, episode=72, episodic_return=8.401
global_step=1556, episode=73, episodic_return=12.994
global_step=1581, episode=74, episodic_return=31.676
global_step=1600, episode=75, episodic_return=9.056
global_step=1616, episode=76, episodic_return=10.793
global_step=1640, episode=77, episodic_return=13.432
global_step=1664, episode=78, episodic_return=17.889
global_step=1690, episode=79, episodic_return=18.273
global_step=1727, episode=80, episodic_return=48.966
global_step=1745, episode=81, episodic_return=13.417
global_step=1798, episode=82, episodic_return=52.308
global_step=1812, episode=83, episodic_return=8.826
global_step=1829, episode=84, episodic_return=10.159
global_step=1844, episode=85, episodic_return=13.465
global_step=1856, episode=86, episodic_return=7.815
global_step=1881, episode=87, episodic_return=19.653
global_step=1900, episode=88, episodic_return=13.340
global_step=1968, episode=89, episodic_return=99.574
    -> Best video saved: videos/Hopper-v4_sac_10484947/best_step-1968_episode-89.mp4
    -> New best: episodic_return=99.574
global_step=1996, episode=90, episodic_return=20.472
global_step=2016, episode=91, episodic_return=18.277
global_step=2035, episode=92, episodic_return=11.214
global_step=2094, episode=93, episodic_return=60.118
global_step=2108, episode=94, episodic_return=10.051
global_step=2137, episode=95, episodic_return=12.483
global_step=2212, episode=96, episodic_return=121.774
    -> Best video saved: videos/Hopper-v4_sac_10484947/best_step-2212_episode-96.mp4
    -> New best: episodic_return=121.774
global_step=2230, episode=97, episodic_return=16.217
global_step=2249, episode=98, episodic_return=12.595
global_step=2272, episode=99, episodic_return=15.635
global_step=2297, episode=100, episodic_return=13.970
global_step=2317, episode=101, episodic_return=17.489
global_step=2327, episode=102, episodic_return=6.874
global_step=2337, episode=103, episodic_return=6.636
global_step=2364, episode=104, episodic_return=11.875
global_step=2378, episode=105, episodic_return=6.985
global_step=2391, episode=106, episodic_return=7.750
global_step=2406, episode=107, episodic_return=11.986
global_step=2432, episode=108, episodic_return=25.011
global_step=2446, episode=109, episodic_return=12.098
global_step=2486, episode=110, episodic_return=25.247
global_step=2526, episode=111, episodic_return=39.827
global_step=2545, episode=112, episodic_return=14.161
global_step=2575, episode=113, episodic_return=7.447
global_step=2596, episode=114, episodic_return=16.026
global_step=2610, episode=115, episodic_return=9.419
global_step=2637, episode=116, episodic_return=24.095
global_step=2656, episode=117, episodic_return=15.327
global_step=2703, episode=118, episodic_return=35.258
global_step=2768, episode=119, episodic_return=45.223
global_step=2805, episode=120, episodic_return=26.202
global_step=2828, episode=121, episodic_return=19.124
global_step=2840, episode=122, episodic_return=6.791
global_step=2873, episode=123, episodic_return=39.061
global_step=2887, episode=124, episodic_return=9.576
global_step=2899, episode=125, episodic_return=6.426
global_step=2913, episode=126, episodic_return=9.455
global_step=2932, episode=127, episodic_return=16.533
global_step=2978, episode=128, episodic_return=36.335
global_step=3032, episode=129, episodic_return=74.229
global_step=3047, episode=130, episodic_return=10.084
global_step=3062, episode=131, episodic_return=4.952
global_step=3093, episode=132, episodic_return=22.977
global_step=3107, episode=133, episodic_return=9.847
global_step=3130, episode=134, episodic_return=13.438
global_step=3144, episode=135, episodic_return=11.112
global_step=3175, episode=136, episodic_return=38.892
global_step=3196, episode=137, episodic_return=10.126
global_step=3233, episode=138, episodic_return=31.428
global_step=3251, episode=139, episodic_return=11.849
global_step=3276, episode=140, episodic_return=25.666
global_step=3290, episode=141, episodic_return=9.712
global_step=3302, episode=142, episodic_return=6.546
global_step=3315, episode=143, episodic_return=9.031
global_step=3325, episode=144, episodic_return=6.198
global_step=3352, episode=145, episodic_return=8.082
global_step=3388, episode=146, episodic_return=43.289
global_step=3410, episode=147, episodic_return=15.996
global_step=3436, episode=148, episodic_return=20.957
global_step=3452, episode=149, episodic_return=10.717
global_step=3484, episode=150, episodic_return=19.918
global_step=3503, episode=151, episodic_return=16.163
global_step=3536, episode=152, episodic_return=45.593
global_step=3568, episode=153, episodic_return=25.298
global_step=3599, episode=154, episodic_return=28.091
global_step=3614, episode=155, episodic_return=11.721
global_step=3628, episode=156, episodic_return=9.781
global_step=3639, episode=157, episodic_return=8.423
global_step=3661, episode=158, episodic_return=15.393
global_step=3676, episode=159, episodic_return=11.705
global_step=3702, episode=160, episodic_return=16.434
global_step=3736, episode=161, episodic_return=7.380
global_step=3767, episode=162, episodic_return=17.800
global_step=3811, episode=163, episodic_return=50.284
global_step=3833, episode=164, episodic_return=18.340
global_step=3844, episode=165, episodic_return=7.513
global_step=3886, episode=166, episodic_return=31.671
global_step=3898, episode=167, episodic_return=9.005
global_step=3956, episode=168, episodic_return=43.586
global_step=3980, episode=169, episodic_return=14.103
global_step=3998, episode=170, episodic_return=18.297
global_step=4030, episode=171, episodic_return=33.848
global_step=4047, episode=172, episodic_return=12.137
global_step=4062, episode=173, episodic_return=9.548
global_step=4075, episode=174, episodic_return=9.831
global_step=4093, episode=175, episodic_return=13.422
global_step=4107, episode=176, episodic_return=8.660
global_step=4121, episode=177, episodic_return=8.876
global_step=4147, episode=178, episodic_return=27.929
global_step=4162, episode=179, episodic_return=8.510
global_step=4181, episode=180, episodic_return=16.737
global_step=4197, episode=181, episodic_return=14.725
global_step=4256, episode=182, episodic_return=72.294
global_step=4272, episode=183, episodic_return=11.927
global_step=4283, episode=184, episodic_return=7.625
global_step=4296, episode=185, episodic_return=8.503
global_step=4312, episode=186, episodic_return=12.032
global_step=4336, episode=187, episodic_return=16.205
global_step=4356, episode=188, episodic_return=9.704
global_step=4368, episode=189, episodic_return=9.654
global_step=4383, episode=190, episodic_return=9.698
global_step=4416, episode=191, episodic_return=32.059
global_step=4429, episode=192, episodic_return=10.755
global_step=4460, episode=193, episodic_return=23.376
global_step=4483, episode=194, episodic_return=19.245
global_step=4515, episode=195, episodic_return=15.969
global_step=4528, episode=196, episodic_return=8.725
global_step=4555, episode=197, episodic_return=13.674
global_step=4567, episode=198, episodic_return=6.308
global_step=4579, episode=199, episodic_return=8.362
global_step=4593, episode=200, episodic_return=8.565
global_step=4628, episode=201, episodic_return=28.622
global_step=4640, episode=202, episodic_return=9.124
global_step=4664, episode=203, episodic_return=14.437
global_step=4683, episode=204, episodic_return=9.446
global_step=4696, episode=205, episodic_return=8.674
global_step=4707, episode=206, episodic_return=6.940
global_step=4724, episode=207, episodic_return=6.869
global_step=4751, episode=208, episodic_return=13.877
global_step=4761, episode=209, episodic_return=6.833
global_step=4784, episode=210, episodic_return=19.159
global_step=4808, episode=211, episodic_return=11.522
global_step=4826, episode=212, episodic_return=15.824
global_step=4851, episode=213, episodic_return=16.882
global_step=4875, episode=214, episodic_return=23.992
global_step=4903, episode=215, episodic_return=29.109
global_step=4927, episode=216, episodic_return=12.669
global_step=4947, episode=217, episodic_return=16.714
global_step=4968, episode=218, episodic_return=17.326
global_step=4991, episode=219, episodic_return=17.330
global_step=5005, episode=220, episodic_return=10.252
global_step=5029, episode=221, episodic_return=15.638
global_step=5065, episode=222, episodic_return=11.856
global_step=5080, episode=223, episodic_return=8.327
global_step=5098, episode=224, episodic_return=5.826
global_step=5128, episode=225, episodic_return=38.496
global_step=5147, episode=226, episodic_return=12.676
global_step=5170, episode=227, episodic_return=4.548
global_step=5188, episode=228, episodic_return=12.966
global_step=5276, episode=229, episodic_return=105.798
global_step=5309, episode=230, episodic_return=36.354
global_step=5348, episode=231, episodic_return=30.805
global_step=5373, episode=232, episodic_return=28.159
global_step=5417, episode=233, episodic_return=71.182
global_step=5529, episode=234, episodic_return=82.727
global_step=5622, episode=235, episodic_return=163.126
    -> Best video saved: videos/Hopper-v4_sac_10484947/best_step-5622_episode-235.mp4
    -> New best: episodic_return=163.126
global_step=5658, episode=236, episodic_return=56.582
global_step=5715, episode=237, episodic_return=103.097
global_step=5855, episode=238, episodic_return=188.015
    -> Best video saved: videos/Hopper-v4_sac_10484947/best_step-5855_episode-238.mp4
    -> New best: episodic_return=188.015
global_step=5942, episode=239, episodic_return=135.535
global_step=5986, episode=240, episodic_return=74.151
global_step=6040, episode=241, episodic_return=87.534
global_step=6129, episode=242, episodic_return=192.768
    -> Best video saved: videos/Hopper-v4_sac_10484947/best_step-6129_episode-242.mp4
    -> New best: episodic_return=192.768
global_step=6220, episode=243, episodic_return=182.318
global_step=6310, episode=244, episodic_return=201.494
    -> Best video saved: videos/Hopper-v4_sac_10484947/best_step-6310_episode-244.mp4
    -> New best: episodic_return=201.494
global_step=6398, episode=245, episodic_return=194.552
global_step=6491, episode=246, episodic_return=206.098
    -> Best video saved: videos/Hopper-v4_sac_10484947/best_step-6491_episode-246.mp4
    -> New best: episodic_return=206.098
global_step=6584, episode=247, episodic_return=197.086
global_step=6676, episode=248, episodic_return=192.034
global_step=6766, episode=249, episodic_return=200.217
global_step=6860, episode=250, episodic_return=207.404
    -> Best video saved: videos/Hopper-v4_sac_10484947/best_step-6860_episode-250.mp4
    -> New best: episodic_return=207.404
global_step=6955, episode=251, episodic_return=188.207
global_step=7049, episode=252, episodic_return=183.118
global_step=7146, episode=253, episodic_return=196.351
global_step=7242, episode=254, episodic_return=195.888
global_step=7340, episode=255, episodic_return=228.194
    -> Best video saved: videos/Hopper-v4_sac_10484947/best_step-7340_episode-255.mp4
    -> New best: episodic_return=228.194
global_step=7429, episode=256, episodic_return=198.405
global_step=7517, episode=257, episodic_return=195.898
global_step=7610, episode=258, episodic_return=198.739
global_step=7701, episode=259, episodic_return=201.029
global_step=7789, episode=260, episodic_return=195.080
global_step=7880, episode=261, episodic_return=203.423
global_step=7968, episode=262, episodic_return=190.683
global_step=8054, episode=263, episodic_return=171.121
global_step=8146, episode=264, episodic_return=206.859
global_step=8237, episode=265, episodic_return=204.411
global_step=8329, episode=266, episodic_return=207.235
global_step=8422, episode=267, episodic_return=209.765
global_step=8516, episode=268, episodic_return=213.551
global_step=8614, episode=269, episodic_return=225.117
global_step=8704, episode=270, episodic_return=204.054
global_step=8800, episode=271, episodic_return=219.087
global_step=8896, episode=272, episodic_return=219.277
global_step=8996, episode=273, episodic_return=231.440
    -> Best video saved: videos/Hopper-v4_sac_10484947/best_step-8996_episode-273.mp4
    -> New best: episodic_return=231.440
global_step=9090, episode=274, episodic_return=213.382
global_step=9187, episode=275, episodic_return=218.694
global_step=9287, episode=276, episodic_return=231.289
global_step=9386, episode=277, episodic_return=222.900
global_step=9492, episode=278, episodic_return=244.028
    -> Best video saved: videos/Hopper-v4_sac_10484947/best_step-9492_episode-278.mp4
    -> New best: episodic_return=244.028
global_step=9586, episode=279, episodic_return=208.929
global_step=9689, episode=280, episodic_return=239.363
global_step=9790, episode=281, episodic_return=235.103
global_step=9880, episode=282, episodic_return=188.157
global_step=9977, episode=283, episodic_return=225.403
global_step=10077, episode=284, episodic_return=220.381
global_step=10096, episode=285, episodic_return=17.957
global_step=10205, episode=286, episodic_return=239.453
global_step=10312, episode=287, episodic_return=226.602
global_step=10411, episode=288, episodic_return=218.180
global_step=10512, episode=289, episodic_return=214.410
global_step=10608, episode=290, episodic_return=197.895
global_step=10719, episode=291, episodic_return=242.607
global_step=10828, episode=292, episodic_return=236.269
global_step=10940, episode=293, episodic_return=238.767
global_step=11043, episode=294, episodic_return=224.604
global_step=11152, episode=295, episodic_return=253.430
    -> Best video saved: videos/Hopper-v4_sac_10484947/best_step-11152_episode-295.mp4
    -> New best: episodic_return=253.430
global_step=11268, episode=296, episodic_return=260.073
    -> Best video saved: videos/Hopper-v4_sac_10484947/best_step-11268_episode-296.mp4
    -> New best: episodic_return=260.073
global_step=11380, episode=297, episodic_return=252.721
global_step=11483, episode=298, episodic_return=233.049
global_step=11584, episode=299, episodic_return=222.341
global_step=11689, episode=300, episodic_return=237.946
global_step=11795, episode=301, episodic_return=248.209
global_step=11895, episode=302, episodic_return=205.511
global_step=12006, episode=303, episodic_return=241.059
global_step=12106, episode=304, episodic_return=200.588
global_step=12193, episode=305, episodic_return=185.792
global_step=12274, episode=306, episodic_return=162.066
global_step=12365, episode=307, episodic_return=167.142
global_step=12446, episode=308, episodic_return=164.116
global_step=12518, episode=309, episodic_return=129.516
global_step=12600, episode=310, episodic_return=172.936
global_step=12684, episode=311, episodic_return=165.275
global_step=12776, episode=312, episodic_return=203.147
global_step=12857, episode=313, episodic_return=166.807
global_step=12966, episode=314, episodic_return=255.095
global_step=13059, episode=315, episodic_return=212.433
global_step=13155, episode=316, episodic_return=214.403
global_step=13249, episode=317, episodic_return=211.959
global_step=13290, episode=318, episodic_return=67.368
global_step=13396, episode=319, episodic_return=240.713
global_step=13505, episode=320, episodic_return=253.399
global_step=13601, episode=321, episodic_return=216.942
global_step=13696, episode=322, episodic_return=212.512
global_step=13787, episode=323, episodic_return=203.423
global_step=13893, episode=324, episodic_return=235.701
global_step=13983, episode=325, episodic_return=189.658
global_step=14093, episode=326, episodic_return=241.694
global_step=14201, episode=327, episodic_return=241.757
global_step=14296, episode=328, episodic_return=212.269
global_step=14397, episode=329, episodic_return=214.742
global_step=14479, episode=330, episodic_return=168.682
global_step=14584, episode=331, episodic_return=241.186
global_step=14687, episode=332, episodic_return=230.211
global_step=14784, episode=333, episodic_return=208.203
global_step=14876, episode=334, episodic_return=200.632
global_step=14981, episode=335, episodic_return=213.084
global_step=15071, episode=336, episodic_return=188.409
global_step=15167, episode=337, episodic_return=202.009
global_step=15249, episode=338, episodic_return=169.277
global_step=15326, episode=339, episodic_return=154.714
global_step=15424, episode=340, episodic_return=212.965
global_step=15516, episode=341, episodic_return=193.994
global_step=15609, episode=342, episodic_return=201.457
global_step=15704, episode=343, episodic_return=202.284
global_step=15810, episode=344, episodic_return=226.181
global_step=15927, episode=345, episodic_return=225.373
global_step=16035, episode=346, episodic_return=247.217
global_step=16130, episode=347, episodic_return=202.398
global_step=16238, episode=348, episodic_return=221.610
global_step=16331, episode=349, episodic_return=200.348
global_step=16432, episode=350, episodic_return=212.137
global_step=16547, episode=351, episodic_return=224.414
global_step=16757, episode=352, episodic_return=312.534
    -> Best video saved: videos/Hopper-v4_sac_10484947/best_step-16757_episode-352.mp4
    -> New best: episodic_return=312.534
global_step=16906, episode=353, episodic_return=257.991
global_step=17131, episode=354, episodic_return=376.923
    -> Best video saved: videos/Hopper-v4_sac_10484947/best_step-17131_episode-354.mp4
    -> New best: episodic_return=376.923
global_step=17330, episode=355, episodic_return=303.545
global_step=17453, episode=356, episodic_return=101.024
global_step=17585, episode=357, episodic_return=242.674
global_step=17836, episode=358, episodic_return=382.989
    -> Best video saved: videos/Hopper-v4_sac_10484947/best_step-17836_episode-358.mp4
    -> New best: episodic_return=382.989
global_step=17944, episode=359, episodic_return=82.817
global_step=18029, episode=360, episodic_return=167.128
global_step=18143, episode=361, episodic_return=211.083
global_step=18244, episode=362, episodic_return=211.398
global_step=18350, episode=363, episodic_return=237.903
global_step=18376, episode=364, episodic_return=23.721
global_step=18504, episode=365, episodic_return=289.832
global_step=18600, episode=366, episodic_return=193.569
global_step=18759, episode=367, episodic_return=324.968
global_step=18785, episode=368, episodic_return=31.886
global_step=18866, episode=369, episodic_return=159.232
global_step=18949, episode=370, episodic_return=152.414
global_step=19074, episode=371, episodic_return=312.082
global_step=19123, episode=372, episodic_return=79.315
global_step=19209, episode=373, episodic_return=157.980
global_step=19292, episode=374, episodic_return=172.178
global_step=19346, episode=375, episodic_return=94.383
global_step=19461, episode=376, episodic_return=253.387
global_step=19507, episode=377, episodic_return=76.090
global_step=19591, episode=378, episodic_return=166.991
global_step=19681, episode=379, episodic_return=200.872
global_step=19765, episode=380, episodic_return=166.370
global_step=19839, episode=381, episodic_return=138.272
global_step=19919, episode=382, episodic_return=135.135
global_step=20009, episode=383, episodic_return=200.684
global_step=20056, episode=384, episodic_return=63.922
global_step=20148, episode=385, episodic_return=195.218
global_step=20254, episode=386, episodic_return=235.490
global_step=20361, episode=387, episodic_return=230.716
global_step=20461, episode=388, episodic_return=208.942
global_step=20490, episode=389, episodic_return=28.107
global_step=20607, episode=390, episodic_return=235.862
global_step=20697, episode=391, episodic_return=193.897
global_step=20792, episode=392, episodic_return=199.640
global_step=20897, episode=393, episodic_return=216.796
global_step=20990, episode=394, episodic_return=196.280
global_step=21088, episode=395, episodic_return=207.940
global_step=21182, episode=396, episodic_return=206.201
global_step=21288, episode=397, episodic_return=215.536
global_step=21397, episode=398, episodic_return=220.239
global_step=21499, episode=399, episodic_return=205.261
global_step=21598, episode=400, episodic_return=203.698
global_step=21694, episode=401, episodic_return=211.851
global_step=21801, episode=402, episodic_return=223.428
global_step=21910, episode=403, episodic_return=227.280
global_step=22042, episode=404, episodic_return=315.748
global_step=22147, episode=405, episodic_return=217.028
global_step=22248, episode=406, episodic_return=209.315
global_step=22331, episode=407, episodic_return=162.003
global_step=22434, episode=408, episodic_return=214.503
global_step=22530, episode=409, episodic_return=197.878
global_step=22642, episode=410, episodic_return=227.316
global_step=22746, episode=411, episodic_return=221.628
global_step=22838, episode=412, episodic_return=197.773
global_step=22935, episode=413, episodic_return=202.545
global_step=23029, episode=414, episodic_return=194.055
global_step=23129, episode=415, episodic_return=210.085
global_step=23205, episode=416, episodic_return=155.290
global_step=23312, episode=417, episodic_return=222.862
global_step=23346, episode=418, episodic_return=55.251
global_step=23439, episode=419, episodic_return=192.847
global_step=23543, episode=420, episodic_return=215.685
global_step=23636, episode=421, episodic_return=190.686
global_step=23727, episode=422, episodic_return=183.016
global_step=23837, episode=423, episodic_return=218.551
global_step=23924, episode=424, episodic_return=177.119
global_step=23945, episode=425, episodic_return=15.026
global_step=24044, episode=426, episodic_return=207.445
global_step=24136, episode=427, episodic_return=191.575
global_step=24263, episode=428, episodic_return=315.578
global_step=24350, episode=429, episodic_return=189.583
global_step=24455, episode=430, episodic_return=224.264
global_step=24552, episode=431, episodic_return=196.721
global_step=24648, episode=432, episodic_return=199.401
global_step=24751, episode=433, episodic_return=213.794
global_step=24850, episode=434, episodic_return=205.664
global_step=24959, episode=435, episodic_return=251.832
global_step=25045, episode=436, episodic_return=177.820
global_step=25139, episode=437, episodic_return=200.040
global_step=25235, episode=438, episodic_return=202.724
global_step=25341, episode=439, episodic_return=248.794
global_step=25368, episode=440, episodic_return=20.189
global_step=25464, episode=441, episodic_return=217.283
global_step=25565, episode=442, episodic_return=220.150
global_step=25662, episode=443, episodic_return=215.909
global_step=25763, episode=444, episodic_return=229.966
global_step=25854, episode=445, episodic_return=206.737
global_step=25950, episode=446, episodic_return=216.827
global_step=26046, episode=447, episodic_return=220.380
global_step=26139, episode=448, episodic_return=211.714
global_step=26238, episode=449, episodic_return=210.442
global_step=26334, episode=450, episodic_return=222.147
global_step=26430, episode=451, episodic_return=220.913
global_step=26522, episode=452, episodic_return=198.998
global_step=26614, episode=453, episodic_return=209.869
global_step=26710, episode=454, episodic_return=216.844
global_step=26807, episode=455, episodic_return=223.989
global_step=26908, episode=456, episodic_return=241.859
global_step=27080, episode=457, episodic_return=503.493
    -> Best video saved: videos/Hopper-v4_sac_10484947/best_step-27080_episode-457.mp4
    -> New best: episodic_return=503.493
global_step=27179, episode=458, episodic_return=233.525
global_step=27273, episode=459, episodic_return=213.129
global_step=27365, episode=460, episodic_return=208.131
global_step=27514, episode=461, episodic_return=437.163
global_step=27617, episode=462, episodic_return=250.105
global_step=27713, episode=463, episodic_return=210.083
global_step=27822, episode=464, episodic_return=272.169
global_step=27918, episode=465, episodic_return=222.114
global_step=28023, episode=466, episodic_return=251.685
global_step=28124, episode=467, episodic_return=239.520
global_step=28225, episode=468, episodic_return=247.644
global_step=28338, episode=469, episodic_return=289.562
global_step=28467, episode=470, episodic_return=354.391
global_step=28594, episode=471, episodic_return=295.313
global_step=28709, episode=472, episodic_return=267.031
global_step=28858, episode=473, episodic_return=435.756
global_step=28982, episode=474, episodic_return=258.478
global_step=29081, episode=475, episodic_return=225.562
global_step=29221, episode=476, episodic_return=358.649
global_step=29343, episode=477, episodic_return=330.307
global_step=29568, episode=478, episodic_return=629.232
    -> Best video saved: videos/Hopper-v4_sac_10484947/best_step-29568_episode-478.mp4
    -> New best: episodic_return=629.232
global_step=29728, episode=479, episodic_return=479.516
global_step=29906, episode=480, episodic_return=552.479
global_step=30090, episode=481, episodic_return=561.159
global_step=30326, episode=482, episodic_return=623.740
global_step=30457, episode=483, episodic_return=364.602
global_step=30522, episode=484, episodic_return=82.323
global_step=30716, episode=485, episodic_return=368.493
global_step=30876, episode=486, episodic_return=330.863
global_step=31022, episode=487, episodic_return=362.816
global_step=31239, episode=488, episodic_return=453.288
global_step=31278, episode=489, episodic_return=47.309
global_step=31315, episode=490, episodic_return=44.743
global_step=31421, episode=491, episodic_return=158.688
global_step=31519, episode=492, episodic_return=229.017
global_step=31726, episode=493, episodic_return=557.277
global_step=31942, episode=494, episodic_return=544.921
global_step=32144, episode=495, episodic_return=618.397
global_step=32297, episode=496, episodic_return=449.406
global_step=32348, episode=497, episodic_return=83.415
global_step=32490, episode=498, episodic_return=398.627
global_step=32547, episode=499, episodic_return=96.262
global_step=32746, episode=500, episodic_return=614.415
global_step=32951, episode=501, episodic_return=554.258
global_step=33145, episode=502, episodic_return=594.031
global_step=33275, episode=503, episodic_return=331.495
global_step=33368, episode=504, episodic_return=193.121
global_step=33448, episode=505, episodic_return=158.481
global_step=33530, episode=506, episodic_return=150.259
global_step=33725, episode=507, episodic_return=595.638
global_step=33936, episode=508, episodic_return=596.278
global_step=34131, episode=509, episodic_return=562.764
global_step=34282, episode=510, episodic_return=356.519
global_step=34477, episode=511, episodic_return=548.391
global_step=34673, episode=512, episodic_return=497.334
global_step=34860, episode=513, episodic_return=468.441
global_step=35011, episode=514, episodic_return=344.125
global_step=35158, episode=515, episodic_return=314.290
global_step=35295, episode=516, episodic_return=364.727
global_step=35432, episode=517, episodic_return=297.718
global_step=35569, episode=518, episodic_return=306.699
global_step=35712, episode=519, episodic_return=305.906
global_step=35861, episode=520, episodic_return=330.299
global_step=36009, episode=521, episodic_return=311.522
global_step=36167, episode=522, episodic_return=366.775
global_step=36301, episode=523, episodic_return=309.011
global_step=36439, episode=524, episodic_return=299.580
global_step=36645, episode=525, episodic_return=572.260
global_step=36734, episode=526, episodic_return=160.378
global_step=36869, episode=527, episodic_return=310.951
global_step=37102, episode=528, episodic_return=614.327
global_step=37227, episode=529, episodic_return=319.779
global_step=37360, episode=530, episodic_return=296.966
global_step=37381, episode=531, episodic_return=-0.063
global_step=37402, episode=532, episodic_return=-0.319
global_step=37440, episode=533, episodic_return=8.078
global_step=37463, episode=534, episodic_return=0.162
global_step=37485, episode=535, episodic_return=0.227
global_step=37522, episode=536, episodic_return=9.200
global_step=37549, episode=537, episodic_return=3.776
global_step=37577, episode=538, episodic_return=5.231
global_step=37619, episode=539, episodic_return=9.838
global_step=37660, episode=540, episodic_return=8.983
global_step=37700, episode=541, episodic_return=9.330
global_step=37724, episode=542, episodic_return=8.063
global_step=37746, episode=543, episodic_return=-0.194
global_step=37789, episode=544, episodic_return=14.691
global_step=37830, episode=545, episodic_return=10.799
global_step=37873, episode=546, episodic_return=9.780
global_step=37914, episode=547, episodic_return=12.297
global_step=37951, episode=548, episodic_return=8.548
global_step=37991, episode=549, episodic_return=14.858
global_step=38030, episode=550, episodic_return=7.957
global_step=38069, episode=551, episodic_return=10.142
global_step=38112, episode=552, episodic_return=10.796
global_step=38150, episode=553, episodic_return=13.499
global_step=38191, episode=554, episodic_return=13.864
global_step=38229, episode=555, episodic_return=13.632
global_step=38272, episode=556, episodic_return=10.370
global_step=38312, episode=557, episodic_return=12.127
global_step=38358, episode=558, episodic_return=14.017
global_step=38401, episode=559, episodic_return=12.250
global_step=38443, episode=560, episodic_return=9.589
global_step=38487, episode=561, episodic_return=10.956
global_step=38530, episode=562, episodic_return=11.719
global_step=38571, episode=563, episodic_return=9.905
global_step=38615, episode=564, episodic_return=13.538
global_step=38661, episode=565, episodic_return=12.734
global_step=38710, episode=566, episodic_return=16.262
global_step=38753, episode=567, episodic_return=11.622
global_step=38800, episode=568, episodic_return=15.375
global_step=38847, episode=569, episodic_return=16.163
global_step=38895, episode=570, episodic_return=17.082
global_step=38943, episode=571, episodic_return=15.547
global_step=38988, episode=572, episodic_return=14.284
global_step=39036, episode=573, episodic_return=16.559
global_step=39081, episode=574, episodic_return=13.300
global_step=39135, episode=575, episodic_return=22.785
global_step=39183, episode=576, episodic_return=18.092
global_step=39233, episode=577, episodic_return=19.477
global_step=39279, episode=578, episodic_return=14.912
global_step=39321, episode=579, episodic_return=10.801
global_step=39368, episode=580, episodic_return=16.406
global_step=39421, episode=581, episodic_return=22.646
global_step=39466, episode=582, episodic_return=13.534
global_step=39517, episode=583, episodic_return=18.298
global_step=39569, episode=584, episodic_return=20.155
global_step=39627, episode=585, episodic_return=28.357
global_step=39687, episode=586, episodic_return=31.221
global_step=39751, episode=587, episodic_return=35.443
global_step=39800, episode=588, episodic_return=21.612
global_step=39849, episode=589, episodic_return=21.107
global_step=39918, episode=590, episodic_return=38.469
global_step=39995, episode=591, episodic_return=46.957
global_step=40087, episode=592, episodic_return=62.638
global_step=40191, episode=593, episodic_return=73.878
global_step=40316, episode=594, episodic_return=94.506
global_step=40376, episode=595, episodic_return=33.834
global_step=40449, episode=596, episodic_return=39.208
global_step=40559, episode=597, episodic_return=83.462
global_step=40834, episode=598, episodic_return=243.461
global_step=41835, episode=599, episodic_return=979.714
    -> Best video saved: videos/Hopper-v4_sac_10484947/best_step-41835_episode-599.mp4
    -> New best: episodic_return=979.714
global_step=42836, episode=600, episodic_return=980.378
    -> Best video saved: videos/Hopper-v4_sac_10484947/best_step-42836_episode-600.mp4
    -> New best: episodic_return=980.378
global_step=43291, episode=601, episodic_return=543.196
global_step=43453, episode=602, episodic_return=140.199
global_step=43728, episode=603, episodic_return=475.878
global_step=44027, episode=604, episodic_return=521.330
global_step=44144, episode=605, episodic_return=96.489
global_step=44552, episode=606, episodic_return=509.284
global_step=45238, episode=607, episodic_return=893.257
global_step=45438, episode=608, episodic_return=233.550
global_step=45497, episode=609, episodic_return=29.620
global_step=45764, episode=610, episodic_return=292.280
global_step=46070, episode=611, episodic_return=488.587
global_step=46149, episode=612, episodic_return=42.499
global_step=46358, episode=613, episodic_return=407.558
global_step=46435, episode=614, episodic_return=53.472
global_step=46513, episode=615, episodic_return=45.290
global_step=46697, episode=616, episodic_return=305.209
global_step=46886, episode=617, episodic_return=311.054
global_step=47036, episode=618, episodic_return=361.323
global_step=47186, episode=619, episodic_return=353.019
global_step=47317, episode=620, episodic_return=350.588
global_step=47438, episode=621, episodic_return=309.640
global_step=47608, episode=622, episodic_return=360.368
global_step=47744, episode=623, episodic_return=351.761
global_step=47885, episode=624, episodic_return=361.804
global_step=48007, episode=625, episodic_return=296.008
global_step=48139, episode=626, episodic_return=331.396
global_step=48239, episode=627, episodic_return=207.305
global_step=48363, episode=628, episodic_return=340.152
global_step=48495, episode=629, episodic_return=365.231
global_step=48626, episode=630, episodic_return=352.419
global_step=48766, episode=631, episodic_return=396.544
global_step=48909, episode=632, episodic_return=343.433
global_step=49042, episode=633, episodic_return=351.112
global_step=49226, episode=634, episodic_return=543.515
global_step=49351, episode=635, episodic_return=351.807
global_step=49483, episode=636, episodic_return=368.203
global_step=49618, episode=637, episodic_return=356.543
global_step=49754, episode=638, episodic_return=358.297
global_step=49890, episode=639, episodic_return=364.900
global_step=50022, episode=640, episodic_return=354.119
global_step=50154, episode=641, episodic_return=373.642
global_step=50287, episode=642, episodic_return=375.978
global_step=50418, episode=643, episodic_return=372.462
global_step=50544, episode=644, episodic_return=353.217
global_step=50663, episode=645, episodic_return=318.242
global_step=50789, episode=646, episodic_return=355.818
global_step=50919, episode=647, episodic_return=369.374
global_step=51050, episode=648, episodic_return=371.419
global_step=51182, episode=649, episodic_return=376.361
global_step=51313, episode=650, episodic_return=372.595
global_step=51442, episode=651, episodic_return=352.652
global_step=51578, episode=652, episodic_return=352.558
global_step=51711, episode=653, episodic_return=372.339
global_step=51848, episode=654, episodic_return=362.809
global_step=51980, episode=655, episodic_return=358.742
global_step=52116, episode=656, episodic_return=321.907
global_step=52242, episode=657, episodic_return=354.619
global_step=52382, episode=658, episodic_return=384.235
global_step=52505, episode=659, episodic_return=343.247
global_step=52626, episode=660, episodic_return=327.762
global_step=52763, episode=661, episodic_return=391.483
global_step=52899, episode=662, episodic_return=392.728
global_step=53042, episode=663, episodic_return=406.331
global_step=53173, episode=664, episodic_return=328.910
global_step=53332, episode=665, episodic_return=399.996
global_step=53461, episode=666, episodic_return=283.401
global_step=53589, episode=667, episodic_return=356.886
global_step=53701, episode=668, episodic_return=240.057
global_step=53842, episode=669, episodic_return=403.163
global_step=53976, episode=670, episodic_return=297.276
global_step=54102, episode=671, episodic_return=330.900
global_step=54230, episode=672, episodic_return=332.161
global_step=54357, episode=673, episodic_return=336.941
global_step=54479, episode=674, episodic_return=312.489
global_step=54596, episode=675, episodic_return=299.165
global_step=54724, episode=676, episodic_return=333.225
global_step=54856, episode=677, episodic_return=345.183
global_step=55048, episode=678, episodic_return=531.908
global_step=55168, episode=679, episodic_return=320.926
global_step=55283, episode=680, episodic_return=311.218
global_step=55408, episode=681, episodic_return=333.024
global_step=55539, episode=682, episodic_return=350.536
global_step=55668, episode=683, episodic_return=362.251
global_step=55783, episode=684, episodic_return=298.114
global_step=55913, episode=685, episodic_return=326.397
global_step=56035, episode=686, episodic_return=308.495
global_step=56148, episode=687, episodic_return=296.182
global_step=56280, episode=688, episodic_return=322.550
global_step=56409, episode=689, episodic_return=300.445
global_step=56501, episode=690, episodic_return=201.376
global_step=56618, episode=691, episodic_return=297.650
global_step=56768, episode=692, episodic_return=375.331
global_step=56896, episode=693, episodic_return=347.359
global_step=57018, episode=694, episodic_return=326.450
global_step=57143, episode=695, episodic_return=347.619
global_step=57260, episode=696, episodic_return=300.564
global_step=57380, episode=697, episodic_return=329.529
global_step=57510, episode=698, episodic_return=353.836
global_step=57634, episode=699, episodic_return=343.979
global_step=57759, episode=700, episodic_return=314.691
global_step=57889, episode=701, episodic_return=372.107
global_step=58010, episode=702, episodic_return=339.562
global_step=58137, episode=703, episodic_return=334.223
global_step=58279, episode=704, episodic_return=411.222
global_step=58404, episode=705, episodic_return=344.346
global_step=58541, episode=706, episodic_return=394.633
global_step=58666, episode=707, episodic_return=350.534
global_step=58801, episode=708, episodic_return=380.488
global_step=58938, episode=709, episodic_return=394.423
global_step=59070, episode=710, episodic_return=341.482
global_step=59203, episode=711, episodic_return=369.790
global_step=59335, episode=712, episodic_return=362.266
global_step=59471, episode=713, episodic_return=391.694
global_step=59598, episode=714, episodic_return=335.091
global_step=59732, episode=715, episodic_return=388.657
global_step=59841, episode=716, episodic_return=283.292
global_step=59938, episode=717, episodic_return=227.434
global_step=60033, episode=718, episodic_return=221.903
global_step=60169, episode=719, episodic_return=375.862
global_step=60304, episode=720, episodic_return=387.680
global_step=60427, episode=721, episodic_return=309.348
global_step=60560, episode=722, episodic_return=366.961
global_step=60668, episode=723, episodic_return=251.462
global_step=60803, episode=724, episodic_return=365.561
global_step=60947, episode=725, episodic_return=403.378
global_step=61033, episode=726, episodic_return=188.619
global_step=61128, episode=727, episodic_return=187.179
global_step=61261, episode=728, episodic_return=384.417
global_step=61391, episode=729, episodic_return=320.395
global_step=61522, episode=730, episodic_return=339.600
global_step=61611, episode=731, episodic_return=205.837
global_step=61718, episode=732, episodic_return=219.599
global_step=61873, episode=733, episodic_return=447.126
global_step=61986, episode=734, episodic_return=279.214
global_step=62124, episode=735, episodic_return=359.379
global_step=62273, episode=736, episodic_return=429.120
global_step=62423, episode=737, episodic_return=428.847
global_step=62550, episode=738, episodic_return=293.300
global_step=62704, episode=739, episodic_return=444.594
global_step=62855, episode=740, episodic_return=412.420
global_step=63004, episode=741, episodic_return=398.268
global_step=63149, episode=742, episodic_return=379.988
global_step=63303, episode=743, episodic_return=434.750
global_step=63449, episode=744, episodic_return=400.973
global_step=63562, episode=745, episodic_return=206.522
global_step=63669, episode=746, episodic_return=217.142
global_step=63789, episode=747, episodic_return=252.305
global_step=63914, episode=748, episodic_return=261.368
global_step=64067, episode=749, episodic_return=428.924
global_step=64219, episode=750, episodic_return=403.564
global_step=64374, episode=751, episodic_return=431.752
global_step=64532, episode=752, episodic_return=421.922
global_step=64663, episode=753, episodic_return=322.952
global_step=64847, episode=754, episodic_return=538.605
global_step=65010, episode=755, episodic_return=445.811
global_step=65201, episode=756, episodic_return=559.283
global_step=65313, episode=757, episodic_return=254.228
global_step=65478, episode=758, episodic_return=463.823
global_step=65675, episode=759, episodic_return=569.240
global_step=65826, episode=760, episodic_return=381.547
global_step=65942, episode=761, episodic_return=244.697
global_step=66059, episode=762, episodic_return=259.353
global_step=66269, episode=763, episodic_return=623.730
global_step=66454, episode=764, episodic_return=570.142
global_step=66615, episode=765, episodic_return=395.428
global_step=66883, episode=766, episodic_return=817.808
global_step=67055, episode=767, episodic_return=466.089
global_step=67215, episode=768, episodic_return=458.746
global_step=67352, episode=769, episodic_return=253.505
global_step=67595, episode=770, episodic_return=728.527
global_step=67778, episode=771, episodic_return=464.289
global_step=68039, episode=772, episodic_return=745.337
global_step=68248, episode=773, episodic_return=598.465
global_step=68416, episode=774, episodic_return=464.694
global_step=68621, episode=775, episodic_return=555.781
global_step=68821, episode=776, episodic_return=506.409
global_step=69010, episode=777, episodic_return=475.524
global_step=69168, episode=778, episodic_return=439.623
global_step=69397, episode=779, episodic_return=599.406
global_step=69551, episode=780, episodic_return=333.739
global_step=69736, episode=781, episodic_return=459.972
global_step=69919, episode=782, episodic_return=462.956
global_step=70107, episode=783, episodic_return=461.187
global_step=70330, episode=784, episodic_return=604.073
global_step=70540, episode=785, episodic_return=508.177
global_step=70752, episode=786, episodic_return=505.773
global_step=70962, episode=787, episodic_return=479.997
global_step=71189, episode=788, episodic_return=572.476
global_step=71381, episode=789, episodic_return=478.081
global_step=71590, episode=790, episodic_return=486.891
global_step=71850, episode=791, episodic_return=687.447
global_step=72079, episode=792, episodic_return=616.478
global_step=72268, episode=793, episodic_return=456.266
global_step=72486, episode=794, episodic_return=519.684
global_step=72702, episode=795, episodic_return=565.017
global_step=72904, episode=796, episodic_return=471.286
global_step=73099, episode=797, episodic_return=462.895
global_step=73379, episode=798, episodic_return=596.793
global_step=73577, episode=799, episodic_return=497.245
global_step=73845, episode=800, episodic_return=549.781
global_step=74040, episode=801, episodic_return=456.148
global_step=74254, episode=802, episodic_return=503.427
global_step=74656, episode=803, episodic_return=687.695
global_step=74841, episode=804, episodic_return=468.599
global_step=75041, episode=805, episodic_return=467.710
global_step=75234, episode=806, episodic_return=457.322
global_step=75466, episode=807, episodic_return=513.892
global_step=75496, episode=808, episodic_return=13.785
global_step=75723, episode=809, episodic_return=581.990
global_step=75748, episode=810, episodic_return=8.567
global_step=75772, episode=811, episodic_return=12.665
global_step=75791, episode=812, episodic_return=6.949
global_step=76034, episode=813, episodic_return=531.775
global_step=76245, episode=814, episodic_return=517.724
global_step=76264, episode=815, episodic_return=9.093
global_step=76283, episode=816, episodic_return=8.674
global_step=76496, episode=817, episodic_return=540.838
global_step=76524, episode=818, episodic_return=14.310
global_step=76553, episode=819, episodic_return=14.805
global_step=76579, episode=820, episodic_return=10.431
global_step=76602, episode=821, episodic_return=9.590
global_step=76635, episode=822, episodic_return=12.850
global_step=76655, episode=823, episodic_return=9.269
global_step=76668, episode=824, episodic_return=7.604
global_step=76685, episode=825, episodic_return=8.749
global_step=76713, episode=826, episodic_return=13.372
global_step=76739, episode=827, episodic_return=12.130
global_step=76764, episode=828, episodic_return=13.065
global_step=76789, episode=829, episodic_return=13.236
global_step=76812, episode=830, episodic_return=12.747
global_step=76997, episode=831, episodic_return=447.279
global_step=77209, episode=832, episodic_return=483.530
global_step=77423, episode=833, episodic_return=483.962
global_step=77559, episode=834, episodic_return=364.121
global_step=77697, episode=835, episodic_return=393.483
global_step=77841, episode=836, episodic_return=415.653
global_step=77984, episode=837, episodic_return=411.987
global_step=78124, episode=838, episodic_return=404.316
global_step=78268, episode=839, episodic_return=413.248
global_step=78406, episode=840, episodic_return=394.699
global_step=78549, episode=841, episodic_return=410.256
global_step=78691, episode=842, episodic_return=408.113
global_step=78832, episode=843, episodic_return=405.127
global_step=78973, episode=844, episodic_return=403.692
global_step=79119, episode=845, episodic_return=419.416
global_step=79264, episode=846, episodic_return=418.833
global_step=79437, episode=847, episodic_return=516.854
global_step=79586, episode=848, episodic_return=430.851
global_step=79743, episode=849, episodic_return=453.424
global_step=79893, episode=850, episodic_return=429.498
global_step=80051, episode=851, episodic_return=462.061
global_step=80238, episode=852, episodic_return=578.543
global_step=80385, episode=853, episodic_return=423.709
global_step=80544, episode=854, episodic_return=459.276
global_step=80708, episode=855, episodic_return=473.710
global_step=80862, episode=856, episodic_return=450.366
global_step=81032, episode=857, episodic_return=491.099
global_step=81202, episode=858, episodic_return=488.335
global_step=81353, episode=859, episodic_return=433.909
global_step=81492, episode=860, episodic_return=394.883
global_step=81642, episode=861, episodic_return=435.537
global_step=81845, episode=862, episodic_return=640.577
global_step=82010, episode=863, episodic_return=479.492
global_step=82188, episode=864, episodic_return=502.545
global_step=82409, episode=865, episodic_return=669.854
global_step=82552, episode=866, episodic_return=401.716
global_step=82722, episode=867, episodic_return=486.253
global_step=82899, episode=868, episodic_return=513.625
global_step=83061, episode=869, episodic_return=473.679
global_step=83232, episode=870, episodic_return=506.582
global_step=83402, episode=871, episodic_return=498.287
global_step=83632, episode=872, episodic_return=698.303
global_step=83810, episode=873, episodic_return=484.185
global_step=84037, episode=874, episodic_return=698.713
global_step=84169, episode=875, episodic_return=365.617
global_step=84390, episode=876, episodic_return=658.817
global_step=84571, episode=877, episodic_return=481.033
global_step=84741, episode=878, episodic_return=491.473
global_step=84911, episode=879, episodic_return=483.072
global_step=85151, episode=880, episodic_return=712.914
global_step=85345, episode=881, episodic_return=594.482
global_step=85559, episode=882, episodic_return=653.120
global_step=85775, episode=883, episodic_return=670.462
global_step=85923, episode=884, episodic_return=428.970
global_step=86127, episode=885, episodic_return=599.343
global_step=86344, episode=886, episodic_return=668.818
global_step=86516, episode=887, episodic_return=483.549
global_step=86686, episode=888, episodic_return=485.649
global_step=86859, episode=889, episodic_return=508.070
global_step=87065, episode=890, episodic_return=638.535
global_step=87279, episode=891, episodic_return=666.681
global_step=87451, episode=892, episodic_return=499.292
global_step=87619, episode=893, episodic_return=486.195
global_step=87835, episode=894, episodic_return=677.425
global_step=88006, episode=895, episodic_return=508.534
global_step=88191, episode=896, episodic_return=566.212
global_step=88354, episode=897, episodic_return=470.041
global_step=88508, episode=898, episodic_return=444.771
global_step=88673, episode=899, episodic_return=483.898
global_step=88837, episode=900, episodic_return=474.618
global_step=88999, episode=901, episodic_return=479.828
global_step=89177, episode=902, episodic_return=534.298
global_step=89350, episode=903, episodic_return=518.034
global_step=89516, episode=904, episodic_return=482.560
global_step=89681, episode=905, episodic_return=482.027
global_step=89872, episode=906, episodic_return=573.314
global_step=90051, episode=907, episodic_return=540.122
global_step=90236, episode=908, episodic_return=551.604
global_step=90417, episode=909, episodic_return=542.068
global_step=90591, episode=910, episodic_return=516.222
global_step=90771, episode=911, episodic_return=547.663
global_step=90949, episode=912, episodic_return=540.853
global_step=91097, episode=913, episodic_return=432.879
global_step=91274, episode=914, episodic_return=543.588
global_step=91457, episode=915, episodic_return=552.047
global_step=91620, episode=916, episodic_return=483.504
global_step=91778, episode=917, episodic_return=465.978
global_step=91943, episode=918, episodic_return=488.875
global_step=92094, episode=919, episodic_return=438.139
global_step=92246, episode=920, episodic_return=437.918
global_step=92402, episode=921, episodic_return=452.174
global_step=92575, episode=922, episodic_return=517.947
global_step=92744, episode=923, episodic_return=497.759
global_step=92930, episode=924, episodic_return=587.265
global_step=93086, episode=925, episodic_return=448.788
global_step=93274, episode=926, episodic_return=579.043
global_step=93481, episode=927, episodic_return=646.982
global_step=93670, episode=928, episodic_return=587.640
global_step=93871, episode=929, episodic_return=616.198
global_step=94071, episode=930, episodic_return=621.781
global_step=94244, episode=931, episodic_return=520.296
global_step=94418, episode=932, episodic_return=522.813
global_step=94600, episode=933, episodic_return=567.812
global_step=94775, episode=934, episodic_return=516.077
global_step=94958, episode=935, episodic_return=540.397
global_step=95115, episode=936, episodic_return=456.669
global_step=95272, episode=937, episodic_return=453.952
global_step=95468, episode=938, episodic_return=595.919
global_step=95651, episode=939, episodic_return=553.797
global_step=95802, episode=940, episodic_return=416.651
global_step=95953, episode=941, episodic_return=421.990
global_step=96142, episode=942, episodic_return=573.521
global_step=96299, episode=943, episodic_return=455.235
global_step=96479, episode=944, episodic_return=515.679
global_step=96673, episode=945, episodic_return=594.324
global_step=96727, episode=946, episodic_return=92.020
global_step=96932, episode=947, episodic_return=627.735
global_step=97149, episode=948, episodic_return=674.595
global_step=97297, episode=949, episodic_return=417.769
global_step=97513, episode=950, episodic_return=658.308
global_step=97668, episode=951, episodic_return=448.130
global_step=97836, episode=952, episodic_return=485.126
global_step=98046, episode=953, episodic_return=588.526
global_step=98202, episode=954, episodic_return=405.285
global_step=98325, episode=955, episodic_return=268.670
global_step=98465, episode=956, episodic_return=378.993
global_step=98602, episode=957, episodic_return=382.320
global_step=98737, episode=958, episodic_return=354.942
global_step=98801, episode=959, episodic_return=116.037
global_step=98863, episode=960, episodic_return=111.954
global_step=99005, episode=961, episodic_return=379.638
global_step=99140, episode=962, episodic_return=350.156
global_step=99293, episode=963, episodic_return=409.886
global_step=99469, episode=964, episodic_return=501.623
global_step=99603, episode=965, episodic_return=351.416
global_step=99770, episode=966, episodic_return=473.298
global_step=99908, episode=967, episodic_return=372.952
global_step=100045, episode=968, episodic_return=371.952
global_step=100182, episode=969, episodic_return=372.823
global_step=100325, episode=970, episodic_return=380.071
global_step=100458, episode=971, episodic_return=349.161
global_step=100593, episode=972, episodic_return=370.192
global_step=100740, episode=973, episodic_return=395.996
global_step=100886, episode=974, episodic_return=399.875
global_step=101025, episode=975, episodic_return=387.864
global_step=101235, episode=976, episodic_return=618.858
global_step=101373, episode=977, episodic_return=356.348
global_step=101510, episode=978, episodic_return=388.529
global_step=101645, episode=979, episodic_return=369.347
global_step=101791, episode=980, episodic_return=418.411
global_step=101929, episode=981, episodic_return=391.270
global_step=102065, episode=982, episodic_return=382.931
global_step=102207, episode=983, episodic_return=406.160
global_step=102393, episode=984, episodic_return=583.195
global_step=102541, episode=985, episodic_return=427.866
global_step=102690, episode=986, episodic_return=429.205
global_step=102843, episode=987, episodic_return=435.134
global_step=102999, episode=988, episodic_return=454.744
global_step=103144, episode=989, episodic_return=415.022
global_step=103314, episode=990, episodic_return=511.430
global_step=103467, episode=991, episodic_return=442.149
global_step=103630, episode=992, episodic_return=474.508
global_step=103784, episode=993, episodic_return=446.269
global_step=103964, episode=994, episodic_return=548.890
global_step=104126, episode=995, episodic_return=470.213
global_step=104274, episode=996, episodic_return=424.116
global_step=104421, episode=997, episodic_return=423.865
global_step=104576, episode=998, episodic_return=451.819
global_step=104769, episode=999, episodic_return=601.009
global_step=104931, episode=1000, episodic_return=474.319
    -> Train video saved: videos/Hopper-v4_sac_10484947/train_step-104931_episode-1000.mp4
global_step=105084, episode=1001, episodic_return=438.534
global_step=105225, episode=1002, episodic_return=380.246
global_step=105365, episode=1003, episodic_return=374.791
global_step=105550, episode=1004, episodic_return=537.961
global_step=105756, episode=1005, episodic_return=626.485
global_step=105897, episode=1006, episodic_return=353.831
global_step=106087, episode=1007, episodic_return=572.747
global_step=106273, episode=1008, episodic_return=556.864
global_step=106532, episode=1009, episodic_return=817.935
global_step=106733, episode=1010, episodic_return=619.361
global_step=106909, episode=1011, episodic_return=521.124
global_step=107188, episode=1012, episodic_return=828.944
global_step=107386, episode=1013, episodic_return=616.319
global_step=107578, episode=1014, episodic_return=597.778
global_step=107794, episode=1015, episodic_return=659.225
global_step=108042, episode=1016, episodic_return=752.581
global_step=108283, episode=1017, episodic_return=716.094
global_step=108665, episode=1018, episodic_return=1151.964
    -> Best video saved: videos/Hopper-v4_sac_10484947/best_step-108665_episode-1018.mp4
    -> New best: episodic_return=1151.964
global_step=108855, episode=1019, episodic_return=571.209
global_step=109062, episode=1020, episodic_return=621.091
global_step=109311, episode=1021, episodic_return=782.225
global_step=109561, episode=1022, episodic_return=784.858
global_step=109799, episode=1023, episodic_return=728.085
global_step=109979, episode=1024, episodic_return=553.035
global_step=110170, episode=1025, episodic_return=585.820
global_step=110364, episode=1026, episodic_return=584.704
global_step=110513, episode=1027, episodic_return=424.731
global_step=110678, episode=1028, episodic_return=482.837
global_step=110883, episode=1029, episodic_return=626.650
global_step=111126, episode=1030, episodic_return=764.406
global_step=111265, episode=1031, episodic_return=377.183
global_step=111431, episode=1032, episodic_return=495.435
global_step=111601, episode=1033, episodic_return=521.289
global_step=111782, episode=1034, episodic_return=552.676
global_step=111927, episode=1035, episodic_return=409.421
global_step=112098, episode=1036, episodic_return=530.252
global_step=112263, episode=1037, episodic_return=497.375
global_step=112435, episode=1038, episodic_return=538.397
global_step=112603, episode=1039, episodic_return=509.928
global_step=112762, episode=1040, episodic_return=488.398
global_step=112915, episode=1041, episodic_return=453.234
global_step=113083, episode=1042, episodic_return=500.259
global_step=113239, episode=1043, episodic_return=476.914
global_step=113448, episode=1044, episodic_return=635.781
global_step=113632, episode=1045, episodic_return=567.986
global_step=113837, episode=1046, episodic_return=623.908
global_step=113991, episode=1047, episodic_return=465.851
global_step=114186, episode=1048, episodic_return=604.068
global_step=114221, episode=1049, episodic_return=51.115
global_step=114261, episode=1050, episodic_return=59.195
global_step=114475, episode=1051, episodic_return=568.405
global_step=114674, episode=1052, episodic_return=597.448
global_step=114853, episode=1053, episodic_return=550.768
global_step=115174, episode=1054, episodic_return=871.629
global_step=115364, episode=1055, episodic_return=579.742
global_step=115554, episode=1056, episodic_return=577.778
global_step=115818, episode=1057, episodic_return=844.080
global_step=116290, episode=1058, episodic_return=1474.286
    -> Best video saved: videos/Hopper-v4_sac_10484947/best_step-116290_episode-1058.mp4
    -> New best: episodic_return=1474.286
global_step=116616, episode=1059, episodic_return=1017.276
global_step=117149, episode=1060, episodic_return=1713.222
    -> Best video saved: videos/Hopper-v4_sac_10484947/best_step-117149_episode-1060.mp4
    -> New best: episodic_return=1713.222
global_step=117350, episode=1061, episodic_return=607.978
global_step=117529, episode=1062, episodic_return=552.196
global_step=117794, episode=1063, episodic_return=793.466
global_step=118026, episode=1064, episodic_return=734.363
global_step=118370, episode=1065, episodic_return=1054.519
global_step=118680, episode=1066, episodic_return=964.707
global_step=118960, episode=1067, episodic_return=845.620
global_step=119177, episode=1068, episodic_return=703.348
global_step=119420, episode=1069, episodic_return=760.094
global_step=119711, episode=1070, episodic_return=941.150
global_step=119977, episode=1071, episodic_return=777.737
global_step=120265, episode=1072, episodic_return=928.418
global_step=120503, episode=1073, episodic_return=771.928
global_step=121295, episode=1074, episodic_return=2427.825
    -> Best video saved: videos/Hopper-v4_sac_10484947/best_step-121295_episode-1074.mp4
    -> New best: episodic_return=2427.825
global_step=121538, episode=1075, episodic_return=747.082
global_step=121872, episode=1076, episodic_return=1060.989
global_step=122239, episode=1077, episodic_return=1127.603
global_step=122515, episode=1078, episodic_return=868.654
global_step=123242, episode=1079, episodic_return=2315.303
global_step=123518, episode=1080, episodic_return=785.328
global_step=124519, episode=1081, episodic_return=2953.062
    -> Best video saved: videos/Hopper-v4_sac_10484947/best_step-124519_episode-1081.mp4
    -> New best: episodic_return=2953.062
global_step=124966, episode=1082, episodic_return=1383.767
global_step=125204, episode=1083, episodic_return=789.918
global_step=125482, episode=1084, episodic_return=961.680
global_step=126483, episode=1085, episodic_return=3165.162
    -> Best video saved: videos/Hopper-v4_sac_10484947/best_step-126483_episode-1085.mp4
    -> New best: episodic_return=3165.162
global_step=127057, episode=1086, episodic_return=1862.274
global_step=127497, episode=1087, episodic_return=1423.772
global_step=127834, episode=1088, episodic_return=1111.484
global_step=128150, episode=1089, episodic_return=1044.945
global_step=128378, episode=1090, episodic_return=756.052
global_step=128698, episode=1091, episodic_return=1057.470
global_step=128936, episode=1092, episodic_return=766.667
global_step=129233, episode=1093, episodic_return=896.899
global_step=129517, episode=1094, episodic_return=870.528
global_step=129932, episode=1095, episodic_return=1363.044
global_step=130294, episode=1096, episodic_return=1152.365
global_step=130456, episode=1097, episodic_return=482.427
global_step=130644, episode=1098, episodic_return=587.988
global_step=130861, episode=1099, episodic_return=694.924
global_step=131056, episode=1100, episodic_return=619.126
global_step=131292, episode=1101, episodic_return=777.923
global_step=131560, episode=1102, episodic_return=893.899
global_step=131788, episode=1103, episodic_return=730.176
global_step=132049, episode=1104, episodic_return=862.231
global_step=132264, episode=1105, episodic_return=656.969
global_step=132546, episode=1106, episodic_return=890.699
global_step=132737, episode=1107, episodic_return=608.906
global_step=132961, episode=1108, episodic_return=716.879
global_step=133276, episode=1109, episodic_return=1027.841
global_step=133430, episode=1110, episodic_return=437.436
global_step=133664, episode=1111, episodic_return=750.711
global_step=133832, episode=1112, episodic_return=522.820
global_step=134172, episode=1113, episodic_return=1010.069
global_step=134436, episode=1114, episodic_return=831.970
global_step=134681, episode=1115, episodic_return=781.927
global_step=134848, episode=1116, episodic_return=509.302
global_step=135079, episode=1117, episodic_return=748.999
global_step=135783, episode=1118, episodic_return=2257.136
global_step=135827, episode=1119, episodic_return=65.932
global_step=136092, episode=1120, episodic_return=854.077
global_step=136433, episode=1121, episodic_return=1124.838
global_step=136689, episode=1122, episodic_return=835.212
global_step=137610, episode=1123, episodic_return=2955.775
global_step=138034, episode=1124, episodic_return=1356.142
global_step=138261, episode=1125, episodic_return=735.358
global_step=138628, episode=1126, episodic_return=1208.396
global_step=138948, episode=1127, episodic_return=1065.135
global_step=139207, episode=1128, episodic_return=846.508
global_step=139310, episode=1129, episodic_return=176.979
global_step=139715, episode=1130, episodic_return=1345.780
global_step=140064, episode=1131, episodic_return=1118.577
global_step=140212, episode=1132, episodic_return=441.929
global_step=140484, episode=1133, episodic_return=878.365
global_step=140809, episode=1134, episodic_return=1068.115
global_step=141061, episode=1135, episodic_return=829.819
global_step=141254, episode=1136, episodic_return=608.213
global_step=141510, episode=1137, episodic_return=854.222
global_step=141767, episode=1138, episodic_return=845.504
global_step=142026, episode=1139, episodic_return=828.246
global_step=142266, episode=1140, episodic_return=769.702
global_step=142460, episode=1141, episodic_return=609.407
global_step=142689, episode=1142, episodic_return=734.923
global_step=142936, episode=1143, episodic_return=788.991
global_step=143242, episode=1144, episodic_return=942.520
global_step=143437, episode=1145, episodic_return=623.223
global_step=143623, episode=1146, episodic_return=584.821
global_step=143882, episode=1147, episodic_return=854.634
global_step=144086, episode=1148, episodic_return=650.424
global_step=144279, episode=1149, episodic_return=624.427
global_step=144334, episode=1150, episodic_return=96.392
global_step=144526, episode=1151, episodic_return=612.539
global_step=144719, episode=1152, episodic_return=616.025
global_step=144907, episode=1153, episodic_return=610.112
global_step=145109, episode=1154, episodic_return=640.017
global_step=145310, episode=1155, episodic_return=637.685
global_step=145505, episode=1156, episodic_return=626.933
global_step=145706, episode=1157, episodic_return=642.567
global_step=145881, episode=1158, episodic_return=549.698
global_step=146072, episode=1159, episodic_return=604.022
global_step=146267, episode=1160, episodic_return=628.361
global_step=146475, episode=1161, episodic_return=663.841
global_step=146674, episode=1162, episodic_return=638.417
global_step=146885, episode=1163, episodic_return=686.206
global_step=147101, episode=1164, episodic_return=718.680
global_step=147304, episode=1165, episodic_return=654.290
global_step=147512, episode=1166, episodic_return=683.378
global_step=147718, episode=1167, episodic_return=673.397
global_step=148007, episode=1168, episodic_return=964.819
global_step=148239, episode=1169, episodic_return=772.788
global_step=148524, episode=1170, episodic_return=956.931
global_step=148751, episode=1171, episodic_return=753.964
global_step=148976, episode=1172, episodic_return=747.708
global_step=149292, episode=1173, episodic_return=1065.721
global_step=149746, episode=1174, episodic_return=1479.838
global_step=150032, episode=1175, episodic_return=940.793
global_step=151033, episode=1176, episodic_return=3033.053
global_step=151397, episode=1177, episodic_return=1198.378
global_step=151846, episode=1178, episodic_return=1370.885
global_step=152211, episode=1179, episodic_return=1178.449
global_step=152747, episode=1180, episodic_return=1685.695
global_step=153017, episode=1181, episodic_return=867.742
global_step=153809, episode=1182, episodic_return=2530.868
global_step=154458, episode=1183, episodic_return=2060.677
global_step=155227, episode=1184, episodic_return=2385.631
global_step=155514, episode=1185, episodic_return=937.896
global_step=155899, episode=1186, episodic_return=1273.188
global_step=156338, episode=1187, episodic_return=1344.643
global_step=156771, episode=1188, episodic_return=1354.295
global_step=157772, episode=1189, episodic_return=2994.708
global_step=158026, episode=1190, episodic_return=828.504
global_step=158292, episode=1191, episodic_return=867.353
global_step=158550, episode=1192, episodic_return=847.449
global_step=158880, episode=1193, episodic_return=1099.123
global_step=159225, episode=1194, episodic_return=1114.450
global_step=159481, episode=1195, episodic_return=845.697
global_step=159800, episode=1196, episodic_return=1060.724
global_step=160138, episode=1197, episodic_return=1109.577
global_step=160406, episode=1198, episodic_return=884.736
global_step=160667, episode=1199, episodic_return=866.537
global_step=160959, episode=1200, episodic_return=978.647
global_step=161242, episode=1201, episodic_return=930.549
global_step=161467, episode=1202, episodic_return=736.388
global_step=161829, episode=1203, episodic_return=1217.529
global_step=162190, episode=1204, episodic_return=1156.767
global_step=162543, episode=1205, episodic_return=1146.641
global_step=162978, episode=1206, episodic_return=1451.938
global_step=163505, episode=1207, episodic_return=1720.356
global_step=163765, episode=1208, episodic_return=834.037
global_step=164762, episode=1209, episodic_return=3132.967
global_step=165362, episode=1210, episodic_return=1952.855
global_step=166363, episode=1211, episodic_return=2971.925
global_step=166997, episode=1212, episodic_return=2021.597
global_step=167661, episode=1213, episodic_return=2096.529
global_step=168415, episode=1214, episodic_return=2385.310
global_step=168801, episode=1215, episodic_return=1211.928
global_step=169076, episode=1216, episodic_return=899.939
global_step=169760, episode=1217, episodic_return=2215.956
global_step=170088, episode=1218, episodic_return=1095.588
global_step=170361, episode=1219, episodic_return=887.724
global_step=170563, episode=1220, episodic_return=642.362
global_step=170845, episode=1221, episodic_return=911.597
global_step=171095, episode=1222, episodic_return=833.913
global_step=171269, episode=1223, episodic_return=546.197
global_step=171476, episode=1224, episodic_return=659.638
global_step=171871, episode=1225, episodic_return=1340.237
global_step=172398, episode=1226, episodic_return=1644.047
global_step=172551, episode=1227, episodic_return=448.354
global_step=172777, episode=1228, episodic_return=754.326
global_step=173287, episode=1229, episodic_return=1632.810
global_step=173589, episode=1230, episodic_return=973.523
global_step=173893, episode=1231, episodic_return=1024.495
global_step=174248, episode=1232, episodic_return=1160.925
global_step=174606, episode=1233, episodic_return=1205.304
global_step=175047, episode=1234, episodic_return=1377.933
global_step=175286, episode=1235, episodic_return=781.066
global_step=175505, episode=1236, episodic_return=740.052
global_step=175692, episode=1237, episodic_return=605.144
global_step=175864, episode=1238, episodic_return=561.027
global_step=176298, episode=1239, episodic_return=1408.064
global_step=176489, episode=1240, episodic_return=636.389
global_step=176665, episode=1241, episodic_return=563.632
global_step=177666, episode=1242, episodic_return=3013.867
global_step=178072, episode=1243, episodic_return=1305.169
global_step=178880, episode=1244, episodic_return=2524.676
global_step=179024, episode=1245, episodic_return=424.487
global_step=179269, episode=1246, episodic_return=824.037
global_step=179799, episode=1247, episodic_return=1660.606
global_step=180022, episode=1248, episodic_return=731.441
global_step=180285, episode=1249, episodic_return=868.221
global_step=180530, episode=1250, episodic_return=821.793
global_step=181531, episode=1251, episodic_return=3174.687
    -> Best video saved: videos/Hopper-v4_sac_10484947/best_step-181531_episode-1251.mp4
    -> New best: episodic_return=3174.687
global_step=181820, episode=1252, episodic_return=931.112
global_step=182079, episode=1253, episodic_return=842.267
global_step=182367, episode=1254, episodic_return=935.441
global_step=182684, episode=1255, episodic_return=1014.610
global_step=182999, episode=1256, episodic_return=990.641
global_step=183228, episode=1257, episodic_return=735.743
global_step=183528, episode=1258, episodic_return=984.060
global_step=183758, episode=1259, episodic_return=731.045
global_step=184019, episode=1260, episodic_return=834.785
global_step=184321, episode=1261, episodic_return=974.838
global_step=184552, episode=1262, episodic_return=736.063
global_step=184790, episode=1263, episodic_return=758.801
global_step=185190, episode=1264, episodic_return=1265.639
global_step=185690, episode=1265, episodic_return=1612.790
global_step=185845, episode=1266, episodic_return=514.853
global_step=186165, episode=1267, episodic_return=1028.127
global_step=186632, episode=1268, episodic_return=1504.726
global_step=186885, episode=1269, episodic_return=845.417
global_step=187084, episode=1270, episodic_return=631.603
global_step=187329, episode=1271, episodic_return=793.770
global_step=187575, episode=1272, episodic_return=828.716
global_step=188005, episode=1273, episodic_return=1402.619
global_step=188248, episode=1274, episodic_return=810.077
global_step=188491, episode=1275, episodic_return=791.780
global_step=188978, episode=1276, episodic_return=1542.370
global_step=189369, episode=1277, episodic_return=1272.696
global_step=189606, episode=1278, episodic_return=798.255
global_step=189822, episode=1279, episodic_return=684.454
global_step=190061, episode=1280, episodic_return=780.091
global_step=190270, episode=1281, episodic_return=667.547
global_step=190880, episode=1282, episodic_return=1972.659
global_step=191171, episode=1283, episodic_return=946.691
global_step=191323, episode=1284, episodic_return=428.887
global_step=191530, episode=1285, episodic_return=672.844
global_step=191822, episode=1286, episodic_return=967.212
global_step=192013, episode=1287, episodic_return=608.061
global_step=192243, episode=1288, episodic_return=729.643
global_step=192460, episode=1289, episodic_return=708.938
global_step=192681, episode=1290, episodic_return=742.318
global_step=192891, episode=1291, episodic_return=689.326
global_step=193057, episode=1292, episodic_return=506.755
global_step=193269, episode=1293, episodic_return=694.193
global_step=193418, episode=1294, episodic_return=451.270
global_step=193627, episode=1295, episodic_return=689.526
global_step=193830, episode=1296, episodic_return=651.100
global_step=194073, episode=1297, episodic_return=824.903
global_step=194294, episode=1298, episodic_return=724.270
global_step=194510, episode=1299, episodic_return=686.340
global_step=194729, episode=1300, episodic_return=724.258
global_step=195046, episode=1301, episodic_return=1056.345
global_step=195250, episode=1302, episodic_return=641.968
global_step=195435, episode=1303, episodic_return=568.766
global_step=195696, episode=1304, episodic_return=862.987
global_step=195902, episode=1305, episodic_return=645.395
global_step=196137, episode=1306, episodic_return=746.824
global_step=196412, episode=1307, episodic_return=869.114
global_step=196696, episode=1308, episodic_return=893.564
global_step=196976, episode=1309, episodic_return=918.661
global_step=197196, episode=1310, episodic_return=699.377
global_step=197472, episode=1311, episodic_return=889.029
global_step=197705, episode=1312, episodic_return=776.874
global_step=197770, episode=1313, episodic_return=123.759
global_step=197988, episode=1314, episodic_return=699.133
global_step=198213, episode=1315, episodic_return=754.916
global_step=198459, episode=1316, episodic_return=802.381
global_step=198680, episode=1317, episodic_return=731.524
global_step=198899, episode=1318, episodic_return=699.656
global_step=199122, episode=1319, episodic_return=711.514
global_step=199298, episode=1320, episodic_return=544.351
global_step=199499, episode=1321, episodic_return=645.998
global_step=199708, episode=1322, episodic_return=664.805
global_step=199912, episode=1323, episodic_return=667.651
global_step=200131, episode=1324, episodic_return=691.124
global_step=200367, episode=1325, episodic_return=769.323
global_step=200519, episode=1326, episodic_return=438.083
global_step=200741, episode=1327, episodic_return=741.970
global_step=200957, episode=1328, episodic_return=719.589
global_step=201213, episode=1329, episodic_return=848.166
global_step=201425, episode=1330, episodic_return=682.842
global_step=201580, episode=1331, episodic_return=483.496
global_step=201788, episode=1332, episodic_return=669.490
global_step=202023, episode=1333, episodic_return=807.029
global_step=202209, episode=1334, episodic_return=583.640
global_step=202376, episode=1335, episodic_return=500.863
global_step=202587, episode=1336, episodic_return=690.854
global_step=202798, episode=1337, episodic_return=690.876
global_step=203003, episode=1338, episodic_return=643.602
global_step=203227, episode=1339, episodic_return=715.008
global_step=203436, episode=1340, episodic_return=653.109
global_step=203632, episode=1341, episodic_return=574.488
global_step=203835, episode=1342, episodic_return=637.981
global_step=204101, episode=1343, episodic_return=875.058
global_step=204298, episode=1344, episodic_return=605.957
global_step=204531, episode=1345, episodic_return=786.704
global_step=205104, episode=1346, episodic_return=1848.435
global_step=205307, episode=1347, episodic_return=618.424
global_step=205529, episode=1348, episodic_return=734.961
global_step=205745, episode=1349, episodic_return=674.137
global_step=205949, episode=1350, episodic_return=667.948
global_step=206070, episode=1351, episodic_return=294.074
global_step=206324, episode=1352, episodic_return=833.382
global_step=206427, episode=1353, episodic_return=218.225
global_step=206636, episode=1354, episodic_return=671.588
global_step=206871, episode=1355, episodic_return=801.158
global_step=207641, episode=1356, episodic_return=2483.751
global_step=207729, episode=1357, episodic_return=199.128
global_step=207937, episode=1358, episodic_return=667.400
global_step=208127, episode=1359, episodic_return=640.537
global_step=208359, episode=1360, episodic_return=795.083
global_step=208513, episode=1361, episodic_return=449.979
global_step=208610, episode=1362, episodic_return=210.694
global_step=208701, episode=1363, episodic_return=204.472
global_step=208789, episode=1364, episodic_return=200.442
global_step=208877, episode=1365, episodic_return=200.207
global_step=209106, episode=1366, episodic_return=745.477
global_step=209194, episode=1367, episodic_return=198.571
global_step=209282, episode=1368, episodic_return=202.292
global_step=209371, episode=1369, episodic_return=202.474
global_step=209460, episode=1370, episodic_return=203.213
global_step=209546, episode=1371, episodic_return=190.924
global_step=209635, episode=1372, episodic_return=201.626
global_step=209722, episode=1373, episodic_return=196.051
global_step=209810, episode=1374, episodic_return=196.291
global_step=209898, episode=1375, episodic_return=201.108
global_step=209965, episode=1376, episodic_return=136.937
global_step=210051, episode=1377, episodic_return=192.952
global_step=210138, episode=1378, episodic_return=195.311
global_step=210225, episode=1379, episodic_return=198.069
global_step=210320, episode=1380, episodic_return=207.763
global_step=210408, episode=1381, episodic_return=170.684
global_step=210563, episode=1382, episodic_return=445.232
global_step=210656, episode=1383, episodic_return=208.118
global_step=210745, episode=1384, episodic_return=198.060
global_step=210783, episode=1385, episodic_return=56.435
global_step=210820, episode=1386, episodic_return=56.553
global_step=210907, episode=1387, episodic_return=195.271
global_step=211167, episode=1388, episodic_return=815.129
global_step=211254, episode=1389, episodic_return=196.831
global_step=211341, episode=1390, episodic_return=194.447
global_step=211428, episode=1391, episodic_return=198.759
global_step=211514, episode=1392, episodic_return=192.197
global_step=211601, episode=1393, episodic_return=195.351
global_step=211690, episode=1394, episodic_return=199.391
global_step=212691, episode=1395, episodic_return=3083.192
global_step=212782, episode=1396, episodic_return=205.444
global_step=212874, episode=1397, episodic_return=207.317
global_step=212967, episode=1398, episodic_return=211.366
global_step=213058, episode=1399, episodic_return=205.519
global_step=213190, episode=1400, episodic_return=363.578
global_step=213281, episode=1401, episodic_return=205.020
global_step=213373, episode=1402, episodic_return=207.627
global_step=213467, episode=1403, episodic_return=211.742
global_step=213594, episode=1404, episodic_return=347.939
global_step=213825, episode=1405, episodic_return=761.238
global_step=214040, episode=1406, episodic_return=736.077
global_step=214315, episode=1407, episodic_return=887.289
global_step=214528, episode=1408, episodic_return=646.789
global_step=214761, episode=1409, episodic_return=763.250
global_step=215072, episode=1410, episodic_return=1024.989
global_step=215235, episode=1411, episodic_return=449.365
global_step=215473, episode=1412, episodic_return=745.778
global_step=215732, episode=1413, episodic_return=829.043
global_step=216050, episode=1414, episodic_return=996.980
global_step=216242, episode=1415, episodic_return=576.438
global_step=216453, episode=1416, episodic_return=658.269
global_step=216811, episode=1417, episodic_return=1108.030
global_step=216904, episode=1418, episodic_return=197.883
global_step=217170, episode=1419, episodic_return=870.803
global_step=217451, episode=1420, episodic_return=903.539
global_step=217734, episode=1421, episodic_return=886.655
global_step=218005, episode=1422, episodic_return=852.532
global_step=218767, episode=1423, episodic_return=2469.920
global_step=219574, episode=1424, episodic_return=2582.871
global_step=220519, episode=1425, episodic_return=2936.113
global_step=220725, episode=1426, episodic_return=663.367
global_step=221246, episode=1427, episodic_return=1677.165
global_step=221862, episode=1428, episodic_return=1972.304
global_step=222116, episode=1429, episodic_return=758.880
global_step=222315, episode=1430, episodic_return=638.009
global_step=222758, episode=1431, episodic_return=1451.187
global_step=223212, episode=1432, episodic_return=1459.672
global_step=223536, episode=1433, episodic_return=1042.900
global_step=223861, episode=1434, episodic_return=1033.019
global_step=224217, episode=1435, episodic_return=1134.525
global_step=224818, episode=1436, episodic_return=1910.903
global_step=225199, episode=1437, episodic_return=1190.068
global_step=225730, episode=1438, episodic_return=1645.607
global_step=226054, episode=1439, episodic_return=904.091
global_step=226612, episode=1440, episodic_return=1708.795
global_step=226914, episode=1441, episodic_return=1000.001
global_step=227401, episode=1442, episodic_return=1568.809
global_step=227646, episode=1443, episodic_return=780.385
global_step=227928, episode=1444, episodic_return=904.847
global_step=228159, episode=1445, episodic_return=701.496
global_step=228427, episode=1446, episodic_return=852.385
global_step=228705, episode=1447, episodic_return=884.726
global_step=228992, episode=1448, episodic_return=927.389
global_step=229302, episode=1449, episodic_return=961.266
global_step=229555, episode=1450, episodic_return=794.292
global_step=229869, episode=1451, episodic_return=933.645
global_step=230190, episode=1452, episodic_return=1006.966
global_step=230677, episode=1453, episodic_return=1547.566
global_step=231678, episode=1454, episodic_return=2988.328
global_step=232398, episode=1455, episodic_return=2227.035
global_step=232917, episode=1456, episodic_return=1671.679
global_step=233455, episode=1457, episodic_return=1617.010
global_step=233875, episode=1458, episodic_return=1219.455
global_step=234876, episode=1459, episodic_return=3014.250
global_step=235290, episode=1460, episodic_return=1296.660
global_step=235347, episode=1461, episodic_return=23.098
global_step=235386, episode=1462, episodic_return=18.603
global_step=235458, episode=1463, episodic_return=38.163
global_step=235938, episode=1464, episodic_return=1345.919
global_step=236921, episode=1465, episodic_return=3123.072
global_step=237551, episode=1466, episodic_return=2019.010
global_step=237822, episode=1467, episodic_return=866.704
global_step=238076, episode=1468, episodic_return=797.626
global_step=238380, episode=1469, episodic_return=956.007
global_step=238713, episode=1470, episodic_return=1064.210
global_step=239185, episode=1471, episodic_return=1487.585
global_step=239613, episode=1472, episodic_return=1395.927
global_step=240243, episode=1473, episodic_return=2024.943
global_step=240469, episode=1474, episodic_return=706.637
global_step=240671, episode=1475, episodic_return=657.185
global_step=240919, episode=1476, episodic_return=800.264
global_step=241129, episode=1477, episodic_return=714.029
global_step=241469, episode=1478, episodic_return=1110.138
global_step=241673, episode=1479, episodic_return=640.559
global_step=241973, episode=1480, episodic_return=955.062
global_step=242215, episode=1481, episodic_return=762.408
global_step=242438, episode=1482, episodic_return=714.029
global_step=242631, episode=1483, episodic_return=623.997
global_step=242865, episode=1484, episodic_return=723.511
global_step=243090, episode=1485, episodic_return=700.728
global_step=243294, episode=1486, episodic_return=681.078
global_step=243628, episode=1487, episodic_return=1079.775
global_step=244153, episode=1488, episodic_return=1697.613
global_step=244411, episode=1489, episodic_return=817.593
global_step=244616, episode=1490, episodic_return=701.749
global_step=244818, episode=1491, episodic_return=683.695
global_step=245029, episode=1492, episodic_return=663.769
global_step=245234, episode=1493, episodic_return=668.921
global_step=245520, episode=1494, episodic_return=943.754
global_step=245812, episode=1495, episodic_return=949.884
global_step=246064, episode=1496, episodic_return=812.287
global_step=246281, episode=1497, episodic_return=732.878
global_step=246497, episode=1498, episodic_return=716.309
global_step=246886, episode=1499, episodic_return=1250.112
global_step=247191, episode=1500, episodic_return=1003.766
global_step=247436, episode=1501, episodic_return=779.040
global_step=247708, episode=1502, episodic_return=879.263
global_step=248047, episode=1503, episodic_return=1122.365
global_step=248274, episode=1504, episodic_return=705.568
global_step=248897, episode=1505, episodic_return=2057.559
global_step=249166, episode=1506, episodic_return=879.966
global_step=249382, episode=1507, episodic_return=741.149
global_step=249908, episode=1508, episodic_return=1713.857
global_step=250207, episode=1509, episodic_return=1012.859
global_step=250726, episode=1510, episodic_return=1716.767
global_step=250986, episode=1511, episodic_return=844.227
global_step=251211, episode=1512, episodic_return=740.741
global_step=251497, episode=1513, episodic_return=933.051
global_step=251777, episode=1514, episodic_return=910.733
global_step=252056, episode=1515, episodic_return=922.984
global_step=252361, episode=1516, episodic_return=976.133
global_step=252598, episode=1517, episodic_return=757.234
global_step=252861, episode=1518, episodic_return=880.225
global_step=253147, episode=1519, episodic_return=944.040
global_step=253691, episode=1520, episodic_return=1804.334
global_step=253976, episode=1521, episodic_return=927.629
global_step=254356, episode=1522, episodic_return=1270.389
global_step=255278, episode=1523, episodic_return=3024.881
global_step=255549, episode=1524, episodic_return=870.096
global_step=255935, episode=1525, episodic_return=1285.647
global_step=256224, episode=1526, episodic_return=929.592
global_step=256479, episode=1527, episodic_return=832.158
global_step=256779, episode=1528, episodic_return=984.775
global_step=257115, episode=1529, episodic_return=1126.496
global_step=258024, episode=1530, episodic_return=2999.561
global_step=258429, episode=1531, episodic_return=1326.597
global_step=258802, episode=1532, episodic_return=1226.842
global_step=259146, episode=1533, episodic_return=1148.615
global_step=259434, episode=1534, episodic_return=943.056
global_step=259686, episode=1535, episodic_return=864.258
global_step=259926, episode=1536, episodic_return=814.299
global_step=260267, episode=1537, episodic_return=1123.492
global_step=260479, episode=1538, episodic_return=666.826
global_step=260762, episode=1539, episodic_return=926.561
global_step=261043, episode=1540, episodic_return=925.688
global_step=261486, episode=1541, episodic_return=1460.276
global_step=261684, episode=1542, episodic_return=652.472
global_step=261972, episode=1543, episodic_return=962.393
global_step=262226, episode=1544, episodic_return=843.757
global_step=262485, episode=1545, episodic_return=853.897
global_step=262782, episode=1546, episodic_return=985.678
global_step=263029, episode=1547, episodic_return=810.707
global_step=263250, episode=1548, episodic_return=738.180
global_step=263482, episode=1549, episodic_return=780.473
global_step=263751, episode=1550, episodic_return=882.688
global_step=264038, episode=1551, episodic_return=933.074
global_step=264307, episode=1552, episodic_return=855.723
global_step=264606, episode=1553, episodic_return=911.344
global_step=264882, episode=1554, episodic_return=880.937
global_step=265115, episode=1555, episodic_return=733.681
global_step=265594, episode=1556, episodic_return=1544.587
global_step=266364, episode=1557, episodic_return=2580.967
global_step=267181, episode=1558, episodic_return=2673.724
global_step=267532, episode=1559, episodic_return=1159.217
global_step=267748, episode=1560, episodic_return=708.149
global_step=268023, episode=1561, episodic_return=884.199
global_step=268218, episode=1562, episodic_return=668.100
global_step=268425, episode=1563, episodic_return=680.681
global_step=268713, episode=1564, episodic_return=955.376
global_step=269290, episode=1565, episodic_return=1895.061
global_step=269679, episode=1566, episodic_return=1246.593
global_step=269938, episode=1567, episodic_return=853.359
global_step=270141, episode=1568, episodic_return=693.852
global_step=270392, episode=1569, episodic_return=810.386
global_step=271059, episode=1570, episodic_return=2188.421
global_step=271575, episode=1571, episodic_return=1751.907
global_step=271955, episode=1572, episodic_return=1273.522
global_step=272377, episode=1573, episodic_return=1369.812
global_step=272726, episode=1574, episodic_return=1167.825
global_step=272929, episode=1575, episodic_return=634.976
global_step=273493, episode=1576, episodic_return=1867.637
global_step=273849, episode=1577, episodic_return=1170.841
global_step=274081, episode=1578, episodic_return=790.869
global_step=274410, episode=1579, episodic_return=1106.408
global_step=274634, episode=1580, episodic_return=717.128
global_step=274902, episode=1581, episodic_return=876.473
global_step=275165, episode=1582, episodic_return=858.040
global_step=275404, episode=1583, episodic_return=775.499
global_step=275922, episode=1584, episodic_return=1710.766
global_step=276134, episode=1585, episodic_return=658.822
global_step=276368, episode=1586, episodic_return=761.233
global_step=276613, episode=1587, episodic_return=809.228
global_step=276847, episode=1588, episodic_return=763.866
global_step=277154, episode=1589, episodic_return=1026.463
global_step=277405, episode=1590, episodic_return=834.845
global_step=277702, episode=1591, episodic_return=982.189
global_step=277973, episode=1592, episodic_return=889.644
global_step=278230, episode=1593, episodic_return=846.216
global_step=278454, episode=1594, episodic_return=701.469
global_step=278687, episode=1595, episodic_return=755.175
global_step=278898, episode=1596, episodic_return=659.083
global_step=279099, episode=1597, episodic_return=625.947
global_step=279363, episode=1598, episodic_return=877.229
global_step=279568, episode=1599, episodic_return=644.505
global_step=279781, episode=1600, episodic_return=679.461
global_step=280045, episode=1601, episodic_return=888.158
global_step=280297, episode=1602, episodic_return=838.350
global_step=280501, episode=1603, episodic_return=656.177
global_step=280796, episode=1604, episodic_return=973.622
global_step=280974, episode=1605, episodic_return=520.209
global_step=281303, episode=1606, episodic_return=1080.220
global_step=281594, episode=1607, episodic_return=948.381
global_step=281814, episode=1608, episodic_return=692.995
global_step=282038, episode=1609, episodic_return=690.106
global_step=282312, episode=1610, episodic_return=895.183
global_step=282564, episode=1611, episodic_return=829.624
global_step=282828, episode=1612, episodic_return=865.118
global_step=283103, episode=1613, episodic_return=919.352
global_step=283448, episode=1614, episodic_return=1143.253
global_step=283751, episode=1615, episodic_return=997.905
global_step=284136, episode=1616, episodic_return=1273.059
global_step=284437, episode=1617, episodic_return=990.900
global_step=284743, episode=1618, episodic_return=1035.248
global_step=285015, episode=1619, episodic_return=866.638
global_step=285271, episode=1620, episodic_return=821.922
global_step=285563, episode=1621, episodic_return=919.045
global_step=285847, episode=1622, episodic_return=899.058
global_step=286178, episode=1623, episodic_return=987.659
global_step=286703, episode=1624, episodic_return=1677.034
global_step=286968, episode=1625, episodic_return=869.417
global_step=287321, episode=1626, episodic_return=1135.957
global_step=287657, episode=1627, episodic_return=1088.917
global_step=287849, episode=1628, episodic_return=635.673
global_step=288049, episode=1629, episodic_return=651.195
global_step=288122, episode=1630, episodic_return=143.700
global_step=288330, episode=1631, episodic_return=671.745
global_step=288420, episode=1632, episodic_return=197.660
global_step=288508, episode=1633, episodic_return=189.133
global_step=288590, episode=1634, episodic_return=169.949
global_step=288678, episode=1635, episodic_return=190.354
global_step=288766, episode=1636, episodic_return=186.960
global_step=288858, episode=1637, episodic_return=202.757
global_step=288947, episode=1638, episodic_return=194.430
global_step=289038, episode=1639, episodic_return=206.247
global_step=289128, episode=1640, episodic_return=200.078
global_step=289216, episode=1641, episodic_return=192.295
global_step=289302, episode=1642, episodic_return=183.564
global_step=289393, episode=1643, episodic_return=191.871
global_step=289483, episode=1644, episodic_return=202.222
global_step=289571, episode=1645, episodic_return=189.577
global_step=289662, episode=1646, episodic_return=203.712
global_step=289748, episode=1647, episodic_return=192.978
global_step=289839, episode=1648, episodic_return=201.278
global_step=289932, episode=1649, episodic_return=207.842
global_step=290023, episode=1650, episodic_return=203.409
global_step=290181, episode=1651, episodic_return=480.990
global_step=290272, episode=1652, episodic_return=203.121
global_step=290363, episode=1653, episodic_return=205.766
global_step=290454, episode=1654, episodic_return=205.680
global_step=290544, episode=1655, episodic_return=201.040
global_step=290636, episode=1656, episodic_return=206.491
global_step=290779, episode=1657, episodic_return=419.052
global_step=291105, episode=1658, episodic_return=1090.839
global_step=291201, episode=1659, episodic_return=207.727
global_step=291349, episode=1660, episodic_return=441.635
global_step=291501, episode=1661, episodic_return=459.627
global_step=291654, episode=1662, episodic_return=418.988
global_step=291811, episode=1663, episodic_return=435.208
global_step=292009, episode=1664, episodic_return=654.045
global_step=292185, episode=1665, episodic_return=581.435
global_step=292392, episode=1666, episodic_return=648.205
global_step=292493, episode=1667, episodic_return=213.872
global_step=292594, episode=1668, episodic_return=200.289
global_step=292719, episode=1669, episodic_return=233.772
global_step=292843, episode=1670, episodic_return=242.585
global_step=292956, episode=1671, episodic_return=229.013
global_step=293175, episode=1672, episodic_return=686.394
global_step=293337, episode=1673, episodic_return=417.834
global_step=293443, episode=1674, episodic_return=230.251
global_step=293601, episode=1675, episodic_return=438.471
global_step=293724, episode=1676, episodic_return=219.572
global_step=293825, episode=1677, episodic_return=202.125
global_step=293930, episode=1678, episodic_return=210.812
global_step=294051, episode=1679, episodic_return=220.574
global_step=294154, episode=1680, episodic_return=204.803
global_step=294261, episode=1681, episodic_return=216.315
global_step=294364, episode=1682, episodic_return=204.665
global_step=294469, episode=1683, episodic_return=209.546
global_step=294574, episode=1684, episodic_return=210.159
global_step=294674, episode=1685, episodic_return=198.944
global_step=294784, episode=1686, episodic_return=243.490
global_step=294890, episode=1687, episodic_return=209.352
global_step=294995, episode=1688, episodic_return=210.851
global_step=295100, episode=1689, episodic_return=213.518
global_step=295203, episode=1690, episodic_return=212.954
global_step=295307, episode=1691, episodic_return=212.739
global_step=295580, episode=1692, episodic_return=917.793
global_step=295860, episode=1693, episodic_return=926.400
global_step=296567, episode=1694, episodic_return=2303.639
global_step=296813, episode=1695, episodic_return=830.884
global_step=297062, episode=1696, episodic_return=823.514
global_step=297422, episode=1697, episodic_return=1184.091
global_step=297715, episode=1698, episodic_return=954.756
global_step=298405, episode=1699, episodic_return=2296.616
global_step=299305, episode=1700, episodic_return=2947.484
global_step=299625, episode=1701, episodic_return=1053.314
global_step=299873, episode=1702, episodic_return=814.915
global_step=300116, episode=1703, episodic_return=795.714
global_step=300731, episode=1704, episodic_return=1899.751
global_step=301146, episode=1705, episodic_return=1410.514
global_step=301361, episode=1706, episodic_return=669.821
global_step=301894, episode=1707, episodic_return=1724.133
global_step=302141, episode=1708, episodic_return=799.639
global_step=302772, episode=1709, episodic_return=2025.234
global_step=303127, episode=1710, episodic_return=1159.882
global_step=303374, episode=1711, episodic_return=799.943
global_step=303651, episode=1712, episodic_return=898.627
global_step=303917, episode=1713, episodic_return=870.352
global_step=304253, episode=1714, episodic_return=1095.413
global_step=304446, episode=1715, episodic_return=595.542
global_step=305447, episode=1716, episodic_return=3065.092
global_step=306448, episode=1717, episodic_return=2968.995
global_step=307139, episode=1718, episodic_return=2270.946
global_step=307468, episode=1719, episodic_return=1005.497
global_step=307720, episode=1720, episodic_return=789.781
global_step=308721, episode=1721, episodic_return=3160.605
global_step=309066, episode=1722, episodic_return=1140.815
global_step=309287, episode=1723, episodic_return=697.368
global_step=309691, episode=1724, episodic_return=1262.843
global_step=310034, episode=1725, episodic_return=1131.166
global_step=310368, episode=1726, episodic_return=1113.574
global_step=311369, episode=1727, episodic_return=3226.585
    -> Best video saved: videos/Hopper-v4_sac_10484947/best_step-311369_episode-1727.mp4
    -> New best: episodic_return=3226.585
global_step=311689, episode=1728, episodic_return=1072.578
global_step=312104, episode=1729, episodic_return=1370.529
global_step=312514, episode=1730, episodic_return=1324.347
global_step=313146, episode=1731, episodic_return=2107.651
global_step=313632, episode=1732, episodic_return=1568.227
global_step=314010, episode=1733, episodic_return=1237.202
global_step=314693, episode=1734, episodic_return=2171.391
global_step=315197, episode=1735, episodic_return=1581.850
global_step=316198, episode=1736, episodic_return=3174.422
global_step=316826, episode=1737, episodic_return=2091.225
global_step=317827, episode=1738, episodic_return=3082.224
global_step=318382, episode=1739, episodic_return=1783.126
global_step=319383, episode=1740, episodic_return=3198.785
global_step=319412, episode=1741, episodic_return=33.256
global_step=320053, episode=1742, episodic_return=2146.476
global_step=320255, episode=1743, episodic_return=670.325
global_step=321079, episode=1744, episodic_return=2680.936
global_step=321667, episode=1745, episodic_return=1891.085
global_step=322046, episode=1746, episodic_return=1250.304
global_step=322270, episode=1747, episodic_return=715.799
global_step=322624, episode=1748, episodic_return=1139.935
global_step=323242, episode=1749, episodic_return=1994.885
global_step=323472, episode=1750, episodic_return=765.896
global_step=323768, episode=1751, episodic_return=954.496
global_step=324769, episode=1752, episodic_return=3174.311
global_step=325072, episode=1753, episodic_return=991.912
global_step=325293, episode=1754, episodic_return=708.659
global_step=326294, episode=1755, episodic_return=3131.336
global_step=326815, episode=1756, episodic_return=1694.852
global_step=327047, episode=1757, episodic_return=751.059
global_step=327386, episode=1758, episodic_return=1088.670
global_step=327899, episode=1759, episodic_return=1700.669
global_step=328206, episode=1760, episodic_return=943.579
global_step=329094, episode=1761, episodic_return=2826.876
global_step=329613, episode=1762, episodic_return=1676.737
global_step=330070, episode=1763, episodic_return=1492.492
global_step=330380, episode=1764, episodic_return=971.052
global_step=330604, episode=1765, episodic_return=694.939
global_step=330959, episode=1766, episodic_return=1173.342
global_step=331322, episode=1767, episodic_return=1184.766
global_step=331631, episode=1768, episodic_return=963.366
global_step=332260, episode=1769, episodic_return=2029.663
global_step=332903, episode=1770, episodic_return=2066.001
global_step=333904, episode=1771, episodic_return=3114.963
global_step=334905, episode=1772, episodic_return=3171.186
global_step=335350, episode=1773, episodic_return=1452.132
global_step=336351, episode=1774, episodic_return=3145.588
global_step=336719, episode=1775, episodic_return=1191.869
global_step=337408, episode=1776, episodic_return=2256.658
global_step=338409, episode=1777, episodic_return=3172.747
global_step=339410, episode=1778, episodic_return=3157.996
global_step=339712, episode=1779, episodic_return=939.302
global_step=340713, episode=1780, episodic_return=3185.240
global_step=341316, episode=1781, episodic_return=1978.337
global_step=341986, episode=1782, episodic_return=2207.027
global_step=342418, episode=1783, episodic_return=1426.818
global_step=342822, episode=1784, episodic_return=1318.683
global_step=343823, episode=1785, episodic_return=3253.648
    -> Best video saved: videos/Hopper-v4_sac_10484947/best_step-343823_episode-1785.mp4
    -> New best: episodic_return=3253.648
global_step=344283, episode=1786, episodic_return=1445.062
global_step=344525, episode=1787, episodic_return=746.672
global_step=344979, episode=1788, episodic_return=1452.250
global_step=345980, episode=1789, episodic_return=3084.477
global_step=346941, episode=1790, episodic_return=3048.904
global_step=347387, episode=1791, episodic_return=1415.522
global_step=347974, episode=1792, episodic_return=1842.245
global_step=348276, episode=1793, episodic_return=978.953
global_step=349187, episode=1794, episodic_return=2924.508
global_step=350188, episode=1795, episodic_return=3157.539
global_step=351189, episode=1796, episodic_return=3121.645
global_step=351989, episode=1797, episodic_return=2588.322
global_step=352990, episode=1798, episodic_return=3222.132
global_step=353991, episode=1799, episodic_return=3134.910
global_step=354014, episode=1800, episodic_return=24.909
global_step=354959, episode=1801, episodic_return=3025.607
global_step=355930, episode=1802, episodic_return=3158.404
global_step=356342, episode=1803, episodic_return=1316.481
global_step=357343, episode=1804, episodic_return=3285.916
    -> Best video saved: videos/Hopper-v4_sac_10484947/best_step-357343_episode-1804.mp4
    -> New best: episodic_return=3285.916
global_step=357700, episode=1805, episodic_return=1173.794
global_step=358086, episode=1806, episodic_return=1263.488
global_step=358970, episode=1807, episodic_return=2943.217
global_step=359244, episode=1808, episodic_return=927.222
global_step=359724, episode=1809, episodic_return=1571.384
global_step=360598, episode=1810, episodic_return=2859.698
global_step=361203, episode=1811, episodic_return=1978.330
global_step=361585, episode=1812, episodic_return=1298.754
global_step=361979, episode=1813, episodic_return=1287.098
global_step=362259, episode=1814, episodic_return=901.492
global_step=362872, episode=1815, episodic_return=2008.259
global_step=363190, episode=1816, episodic_return=1014.343
global_step=363508, episode=1817, episodic_return=993.072
global_step=363889, episode=1818, episodic_return=1241.822
global_step=364188, episode=1819, episodic_return=953.104
global_step=365029, episode=1820, episodic_return=2783.324
global_step=365745, episode=1821, episodic_return=2408.684
global_step=366026, episode=1822, episodic_return=931.824
global_step=366521, episode=1823, episodic_return=1647.575
global_step=367061, episode=1824, episodic_return=1744.123
global_step=367595, episode=1825, episodic_return=1762.146
global_step=368078, episode=1826, episodic_return=1637.235
global_step=369079, episode=1827, episodic_return=3227.487
global_step=369448, episode=1828, episodic_return=1186.930
global_step=370083, episode=1829, episodic_return=2118.612
global_step=371084, episode=1830, episodic_return=3108.777
global_step=371646, episode=1831, episodic_return=1798.525
global_step=372647, episode=1832, episodic_return=3087.914
global_step=373648, episode=1833, episodic_return=3157.448
global_step=374436, episode=1834, episodic_return=2656.811
global_step=374683, episode=1835, episodic_return=802.126
global_step=375284, episode=1836, episodic_return=1958.607
global_step=375572, episode=1837, episodic_return=934.929
global_step=375860, episode=1838, episodic_return=948.987
global_step=376165, episode=1839, episodic_return=1012.397
global_step=376587, episode=1840, episodic_return=1378.454
global_step=376862, episode=1841, episodic_return=891.147
global_step=377193, episode=1842, episodic_return=1118.106
global_step=377563, episode=1843, episodic_return=1253.019
global_step=377862, episode=1844, episodic_return=982.181
global_step=378155, episode=1845, episodic_return=961.600
global_step=378454, episode=1846, episodic_return=969.515
global_step=379455, episode=1847, episodic_return=3230.208
global_step=379831, episode=1848, episodic_return=1217.945
global_step=380128, episode=1849, episodic_return=971.962
global_step=380494, episode=1850, episodic_return=1207.191
global_step=380796, episode=1851, episodic_return=984.977
global_step=381203, episode=1852, episodic_return=1310.561
global_step=382204, episode=1853, episodic_return=3220.267
global_step=383205, episode=1854, episodic_return=3179.606
global_step=383509, episode=1855, episodic_return=996.263
global_step=383926, episode=1856, episodic_return=1376.006
global_step=384317, episode=1857, episodic_return=1306.200
global_step=384819, episode=1858, episodic_return=1576.394
global_step=384852, episode=1859, episodic_return=12.753
global_step=384898, episode=1860, episodic_return=12.023
global_step=384946, episode=1861, episodic_return=15.099
global_step=384996, episode=1862, episodic_return=16.062
global_step=385048, episode=1863, episodic_return=17.806
global_step=385108, episode=1864, episodic_return=24.434
global_step=385161, episode=1865, episodic_return=17.033
global_step=385216, episode=1866, episodic_return=18.907
global_step=385277, episode=1867, episodic_return=27.714
global_step=385347, episode=1868, episodic_return=36.001
global_step=385413, episode=1869, episodic_return=33.771
global_step=385758, episode=1870, episodic_return=1036.631
global_step=386695, episode=1871, episodic_return=3042.444
global_step=387211, episode=1872, episodic_return=1713.158
global_step=387695, episode=1873, episodic_return=1593.206
global_step=387986, episode=1874, episodic_return=942.952
global_step=388254, episode=1875, episodic_return=875.908
global_step=388720, episode=1876, episodic_return=1521.410
global_step=388993, episode=1877, episodic_return=897.327
global_step=389251, episode=1878, episodic_return=846.761
global_step=389663, episode=1879, episodic_return=1347.232
global_step=390325, episode=1880, episodic_return=2166.637
global_step=390631, episode=1881, episodic_return=1000.061
global_step=390931, episode=1882, episodic_return=975.560
global_step=391353, episode=1883, episodic_return=1404.600
global_step=391731, episode=1884, episodic_return=1286.005
global_step=392249, episode=1885, episodic_return=1693.593
global_step=392544, episode=1886, episodic_return=994.069
global_step=392816, episode=1887, episodic_return=902.628
global_step=393142, episode=1888, episodic_return=1072.379
global_step=393455, episode=1889, episodic_return=1037.687
global_step=394062, episode=1890, episodic_return=2036.982
global_step=394587, episode=1891, episodic_return=1756.162
global_step=394916, episode=1892, episodic_return=1097.315
global_step=395193, episode=1893, episodic_return=911.336
global_step=395485, episode=1894, episodic_return=936.384
global_step=395837, episode=1895, episodic_return=1193.542
global_step=396118, episode=1896, episodic_return=922.504
global_step=396616, episode=1897, episodic_return=1663.554
global_step=396898, episode=1898, episodic_return=937.871
global_step=397186, episode=1899, episodic_return=946.128
global_step=398175, episode=1900, episodic_return=3297.597
    -> Best video saved: videos/Hopper-v4_sac_10484947/best_step-398175_episode-1900.mp4
    -> New best: episodic_return=3297.597
global_step=398886, episode=1901, episodic_return=2386.550
global_step=399344, episode=1902, episodic_return=1492.440
global_step=399822, episode=1903, episodic_return=1620.276
global_step=400425, episode=1904, episodic_return=1998.168
global_step=400736, episode=1905, episodic_return=1001.435
global_step=401737, episode=1906, episodic_return=3282.451
global_step=402187, episode=1907, episodic_return=1467.109
global_step=402588, episode=1908, episodic_return=1338.689
global_step=403014, episode=1909, episodic_return=1425.218
global_step=403350, episode=1910, episodic_return=1127.385
global_step=403792, episode=1911, episodic_return=1472.287
global_step=404157, episode=1912, episodic_return=1187.638
global_step=404507, episode=1913, episodic_return=1174.034
global_step=405009, episode=1914, episodic_return=1654.417
global_step=405311, episode=1915, episodic_return=994.029
global_step=405597, episode=1916, episodic_return=942.225
global_step=405967, episode=1917, episodic_return=1206.366
global_step=406336, episode=1918, episodic_return=1260.993
global_step=406672, episode=1919, episodic_return=1097.984
global_step=407357, episode=1920, episodic_return=2253.126
global_step=407650, episode=1921, episodic_return=969.237
global_step=408266, episode=1922, episodic_return=2070.884
global_step=408717, episode=1923, episodic_return=1524.755
global_step=409488, episode=1924, episodic_return=2504.453
global_step=410079, episode=1925, episodic_return=2004.844
global_step=410391, episode=1926, episodic_return=1049.750
global_step=410798, episode=1927, episodic_return=1361.889
global_step=411117, episode=1928, episodic_return=1092.911
global_step=411427, episode=1929, episodic_return=1052.928
global_step=412001, episode=1930, episodic_return=1939.252
global_step=412304, episode=1931, episodic_return=1002.351
global_step=412586, episode=1932, episodic_return=933.528
global_step=412884, episode=1933, episodic_return=965.481
global_step=413624, episode=1934, episodic_return=2490.934
global_step=413926, episode=1935, episodic_return=1008.156
global_step=414242, episode=1936, episodic_return=1056.355
global_step=414520, episode=1937, episodic_return=922.791
global_step=414891, episode=1938, episodic_return=1273.159
global_step=415161, episode=1939, episodic_return=915.297
global_step=415422, episode=1940, episodic_return=885.291
global_step=415678, episode=1941, episodic_return=858.714
global_step=415968, episode=1942, episodic_return=970.408
global_step=416247, episode=1943, episodic_return=922.721
global_step=416531, episode=1944, episodic_return=956.332
global_step=416847, episode=1945, episodic_return=1094.516
global_step=417114, episode=1946, episodic_return=882.605
global_step=417362, episode=1947, episodic_return=823.495
global_step=417627, episode=1948, episodic_return=889.368
global_step=417918, episode=1949, episodic_return=976.697
global_step=418204, episode=1950, episodic_return=948.098
global_step=418475, episode=1951, episodic_return=909.371
global_step=418749, episode=1952, episodic_return=907.844
global_step=419006, episode=1953, episodic_return=861.400
global_step=419304, episode=1954, episodic_return=972.437
global_step=419579, episode=1955, episodic_return=914.697
global_step=419902, episode=1956, episodic_return=1084.734
global_step=420030, episode=1957, episodic_return=312.146
global_step=420493, episode=1958, episodic_return=1521.198
global_step=420765, episode=1959, episodic_return=889.175
global_step=421119, episode=1960, episodic_return=1185.616
global_step=421460, episode=1961, episodic_return=1150.084
global_step=421897, episode=1962, episodic_return=1453.484
global_step=422198, episode=1963, episodic_return=1004.357
global_step=422464, episode=1964, episodic_return=890.683
global_step=422746, episode=1965, episodic_return=945.403
global_step=423164, episode=1966, episodic_return=1424.186
global_step=423527, episode=1967, episodic_return=1232.884
global_step=423821, episode=1968, episodic_return=968.467
global_step=424108, episode=1969, episodic_return=945.931
global_step=424569, episode=1970, episodic_return=1548.305
global_step=424864, episode=1971, episodic_return=996.942
global_step=425151, episode=1972, episodic_return=965.022
global_step=425536, episode=1973, episodic_return=1321.365
global_step=425871, episode=1974, episodic_return=1110.691
global_step=426160, episode=1975, episodic_return=969.333
global_step=426446, episode=1976, episodic_return=966.619
global_step=426763, episode=1977, episodic_return=1085.949
global_step=427017, episode=1978, episodic_return=834.658
global_step=427294, episode=1979, episodic_return=915.012
global_step=427674, episode=1980, episodic_return=1294.870
global_step=427975, episode=1981, episodic_return=1036.913
global_step=428243, episode=1982, episodic_return=896.858
global_step=428546, episode=1983, episodic_return=1020.984
global_step=429131, episode=1984, episodic_return=1976.290
global_step=429450, episode=1985, episodic_return=1088.098
global_step=429763, episode=1986, episodic_return=1062.478
global_step=430142, episode=1987, episodic_return=1322.918
global_step=430494, episode=1988, episodic_return=1158.999
global_step=430954, episode=1989, episodic_return=1578.937
global_step=431205, episode=1990, episodic_return=862.471
global_step=431470, episode=1991, episodic_return=906.314
global_step=431754, episode=1992, episodic_return=941.120
global_step=432196, episode=1993, episodic_return=1441.301
global_step=432493, episode=1994, episodic_return=1006.252
global_step=432753, episode=1995, episodic_return=898.137
global_step=432968, episode=1996, episodic_return=702.069
global_step=433527, episode=1997, episodic_return=1900.161
global_step=433733, episode=1998, episodic_return=638.383
global_step=433940, episode=1999, episodic_return=681.385
global_step=434273, episode=2000, episodic_return=1143.037
    -> Train video saved: videos/Hopper-v4_sac_10484947/train_step-434273_episode-2000.mp4
global_step=434563, episode=2001, episodic_return=928.217
global_step=434781, episode=2002, episodic_return=745.362
global_step=435148, episode=2003, episodic_return=1232.544
global_step=435438, episode=2004, episodic_return=991.443
global_step=435718, episode=2005, episodic_return=911.610
global_step=436091, episode=2006, episodic_return=1261.368
global_step=436308, episode=2007, episodic_return=729.030
global_step=437031, episode=2008, episodic_return=2423.373
global_step=437371, episode=2009, episodic_return=1168.918
global_step=438372, episode=2010, episodic_return=3301.691
    -> Best video saved: videos/Hopper-v4_sac_10484947/best_step-438372_episode-2010.mp4
    -> New best: episodic_return=3301.691
global_step=438883, episode=2011, episodic_return=1725.736
global_step=439167, episode=2012, episodic_return=949.028
global_step=439459, episode=2013, episodic_return=975.776
global_step=439740, episode=2014, episodic_return=936.859
global_step=440008, episode=2015, episodic_return=904.118
global_step=440294, episode=2016, episodic_return=938.989
global_step=440644, episode=2017, episodic_return=1194.036
global_step=441202, episode=2018, episodic_return=1880.576
global_step=441502, episode=2019, episodic_return=967.061
global_step=442378, episode=2020, episodic_return=2956.686
global_step=442792, episode=2021, episodic_return=1426.775
global_step=443367, episode=2022, episodic_return=1932.122
global_step=443686, episode=2023, episodic_return=1071.028
global_step=443910, episode=2024, episodic_return=763.687
global_step=444317, episode=2025, episodic_return=1424.541
global_step=444575, episode=2026, episodic_return=867.769
global_step=444913, episode=2027, episodic_return=1160.816
global_step=445914, episode=2028, episodic_return=3228.304
global_step=446188, episode=2029, episodic_return=916.774
global_step=446458, episode=2030, episodic_return=924.123
global_step=446842, episode=2031, episodic_return=1285.818
global_step=447091, episode=2032, episodic_return=885.424
global_step=447436, episode=2033, episodic_return=1165.132
global_step=448437, episode=2034, episodic_return=3261.318
global_step=448698, episode=2035, episodic_return=881.528
global_step=449286, episode=2036, episodic_return=1945.621
global_step=450287, episode=2037, episodic_return=3217.574
global_step=450505, episode=2038, episodic_return=747.813
global_step=451000, episode=2039, episodic_return=1655.409
global_step=451230, episode=2040, episodic_return=779.157
global_step=452019, episode=2041, episodic_return=2639.137
global_step=452269, episode=2042, episodic_return=852.295
global_step=452519, episode=2043, episodic_return=862.509
global_step=453026, episode=2044, episodic_return=1669.109
global_step=453221, episode=2045, episodic_return=663.972
global_step=453431, episode=2046, episodic_return=732.338
global_step=453631, episode=2047, episodic_return=669.712
global_step=454357, episode=2048, episodic_return=2489.355
global_step=454718, episode=2049, episodic_return=1259.173
global_step=454972, episode=2050, episodic_return=881.270
global_step=455200, episode=2051, episodic_return=734.367
global_step=455470, episode=2052, episodic_return=938.987
global_step=455723, episode=2053, episodic_return=885.484
global_step=456294, episode=2054, episodic_return=1917.665
global_step=457017, episode=2055, episodic_return=2384.308
global_step=457140, episode=2056, episodic_return=290.793
global_step=457676, episode=2057, episodic_return=1816.654
global_step=458177, episode=2058, episodic_return=1687.063
global_step=459178, episode=2059, episodic_return=3180.344
global_step=460090, episode=2060, episodic_return=3070.126
global_step=460455, episode=2061, episodic_return=1234.469
global_step=461169, episode=2062, episodic_return=2394.660
global_step=461454, episode=2063, episodic_return=991.895
global_step=462012, episode=2064, episodic_return=1867.996
global_step=462248, episode=2065, episodic_return=824.355
global_step=462536, episode=2066, episodic_return=998.075
global_step=462931, episode=2067, episodic_return=1369.804
global_step=463265, episode=2068, episodic_return=1126.364
global_step=463880, episode=2069, episodic_return=2090.837
global_step=464537, episode=2070, episodic_return=2190.091
global_step=465105, episode=2071, episodic_return=1901.217
global_step=465435, episode=2072, episodic_return=1109.959
global_step=466013, episode=2073, episodic_return=1954.738
global_step=466352, episode=2074, episodic_return=1145.881
global_step=466715, episode=2075, episodic_return=1224.485
global_step=467081, episode=2076, episodic_return=1240.581
global_step=467403, episode=2077, episodic_return=1108.252
global_step=467464, episode=2078, episodic_return=113.670
global_step=467708, episode=2079, episodic_return=796.087
global_step=468028, episode=2080, episodic_return=1098.977
global_step=468320, episode=2081, episodic_return=992.071
global_step=468887, episode=2082, episodic_return=1916.117
global_step=469183, episode=2083, episodic_return=1001.987
global_step=469954, episode=2084, episodic_return=2565.434
global_step=470179, episode=2085, episodic_return=746.574
global_step=470507, episode=2086, episodic_return=1138.912
global_step=470721, episode=2087, episodic_return=659.807
global_step=470939, episode=2088, episodic_return=730.338
global_step=471467, episode=2089, episodic_return=1751.946
global_step=472130, episode=2090, episodic_return=2077.399
global_step=472867, episode=2091, episodic_return=2365.757
global_step=473450, episode=2092, episodic_return=1957.620
global_step=473884, episode=2093, episodic_return=1410.710
global_step=474885, episode=2094, episodic_return=3238.589
global_step=475164, episode=2095, episodic_return=939.335
global_step=475523, episode=2096, episodic_return=1212.364
global_step=475975, episode=2097, episodic_return=1551.525
global_step=476600, episode=2098, episodic_return=2121.149
global_step=477601, episode=2099, episodic_return=3193.962
global_step=478094, episode=2100, episodic_return=1705.031
global_step=478396, episode=2101, episodic_return=1025.570
global_step=478734, episode=2102, episodic_return=1154.184
global_step=479735, episode=2103, episodic_return=3340.375
    -> Best video saved: videos/Hopper-v4_sac_10484947/best_step-479735_episode-2103.mp4
    -> New best: episodic_return=3340.375
global_step=479923, episode=2104, episodic_return=515.286
global_step=480116, episode=2105, episodic_return=592.958
global_step=480400, episode=2106, episodic_return=949.612
global_step=480933, episode=2107, episodic_return=1784.260
global_step=481279, episode=2108, episodic_return=1159.986
global_step=481708, episode=2109, episodic_return=1445.267
global_step=481972, episode=2110, episodic_return=908.671
global_step=482973, episode=2111, episodic_return=3193.594
global_step=483974, episode=2112, episodic_return=3072.306
global_step=484298, episode=2113, episodic_return=1106.077
global_step=484593, episode=2114, episodic_return=953.845
global_step=484894, episode=2115, episodic_return=1023.182
global_step=485310, episode=2116, episodic_return=1416.058
global_step=486311, episode=2117, episodic_return=3302.261
global_step=486738, episode=2118, episodic_return=1425.143
global_step=487103, episode=2119, episodic_return=1219.363
global_step=487390, episode=2120, episodic_return=932.202
global_step=488300, episode=2121, episodic_return=3047.165
global_step=489301, episode=2122, episodic_return=3217.711
global_step=489823, episode=2123, episodic_return=1717.928
global_step=490325, episode=2124, episodic_return=1654.908
global_step=490668, episode=2125, episodic_return=1180.174
global_step=491005, episode=2126, episodic_return=1153.936
global_step=491304, episode=2127, episodic_return=1027.416
global_step=491654, episode=2128, episodic_return=1161.261
global_step=491955, episode=2129, episodic_return=988.977
global_step=492319, episode=2130, episodic_return=1200.378
global_step=492859, episode=2131, episodic_return=1827.168
global_step=493133, episode=2132, episodic_return=911.845
global_step=493415, episode=2133, episodic_return=935.480
global_step=493725, episode=2134, episodic_return=1052.736
global_step=494236, episode=2135, episodic_return=1626.723
global_step=494590, episode=2136, episodic_return=1186.186
global_step=495111, episode=2137, episodic_return=1737.922
global_step=495385, episode=2138, episodic_return=888.357
global_step=495705, episode=2139, episodic_return=1087.605
global_step=496013, episode=2140, episodic_return=1051.874
global_step=496321, episode=2141, episodic_return=1060.018
global_step=496624, episode=2142, episodic_return=956.833
global_step=496921, episode=2143, episodic_return=965.956
global_step=497177, episode=2144, episodic_return=852.022
global_step=497463, episode=2145, episodic_return=984.870
global_step=497735, episode=2146, episodic_return=899.310
global_step=498039, episode=2147, episodic_return=981.214
global_step=498318, episode=2148, episodic_return=922.477
global_step=498562, episode=2149, episodic_return=820.769
global_step=498910, episode=2150, episodic_return=1169.383
global_step=499181, episode=2151, episodic_return=926.154
global_step=499456, episode=2152, episodic_return=911.759
global_step=499807, episode=2153, episodic_return=1173.409
global_step=500808, episode=2154, episodic_return=3118.851
global_step=501121, episode=2155, episodic_return=1065.827
global_step=501272, episode=2156, episodic_return=334.054
global_step=501403, episode=2157, episodic_return=302.715
global_step=501691, episode=2158, episodic_return=963.509
global_step=501940, episode=2159, episodic_return=806.379
global_step=502941, episode=2160, episodic_return=2935.929
global_step=503614, episode=2161, episodic_return=1710.981
global_step=504615, episode=2162, episodic_return=981.453
global_step=504841, episode=2163, episodic_return=574.136
global_step=504906, episode=2164, episodic_return=57.571
global_step=504960, episode=2165, episodic_return=51.629
global_step=505024, episode=2166, episodic_return=58.719
global_step=505072, episode=2167, episodic_return=42.051
global_step=506073, episode=2168, episodic_return=981.923
global_step=506811, episode=2169, episodic_return=2138.547
global_step=507116, episode=2170, episodic_return=868.969
global_step=507634, episode=2171, episodic_return=1642.934
global_step=507854, episode=2172, episodic_return=667.224
global_step=508456, episode=2173, episodic_return=1938.662
global_step=508568, episode=2174, episodic_return=224.810
global_step=509060, episode=2175, episodic_return=1646.855
global_step=509429, episode=2176, episodic_return=1099.963
global_step=509883, episode=2177, episodic_return=1396.611
global_step=510035, episode=2178, episodic_return=288.248
global_step=510208, episode=2179, episodic_return=307.423
global_step=510364, episode=2180, episodic_return=287.529
global_step=510708, episode=2181, episodic_return=1038.673
global_step=511709, episode=2182, episodic_return=2888.494
global_step=512212, episode=2183, episodic_return=1214.971
global_step=512754, episode=2184, episodic_return=1395.119
global_step=512942, episode=2185, episodic_return=155.290
global_step=513028, episode=2186, episodic_return=53.517
global_step=513111, episode=2187, episodic_return=50.820
global_step=513206, episode=2188, episodic_return=62.595
global_step=514099, episode=2189, episodic_return=878.034
global_step=514942, episode=2190, episodic_return=1503.103
global_step=515572, episode=2191, episodic_return=1148.205
global_step=515947, episode=2192, episodic_return=623.165
global_step=516652, episode=2193, episodic_return=1424.824
global_step=517391, episode=2194, episodic_return=840.675
global_step=517782, episode=2195, episodic_return=408.682
global_step=518254, episode=2196, episodic_return=505.777
global_step=519255, episode=2197, episodic_return=1014.181
global_step=520256, episode=2198, episodic_return=1007.188
global_step=520923, episode=2199, episodic_return=1290.540
global_step=521783, episode=2200, episodic_return=2093.115
global_step=522333, episode=2201, episodic_return=1203.788
global_step=523018, episode=2202, episodic_return=1838.762
global_step=523394, episode=2203, episodic_return=1018.295
global_step=523744, episode=2204, episodic_return=995.423
global_step=524015, episode=2205, episodic_return=718.566
global_step=524386, episode=2206, episodic_return=1045.529
global_step=524807, episode=2207, episodic_return=1128.274
global_step=525157, episode=2208, episodic_return=1003.092
global_step=525459, episode=2209, episodic_return=916.135
global_step=525720, episode=2210, episodic_return=772.430
global_step=525974, episode=2211, episodic_return=702.893
global_step=526330, episode=2212, episodic_return=1134.424
global_step=526710, episode=2213, episodic_return=1231.281
global_step=526902, episode=2214, episodic_return=632.151
global_step=527123, episode=2215, episodic_return=737.347
global_step=527334, episode=2216, episodic_return=690.775
global_step=527556, episode=2217, episodic_return=735.282
global_step=527757, episode=2218, episodic_return=665.315
global_step=528249, episode=2219, episodic_return=1667.207
global_step=528510, episode=2220, episodic_return=894.493
global_step=528769, episode=2221, episodic_return=884.524
global_step=529034, episode=2222, episodic_return=907.239
global_step=529309, episode=2223, episodic_return=928.992
global_step=529587, episode=2224, episodic_return=930.283
global_step=529796, episode=2225, episodic_return=686.771
global_step=530351, episode=2226, episodic_return=1894.620
global_step=530636, episode=2227, episodic_return=954.864
global_step=530899, episode=2228, episodic_return=917.405
global_step=531165, episode=2229, episodic_return=906.491
global_step=531455, episode=2230, episodic_return=968.066
global_step=531730, episode=2231, episodic_return=943.344
global_step=532229, episode=2232, episodic_return=1664.116
global_step=532763, episode=2233, episodic_return=1776.795
global_step=532911, episode=2234, episodic_return=427.651
global_step=533202, episode=2235, episodic_return=965.706
global_step=533520, episode=2236, episodic_return=1076.617
global_step=533997, episode=2237, episodic_return=1582.938
global_step=534640, episode=2238, episodic_return=2161.101
global_step=534951, episode=2239, episodic_return=1022.377
global_step=535253, episode=2240, episodic_return=1012.954
global_step=535688, episode=2241, episodic_return=1488.255
global_step=536508, episode=2242, episodic_return=2782.414
global_step=536929, episode=2243, episodic_return=1437.546
global_step=537196, episode=2244, episodic_return=898.846
global_step=537507, episode=2245, episodic_return=1063.268
global_step=537812, episode=2246, episodic_return=1021.860
global_step=538112, episode=2247, episodic_return=1004.431
global_step=538444, episode=2248, episodic_return=1128.977
global_step=538570, episode=2249, episodic_return=271.448
global_step=538884, episode=2250, episodic_return=1061.965
global_step=539184, episode=2251, episodic_return=987.028
global_step=539660, episode=2252, episodic_return=1620.552
global_step=539963, episode=2253, episodic_return=992.992
global_step=540248, episode=2254, episodic_return=967.593
global_step=540621, episode=2255, episodic_return=1275.478
global_step=540920, episode=2256, episodic_return=1007.229
global_step=541183, episode=2257, episodic_return=904.482
global_step=541866, episode=2258, episodic_return=2273.358
global_step=542352, episode=2259, episodic_return=1562.896
global_step=542788, episode=2260, episodic_return=1509.793
global_step=543107, episode=2261, episodic_return=1092.397
global_step=543393, episode=2262, episodic_return=991.728
global_step=543629, episode=2263, episodic_return=794.790
global_step=543903, episode=2264, episodic_return=912.744
global_step=544164, episode=2265, episodic_return=900.594
global_step=544842, episode=2266, episodic_return=2257.295
global_step=545066, episode=2267, episodic_return=742.192
global_step=545312, episode=2268, episodic_return=836.447
global_step=545630, episode=2269, episodic_return=1024.302
global_step=545919, episode=2270, episodic_return=963.490
global_step=546217, episode=2271, episodic_return=966.681
global_step=546557, episode=2272, episodic_return=1131.859
global_step=546812, episode=2273, episodic_return=880.783
global_step=547082, episode=2274, episodic_return=898.105
global_step=547352, episode=2275, episodic_return=879.884
global_step=547637, episode=2276, episodic_return=934.436
global_step=547901, episode=2277, episodic_return=863.052
global_step=548269, episode=2278, episodic_return=1229.584
global_step=548648, episode=2279, episodic_return=1292.036
global_step=548930, episode=2280, episodic_return=966.153
global_step=549439, episode=2281, episodic_return=1718.392
global_step=549717, episode=2282, episodic_return=916.823
global_step=550008, episode=2283, episodic_return=960.467
global_step=550282, episode=2284, episodic_return=915.972
global_step=550542, episode=2285, episodic_return=880.877
global_step=550800, episode=2286, episodic_return=845.886
global_step=551060, episode=2287, episodic_return=870.423
global_step=551354, episode=2288, episodic_return=981.360
global_step=551626, episode=2289, episodic_return=878.902
global_step=551934, episode=2290, episodic_return=1042.579
global_step=552214, episode=2291, episodic_return=917.189
global_step=552496, episode=2292, episodic_return=920.990
global_step=552722, episode=2293, episodic_return=680.167
global_step=553090, episode=2294, episodic_return=1234.702
global_step=553496, episode=2295, episodic_return=1348.923
global_step=553778, episode=2296, episodic_return=926.694
global_step=554290, episode=2297, episodic_return=1689.840
global_step=554574, episode=2298, episodic_return=924.208
global_step=555026, episode=2299, episodic_return=1512.557
global_step=555475, episode=2300, episodic_return=1501.473
global_step=555769, episode=2301, episodic_return=991.962
global_step=556037, episode=2302, episodic_return=869.151
global_step=556335, episode=2303, episodic_return=1002.820
global_step=556613, episode=2304, episodic_return=909.192
global_step=556941, episode=2305, episodic_return=1089.300
global_step=557229, episode=2306, episodic_return=972.169
global_step=557504, episode=2307, episodic_return=907.258
global_step=557793, episode=2308, episodic_return=958.388
global_step=558065, episode=2309, episodic_return=901.117
global_step=558382, episode=2310, episodic_return=1075.043
global_step=558658, episode=2311, episodic_return=911.700
global_step=558966, episode=2312, episodic_return=1036.402
global_step=559346, episode=2313, episodic_return=1284.987
global_step=559615, episode=2314, episodic_return=859.721
global_step=560288, episode=2315, episodic_return=2212.660
global_step=560565, episode=2316, episodic_return=890.830
global_step=560891, episode=2317, episodic_return=1061.181
global_step=561203, episode=2318, episodic_return=1066.546
global_step=561454, episode=2319, episodic_return=789.531
global_step=561760, episode=2320, episodic_return=980.098
global_step=562046, episode=2321, episodic_return=929.401
global_step=562490, episode=2322, episodic_return=1448.256
global_step=562744, episode=2323, episodic_return=849.493
global_step=563059, episode=2324, episodic_return=1022.016
global_step=563482, episode=2325, episodic_return=1425.502
global_step=563973, episode=2326, episodic_return=1618.286
global_step=564310, episode=2327, episodic_return=1104.896
global_step=564873, episode=2328, episodic_return=1861.603
global_step=565186, episode=2329, episodic_return=1059.155
global_step=565840, episode=2330, episodic_return=2162.104
global_step=566222, episode=2331, episodic_return=1300.481
global_step=566521, episode=2332, episodic_return=993.812
global_step=566916, episode=2333, episodic_return=1227.145
global_step=567479, episode=2334, episodic_return=1883.046
global_step=567746, episode=2335, episodic_return=884.190
global_step=567932, episode=2336, episodic_return=610.883
global_step=568200, episode=2337, episodic_return=891.946
global_step=568502, episode=2338, episodic_return=1006.615
global_step=568797, episode=2339, episodic_return=993.710
global_step=569031, episode=2340, episodic_return=723.960
global_step=569280, episode=2341, episodic_return=853.024
global_step=569588, episode=2342, episodic_return=986.257
global_step=569863, episode=2343, episodic_return=893.229
global_step=570057, episode=2344, episodic_return=654.838
global_step=570448, episode=2345, episodic_return=1294.324
global_step=570816, episode=2346, episodic_return=1250.250
global_step=570840, episode=2347, episodic_return=28.110
global_step=571073, episode=2348, episodic_return=784.712
global_step=571411, episode=2349, episodic_return=1164.059
global_step=571669, episode=2350, episodic_return=875.043
global_step=572048, episode=2351, episodic_return=1276.941
global_step=572241, episode=2352, episodic_return=604.149
global_step=572487, episode=2353, episodic_return=766.549
global_step=572870, episode=2354, episodic_return=1322.844
global_step=573201, episode=2355, episodic_return=1107.542
global_step=573659, episode=2356, episodic_return=1535.013
global_step=574133, episode=2357, episodic_return=1616.407
global_step=574399, episode=2358, episodic_return=874.067
global_step=574732, episode=2359, episodic_return=1100.604
global_step=574978, episode=2360, episodic_return=728.911
global_step=575258, episode=2361, episodic_return=915.231
global_step=575610, episode=2362, episodic_return=1050.819
global_step=575858, episode=2363, episodic_return=856.621
global_step=576168, episode=2364, episodic_return=950.739
global_step=577169, episode=2365, episodic_return=3214.750
global_step=577735, episode=2366, episodic_return=1864.314
global_step=578011, episode=2367, episodic_return=891.742
global_step=578255, episode=2368, episodic_return=734.461
global_step=578890, episode=2369, episodic_return=2052.801
global_step=579891, episode=2370, episodic_return=3191.970
global_step=580216, episode=2371, episodic_return=1104.679
global_step=581217, episode=2372, episodic_return=3252.616
global_step=581407, episode=2373, episodic_return=599.808
global_step=581674, episode=2374, episodic_return=910.075
global_step=581942, episode=2375, episodic_return=882.924
global_step=582212, episode=2376, episodic_return=924.849
global_step=582349, episode=2377, episodic_return=367.605
global_step=582594, episode=2378, episodic_return=827.769
global_step=582924, episode=2379, episodic_return=1087.637
global_step=583596, episode=2380, episodic_return=2258.180
global_step=584088, episode=2381, episodic_return=1663.504
global_step=584383, episode=2382, episodic_return=986.431
global_step=584674, episode=2383, episodic_return=970.460
global_step=585143, episode=2384, episodic_return=1560.845
global_step=585433, episode=2385, episodic_return=992.365
global_step=585681, episode=2386, episodic_return=838.039
global_step=586261, episode=2387, episodic_return=1940.181
global_step=586471, episode=2388, episodic_return=643.811
global_step=586665, episode=2389, episodic_return=539.576
global_step=586777, episode=2390, episodic_return=217.981
global_step=587418, episode=2391, episodic_return=2183.353
global_step=587716, episode=2392, episodic_return=1034.802
global_step=588458, episode=2393, episodic_return=2449.893
global_step=588903, episode=2394, episodic_return=1458.007
global_step=589507, episode=2395, episodic_return=2011.709
global_step=589959, episode=2396, episodic_return=1477.407
global_step=590431, episode=2397, episodic_return=1535.807
global_step=591366, episode=2398, episodic_return=3062.546
global_step=591659, episode=2399, episodic_return=941.747
global_step=592459, episode=2400, episodic_return=2668.926
global_step=592728, episode=2401, episodic_return=836.581
global_step=593024, episode=2402, episodic_return=882.307
global_step=593607, episode=2403, episodic_return=1935.211
global_step=593928, episode=2404, episodic_return=991.156
global_step=594193, episode=2405, episodic_return=829.360
global_step=594573, episode=2406, episodic_return=1112.695
global_step=594824, episode=2407, episodic_return=754.243
global_step=595103, episode=2408, episodic_return=870.277
global_step=595347, episode=2409, episodic_return=780.767
global_step=595591, episode=2410, episodic_return=761.979
global_step=595915, episode=2411, episodic_return=1052.676
global_step=596208, episode=2412, episodic_return=939.150
global_step=596546, episode=2413, episodic_return=1093.826
global_step=596931, episode=2414, episodic_return=1270.968
global_step=597222, episode=2415, episodic_return=928.494
global_step=597480, episode=2416, episodic_return=867.754
global_step=597764, episode=2417, episodic_return=944.267
global_step=598154, episode=2418, episodic_return=1286.414
global_step=598423, episode=2419, episodic_return=883.857
global_step=598684, episode=2420, episodic_return=894.331
global_step=599039, episode=2421, episodic_return=1203.160
global_step=599400, episode=2422, episodic_return=1195.242
global_step=599678, episode=2423, episodic_return=956.341
global_step=599998, episode=2424, episodic_return=1052.136
global_step=600270, episode=2425, episodic_return=872.930
global_step=600549, episode=2426, episodic_return=884.426
global_step=601550, episode=2427, episodic_return=3179.586
global_step=601790, episode=2428, episodic_return=768.330
global_step=602033, episode=2429, episodic_return=790.363
global_step=602277, episode=2430, episodic_return=794.297
global_step=602918, episode=2431, episodic_return=2095.021
global_step=603216, episode=2432, episodic_return=962.304
global_step=603501, episode=2433, episodic_return=911.301
global_step=604073, episode=2434, episodic_return=1899.216
global_step=604337, episode=2435, episodic_return=861.196
global_step=604577, episode=2436, episodic_return=748.981
global_step=604876, episode=2437, episodic_return=964.802
global_step=605114, episode=2438, episodic_return=764.993
global_step=605240, episode=2439, episodic_return=278.923
global_step=605521, episode=2440, episodic_return=903.699
global_step=605770, episode=2441, episodic_return=822.539
global_step=606073, episode=2442, episodic_return=996.864
global_step=606363, episode=2443, episodic_return=911.879
global_step=606622, episode=2444, episodic_return=833.410
global_step=607033, episode=2445, episodic_return=1374.945
global_step=607339, episode=2446, episodic_return=987.057
global_step=607675, episode=2447, episodic_return=1066.514
global_step=607948, episode=2448, episodic_return=894.145
global_step=608210, episode=2449, episodic_return=854.958
global_step=608460, episode=2450, episodic_return=821.495
global_step=608755, episode=2451, episodic_return=966.083
global_step=609119, episode=2452, episodic_return=1211.835
global_step=609396, episode=2453, episodic_return=884.425
global_step=609694, episode=2454, episodic_return=955.311
global_step=610180, episode=2455, episodic_return=1635.014
global_step=610487, episode=2456, episodic_return=1010.893
global_step=610778, episode=2457, episodic_return=928.538
global_step=611038, episode=2458, episodic_return=849.906
global_step=611395, episode=2459, episodic_return=1165.087
global_step=611700, episode=2460, episodic_return=976.464
global_step=612136, episode=2461, episodic_return=1425.201
global_step=612433, episode=2462, episodic_return=964.564
global_step=612719, episode=2463, episodic_return=937.294
global_step=613052, episode=2464, episodic_return=1078.761
global_step=613539, episode=2465, episodic_return=1648.327
global_step=613889, episode=2466, episodic_return=1199.672
global_step=614157, episode=2467, episodic_return=898.874
global_step=614590, episode=2468, episodic_return=1399.983
global_step=614860, episode=2469, episodic_return=860.177
global_step=615097, episode=2470, episodic_return=758.082
global_step=615604, episode=2471, episodic_return=1719.884
global_step=615860, episode=2472, episodic_return=828.758
global_step=616109, episode=2473, episodic_return=792.479
global_step=616416, episode=2474, episodic_return=977.241
global_step=616701, episode=2475, episodic_return=934.827
global_step=616951, episode=2476, episodic_return=843.248
global_step=617226, episode=2477, episodic_return=900.289
global_step=617482, episode=2478, episodic_return=800.107
global_step=617721, episode=2479, episodic_return=750.745
global_step=617999, episode=2480, episodic_return=882.236
global_step=618410, episode=2481, episodic_return=1342.904
global_step=619199, episode=2482, episodic_return=2641.127
global_step=619511, episode=2483, episodic_return=1007.221
global_step=619798, episode=2484, episodic_return=966.478
global_step=620070, episode=2485, episodic_return=895.522
global_step=620363, episode=2486, episodic_return=955.077
global_step=620658, episode=2487, episodic_return=955.791
global_step=620946, episode=2488, episodic_return=944.153
global_step=621260, episode=2489, episodic_return=999.255
global_step=621520, episode=2490, episodic_return=867.901
global_step=621775, episode=2491, episodic_return=824.672
global_step=622033, episode=2492, episodic_return=855.158
global_step=622779, episode=2493, episodic_return=2514.341
global_step=623058, episode=2494, episodic_return=914.010
global_step=623328, episode=2495, episodic_return=876.380
global_step=623616, episode=2496, episodic_return=941.934
global_step=623911, episode=2497, episodic_return=967.921
global_step=624170, episode=2498, episodic_return=864.460
global_step=624458, episode=2499, episodic_return=951.431
global_step=624725, episode=2500, episodic_return=914.334
global_step=625093, episode=2501, episodic_return=1237.533
global_step=625340, episode=2502, episodic_return=803.203
global_step=625621, episode=2503, episodic_return=950.301
global_step=625883, episode=2504, episodic_return=874.449
global_step=626168, episode=2505, episodic_return=968.443
global_step=626445, episode=2506, episodic_return=931.204
global_step=626727, episode=2507, episodic_return=957.461
global_step=626994, episode=2508, episodic_return=892.731
global_step=627278, episode=2509, episodic_return=966.524
global_step=627551, episode=2510, episodic_return=920.149
global_step=627797, episode=2511, episodic_return=818.583
global_step=628116, episode=2512, episodic_return=1101.810
global_step=628410, episode=2513, episodic_return=980.822
global_step=628674, episode=2514, episodic_return=883.616
global_step=628958, episode=2515, episodic_return=931.133
global_step=629244, episode=2516, episodic_return=965.034
global_step=629484, episode=2517, episodic_return=798.863
global_step=629725, episode=2518, episodic_return=799.147
global_step=630021, episode=2519, episodic_return=987.715
global_step=630313, episode=2520, episodic_return=973.468
global_step=630652, episode=2521, episodic_return=1147.668
global_step=630896, episode=2522, episodic_return=796.875
global_step=631161, episode=2523, episodic_return=878.784
global_step=631409, episode=2524, episodic_return=817.137
global_step=631714, episode=2525, episodic_return=1039.000
global_step=632007, episode=2526, episodic_return=980.303
global_step=632295, episode=2527, episodic_return=954.580
global_step=632575, episode=2528, episodic_return=931.464
global_step=632861, episode=2529, episodic_return=949.349
global_step=633121, episode=2530, episodic_return=863.700
global_step=633408, episode=2531, episodic_return=974.655
global_step=633654, episode=2532, episodic_return=817.975
global_step=633947, episode=2533, episodic_return=977.403
global_step=634235, episode=2534, episodic_return=980.906
global_step=634533, episode=2535, episodic_return=1005.139
global_step=634944, episode=2536, episodic_return=1419.561
global_step=635200, episode=2537, episodic_return=865.069
global_step=635504, episode=2538, episodic_return=1020.361
global_step=635842, episode=2539, episodic_return=1150.006
global_step=636240, episode=2540, episodic_return=1368.471
global_step=636526, episode=2541, episodic_return=972.871
global_step=636919, episode=2542, episodic_return=1336.590
global_step=637227, episode=2543, episodic_return=991.207
global_step=637505, episode=2544, episodic_return=935.607
global_step=637816, episode=2545, episodic_return=1052.300
global_step=638111, episode=2546, episodic_return=965.177
global_step=638404, episode=2547, episodic_return=987.180
global_step=638701, episode=2548, episodic_return=989.893
global_step=638984, episode=2549, episodic_return=960.854
global_step=639308, episode=2550, episodic_return=1085.661
global_step=640309, episode=2551, episodic_return=3287.546
global_step=640593, episode=2552, episodic_return=930.122
global_step=640898, episode=2553, episodic_return=1008.687
global_step=641183, episode=2554, episodic_return=952.968
global_step=641473, episode=2555, episodic_return=955.960
global_step=642127, episode=2556, episodic_return=2205.280
global_step=642475, episode=2557, episodic_return=1185.092
global_step=642770, episode=2558, episodic_return=986.777
global_step=643227, episode=2559, episodic_return=1529.351
global_step=643502, episode=2560, episodic_return=937.470
global_step=644034, episode=2561, episodic_return=1785.186
global_step=644430, episode=2562, episodic_return=1365.215
global_step=644839, episode=2563, episodic_return=1417.666
global_step=645274, episode=2564, episodic_return=1476.381
global_step=645552, episode=2565, episodic_return=938.879
global_step=645839, episode=2566, episodic_return=962.664
global_step=646138, episode=2567, episodic_return=1020.327
global_step=646409, episode=2568, episodic_return=921.550
global_step=646695, episode=2569, episodic_return=988.197
global_step=646989, episode=2570, episodic_return=991.441
global_step=647275, episode=2571, episodic_return=979.810
global_step=647565, episode=2572, episodic_return=994.159
global_step=647842, episode=2573, episodic_return=953.413
global_step=648233, episode=2574, episodic_return=1331.874
global_step=648481, episode=2575, episodic_return=824.116
global_step=648768, episode=2576, episodic_return=965.444
global_step=649060, episode=2577, episodic_return=970.045
global_step=649313, episode=2578, episodic_return=819.721
global_step=649572, episode=2579, episodic_return=876.066
global_step=649839, episode=2580, episodic_return=873.254
global_step=650313, episode=2581, episodic_return=1604.737
global_step=650600, episode=2582, episodic_return=982.879
global_step=650952, episode=2583, episodic_return=1198.008
global_step=651316, episode=2584, episodic_return=1275.137
global_step=651623, episode=2585, episodic_return=1042.692
global_step=651914, episode=2586, episodic_return=983.446
global_step=652193, episode=2587, episodic_return=942.065
global_step=652499, episode=2588, episodic_return=1020.663
global_step=652714, episode=2589, episodic_return=697.689
global_step=652968, episode=2590, episodic_return=851.848
global_step=653266, episode=2591, episodic_return=1012.523
global_step=653513, episode=2592, episodic_return=816.711
global_step=653776, episode=2593, episodic_return=894.860
global_step=654223, episode=2594, episodic_return=1500.583
global_step=654473, episode=2595, episodic_return=855.216
global_step=654727, episode=2596, episodic_return=847.374
global_step=655044, episode=2597, episodic_return=1079.483
global_step=655393, episode=2598, episodic_return=1208.055
global_step=655726, episode=2599, episodic_return=1142.656
global_step=656003, episode=2600, episodic_return=932.092
global_step=656429, episode=2601, episodic_return=1440.503
global_step=656722, episode=2602, episodic_return=1002.406
global_step=657140, episode=2603, episodic_return=1432.098
global_step=657624, episode=2604, episodic_return=1675.484
global_step=657927, episode=2605, episodic_return=1020.982
global_step=658230, episode=2606, episodic_return=1002.875
global_step=658656, episode=2607, episodic_return=1417.762
global_step=658933, episode=2608, episodic_return=933.010
global_step=659454, episode=2609, episodic_return=1744.878
global_step=659716, episode=2610, episodic_return=871.465
global_step=660409, episode=2611, episodic_return=2331.957
global_step=660734, episode=2612, episodic_return=1091.357
global_step=661735, episode=2613, episodic_return=3334.925
global_step=661987, episode=2614, episodic_return=826.870
global_step=662251, episode=2615, episodic_return=860.549
global_step=662548, episode=2616, episodic_return=977.496
global_step=662891, episode=2617, episodic_return=1176.753
global_step=663246, episode=2618, episodic_return=1204.348
global_step=663603, episode=2619, episodic_return=1189.808
global_step=664049, episode=2620, episodic_return=1475.343
global_step=664404, episode=2621, episodic_return=1187.271
global_step=664690, episode=2622, episodic_return=953.506
global_step=665085, episode=2623, episodic_return=1356.757
global_step=665386, episode=2624, episodic_return=985.468
global_step=665696, episode=2625, episodic_return=1036.845
global_step=665905, episode=2626, episodic_return=673.489
global_step=666196, episode=2627, episodic_return=983.966
global_step=666481, episode=2628, episodic_return=945.355
global_step=666768, episode=2629, episodic_return=964.332
global_step=667035, episode=2630, episodic_return=908.540
global_step=667123, episode=2631, episodic_return=185.451
global_step=667299, episode=2632, episodic_return=600.377
global_step=667496, episode=2633, episodic_return=637.032
global_step=667787, episode=2634, episodic_return=993.285
global_step=668110, episode=2635, episodic_return=1062.704
global_step=668436, episode=2636, episodic_return=1125.265
global_step=668815, episode=2637, episodic_return=1286.821
global_step=669176, episode=2638, episodic_return=1240.095
global_step=669465, episode=2639, episodic_return=979.258
global_step=669714, episode=2640, episodic_return=849.673
global_step=670010, episode=2641, episodic_return=1020.782
global_step=670265, episode=2642, episodic_return=871.416
global_step=670571, episode=2643, episodic_return=1062.619
global_step=670837, episode=2644, episodic_return=917.088
global_step=671123, episode=2645, episodic_return=990.716
global_step=671559, episode=2646, episodic_return=1478.262
global_step=671808, episode=2647, episodic_return=851.220
global_step=672043, episode=2648, episodic_return=798.003
global_step=672436, episode=2649, episodic_return=1339.594
global_step=672717, episode=2650, episodic_return=946.849
global_step=672979, episode=2651, episodic_return=868.168
global_step=673261, episode=2652, episodic_return=938.337
global_step=673546, episode=2653, episodic_return=994.620
global_step=673834, episode=2654, episodic_return=978.890
global_step=674106, episode=2655, episodic_return=927.834
global_step=674370, episode=2656, episodic_return=906.300
global_step=674723, episode=2657, episodic_return=1222.657
global_step=675003, episode=2658, episodic_return=952.520
global_step=675366, episode=2659, episodic_return=1241.485
global_step=675794, episode=2660, episodic_return=1463.184
global_step=676057, episode=2661, episodic_return=913.995
global_step=676358, episode=2662, episodic_return=1008.598
global_step=676639, episode=2663, episodic_return=956.879
global_step=676926, episode=2664, episodic_return=976.804
global_step=677201, episode=2665, episodic_return=917.965
global_step=677562, episode=2666, episodic_return=1197.807
global_step=677845, episode=2667, episodic_return=941.537
global_step=678106, episode=2668, episodic_return=877.996
global_step=678400, episode=2669, episodic_return=990.933
global_step=678724, episode=2670, episodic_return=1129.277
global_step=679194, episode=2671, episodic_return=1607.452
global_step=679480, episode=2672, episodic_return=952.341
global_step=679778, episode=2673, episodic_return=983.557
global_step=680078, episode=2674, episodic_return=1014.195
global_step=680386, episode=2675, episodic_return=999.957
global_step=680693, episode=2676, episodic_return=992.648
global_step=680973, episode=2677, episodic_return=955.379
global_step=681276, episode=2678, episodic_return=990.478
global_step=681575, episode=2679, episodic_return=995.505
global_step=681920, episode=2680, episodic_return=1203.082
global_step=682218, episode=2681, episodic_return=1019.581
global_step=682491, episode=2682, episodic_return=938.916
global_step=682858, episode=2683, episodic_return=1257.626
global_step=683499, episode=2684, episodic_return=2207.180
global_step=683852, episode=2685, episodic_return=1192.599
global_step=684120, episode=2686, episodic_return=918.828
global_step=684457, episode=2687, episodic_return=1167.031
global_step=684748, episode=2688, episodic_return=980.992
global_step=685061, episode=2689, episodic_return=1049.528
global_step=685371, episode=2690, episodic_return=1043.134
global_step=685664, episode=2691, episodic_return=1024.763
global_step=686046, episode=2692, episodic_return=1343.486
global_step=686465, episode=2693, episodic_return=1477.791
global_step=686823, episode=2694, episodic_return=1231.648
global_step=687105, episode=2695, episodic_return=978.630
global_step=687416, episode=2696, episodic_return=1088.367
global_step=687730, episode=2697, episodic_return=1032.322
global_step=688030, episode=2698, episodic_return=1012.109
global_step=688411, episode=2699, episodic_return=1256.144
global_step=688722, episode=2700, episodic_return=1010.840
global_step=689042, episode=2701, episodic_return=1117.169
global_step=689480, episode=2702, episodic_return=1507.405
global_step=689767, episode=2703, episodic_return=959.853
global_step=690048, episode=2704, episodic_return=943.256
global_step=690327, episode=2705, episodic_return=962.630
global_step=690606, episode=2706, episodic_return=941.948
global_step=690899, episode=2707, episodic_return=981.767
global_step=691158, episode=2708, episodic_return=879.407
global_step=691466, episode=2709, episodic_return=1051.656
global_step=691794, episode=2710, episodic_return=1119.032
global_step=692060, episode=2711, episodic_return=903.081
global_step=692492, episode=2712, episodic_return=1501.585
global_step=692794, episode=2713, episodic_return=1038.856
global_step=693095, episode=2714, episodic_return=1026.382
global_step=693385, episode=2715, episodic_return=974.021
global_step=693727, episode=2716, episodic_return=1176.713
global_step=693999, episode=2717, episodic_return=938.963
global_step=694266, episode=2718, episodic_return=910.759
global_step=694554, episode=2719, episodic_return=988.941
global_step=694860, episode=2720, episodic_return=1049.923
global_step=695126, episode=2721, episodic_return=889.418
global_step=695387, episode=2722, episodic_return=887.378
global_step=695670, episode=2723, episodic_return=943.606
global_step=696070, episode=2724, episodic_return=1378.345
global_step=696329, episode=2725, episodic_return=875.472
global_step=696740, episode=2726, episodic_return=1417.070
global_step=697024, episode=2727, episodic_return=974.264
global_step=697734, episode=2728, episodic_return=2365.526
global_step=698159, episode=2729, episodic_return=1443.849
global_step=698539, episode=2730, episodic_return=1302.335
global_step=698986, episode=2731, episodic_return=1514.340
global_step=699323, episode=2732, episodic_return=1111.758
global_step=699648, episode=2733, episodic_return=1102.444
global_step=699985, episode=2734, episodic_return=1169.908
global_step=700255, episode=2735, episodic_return=910.890
global_step=700432, episode=2736, episodic_return=471.803
global_step=701144, episode=2737, episodic_return=2294.605
global_step=701431, episode=2738, episodic_return=982.864
global_step=701846, episode=2739, episodic_return=1427.613
global_step=702126, episode=2740, episodic_return=971.557
global_step=702409, episode=2741, episodic_return=958.290
global_step=702682, episode=2742, episodic_return=938.468
global_step=703071, episode=2743, episodic_return=1340.490
global_step=703630, episode=2744, episodic_return=1912.868
global_step=703929, episode=2745, episodic_return=956.790
global_step=704190, episode=2746, episodic_return=899.960
global_step=704480, episode=2747, episodic_return=993.607
global_step=704735, episode=2748, episodic_return=874.414
global_step=705037, episode=2749, episodic_return=1030.051
global_step=705315, episode=2750, episodic_return=942.778
global_step=705600, episode=2751, episodic_return=969.241
global_step=705870, episode=2752, episodic_return=908.778
global_step=706203, episode=2753, episodic_return=1148.251
global_step=706498, episode=2754, episodic_return=988.414
global_step=706760, episode=2755, episodic_return=886.918
global_step=707022, episode=2756, episodic_return=889.926
global_step=707290, episode=2757, episodic_return=916.638
global_step=707557, episode=2758, episodic_return=920.327
global_step=708066, episode=2759, episodic_return=1745.029
global_step=708433, episode=2760, episodic_return=1241.565
global_step=708685, episode=2761, episodic_return=866.862
global_step=708943, episode=2762, episodic_return=865.320
global_step=709233, episode=2763, episodic_return=986.386
global_step=709493, episode=2764, episodic_return=900.798
global_step=709787, episode=2765, episodic_return=988.598
global_step=710087, episode=2766, episodic_return=1001.796
global_step=710368, episode=2767, episodic_return=934.910
global_step=710658, episode=2768, episodic_return=966.232
global_step=710970, episode=2769, episodic_return=1074.002
global_step=711234, episode=2770, episodic_return=887.154
global_step=711559, episode=2771, episodic_return=1149.435
global_step=711842, episode=2772, episodic_return=948.180
global_step=712117, episode=2773, episodic_return=916.310
global_step=712515, episode=2774, episodic_return=1354.898
global_step=712805, episode=2775, episodic_return=969.921
global_step=713175, episode=2776, episodic_return=1241.839
global_step=713649, episode=2777, episodic_return=1644.369
global_step=713947, episode=2778, episodic_return=1010.657
global_step=714225, episode=2779, episodic_return=947.940
global_step=714503, episode=2780, episodic_return=950.871
global_step=714791, episode=2781, episodic_return=952.861
global_step=715069, episode=2782, episodic_return=929.243
global_step=715669, episode=2783, episodic_return=2040.969
global_step=716047, episode=2784, episodic_return=1246.668
global_step=716535, episode=2785, episodic_return=1656.940
global_step=716803, episode=2786, episodic_return=889.603
global_step=717091, episode=2787, episodic_return=954.378
global_step=717423, episode=2788, episodic_return=1137.453
global_step=717788, episode=2789, episodic_return=1212.965
global_step=718079, episode=2790, episodic_return=980.412
global_step=718362, episode=2791, episodic_return=952.839
global_step=718688, episode=2792, episodic_return=1079.252
global_step=719316, episode=2793, episodic_return=2122.052
global_step=720302, episode=2794, episodic_return=3341.611
    -> Best video saved: videos/Hopper-v4_sac_10484947/best_step-720302_episode-2794.mp4
    -> New best: episodic_return=3341.611
global_step=720797, episode=2795, episodic_return=1664.984
global_step=721142, episode=2796, episodic_return=1178.341
global_step=721453, episode=2797, episodic_return=1029.648
global_step=721794, episode=2798, episodic_return=1185.785
global_step=722090, episode=2799, episodic_return=994.161
global_step=722447, episode=2800, episodic_return=1196.850
global_step=722755, episode=2801, episodic_return=995.781
global_step=723220, episode=2802, episodic_return=1543.550
global_step=723524, episode=2803, episodic_return=998.521
global_step=723835, episode=2804, episodic_return=1037.786
global_step=724136, episode=2805, episodic_return=1012.761
global_step=724393, episode=2806, episodic_return=871.194
global_step=724698, episode=2807, episodic_return=995.084
global_step=725040, episode=2808, episodic_return=1168.885
global_step=725346, episode=2809, episodic_return=992.050
global_step=725643, episode=2810, episodic_return=996.543
global_step=726073, episode=2811, episodic_return=1463.088
global_step=726352, episode=2812, episodic_return=976.014
global_step=726667, episode=2813, episodic_return=1019.713
global_step=726963, episode=2814, episodic_return=994.142
global_step=727265, episode=2815, episodic_return=1007.014
global_step=727884, episode=2816, episodic_return=2051.068
global_step=728476, episode=2817, episodic_return=2006.576
global_step=728744, episode=2818, episodic_return=917.445
global_step=729032, episode=2819, episodic_return=959.352
global_step=729315, episode=2820, episodic_return=976.536
global_step=729609, episode=2821, episodic_return=1002.530
global_step=729895, episode=2822, episodic_return=973.633
global_step=730546, episode=2823, episodic_return=2226.419
global_step=730884, episode=2824, episodic_return=1162.941
global_step=731216, episode=2825, episodic_return=1156.305
global_step=731548, episode=2826, episodic_return=1131.701
global_step=732405, episode=2827, episodic_return=2866.731
global_step=732684, episode=2828, episodic_return=937.135
global_step=732980, episode=2829, episodic_return=978.815
global_step=733269, episode=2830, episodic_return=973.100
global_step=733545, episode=2831, episodic_return=945.916
global_step=733827, episode=2832, episodic_return=964.481
global_step=734100, episode=2833, episodic_return=936.321
global_step=734381, episode=2834, episodic_return=965.586
global_step=734659, episode=2835, episodic_return=970.214
global_step=734908, episode=2836, episodic_return=850.659
global_step=735205, episode=2837, episodic_return=1022.496
global_step=735499, episode=2838, episodic_return=983.698
global_step=735762, episode=2839, episodic_return=912.893
global_step=736144, episode=2840, episodic_return=1294.970
global_step=736648, episode=2841, episodic_return=1682.154
global_step=737058, episode=2842, episodic_return=1419.017
global_step=737381, episode=2843, episodic_return=1086.055
global_step=737669, episode=2844, episodic_return=984.663
global_step=738540, episode=2845, episodic_return=2928.123
global_step=739009, episode=2846, episodic_return=1584.552
global_step=739367, episode=2847, episodic_return=1235.033
global_step=739869, episode=2848, episodic_return=1698.523
global_step=740332, episode=2849, episodic_return=1580.383
global_step=740676, episode=2850, episodic_return=1190.688
global_step=741309, episode=2851, episodic_return=2143.537
global_step=741764, episode=2852, episodic_return=1532.758
global_step=742757, episode=2853, episodic_return=3352.094
    -> Best video saved: videos/Hopper-v4_sac_10484947/best_step-742757_episode-2853.mp4
    -> New best: episodic_return=3352.094
global_step=743095, episode=2854, episodic_return=1155.758
global_step=743489, episode=2855, episodic_return=1348.013
global_step=743769, episode=2856, episodic_return=961.862
global_step=744046, episode=2857, episodic_return=955.010
global_step=744372, episode=2858, episodic_return=1110.214
global_step=744699, episode=2859, episodic_return=1132.400
global_step=744967, episode=2860, episodic_return=905.465
global_step=745266, episode=2861, episodic_return=1022.370
global_step=745755, episode=2862, episodic_return=1664.453
global_step=746212, episode=2863, episodic_return=1532.237
global_step=746569, episode=2864, episodic_return=1168.457
global_step=746938, episode=2865, episodic_return=1266.246
global_step=747680, episode=2866, episodic_return=2499.143
global_step=747978, episode=2867, episodic_return=981.510
global_step=748262, episode=2868, episodic_return=956.925
global_step=748559, episode=2869, episodic_return=1026.825
global_step=748838, episode=2870, episodic_return=955.900
global_step=749152, episode=2871, episodic_return=1098.500
global_step=749527, episode=2872, episodic_return=1326.862
global_step=749802, episode=2873, episodic_return=948.841
global_step=750079, episode=2874, episodic_return=950.760
global_step=750313, episode=2875, episodic_return=792.870
global_step=750553, episode=2876, episodic_return=830.126
global_step=750800, episode=2877, episodic_return=852.507
global_step=751068, episode=2878, episodic_return=920.013
global_step=751327, episode=2879, episodic_return=897.047
global_step=751740, episode=2880, episodic_return=1434.304
global_step=751959, episode=2881, episodic_return=731.106
global_step=752181, episode=2882, episodic_return=731.452
global_step=752458, episode=2883, episodic_return=953.857
global_step=752739, episode=2884, episodic_return=963.711
global_step=753011, episode=2885, episodic_return=931.662
global_step=753192, episode=2886, episodic_return=563.048
global_step=753799, episode=2887, episodic_return=2005.645
global_step=754158, episode=2888, episodic_return=1207.468
global_step=754425, episode=2889, episodic_return=912.528
global_step=754696, episode=2890, episodic_return=914.853
global_step=754966, episode=2891, episodic_return=837.839
global_step=755053, episode=2892, episodic_return=179.237
global_step=755430, episode=2893, episodic_return=1267.725
global_step=756185, episode=2894, episodic_return=2531.806
global_step=756387, episode=2895, episodic_return=649.628
global_step=756425, episode=2896, episodic_return=54.508
global_step=756687, episode=2897, episodic_return=866.670
global_step=757688, episode=2898, episodic_return=3209.403
global_step=758208, episode=2899, episodic_return=1699.687
global_step=758585, episode=2900, episodic_return=997.424
global_step=758851, episode=2901, episodic_return=517.582
global_step=759707, episode=2902, episodic_return=2273.823
global_step=760118, episode=2903, episodic_return=955.817
global_step=760373, episode=2904, episodic_return=406.223
global_step=760814, episode=2905, episodic_return=1183.788
global_step=761075, episode=2906, episodic_return=407.500
global_step=761565, episode=2907, episodic_return=1391.903
global_step=762145, episode=2908, episodic_return=1549.153
global_step=762742, episode=2909, episodic_return=1956.531
global_step=762990, episode=2910, episodic_return=597.549
global_step=763351, episode=2911, episodic_return=609.790
global_step=763408, episode=2912, episodic_return=81.686
global_step=763806, episode=2913, episodic_return=1371.826
global_step=764807, episode=2914, episodic_return=2890.787
global_step=765264, episode=2915, episodic_return=1547.700
global_step=765554, episode=2916, episodic_return=1001.706
global_step=765895, episode=2917, episodic_return=1155.779
global_step=766206, episode=2918, episodic_return=1045.500
global_step=766299, episode=2919, episodic_return=192.678
global_step=766388, episode=2920, episodic_return=175.800
global_step=766507, episode=2921, episodic_return=249.846
global_step=766788, episode=2922, episodic_return=974.180
global_step=767067, episode=2923, episodic_return=954.107
global_step=767348, episode=2924, episodic_return=987.583
global_step=767617, episode=2925, episodic_return=917.045
global_step=768224, episode=2926, episodic_return=1929.660
global_step=768994, episode=2927, episodic_return=2620.338
global_step=769592, episode=2928, episodic_return=1926.823
global_step=769903, episode=2929, episodic_return=1054.846
global_step=770084, episode=2930, episodic_return=480.884
global_step=770401, episode=2931, episodic_return=1047.312
global_step=771000, episode=2932, episodic_return=1985.595
global_step=771296, episode=2933, episodic_return=974.769
global_step=771566, episode=2934, episodic_return=923.725
global_step=771888, episode=2935, episodic_return=1030.400
global_step=772236, episode=2936, episodic_return=1164.798
global_step=772459, episode=2937, episodic_return=554.507
global_step=772633, episode=2938, episodic_return=459.714
global_step=772921, episode=2939, episodic_return=927.187
global_step=773221, episode=2940, episodic_return=1021.752
global_step=774222, episode=2941, episodic_return=3271.398
global_step=775223, episode=2942, episodic_return=3252.992
global_step=775371, episode=2943, episodic_return=306.748
global_step=776143, episode=2944, episodic_return=2540.671
global_step=776478, episode=2945, episodic_return=1155.744
global_step=776816, episode=2946, episodic_return=374.647
global_step=777201, episode=2947, episodic_return=1386.064
global_step=777502, episode=2948, episodic_return=335.592
global_step=777797, episode=2949, episodic_return=422.448
global_step=778223, episode=2950, episodic_return=462.468
global_step=778623, episode=2951, episodic_return=523.988
global_step=778885, episode=2952, episodic_return=341.745
global_step=779886, episode=2953, episodic_return=997.672
global_step=780887, episode=2954, episodic_return=1003.498
global_step=780957, episode=2955, episodic_return=87.474
global_step=781022, episode=2956, episodic_return=94.405
global_step=781094, episode=2957, episodic_return=107.806
global_step=781164, episode=2958, episodic_return=106.617
global_step=781228, episode=2959, episodic_return=94.150
global_step=781298, episode=2960, episodic_return=101.983
global_step=781371, episode=2961, episodic_return=115.146
global_step=781438, episode=2962, episodic_return=103.339
global_step=781512, episode=2963, episodic_return=117.513
global_step=781590, episode=2964, episodic_return=124.682
global_step=781663, episode=2965, episodic_return=114.177
global_step=781734, episode=2966, episodic_return=105.312
global_step=781801, episode=2967, episodic_return=99.207
global_step=781868, episode=2968, episodic_return=98.452
global_step=781953, episode=2969, episodic_return=139.668
global_step=782119, episode=2970, episodic_return=341.752
global_step=782194, episode=2971, episodic_return=99.286
global_step=782281, episode=2972, episodic_return=148.821
global_step=782425, episode=2973, episodic_return=311.333
global_step=782530, episode=2974, episodic_return=196.374
global_step=782625, episode=2975, episodic_return=163.410
global_step=782725, episode=2976, episodic_return=173.040
global_step=782812, episode=2977, episodic_return=142.374
global_step=782898, episode=2978, episodic_return=136.225
global_step=782986, episode=2979, episodic_return=133.693
global_step=783184, episode=2980, episodic_return=530.944
global_step=783262, episode=2981, episodic_return=118.801
global_step=783487, episode=2982, episodic_return=630.372
global_step=783704, episode=2983, episodic_return=599.404
global_step=784039, episode=2984, episodic_return=1075.377
global_step=784338, episode=2985, episodic_return=961.764
global_step=784473, episode=2986, episodic_return=273.643
global_step=784794, episode=2987, episodic_return=1008.631
global_step=784985, episode=2988, episodic_return=515.013
global_step=785127, episode=2989, episodic_return=280.185
global_step=785406, episode=2990, episodic_return=736.280
global_step=785615, episode=2991, episodic_return=564.369
global_step=785925, episode=2992, episodic_return=854.376
global_step=786099, episode=2993, episodic_return=396.721
global_step=786249, episode=2994, episodic_return=301.523
global_step=786591, episode=2995, episodic_return=1060.966
global_step=786811, episode=2996, episodic_return=405.877
global_step=786964, episode=2997, episodic_return=227.795
global_step=787132, episode=2998, episodic_return=339.950
global_step=787293, episode=2999, episodic_return=236.661
global_step=787594, episode=3000, episodic_return=560.371
    -> Train video saved: videos/Hopper-v4_sac_10484947/train_step-787594_episode-3000.mp4
global_step=787789, episode=3001, episodic_return=326.052
global_step=787961, episode=3002, episodic_return=304.851
global_step=788142, episode=3003, episodic_return=255.955
global_step=788358, episode=3004, episodic_return=336.610
global_step=788747, episode=3005, episodic_return=1023.266
global_step=789027, episode=3006, episodic_return=489.967
global_step=789220, episode=3007, episodic_return=272.289
global_step=789414, episode=3008, episodic_return=283.302
global_step=789684, episode=3009, episodic_return=382.090
global_step=790006, episode=3010, episodic_return=434.659
global_step=790558, episode=3011, episodic_return=1218.009
global_step=791559, episode=3012, episodic_return=1024.086
global_step=791833, episode=3013, episodic_return=888.976
global_step=792024, episode=3014, episodic_return=333.812
global_step=792291, episode=3015, episodic_return=905.434
global_step=792547, episode=3016, episodic_return=857.511
global_step=793014, episode=3017, episodic_return=1586.640
global_step=793304, episode=3018, episodic_return=1011.251
global_step=793598, episode=3019, episodic_return=991.646
global_step=793863, episode=3020, episodic_return=887.309
global_step=794146, episode=3021, episodic_return=996.729
global_step=794400, episode=3022, episodic_return=842.368
global_step=794672, episode=3023, episodic_return=947.985
global_step=794899, episode=3024, episodic_return=752.840
global_step=795179, episode=3025, episodic_return=983.792
global_step=795397, episode=3026, episodic_return=715.468
global_step=795595, episode=3027, episodic_return=649.300
global_step=795857, episode=3028, episodic_return=902.481
global_step=796098, episode=3029, episodic_return=812.304
global_step=796379, episode=3030, episodic_return=962.471
global_step=796677, episode=3031, episodic_return=1021.898
global_step=796946, episode=3032, episodic_return=900.154
global_step=797231, episode=3033, episodic_return=998.026
global_step=797531, episode=3034, episodic_return=1031.292
global_step=797788, episode=3035, episodic_return=824.479
global_step=798048, episode=3036, episodic_return=883.803
global_step=798303, episode=3037, episodic_return=862.544
global_step=798570, episode=3038, episodic_return=925.503
global_step=798840, episode=3039, episodic_return=939.490
global_step=799101, episode=3040, episodic_return=894.842
global_step=799381, episode=3041, episodic_return=982.323
global_step=799681, episode=3042, episodic_return=1003.944
global_step=800302, episode=3043, episodic_return=2077.172
global_step=800573, episode=3044, episodic_return=912.863
global_step=800933, episode=3045, episodic_return=1215.079
global_step=801259, episode=3046, episodic_return=1114.945
global_step=801547, episode=3047, episodic_return=979.215
global_step=801815, episode=3048, episodic_return=908.754
global_step=802310, episode=3049, episodic_return=1698.961
global_step=802572, episode=3050, episodic_return=890.040
global_step=802874, episode=3051, episodic_return=1055.353
global_step=803234, episode=3052, episodic_return=1212.268
global_step=803665, episode=3053, episodic_return=1479.458
global_step=804004, episode=3054, episodic_return=1132.512
global_step=804286, episode=3055, episodic_return=953.446
global_step=804573, episode=3056, episodic_return=968.710
global_step=804849, episode=3057, episodic_return=933.012
global_step=805117, episode=3058, episodic_return=901.877
global_step=805386, episode=3059, episodic_return=920.892
global_step=805754, episode=3060, episodic_return=1226.345
global_step=806127, episode=3061, episodic_return=1275.191
global_step=806383, episode=3062, episodic_return=868.748
global_step=806751, episode=3063, episodic_return=1236.236
global_step=807191, episode=3064, episodic_return=1487.080
global_step=807492, episode=3065, episodic_return=1004.082
global_step=808010, episode=3066, episodic_return=1766.548
global_step=808368, episode=3067, episodic_return=1210.075
global_step=808991, episode=3068, episodic_return=2097.645
global_step=809429, episode=3069, episodic_return=1462.994
global_step=810137, episode=3070, episodic_return=2387.394
global_step=810677, episode=3071, episodic_return=1835.015
global_step=811155, episode=3072, episodic_return=1599.757
global_step=811610, episode=3073, episodic_return=1514.485
global_step=811982, episode=3074, episodic_return=1264.842
global_step=812257, episode=3075, episodic_return=945.095
global_step=812556, episode=3076, episodic_return=999.491
global_step=812843, episode=3077, episodic_return=968.135
global_step=813142, episode=3078, episodic_return=1028.554
global_step=813419, episode=3079, episodic_return=933.295
global_step=813767, episode=3080, episodic_return=1183.565
global_step=814097, episode=3081, episodic_return=1118.943
global_step=814430, episode=3082, episodic_return=1111.730
global_step=814691, episode=3083, episodic_return=873.860
global_step=815287, episode=3084, episodic_return=2059.273
global_step=815573, episode=3085, episodic_return=951.662
global_step=816005, episode=3086, episodic_return=1469.217
global_step=816269, episode=3087, episodic_return=899.750
global_step=816546, episode=3088, episodic_return=945.646
global_step=816764, episode=3089, episodic_return=640.739
global_step=817053, episode=3090, episodic_return=987.800
global_step=817338, episode=3091, episodic_return=978.430
global_step=817590, episode=3092, episodic_return=854.772
global_step=817938, episode=3093, episodic_return=1189.693
global_step=818214, episode=3094, episodic_return=936.816
global_step=818485, episode=3095, episodic_return=932.497
global_step=818774, episode=3096, episodic_return=970.368
global_step=819159, episode=3097, episodic_return=1302.427
global_step=819553, episode=3098, episodic_return=1365.059
global_step=819844, episode=3099, episodic_return=990.061
global_step=820285, episode=3100, episodic_return=1484.777
global_step=821047, episode=3101, episodic_return=2495.051
global_step=821299, episode=3102, episodic_return=822.107
global_step=821551, episode=3103, episodic_return=855.522
global_step=821905, episode=3104, episodic_return=1192.114
global_step=822443, episode=3105, episodic_return=1850.081
global_step=822808, episode=3106, episodic_return=1225.414
global_step=823145, episode=3107, episodic_return=1145.013
global_step=823391, episode=3108, episodic_return=823.289
global_step=823687, episode=3109, episodic_return=1004.447
global_step=824044, episode=3110, episodic_return=1190.823
global_step=824338, episode=3111, episodic_return=1006.789
global_step=824619, episode=3112, episodic_return=944.496
global_step=824891, episode=3113, episodic_return=952.047
global_step=825129, episode=3114, episodic_return=790.549
global_step=825387, episode=3115, episodic_return=872.471
global_step=825631, episode=3116, episodic_return=820.171
global_step=825915, episode=3117, episodic_return=975.270
global_step=826172, episode=3118, episodic_return=851.919
global_step=826409, episode=3119, episodic_return=768.119
global_step=826689, episode=3120, episodic_return=940.126
global_step=826950, episode=3121, episodic_return=887.233
global_step=827206, episode=3122, episodic_return=872.903
global_step=827445, episode=3123, episodic_return=796.207
global_step=827726, episode=3124, episodic_return=960.327
global_step=828044, episode=3125, episodic_return=1106.395
global_step=828322, episode=3126, episodic_return=964.127
global_step=828572, episode=3127, episodic_return=861.612
global_step=828835, episode=3128, episodic_return=903.373
global_step=829093, episode=3129, episodic_return=889.261
global_step=829367, episode=3130, episodic_return=943.638
global_step=829712, episode=3131, episodic_return=1153.391
global_step=829976, episode=3132, episodic_return=898.578
global_step=830228, episode=3133, episodic_return=861.997
global_step=830556, episode=3134, episodic_return=1140.232
global_step=830986, episode=3135, episodic_return=1473.935
global_step=831245, episode=3136, episodic_return=895.884
global_step=831610, episode=3137, episodic_return=1241.567
global_step=831893, episode=3138, episodic_return=974.474
global_step=832134, episode=3139, episodic_return=813.004
global_step=832417, episode=3140, episodic_return=965.178
global_step=832664, episode=3141, episodic_return=831.007
global_step=833444, episode=3142, episodic_return=2611.412
global_step=833698, episode=3143, episodic_return=862.677
global_step=834016, episode=3144, episodic_return=1114.503
global_step=834472, episode=3145, episodic_return=1559.793
global_step=834759, episode=3146, episodic_return=977.106
global_step=835289, episode=3147, episodic_return=1798.208
global_step=835582, episode=3148, episodic_return=979.065
global_step=835897, episode=3149, episodic_return=1052.365
global_step=836379, episode=3150, episodic_return=1588.781
global_step=837016, episode=3151, episodic_return=2147.148
global_step=837319, episode=3152, episodic_return=1048.622
global_step=837833, episode=3153, episodic_return=1792.244
global_step=838167, episode=3154, episodic_return=1131.893
global_step=838484, episode=3155, episodic_return=1120.142
global_step=838789, episode=3156, episodic_return=1029.676
global_step=839073, episode=3157, episodic_return=947.935
global_step=839698, episode=3158, episodic_return=2114.448
global_step=840085, episode=3159, episodic_return=1294.351
global_step=840390, episode=3160, episodic_return=1017.800
global_step=840690, episode=3161, episodic_return=1033.508
global_step=840988, episode=3162, episodic_return=1016.820
global_step=841340, episode=3163, episodic_return=1213.010
global_step=841667, episode=3164, episodic_return=1106.561
global_step=841959, episode=3165, episodic_return=1022.087
global_step=842257, episode=3166, episodic_return=1042.929
global_step=843258, episode=3167, episodic_return=3212.782
global_step=843734, episode=3168, episodic_return=1594.542
global_step=844092, episode=3169, episodic_return=1190.092
global_step=844393, episode=3170, episodic_return=987.584
global_step=844768, episode=3171, episodic_return=1232.058
global_step=845052, episode=3172, episodic_return=956.471
global_step=845645, episode=3173, episodic_return=1930.333
global_step=846103, episode=3174, episodic_return=1532.802
global_step=846612, episode=3175, episodic_return=1718.901
global_step=846883, episode=3176, episodic_return=906.401
global_step=847143, episode=3177, episodic_return=887.010
global_step=847436, episode=3178, episodic_return=1004.440
global_step=847686, episode=3179, episodic_return=846.436
global_step=847972, episode=3180, episodic_return=988.046
global_step=848213, episode=3181, episodic_return=809.908
global_step=848519, episode=3182, episodic_return=1073.887
global_step=848742, episode=3183, episodic_return=716.968
global_step=849076, episode=3184, episodic_return=1134.992
global_step=849323, episode=3185, episodic_return=842.304
global_step=849536, episode=3186, episodic_return=682.262
global_step=849838, episode=3187, episodic_return=1019.440
global_step=850078, episode=3188, episodic_return=803.463
global_step=850374, episode=3189, episodic_return=1000.292
global_step=850665, episode=3190, episodic_return=994.079
global_step=850929, episode=3191, episodic_return=888.622
global_step=851397, episode=3192, episodic_return=1609.857
global_step=851654, episode=3193, episodic_return=869.746
global_step=851919, episode=3194, episodic_return=904.331
global_step=852197, episode=3195, episodic_return=929.111
global_step=852629, episode=3196, episodic_return=1445.567
global_step=853312, episode=3197, episodic_return=2329.909
global_step=853618, episode=3198, episodic_return=1054.908
global_step=853910, episode=3199, episodic_return=980.531
global_step=854911, episode=3200, episodic_return=3228.030
global_step=855809, episode=3201, episodic_return=3070.451
global_step=856077, episode=3202, episodic_return=923.312
global_step=857078, episode=3203, episodic_return=3251.174
global_step=857625, episode=3204, episodic_return=1840.765
global_step=857914, episode=3205, episodic_return=1014.731
global_step=858219, episode=3206, episodic_return=1027.950
global_step=858910, episode=3207, episodic_return=2323.893
global_step=859193, episode=3208, episodic_return=967.698
global_step=859664, episode=3209, episodic_return=1550.544
global_step=860267, episode=3210, episodic_return=2043.204
global_step=861033, episode=3211, episodic_return=2563.230
global_step=861292, episode=3212, episodic_return=889.611
global_step=861581, episode=3213, episodic_return=1010.758
global_step=861848, episode=3214, episodic_return=904.484
global_step=862521, episode=3215, episodic_return=2248.006
global_step=862799, episode=3216, episodic_return=950.274
global_step=863103, episode=3217, episodic_return=1024.392
global_step=863688, episode=3218, episodic_return=1974.877
global_step=863972, episode=3219, episodic_return=978.150
global_step=864222, episode=3220, episodic_return=847.677
global_step=865223, episode=3221, episodic_return=3225.046
global_step=865864, episode=3222, episodic_return=2206.748
global_step=866865, episode=3223, episodic_return=3142.574
global_step=867130, episode=3224, episodic_return=918.897
global_step=867375, episode=3225, episodic_return=824.545
global_step=867710, episode=3226, episodic_return=1127.657
global_step=867956, episode=3227, episodic_return=833.705
global_step=868219, episode=3228, episodic_return=904.045
global_step=868494, episode=3229, episodic_return=918.002
global_step=868776, episode=3230, episodic_return=964.162
global_step=869148, episode=3231, episodic_return=1261.812
global_step=869675, episode=3232, episodic_return=1770.464
global_step=869970, episode=3233, episodic_return=1035.002
global_step=870245, episode=3234, episodic_return=944.394
global_step=870500, episode=3235, episodic_return=868.020
global_step=870770, episode=3236, episodic_return=915.669
global_step=871045, episode=3237, episodic_return=950.276
global_step=871394, episode=3238, episodic_return=1171.105
global_step=871699, episode=3239, episodic_return=1011.122
global_step=872048, episode=3240, episodic_return=1186.960
global_step=872982, episode=3241, episodic_return=3118.742
global_step=873288, episode=3242, episodic_return=1052.634
global_step=873862, episode=3243, episodic_return=1954.028
global_step=874627, episode=3244, episodic_return=2619.819
global_step=874934, episode=3245, episodic_return=1082.023
global_step=875277, episode=3246, episodic_return=1210.668
global_step=875564, episode=3247, episodic_return=959.408
global_step=875812, episode=3248, episodic_return=842.120
global_step=876057, episode=3249, episodic_return=834.334
global_step=876492, episode=3250, episodic_return=1483.140
global_step=876755, episode=3251, episodic_return=911.842
global_step=877029, episode=3252, episodic_return=941.116
global_step=877331, episode=3253, episodic_return=1080.601
global_step=877863, episode=3254, episodic_return=1804.157
global_step=878139, episode=3255, episodic_return=938.899
global_step=878410, episode=3256, episodic_return=942.123
global_step=878686, episode=3257, episodic_return=910.699
global_step=879115, episode=3258, episodic_return=1471.025
global_step=879499, episode=3259, episodic_return=1290.662
global_step=880500, episode=3260, episodic_return=3152.728
global_step=881440, episode=3261, episodic_return=2940.339
global_step=882074, episode=3262, episodic_return=2100.071
global_step=882559, episode=3263, episodic_return=1641.446
global_step=882965, episode=3264, episodic_return=1327.752
global_step=883463, episode=3265, episodic_return=1641.350
global_step=884464, episode=3266, episodic_return=3219.094
global_step=884809, episode=3267, episodic_return=1152.510
global_step=885157, episode=3268, episodic_return=1191.115
global_step=885680, episode=3269, episodic_return=1779.051
global_step=886043, episode=3270, episodic_return=1238.005
global_step=886365, episode=3271, episodic_return=1094.813
global_step=886643, episode=3272, episodic_return=947.160
global_step=886984, episode=3273, episodic_return=1135.428
global_step=887359, episode=3274, episodic_return=1265.581
global_step=888250, episode=3275, episodic_return=3014.845
global_step=888551, episode=3276, episodic_return=1054.028
global_step=888832, episode=3277, episodic_return=976.764
global_step=889090, episode=3278, episodic_return=868.317
global_step=889346, episode=3279, episodic_return=855.263
global_step=889608, episode=3280, episodic_return=905.393
global_step=889896, episode=3281, episodic_return=995.839
global_step=890202, episode=3282, episodic_return=1054.437
global_step=890550, episode=3283, episodic_return=1177.399
global_step=890824, episode=3284, episodic_return=939.472
global_step=891136, episode=3285, episodic_return=1016.743
global_step=892056, episode=3286, episodic_return=3085.355
global_step=892333, episode=3287, episodic_return=926.003
global_step=893253, episode=3288, episodic_return=3070.648
global_step=893694, episode=3289, episodic_return=1444.138
global_step=894366, episode=3290, episodic_return=2286.389
global_step=895021, episode=3291, episodic_return=2169.477
global_step=895296, episode=3292, episodic_return=900.508
global_step=895573, episode=3293, episodic_return=918.881
global_step=895880, episode=3294, episodic_return=1066.491
global_step=896141, episode=3295, episodic_return=908.430
global_step=896404, episode=3296, episodic_return=911.744
global_step=896683, episode=3297, episodic_return=954.920
global_step=896944, episode=3298, episodic_return=897.141
global_step=897198, episode=3299, episodic_return=870.287
global_step=897511, episode=3300, episodic_return=1075.372
global_step=897773, episode=3301, episodic_return=900.321
global_step=898035, episode=3302, episodic_return=895.519
global_step=898300, episode=3303, episodic_return=905.723
global_step=898571, episode=3304, episodic_return=901.002
global_step=898816, episode=3305, episodic_return=842.780
global_step=899080, episode=3306, episodic_return=923.866
global_step=899322, episode=3307, episodic_return=829.605
global_step=899568, episode=3308, episodic_return=833.224
global_step=899839, episode=3309, episodic_return=945.365
global_step=900157, episode=3310, episodic_return=1115.332
global_step=900414, episode=3311, episodic_return=886.791
global_step=900652, episode=3312, episodic_return=803.617
global_step=900917, episode=3313, episodic_return=910.411
global_step=901219, episode=3314, episodic_return=1025.618
global_step=901558, episode=3315, episodic_return=1151.253
global_step=901838, episode=3316, episodic_return=951.523
global_step=902839, episode=3317, episodic_return=3202.191
global_step=903112, episode=3318, episodic_return=925.187
global_step=903365, episode=3319, episodic_return=850.198
global_step=903707, episode=3320, episodic_return=1158.734
global_step=903931, episode=3321, episodic_return=754.277
global_step=904178, episode=3322, episodic_return=837.312
global_step=904597, episode=3323, episodic_return=1368.135
global_step=905585, episode=3324, episodic_return=3191.058
global_step=905856, episode=3325, episodic_return=930.915
global_step=906322, episode=3326, episodic_return=1531.530
global_step=906750, episode=3327, episodic_return=1448.977
global_step=907024, episode=3328, episodic_return=934.668
global_step=907248, episode=3329, episodic_return=655.935
global_step=907553, episode=3330, episodic_return=993.212
global_step=907940, episode=3331, episodic_return=1218.947
global_step=908248, episode=3332, episodic_return=1027.690
global_step=908748, episode=3333, episodic_return=1731.168
global_step=909022, episode=3334, episodic_return=899.199
global_step=909304, episode=3335, episodic_return=971.590
global_step=909792, episode=3336, episodic_return=1656.109
global_step=910084, episode=3337, episodic_return=997.735
global_step=910410, episode=3338, episodic_return=1123.925
global_step=910628, episode=3339, episodic_return=711.399
global_step=911087, episode=3340, episodic_return=1535.306
global_step=912052, episode=3341, episodic_return=3118.117
global_step=912331, episode=3342, episodic_return=936.129
global_step=912569, episode=3343, episodic_return=790.898
global_step=912797, episode=3344, episodic_return=743.303
global_step=913105, episode=3345, episodic_return=1032.041
global_step=913361, episode=3346, episodic_return=882.075
global_step=913640, episode=3347, episodic_return=946.075
global_step=913914, episode=3348, episodic_return=945.919
global_step=914172, episode=3349, episodic_return=887.897
global_step=914430, episode=3350, episodic_return=894.632
global_step=914686, episode=3351, episodic_return=885.812
global_step=914956, episode=3352, episodic_return=928.796
global_step=915294, episode=3353, episodic_return=1141.254
global_step=915601, episode=3354, episodic_return=1091.097
global_step=915891, episode=3355, episodic_return=1004.756
global_step=916171, episode=3356, episodic_return=965.655
global_step=916519, episode=3357, episodic_return=1234.682
global_step=916744, episode=3358, episodic_return=752.924
global_step=917013, episode=3359, episodic_return=940.783
global_step=917264, episode=3360, episodic_return=866.933
global_step=917567, episode=3361, episodic_return=1070.525
global_step=917773, episode=3362, episodic_return=680.417
global_step=917990, episode=3363, episodic_return=717.757
global_step=918303, episode=3364, episodic_return=1090.732
global_step=918591, episode=3365, episodic_return=980.502
global_step=918906, episode=3366, episodic_return=1071.473
global_step=919247, episode=3367, episodic_return=1167.334
global_step=919467, episode=3368, episodic_return=739.627
global_step=919731, episode=3369, episodic_return=878.500
global_step=919978, episode=3370, episodic_return=825.646
global_step=920253, episode=3371, episodic_return=927.930
global_step=920526, episode=3372, episodic_return=953.081
global_step=920778, episode=3373, episodic_return=852.441
global_step=921112, episode=3374, episodic_return=1149.997
global_step=921351, episode=3375, episodic_return=817.228
global_step=922196, episode=3376, episodic_return=2819.566
global_step=922478, episode=3377, episodic_return=916.224
global_step=922752, episode=3378, episodic_return=954.912
global_step=923034, episode=3379, episodic_return=972.726
global_step=923267, episode=3380, episodic_return=787.719
global_step=923490, episode=3381, episodic_return=761.129
global_step=923745, episode=3382, episodic_return=868.646
global_step=923994, episode=3383, episodic_return=849.804
global_step=924230, episode=3384, episodic_return=781.053
global_step=924478, episode=3385, episodic_return=826.176
global_step=924719, episode=3386, episodic_return=824.559
global_step=924911, episode=3387, episodic_return=615.288
global_step=924933, episode=3388, episodic_return=23.019
global_step=924955, episode=3389, episodic_return=22.974
global_step=925101, episode=3390, episodic_return=381.091
global_step=925127, episode=3391, episodic_return=28.565
global_step=925261, episode=3392, episodic_return=320.820
global_step=925375, episode=3393, episodic_return=248.247
global_step=925513, episode=3394, episodic_return=323.890
global_step=925651, episode=3395, episodic_return=334.449
global_step=925854, episode=3396, episodic_return=637.449
global_step=926067, episode=3397, episodic_return=699.472
global_step=926205, episode=3398, episodic_return=362.913
global_step=926497, episode=3399, episodic_return=970.465
global_step=926635, episode=3400, episodic_return=345.460
global_step=926778, episode=3401, episodic_return=353.079
global_step=926924, episode=3402, episodic_return=363.123
global_step=927063, episode=3403, episodic_return=350.296
global_step=927211, episode=3404, episodic_return=406.589
global_step=927344, episode=3405, episodic_return=340.866
global_step=927456, episode=3406, episodic_return=236.195
global_step=927558, episode=3407, episodic_return=196.734
global_step=927715, episode=3408, episodic_return=402.140
global_step=927843, episode=3409, episodic_return=279.055
global_step=927941, episode=3410, episodic_return=190.098
global_step=928143, episode=3411, episodic_return=637.377
global_step=928350, episode=3412, episodic_return=650.845
global_step=928470, episode=3413, episodic_return=248.803
global_step=928582, episode=3414, episodic_return=229.346
global_step=928694, episode=3415, episodic_return=230.593
global_step=928829, episode=3416, episodic_return=306.983
global_step=928967, episode=3417, episodic_return=323.519
global_step=929100, episode=3418, episodic_return=301.292
global_step=929229, episode=3419, episodic_return=295.567
global_step=929351, episode=3420, episodic_return=266.781
global_step=929467, episode=3421, episodic_return=231.593
global_step=929582, episode=3422, episodic_return=232.157
global_step=929690, episode=3423, episodic_return=215.453
global_step=929808, episode=3424, episodic_return=258.262
global_step=929929, episode=3425, episodic_return=260.487
global_step=930040, episode=3426, episodic_return=222.806
global_step=930149, episode=3427, episodic_return=221.564
global_step=930262, episode=3428, episodic_return=235.405
global_step=930498, episode=3429, episodic_return=799.405
global_step=930608, episode=3430, episodic_return=224.533
global_step=930735, episode=3431, episodic_return=294.858
global_step=930934, episode=3432, episodic_return=658.430
global_step=931161, episode=3433, episodic_return=754.819
global_step=931421, episode=3434, episodic_return=900.508
global_step=931688, episode=3435, episodic_return=907.097
global_step=931969, episode=3436, episodic_return=945.428
global_step=932254, episode=3437, episodic_return=982.365
global_step=932583, episode=3438, episodic_return=1125.522
global_step=933081, episode=3439, episodic_return=1693.089
global_step=933323, episode=3440, episodic_return=834.411
global_step=933693, episode=3441, episodic_return=1267.631
global_step=933956, episode=3442, episodic_return=889.054
global_step=934226, episode=3443, episodic_return=908.685
global_step=934690, episode=3444, episodic_return=1567.050
global_step=934947, episode=3445, episodic_return=876.347
global_step=935236, episode=3446, episodic_return=923.341
global_step=935501, episode=3447, episodic_return=909.506
global_step=935818, episode=3448, episodic_return=1116.294
global_step=936136, episode=3449, episodic_return=1121.234
global_step=936396, episode=3450, episodic_return=883.588
global_step=936903, episode=3451, episodic_return=1691.876
global_step=937189, episode=3452, episodic_return=962.776
global_step=937429, episode=3453, episodic_return=795.247
global_step=937680, episode=3454, episodic_return=852.355
global_step=937964, episode=3455, episodic_return=971.724
global_step=938329, episode=3456, episodic_return=1237.997
global_step=938622, episode=3457, episodic_return=994.852
global_step=938890, episode=3458, episodic_return=899.972
global_step=939166, episode=3459, episodic_return=946.433
global_step=939423, episode=3460, episodic_return=872.462
global_step=939777, episode=3461, episodic_return=1194.685
global_step=940369, episode=3462, episodic_return=2006.234
global_step=941012, episode=3463, episodic_return=2117.983
global_step=941332, episode=3464, episodic_return=1047.960
global_step=941624, episode=3465, episodic_return=953.207
global_step=941919, episode=3466, episodic_return=989.988
global_step=942196, episode=3467, episodic_return=947.427
global_step=942481, episode=3468, episodic_return=975.709
global_step=942763, episode=3469, episodic_return=977.617
global_step=943010, episode=3470, episodic_return=827.339
global_step=943298, episode=3471, episodic_return=990.530
global_step=943601, episode=3472, episodic_return=1056.573
global_step=943909, episode=3473, episodic_return=1009.260
global_step=944670, episode=3474, episodic_return=2430.007
global_step=944951, episode=3475, episodic_return=978.922
global_step=945223, episode=3476, episodic_return=928.867
global_step=945815, episode=3477, episodic_return=1990.776
global_step=946077, episode=3478, episodic_return=902.063
global_step=946506, episode=3479, episodic_return=1432.280
global_step=946952, episode=3480, episodic_return=1495.759
global_step=947341, episode=3481, episodic_return=1273.664
global_step=947624, episode=3482, episodic_return=969.098
global_step=948575, episode=3483, episodic_return=2728.151
global_step=949111, episode=3484, episodic_return=1704.611
global_step=949418, episode=3485, episodic_return=1070.095
global_step=949736, episode=3486, episodic_return=1082.823
global_step=950030, episode=3487, episodic_return=994.918
global_step=950304, episode=3488, episodic_return=934.625
global_step=950594, episode=3489, episodic_return=982.525
global_step=950910, episode=3490, episodic_return=1063.030
global_step=951518, episode=3491, episodic_return=2054.075
global_step=951851, episode=3492, episodic_return=1078.737
global_step=952192, episode=3493, episodic_return=1130.470
global_step=952488, episode=3494, episodic_return=982.612
global_step=952734, episode=3495, episodic_return=832.768
global_step=953115, episode=3496, episodic_return=1284.661
global_step=953433, episode=3497, episodic_return=1083.402
global_step=953783, episode=3498, episodic_return=1198.749
global_step=954129, episode=3499, episodic_return=1140.921
global_step=954605, episode=3500, episodic_return=1585.873
global_step=955245, episode=3501, episodic_return=2177.428
global_step=955503, episode=3502, episodic_return=882.311
global_step=956268, episode=3503, episodic_return=2548.226
global_step=956593, episode=3504, episodic_return=1117.919
global_step=957035, episode=3505, episodic_return=1506.697
global_step=957454, episode=3506, episodic_return=1404.215
global_step=957804, episode=3507, episodic_return=1211.604
global_step=958084, episode=3508, episodic_return=956.323
global_step=958350, episode=3509, episodic_return=908.774
global_step=958624, episode=3510, episodic_return=945.430
global_step=958984, episode=3511, episodic_return=1220.354
global_step=959281, episode=3512, episodic_return=1012.241
global_step=959616, episode=3513, episodic_return=1182.906
global_step=959954, episode=3514, episodic_return=1201.929
global_step=960213, episode=3515, episodic_return=896.293
global_step=960546, episode=3516, episodic_return=1137.130
global_step=960819, episode=3517, episodic_return=943.396
global_step=961100, episode=3518, episodic_return=972.563
global_step=961436, episode=3519, episodic_return=1156.049
global_step=961695, episode=3520, episodic_return=890.341
global_step=961950, episode=3521, episodic_return=856.217
global_step=962228, episode=3522, episodic_return=960.774
global_step=962524, episode=3523, episodic_return=1012.146
global_step=962814, episode=3524, episodic_return=997.219
global_step=963102, episode=3525, episodic_return=986.415
global_step=963447, episode=3526, episodic_return=1145.331
global_step=963780, episode=3527, episodic_return=1120.539
global_step=964389, episode=3528, episodic_return=2078.168
global_step=965390, episode=3529, episodic_return=3127.544
global_step=965734, episode=3530, episodic_return=1202.867
global_step=966013, episode=3531, episodic_return=950.176
global_step=966316, episode=3532, episodic_return=1050.012
global_step=966654, episode=3533, episodic_return=1116.412
global_step=966992, episode=3534, episodic_return=1143.661
global_step=967993, episode=3535, episodic_return=3203.541
global_step=968268, episode=3536, episodic_return=920.006
global_step=968583, episode=3537, episodic_return=1091.451
global_step=968886, episode=3538, episodic_return=1055.568
global_step=969235, episode=3539, episodic_return=1205.121
global_step=969484, episode=3540, episodic_return=842.328
global_step=969735, episode=3541, episodic_return=853.305
global_step=970013, episode=3542, episodic_return=959.967
global_step=970276, episode=3543, episodic_return=892.630
global_step=970543, episode=3544, episodic_return=910.109
global_step=970809, episode=3545, episodic_return=904.950
global_step=971051, episode=3546, episodic_return=816.886
global_step=971314, episode=3547, episodic_return=910.749
global_step=971591, episode=3548, episodic_return=962.177
global_step=971852, episode=3549, episodic_return=888.430
global_step=972116, episode=3550, episodic_return=914.112
global_step=972410, episode=3551, episodic_return=1013.169
global_step=972760, episode=3552, episodic_return=1190.878
global_step=973018, episode=3553, episodic_return=890.291
global_step=973292, episode=3554, episodic_return=956.237
global_step=973587, episode=3555, episodic_return=1018.524
global_step=973886, episode=3556, episodic_return=1062.718
global_step=974149, episode=3557, episodic_return=888.767
global_step=974439, episode=3558, episodic_return=993.638
global_step=974684, episode=3559, episodic_return=828.343
global_step=975290, episode=3560, episodic_return=2044.905
global_step=975785, episode=3561, episodic_return=1672.316
global_step=976178, episode=3562, episodic_return=1282.209
global_step=976448, episode=3563, episodic_return=915.754
global_step=976748, episode=3564, episodic_return=1056.524
global_step=977131, episode=3565, episodic_return=1264.279
global_step=977395, episode=3566, episodic_return=885.711
global_step=977661, episode=3567, episodic_return=868.223
global_step=977914, episode=3568, episodic_return=846.171
global_step=978184, episode=3569, episodic_return=924.261
global_step=978520, episode=3570, episodic_return=1117.444
global_step=978775, episode=3571, episodic_return=852.155
global_step=979035, episode=3572, episodic_return=868.510
global_step=979352, episode=3573, episodic_return=1104.989
global_step=979651, episode=3574, episodic_return=1023.196
global_step=979930, episode=3575, episodic_return=959.048
global_step=980272, episode=3576, episodic_return=1188.310
global_step=980553, episode=3577, episodic_return=968.328
global_step=980834, episode=3578, episodic_return=951.639
global_step=981107, episode=3579, episodic_return=923.066
global_step=981626, episode=3580, episodic_return=1763.546
global_step=982078, episode=3581, episodic_return=1559.383
global_step=982348, episode=3582, episodic_return=922.276
global_step=983018, episode=3583, episodic_return=2251.953
global_step=983274, episode=3584, episodic_return=893.510
global_step=983605, episode=3585, episodic_return=1141.104
global_step=983880, episode=3586, episodic_return=938.188
global_step=984180, episode=3587, episodic_return=1031.379
global_step=984443, episode=3588, episodic_return=911.794
global_step=984765, episode=3589, episodic_return=1111.686
global_step=985298, episode=3590, episodic_return=1802.347
global_step=985577, episode=3591, episodic_return=934.389
global_step=986283, episode=3592, episodic_return=2334.586
global_step=986750, episode=3593, episodic_return=1520.327
global_step=987051, episode=3594, episodic_return=1007.639
global_step=987341, episode=3595, episodic_return=1006.523
global_step=987979, episode=3596, episodic_return=2052.270
global_step=988603, episode=3597, episodic_return=2045.831
global_step=989604, episode=3598, episodic_return=2871.865
global_step=989981, episode=3599, episodic_return=1275.968
global_step=990304, episode=3600, episodic_return=1127.574
global_step=990862, episode=3601, episodic_return=1869.428
global_step=991105, episode=3602, episodic_return=819.700
global_step=991379, episode=3603, episodic_return=933.468
global_step=991679, episode=3604, episodic_return=1029.852
global_step=991987, episode=3605, episodic_return=1073.089
global_step=992286, episode=3606, episodic_return=1006.902
global_step=992660, episode=3607, episodic_return=1272.764
global_step=992978, episode=3608, episodic_return=1110.760
global_step=993279, episode=3609, episodic_return=1058.996
global_step=993557, episode=3610, episodic_return=954.115
global_step=993908, episode=3611, episodic_return=1215.138
global_step=994251, episode=3612, episodic_return=1193.747
global_step=995252, episode=3613, episodic_return=2968.889
global_step=996253, episode=3614, episodic_return=3119.645
global_step=996567, episode=3615, episodic_return=1081.630
global_step=996869, episode=3616, episodic_return=1052.813
global_step=997173, episode=3617, episodic_return=1057.300
global_step=997409, episode=3618, episodic_return=810.290
global_step=997701, episode=3619, episodic_return=1014.160
global_step=998020, episode=3620, episodic_return=1094.427
global_step=998562, episode=3621, episodic_return=1803.890
global_step=998837, episode=3622, episodic_return=966.914
global_step=999183, episode=3623, episodic_return=1211.033
global_step=999682, episode=3624, episodic_return=1707.910
